Vrsta	Species_binomial	Genus	Statusi	BOLD_ITS2_status
Abies alba Mill.	Abies alba	Abies		MATCHED
Abies cephalonica Loudon	Abies cephalonica	Abies		MATCHED
Abies concolor (Gordon) Lindley ex Hildebrand	Abies concolor	Abies		MATCHED
Abies grandis (Douglas ex. D. Don) Lindley	Abies grandis	Abies		MATCHED
Abies nordmanniana Spach	Abies nordmanniana	Abies		MATCHED
Abies pinsapo Boiss.	Abies pinsapo	Abies		MATCHED
Abietinella abietina (Hedw.) M. Fleisch.	Abietinella abietina	Abietinella		MATCHED
Abutilon theophrasti Medik.	Abutilon theophrasti	Abutilon		MATCHED
Acer campestre L.	Acer campestre	Acer		MATCHED
Acer japonicum Thunb.	Acer japonicum	Acer		MATCHED
Acer negundo L.	Acer negundo	Acer		MATCHED
Acer palmatum Thunb.	Acer palmatum	Acer		MATCHED
Acer platanoides L.	Acer platanoides	Acer		MATCHED
Acer pseudoplatanus L.	Acer pseudoplatanus	Acer		MATCHED
Acer saccharinum L.	Acer saccharinum	Acer		MATCHED
Acer tataricum L.	Acer tataricum	Acer	14	MATCHED
Achillea aspleniifolia Vent.	Achillea aspleniifolia	Achillea	17	MATCHED
Achillea atrata L.	Achillea atrata	Achillea		MATCHED
Achillea collina Becker ex Rchb.	Achillea collina	Achillea		MATCHED
Achillea distans Willd.	Achillea distans	Achillea		MATCHED
Achillea millefolium L.	Achillea millefolium	Achillea		MATCHED
Achillea nobilis L.	Achillea nobilis	Achillea		MATCHED
Achillea pannonica Scheele	Achillea pannonica	Achillea		MATCHED
Achillea ptarmica L.	Achillea ptarmica	Achillea		MATCHED
Achillea roseoalba Ehrend.	Achillea roseoalba	Achillea		MATCHED
Achillea setacea Waldst. &amp; Kit.	Achillea setacea	Achillea		MATCHED
Achillea virescens (Fenzl) Heimerl	Achillea virescens	Achillea		MATCHED
Achnatherum bromoides (L.) P. Beauv.	Achnatherum bromoides	Achnatherum	14	MATCHED
Achnatherum calamagrostis (L.) P. Beauv.	Achnatherum calamagrostis	Achnatherum		MATCHED
Aconitum lycoctonum L.	Aconitum lycoctonum	Aconitum		MATCHED
Aconitum napellus L. [s.l.]	Aconitum napellus	Aconitum		MATCHED
Aconitum variegatum L.	Aconitum variegatum	Aconitum		MATCHED
Acorus calamus L.	Acorus calamus	Acorus		MATCHED
Actaea spicata L.	Actaea spicata	Actaea		MATCHED
Actinidia arguta (Siebold &amp; Zucc.) Planch. ex Miq.	Actinidia arguta	Actinidia		MATCHED
Actinidia chinensis Planch.	Actinidia chinensis	Actinidia		MATCHED
Adenophora liliifolia (L.) DC.	Adenophora liliifolia	Adenophora	7, 8, 12, 25, 27, 34, 50	MATCHED
Adenostyles alliariae (Gouan) Kern.	Adenostyles alliariae	Adenostyles		MATCHED
Adonis annua L.	Adonis annua	Adonis		MATCHED
Adoxa moschatellina L.	Adoxa moschatellina	Adoxa		MATCHED
Aegagropila linnaei Kützing, 1843	Aegagropila linnaei	Aegagropila		MATCHED
Aegilops cylindrica Host	Aegilops cylindrica	Aegilops		MATCHED
Aegilops neglecta Bertol.	Aegilops neglecta	Aegilops		MATCHED
Aegilops triuncialis L.	Aegilops triuncialis	Aegilops	14	MATCHED
Aegopodium podagraria L.	Aegopodium podagraria	Aegopodium		MATCHED
Aesculus flava Sol.	Aesculus flava	Aesculus		MATCHED
Aesculus hippocastanum L.	Aesculus hippocastanum	Aesculus		MATCHED
Aesculus parviflora Walter	Aesculus parviflora	Aesculus		MATCHED
Aesculus pavia L.	Aesculus pavia	Aesculus		MATCHED
Aesculus turbinata Blume	Aesculus turbinata	Aesculus		MATCHED
Aethusa cynapium L. [s.l.]	Aethusa cynapium	Aethusa		MATCHED
Agrimonia eupatoria L.	Agrimonia eupatoria	Agrimonia		MATCHED
Agrimonia procera Wallr.	Agrimonia procera	Agrimonia	13	MATCHED
Agrostemma githago L.	Agrostemma githago	Agrostemma	13	MATCHED
Agrostis canina L.	Agrostis canina	Agrostis		MATCHED
Agrostis castellana Boiss. &amp; Reut. [s.l.]	Agrostis castellana	Agrostis		MATCHED
Agrostis gigantea Roth	Agrostis gigantea	Agrostis		MATCHED
Agrostis stolonifera L.	Agrostis stolonifera	Agrostis		MATCHED
Agrostis vinealis Schreb.	Agrostis vinealis	Agrostis		MATCHED
Ailanthus altissima (Mill.) Swingle	Ailanthus altissima	Ailanthus	5	MATCHED
Aira caryophyllea L.	Aira caryophyllea	Aira	14	MATCHED
Aira elegantissima Schur	Aira elegantissima	Aira		MATCHED
Ajuga chamaepitys (L.) Schreb.	Ajuga chamaepitys	Ajuga		MATCHED
Ajuga genevensis L.	Ajuga genevensis	Ajuga		MATCHED
Ajuga pyramidalis L.	Ajuga pyramidalis	Ajuga		MATCHED
Ajuga reptans L.	Ajuga reptans	Ajuga		MATCHED
Akebia quinata (Houtt.) Dcne.	Akebia quinata	Akebia		MATCHED
Albizia julibrissin (Willd.) Durazz.	Albizia julibrissin	Albizia		MATCHED
Alcea rosea L.	Alcea rosea	Alcea		MATCHED
Alchemilla colorata Buser	Alchemilla colorata	Alchemilla		MATCHED
Alchemilla crinita Buser	Alchemilla crinita	Alchemilla		MATCHED
Alchemilla cymatophylla Juz.	Alchemilla cymatophylla	Alchemilla		MATCHED
Alchemilla decumbens Buser	Alchemilla decumbens	Alchemilla		MATCHED
Alchemilla fallax Buser	Alchemilla fallax	Alchemilla		MATCHED
Alchemilla fissa Günther &amp; Schummel	Alchemilla fissa	Alchemilla		MATCHED
Alchemilla flabellata Buser	Alchemilla flabellata	Alchemilla		MATCHED
Alchemilla glabra Neygenf.	Alchemilla glabra	Alchemilla		MATCHED
Alchemilla glaucescens Wallr.	Alchemilla glaucescens	Alchemilla		MATCHED
Alchemilla glomerulans Buser	Alchemilla glomerulans	Alchemilla		MATCHED
Alchemilla micans Buser	Alchemilla micans	Alchemilla		MATCHED
Alchemilla monticola Opiz	Alchemilla monticola	Alchemilla		MATCHED
Alchemilla subcrenata Buser	Alchemilla subcrenata	Alchemilla		MATCHED
Alchemilla vulgaris L.	Alchemilla vulgaris	Alchemilla		MATCHED
Alchemilla xanthochlora Rothm.	Alchemilla xanthochlora	Alchemilla		MATCHED
Alisma gramineum Lej.	Alisma gramineum	Alisma	13	MATCHED
Alisma lanceolatum With.	Alisma lanceolatum	Alisma	13	MATCHED
Alisma plantago-aquatica L.	Alisma plantago-aquatica	Alisma		MATCHED
Alleniella besseri (Lobarz.) S. Olsson, Enroth &amp; D. Quandt	Alleniella besseri	Alleniella		MATCHED
Alleniella complanata (Hedw.) S. Olsson, Enroth &amp; D. Quandt	Alleniella complanata	Alleniella		MATCHED
Alliaria petiolata (M. Bieb.) Cavara &amp; Grande	Alliaria petiolata	Alliaria		MATCHED
Allium ampeloprasum L.	Allium ampeloprasum	Allium		MATCHED
Allium angulosum L.	Allium angulosum	Allium	13	MATCHED
Allium cepa L.	Allium cepa	Allium		MATCHED
Allium ericetorum Thore	Allium ericetorum	Allium		MATCHED
Allium lusitanicum Lam.	Allium lusitanicum	Allium		MATCHED
Allium neapolitanum Cirillo	Allium neapolitanum	Allium	13	MATCHED
Allium oleraceum L.	Allium oleraceum	Allium		MATCHED
Allium paniculatum L. [s.l.]	Allium paniculatum	Allium		MATCHED
Allium roseum L.	Allium roseum	Allium		MATCHED
Allium sativum L.	Allium sativum	Allium		MATCHED
Allium saxatile M. Bieb.	Allium saxatile	Allium		MATCHED
Allium schoenoprasum L. [s.l.]	Allium schoenoprasum	Allium		MATCHED
Allium scorodoprasum L. [s.l.]	Allium scorodoprasum	Allium		MATCHED
Allium senescens L.	Allium senescens	Allium		MATCHED
Allium sphaerocephalon L.	Allium sphaerocephalon	Allium		MATCHED
Allium suaveolens Jacq.	Allium suaveolens	Allium		MATCHED
Allium ursinum L.	Allium ursinum	Allium		MATCHED
Allium victorialis L.	Allium victorialis	Allium		MATCHED
Allium vineale L. [s.str.]	Allium vineale	Allium		MATCHED
Alnus alnobetula (Ehrh.) Hartig	Alnus alnobetula	Alnus		MATCHED
Alnus glutinosa (L.) Gaertn.	Alnus glutinosa	Alnus		MATCHED
Alnus incana (L.) Moench	Alnus incana	Alnus		MATCHED
Aloina rigida (Hedw.) Limpr.	Aloina rigida	Aloina		MATCHED
Alopecurus aequalis Sobol.	Alopecurus aequalis	Alopecurus	13	MATCHED
Alopecurus geniculatus L.	Alopecurus geniculatus	Alopecurus	13	MATCHED
Alopecurus myosuroides Huds.	Alopecurus myosuroides	Alopecurus		MATCHED
Alopecurus pratensis L.	Alopecurus pratensis	Alopecurus		MATCHED
Althaea hirsuta L.	Althaea hirsuta	Althaea		MATCHED
Althaea officinalis L.	Althaea officinalis	Althaea		MATCHED
Alyssum alyssoides (L.) L.	Alyssum alyssoides	Alyssum		MATCHED
Alyssum montanum L. [s.l.]	Alyssum montanum	Alyssum		MATCHED
Amaranthus albus L.	Amaranthus albus	Amaranthus		MATCHED
Amaranthus blitoides S. Watson	Amaranthus blitoides	Amaranthus		MATCHED
Amaranthus caudatus L.	Amaranthus caudatus	Amaranthus		MATCHED
Amaranthus cruentus L.	Amaranthus cruentus	Amaranthus		MATCHED
Amaranthus deflexus L.	Amaranthus deflexus	Amaranthus		MATCHED
Amaranthus graecizans L.	Amaranthus graecizans	Amaranthus		MATCHED
Amaranthus hybridus L. [s.str.]	Amaranthus hybridus	Amaranthus		MATCHED
Amaranthus hypochondriacus L.	Amaranthus hypochondriacus	Amaranthus		MATCHED
Amaranthus powellii S. Watson	Amaranthus powellii	Amaranthus		MATCHED
Amaranthus retroflexus L.	Amaranthus retroflexus	Amaranthus		MATCHED
Amblyodon dealbatus (Hedw.) P. Beauv.	Amblyodon dealbatus	Amblyodon	13	MATCHED
Amblystegium serpens (Hedw.) Schimp.	Amblystegium serpens	Amblystegium		MATCHED
Ambrosia artemisiifolia L.	Ambrosia artemisiifolia	Ambrosia		MATCHED
Ambrosia trifida L.	Ambrosia trifida	Ambrosia		MATCHED
Amelanchier canadensis (L.) Medik.	Amelanchier canadensis	Amelanchier		MATCHED
Amelanchier laevis Wiegand	Amelanchier laevis	Amelanchier		MATCHED
Ammi majus L.	Ammi majus	Ammi	17	MATCHED
Amorpha fruticosa L.	Amorpha fruticosa	Amorpha		MATCHED
Amphidium lapponicum (Hedw.) Schimp.	Amphidium lapponicum	Amphidium	14	MATCHED
Amphidium mougeotii (Bruch &amp; Schimp.) Schimp.	Amphidium mougeotii	Amphidium		MATCHED
Anacamptis coriophora (L.) R.M. Bateman, Pridgeon &amp; M.W. Chase	Anacamptis coriophora	Anacamptis	13, 25, 27	MATCHED
Anacamptis laxiflora (Lam.) R.M. Bateman, Pridgeon &amp; M.W. Chase	Anacamptis laxiflora	Anacamptis	13, 25, 27	MATCHED
Anacamptis morio (L.) R.M. Bateman, Pridgeon &amp; M.W. Chase	Anacamptis morio	Anacamptis	13, 25, 27	MATCHED
Anacamptis pyramidalis (L.) Rich.	Anacamptis pyramidalis	Anacamptis	13, 25, 27	MATCHED
Anacamptodon splachnoides (Brid.) Brid.	Anacamptodon splachnoides	Anacamptodon		MATCHED
Anagallis arvensis L.	Anagallis arvensis	Anagallis		MATCHED
Anastrophyllum michauxii (F. Weber) H. Buch	Anastrophyllum michauxii	Anastrophyllum		MATCHED
Anchusa azurea Mill.	Anchusa azurea	Anchusa		MATCHED
Andreaea nivalis Hook.	Andreaea nivalis	Andreaea		MATCHED
Andreaea rothii F. Weber &amp; D. Mohr	Andreaea rothii	Andreaea		MATCHED
Andreaea rupestris Hedw.	Andreaea rupestris	Andreaea	14	MATCHED
Andromeda polifolia L.	Andromeda polifolia	Andromeda	13	MATCHED
Androsace chamaejasme Wulfen	Androsace chamaejasme	Androsace		MATCHED
Anemone nemorosa L.	Anemone nemorosa	Anemone		MATCHED
Anemone ranunculoides L.	Anemone ranunculoides	Anemone		MATCHED
Anethum graveolens L.	Anethum graveolens	Anethum		MATCHED
Aneura pinguis (L.) Dumort.	Aneura pinguis	Aneura	13	MATCHED
Angelica sylvestris L.	Angelica sylvestris	Angelica		MATCHED
Anomobryum concinnatum (Spruce) Lindb.	Anomobryum concinnatum	Anomobryum		MATCHED
Anomobryum julaceum (G. Gaertn., B. Mey. &amp; Scherb.) Schimp.	Anomobryum julaceum	Anomobryum		MATCHED
Anomodon longifolius (Brid.) Hartm.	Anomodon longifolius	Anomodon		MATCHED
Anomodon rugelii (Müll. Hal.) Keissl.	Anomodon rugelii	Anomodon		MATCHED
Anomodon viticulosus (Hedw.) Hook. &amp; Taylor	Anomodon viticulosus	Anomodon		MATCHED
Antennaria carpatica (Wahlenb.) Bluff &amp; Fingerh.	Antennaria carpatica	Antennaria		MATCHED
Antennaria dioica (L.) Gaertn.	Antennaria dioica	Antennaria		MATCHED
Anthemis arvensis L.	Anthemis arvensis	Anthemis		MATCHED
Anthemis cotula L.	Anthemis cotula	Anthemis		MATCHED
Anthemis tinctoria L.	Anthemis tinctoria	Anthemis		MATCHED
Anthericum ramosum L.	Anthericum ramosum	Anthericum		MATCHED
Anthoxanthum nipponicum Hook.	Anthoxanthum nipponicum	Anthoxanthum		MATCHED
Anthoxanthum odoratum L.	Anthoxanthum odoratum	Anthoxanthum		MATCHED
Anthriscus caucalis M. Bieb.	Anthriscus caucalis	Anthriscus	17	MATCHED
Anthriscus cerefolium (L.) Hoffm.	Anthriscus cerefolium	Anthriscus		MATCHED
Anthriscus sylvestris (L.) Hoffm.	Anthriscus sylvestris	Anthriscus		MATCHED
Anthyllis vulneraria L. [s.l.]	Anthyllis vulneraria	Anthyllis		MATCHED
Antirrhinum majus L.	Antirrhinum majus	Antirrhinum		MATCHED
Antitrichia curtipendula (Hedw.) Brid.	Antitrichia curtipendula	Antitrichia	13	MATCHED
Apera interrupta (L.) P. Beauv.	Apera interrupta	Apera		MATCHED
Apera spica-venti (L.) P. Beauv.	Apera spica-venti	Apera		MATCHED
Aphanes arvensis L.	Aphanes arvensis	Aphanes		MATCHED
Apium graveolens L.	Apium graveolens	Apium	17	MATCHED
Apopellia endiviifolia (Dicks.) Nebel &amp; D. Quandt	Apopellia endiviifolia	Apopellia		MATCHED
Aquilegia atrata Koch	Aquilegia atrata	Aquilegia		MATCHED
Aquilegia einseleana F. W. Schultz	Aquilegia einseleana	Aquilegia		MATCHED
Aquilegia nigricans Baumg.	Aquilegia nigricans	Aquilegia		MATCHED
Aquilegia vulgaris L. [s.str.]	Aquilegia vulgaris	Aquilegia		MATCHED
Arabidopsis thaliana (L.) Heynh.	Arabidopsis thaliana	Arabidopsis		MATCHED
Arabis alpina L. [s.l.]	Arabis alpina	Arabis		MATCHED
Arabis bellidifolia Crantz	Arabis bellidifolia	Arabis		MATCHED
Arabis caerulea All.	Arabis caerulea	Arabis		MATCHED
Arabis hirsuta (L.) Scop. [s.str.]	Arabis hirsuta	Arabis		MATCHED
Arabis sagittata (Bertol.) DC.	Arabis sagittata	Arabis		MATCHED
Arabis scopoliana Boiss.	Arabis scopoliana	Arabis	7, 8, 14, 25, 27, 34, 50	MATCHED
Arabis soyeri Reut. &amp; Huet	Arabis soyeri	Arabis		MATCHED
Arabis vochinensis Spreng.	Arabis vochinensis	Arabis		MATCHED
Aralia elata (Miq.) Seem.	Aralia elata	Aralia		MATCHED
Aralia spinosa L.	Aralia spinosa	Aralia		MATCHED
Arbutus unedo L.	Arbutus unedo	Arbutus	13	MATCHED
Arceuthobium oxycedri (DC.) M.Bieb.	Arceuthobium oxycedri	Arceuthobium	14	MATCHED
Archidium alternifolium (Hedw.) Schimp.	Archidium alternifolium	Archidium		MATCHED
Arctium lappa L.	Arctium lappa	Arctium		MATCHED
Arctium minus (Hill.) Bernh.	Arctium minus	Arctium		MATCHED
Arctium tomentosum Mill.	Arctium tomentosum	Arctium		MATCHED
Arctostaphylos uva-ursi (L.) Spreng.	Arctostaphylos uva-ursi	Arctostaphylos	25, 26, 29	MATCHED
Arenaria ciliata L. [s.str.]	Arenaria ciliata	Arenaria		MATCHED
Arenaria leptoclados (Rchb.) Guss.	Arenaria leptoclados	Arenaria		MATCHED
Arenaria serpyllifolia L. [s.str.]	Arenaria serpyllifolia	Arenaria		MATCHED
Aristolochia clematitis L.	Aristolochia clematitis	Aristolochia		MATCHED
Armoracia rusticana Gaertn., Mey. &amp; Scherb.	Armoracia rusticana	Armoracia		MATCHED
Arnica montana L.	Arnica montana	Arnica	9, 13, 25, 26, 29	MATCHED
Arnoseris minima (L.) Schweigg. &amp; Körte	Arnoseris minima	Arnoseris		MATCHED
Arrhenatherum elatius (L.) J. &amp; C. Presl	Arrhenatherum elatius	Arrhenatherum		MATCHED
Artemisia abrotanum L.	Artemisia abrotanum	Artemisia		MATCHED
Artemisia absinthium L.	Artemisia absinthium	Artemisia		MATCHED
Artemisia annua L.	Artemisia annua	Artemisia		MATCHED
Artemisia atrata Lam.	Artemisia atrata	Artemisia	13	MATCHED
Artemisia campestris L.	Artemisia campestris	Artemisia		MATCHED
Artemisia dracunculus L.	Artemisia dracunculus	Artemisia		MATCHED
Artemisia pontica L.	Artemisia pontica	Artemisia		MATCHED
Artemisia scoparia Waldst. &amp; Kit.	Artemisia scoparia	Artemisia		MATCHED
Artemisia vulgaris L.	Artemisia vulgaris	Artemisia		MATCHED
Arthrocnemum macrostachyum (Moric.) Moris	Arthrocnemum macrostachyum	Arthrocnemum	13	MATCHED
Arum italicum Mill.	Arum italicum	Arum		MATCHED
Arum maculatum L.	Arum maculatum	Arum		MATCHED
Aruncus dioicus (Walter) Fernald	Aruncus dioicus	Aruncus		MATCHED
Arundo donax L.	Arundo donax	Arundo		MATCHED
Asarum europaeum L.	Asarum europaeum	Asarum		MATCHED
Aschisma carniolicum (F. Weber &amp; D. Mohr) Lindb.	Aschisma carniolicum	Aschisma	11	MATCHED
Asclepias syriaca L.	Asclepias syriaca	Asclepias	5	MATCHED
Asparagus acutifolius L.	Asparagus acutifolius	Asparagus		MATCHED
Asparagus officinalis L.	Asparagus officinalis	Asparagus		MATCHED
Asperugo procumbens L.	Asperugo procumbens	Asperugo		MATCHED
Asperula arvensis L.	Asperula arvensis	Asperula		MATCHED
Asperula cynanchica L.	Asperula cynanchica	Asperula		MATCHED
Asplenium adulterinum Milde	Asplenium adulterinum	Asplenium	7, 8, 14, 25, 27, 34, 50	MATCHED
Asplenium ruta-muraria L.	Asplenium ruta-muraria	Asplenium		MATCHED
Asplenium septentrionale (L.) Hoffm.	Asplenium septentrionale	Asplenium		MATCHED
Asplenium trichomanes L.	Asplenium trichomanes	Asplenium		MATCHED
Asplenium viride Huds.	Asplenium viride	Asplenium		MATCHED
Aster alpinus L.	Aster alpinus	Aster		MATCHED
Aster amellus L.	Aster amellus	Aster		MATCHED
Astragalus alpinus L.	Astragalus alpinus	Astragalus	17	MATCHED
Astragalus australis (L.) Lam.	Astragalus australis	Astragalus	14, 17	MATCHED
Astragalus cicer L.	Astragalus cicer	Astragalus	17	MATCHED
Astragalus depressus L.	Astragalus depressus	Astragalus	14, 17	MATCHED
Astragalus exscapus L.	Astragalus exscapus	Astragalus	17	MATCHED
Astragalus glycyphyllos L.	Astragalus glycyphyllos	Astragalus	17	MATCHED
Astragalus hamosus L.	Astragalus hamosus	Astragalus	10, 17	MATCHED
Astrantia major L. [s.l.]	Astrantia major	Astrantia		MATCHED
Asyneuma canescens (Waldst. &amp; Kit.) Griseb. &amp; Schenk	Asyneuma canescens	Asyneuma	17	MATCHED
Athamanta cretensis L.	Athamanta cretensis	Athamanta		MATCHED
Athamanta turbith L. Brot., em. Karsten.	Athamanta turbith	Athamanta		MATCHED
Athyrium distentifolium Tausch ex Opiz	Athyrium distentifolium	Athyrium		MATCHED
Atocion armeria (L.) Raf.	Atocion armeria	Atocion		MATCHED
Atocion rupestre (L.) Oxelman	Atocion rupestre	Atocion		MATCHED
Atrichum angustatum (Brid.) Bruch &amp; Schimp.	Atrichum angustatum	Atrichum		MATCHED
Atrichum tenellum (Röhl.) Bruch &amp; Schimp.	Atrichum tenellum	Atrichum		MATCHED
Atrichum undulatum (Hedw.) P. Beauv.	Atrichum undulatum	Atrichum		MATCHED
Atriplex hortensis L.	Atriplex hortensis	Atriplex		MATCHED
Atriplex oblongifolia Waldst. &amp; Kit.	Atriplex oblongifolia	Atriplex	11	MATCHED
Atriplex patula L.	Atriplex patula	Atriplex		MATCHED
Atriplex prostrata Bouch. ex DC.	Atriplex prostrata	Atriplex	13	MATCHED
Atriplex rosea L.	Atriplex rosea	Atriplex	11	MATCHED
Atriplex tatarica L.	Atriplex tatarica	Atriplex	12	MATCHED
Aulacomnium palustre (Hedw.) Schwägr.	Aulacomnium palustre	Aulacomnium		MATCHED
Aurinia petraea (Ard.) Schur	Aurinia petraea	Aurinia		MATCHED
Aurinia saxatilis (L.) Desv.	Aurinia saxatilis	Aurinia		MATCHED
Avena barbata Pott ex Link	Avena barbata	Avena		MATCHED
Avena fatua L.	Avena fatua	Avena		MATCHED
Avena sativa L.	Avena sativa	Avena		MATCHED
Avena sterilis L.	Avena sterilis	Avena		MATCHED
Azolla filiculoides Lam.	Azolla filiculoides	Azolla		MATCHED
Baldellia ranunculoides (L.) Parl.	Baldellia ranunculoides	Baldellia	12	MATCHED
Ballota nigra L. [s.l.]	Ballota nigra	Ballota	17	MATCHED
Barbarea stricta Andrz.	Barbarea stricta	Barbarea		MATCHED
Barbarea vulgaris R. Br.	Barbarea vulgaris	Barbarea		MATCHED
Barbilophozia barbata (Schreb.) Loeske	Barbilophozia barbata	Barbilophozia		MATCHED
Barbilophozia hatcheri (A. Evans) Loeske	Barbilophozia hatcheri	Barbilophozia		MATCHED
Barbilophozia lycopodioides (Wallr.) Loeske	Barbilophozia lycopodioides	Barbilophozia		MATCHED
Barbilophozia sudetica (Huebener) L. Söderstr., De Roo &amp; Hedd.	Barbilophozia sudetica	Barbilophozia		MATCHED
Barbula unguiculata Hedw.	Barbula unguiculata	Barbula		MATCHED
Bartramia halleriana Hedw.	Bartramia halleriana	Bartramia		MATCHED
Bartramia ithyphylla Brid.	Bartramia ithyphylla	Bartramia		MATCHED
Bartramia pomiformis Hedw.	Bartramia pomiformis	Bartramia		MATCHED
Bartsia alpina L.	Bartsia alpina	Bartsia		MATCHED
Bassia scoparia (L.) A. J. Scott	Bassia scoparia	Bassia		MATCHED
Bazzania tricrenata (Wahlenb.) Lindb.	Bazzania tricrenata	Bazzania		MATCHED
Bazzania trilobata (L.) Gray	Bazzania trilobata	Bazzania		MATCHED
Bellis perennis L.	Bellis perennis	Bellis		MATCHED
Benincasa hispida (Thunb.) Cogn.	Benincasa hispida	Benincasa		MATCHED
Berberis julianae C.K. Schneid.	Berberis julianae	Berberis		MATCHED
Berberis thunbergii DC.	Berberis thunbergii	Berberis		MATCHED
Berberis vulgaris L.	Berberis vulgaris	Berberis		MATCHED
Berteroa incana (L.) DC.	Berteroa incana	Berteroa		MATCHED
Berula erecta (Huds.) Coville	Berula erecta	Berula		MATCHED
Beta vulgaris L. [s. l.]	Beta vulgaris	Beta		MATCHED
Betonica officinalis L.	Betonica officinalis	Betonica		MATCHED
Betula nana L.	Betula nana	Betula	10	MATCHED
Betula pendula Roth	Betula pendula	Betula		MATCHED
Betula pubescens Ehrh. [s.str.]	Betula pubescens	Betula		MATCHED
Bidens bipinnata L.	Bidens bipinnata	Bidens		MATCHED
Bidens cernua L.	Bidens cernua	Bidens		MATCHED
Bidens connata Mühlenb. ex Willd.	Bidens connata	Bidens		MATCHED
Bidens frondosa L.	Bidens frondosa	Bidens		MATCHED
Bidens pilosa L.	Bidens pilosa	Bidens		MATCHED
Bidens tripartita L.	Bidens tripartita	Bidens		MATCHED
Bidens vulgata Greene	Bidens vulgata	Bidens		MATCHED
Bifora radians M. Bieb.	Bifora radians	Bifora		MATCHED
Bifora testiculata (L.) Schult.	Bifora testiculata	Bifora	17	MATCHED
Biscutella laevigata L.	Biscutella laevigata	Biscutella		MATCHED
Blackstonia perfoliata (L.) Huds. [s.l.]	Blackstonia perfoliata	Blackstonia		MATCHED
Blechnum spicant (L.) Roth	Blechnum spicant	Blechnum		MATCHED
Blepharostoma trichophyllum (L.) Dumort.	Blepharostoma trichophyllum	Blepharostoma		MATCHED
Blindia acuta (Hedw.) Bruch &amp; Schimp.	Blindia acuta	Blindia	14	MATCHED
Blindiadelphus recurvatus (Hedw.) Fedosov &amp; Ignatov	Blindiadelphus recurvatus	Blindiadelphus		MATCHED
Bolboschoenus laticarpus Marhold, Hroudová, Ducháček &amp; Zákr.	Bolboschoenus laticarpus	Bolboschoenus		MATCHED
Bolboschoenus maritimus (L.) Palla	Bolboschoenus maritimus	Bolboschoenus	13	MATCHED
Bolboschoenus planiculmis (F. Schmidt) T. V. Egorova	Bolboschoenus planiculmis	Bolboschoenus		MATCHED
Bombycilaena erecta (L.) Smoljan.	Bombycilaena erecta	Bombycilaena		MATCHED
Borago officinalis L.	Borago officinalis	Borago		MATCHED
Bothriochloa ischaemum (L.) Keng	Bothriochloa ischaemum	Bothriochloa		MATCHED
Botrychium lunaria (L.) Sw.	Botrychium lunaria	Botrychium		MATCHED
Brachydontium trichodes (F. Weber) Milde	Brachydontium trichodes	Brachydontium	13	MATCHED
Brachypodium distachyon (L.) P. Beauv.	Brachypodium distachyon	Brachypodium	14	MATCHED
Brachypodium pinnatum (L.) P. Beauv.	Brachypodium pinnatum	Brachypodium		MATCHED
Brachypodium sylvaticum (Huds.) P. Beauv.	Brachypodium sylvaticum	Brachypodium		MATCHED
Brachytheciastrum collinum (Müll. Hal.) Ignatov &amp; Huttunen	Brachytheciastrum collinum	Brachytheciastrum	14	MATCHED
Brachytheciastrum olympicum (Jur.) Vanderp., Ignatov, Huttunen &amp; Goffinet	Brachytheciastrum olympicum	Brachytheciastrum		MATCHED
Brachytheciastrum trachypodium (Brid.) Ignatov &amp; Huttunen	Brachytheciastrum trachypodium	Brachytheciastrum	13	MATCHED
Brachytheciastrum velutinum (Hedw.) Ignatov &amp; Huttunen	Brachytheciastrum velutinum	Brachytheciastrum		MATCHED
Brachythecium albicans (Hedw.) Schimp.	Brachythecium albicans	Brachythecium		MATCHED
Brachythecium campestre (Müll. Hal.) Schimp.	Brachythecium campestre	Brachythecium		MATCHED
Brachythecium cirrosum (Schwägr.) Schimp.	Brachythecium cirrosum	Brachythecium		MATCHED
Brachythecium erythrorrhizon Schimp.	Brachythecium erythrorrhizon	Brachythecium	13	MATCHED
Brachythecium glareosum (Spruce) Schimp.	Brachythecium glareosum	Brachythecium		MATCHED
Brachythecium laetum (Brid.) Schimp.	Brachythecium laetum	Brachythecium		MATCHED
Brachythecium mildeanum (Schimp.) Schimp.	Brachythecium mildeanum	Brachythecium		MATCHED
Brachythecium rivulare Schimp.	Brachythecium rivulare	Brachythecium		MATCHED
Brachythecium rutabulum (Hedw.) Schimp.	Brachythecium rutabulum	Brachythecium		MATCHED
Brachythecium salebrosum (F. Weber &amp; D. Mohr) Schimp.	Brachythecium salebrosum	Brachythecium		MATCHED
Brachythecium tommasinii (Boulay) Ignatov &amp; Huttunen	Brachythecium tommasinii	Brachythecium		MATCHED
Brachythecium turgidum (Hartm.) Kindb.	Brachythecium turgidum	Brachythecium		MATCHED
Brassica napus L.	Brassica napus	Brassica		MATCHED
Brassica nigra (L.) Koch	Brassica nigra	Brassica		MATCHED
Brassica oleracea L.	Brassica oleracea	Brassica		MATCHED
Brassica rapa L.	Brassica rapa	Brassica		MATCHED
Briza maxima L.	Briza maxima	Briza	14	MATCHED
Briza media L.	Briza media	Briza		MATCHED
Bromus arvensis L.	Bromus arvensis	Bromus		MATCHED
Bromus catharticus Vahl.	Bromus catharticus	Bromus		MATCHED
Bromus commutatus Schrad. [s.l.]	Bromus commutatus	Bromus		MATCHED
Bromus hordeaceus L. [s.l.]	Bromus hordeaceus	Bromus		MATCHED
Bromus japonicus Thunb. [s.l.]	Bromus japonicus	Bromus		MATCHED
Bromus racemosus L.	Bromus racemosus	Bromus		MATCHED
Bromus secalinus [s.str.] L.	Bromus secalinus	Bromus		MATCHED
Broussonetia papyrifera (L.) L&#x27;Hér. ex Vent.	Broussonetia papyrifera	Broussonetia		MATCHED
Brunnera macrophylla (Adams) I. M. Johnst.	Brunnera macrophylla	Brunnera		MATCHED
Bryoerythrophyllum alpigenum (Jur.) P.C. Chen	Bryoerythrophyllum alpigenum	Bryoerythrophyllum		MATCHED
Bryoerythrophyllum recurvirostrum (Hedw.) P.C. Chen	Bryoerythrophyllum recurvirostrum	Bryoerythrophyllum		MATCHED
Bryoerythrophyllum rubrum (Geh.) P.C. Chen	Bryoerythrophyllum rubrum	Bryoerythrophyllum	14	MATCHED
Bryonia alba L.	Bryonia alba	Bryonia		MATCHED
Bryonia dioica Jacq.	Bryonia dioica	Bryonia		MATCHED
Bryum argenteum Hedw.	Bryum argenteum	Bryum		MATCHED
Bryum radiculosum Brid.	Bryum radiculosum	Bryum		MATCHED
Buckia vaucheri (Lesq.) D. Ríos, M.T. Gallego &amp; J. Guerra	Buckia vaucheri	Buckia		MATCHED
Buddleja davidii Franch.	Buddleja davidii	Buddleja		MATCHED
Buglossoides arvensis (L.) I. M. Johnst.	Buglossoides arvensis	Buglossoides		MATCHED
Bunias erucago L.	Bunias erucago	Bunias		MATCHED
Bunias orientalis L.	Bunias orientalis	Bunias		MATCHED
Bunium bulbocastanum L.	Bunium bulbocastanum	Bunium	17	MATCHED
Buphthalmum salicifolium L.	Buphthalmum salicifolium	Buphthalmum		MATCHED
Bupleurum falcatum L.	Bupleurum falcatum	Bupleurum	17	MATCHED
Bupleurum lancifolium Hornem.	Bupleurum lancifolium	Bupleurum	17	MATCHED
Bupleurum longifolium L.	Bupleurum longifolium	Bupleurum	14	MATCHED
Bupleurum praealtum L.	Bupleurum praealtum	Bupleurum		MATCHED
Bupleurum ranunculoides L. [s.l.]	Bupleurum ranunculoides	Bupleurum	14	MATCHED
Bupleurum rotundifolium L.	Bupleurum rotundifolium	Bupleurum		MATCHED
Bupleurum tenuissimum L.	Bupleurum tenuissimum	Bupleurum		MATCHED
Butomus umbellatus L.	Butomus umbellatus	Butomus	13, 25, 27	MATCHED
Buxbaumia aphylla Hedw.	Buxbaumia aphylla	Buxbaumia		MATCHED
Buxbaumia viridis (Lam &amp; DC.) Moug. &amp; Nestl.	Buxbaumia viridis	Buxbaumia	7, 25, 27, 34, 50, 51	MATCHED
Buxus sempervirens L.	Buxus sempervirens	Buxus		MATCHED
Cakile maritima Scop.	Cakile maritima	Cakile	12	MATCHED
Calamagrostis arundinacea (L.) Roth	Calamagrostis arundinacea	Calamagrostis		MATCHED
Calamagrostis canescens (Weber) Roth em. Druce	Calamagrostis canescens	Calamagrostis	14	MATCHED
Calamagrostis epigejos (L.) Roth	Calamagrostis epigejos	Calamagrostis		MATCHED
Calamagrostis pseudophragmites (Haller f.) Koeler	Calamagrostis pseudophragmites	Calamagrostis	14	MATCHED
Calamagrostis varia (Schrad.) Host	Calamagrostis varia	Calamagrostis		MATCHED
Calendula arvensis L.	Calendula arvensis	Calendula		MATCHED
Calendula officinalis L.	Calendula officinalis	Calendula		MATCHED
Calepina irregularis (Asso) Thell.	Calepina irregularis	Calepina		MATCHED
Calla palustris L.	Calla palustris	Calla	12, 25, 27	MATCHED
Callicladium haldanianum (Grev.) H. A. Crum	Callicladium haldanianum	Callicladium		MATCHED
Callicladium imponens (Hedw.) Hedenäs, Schlesak &amp; D. Quandt	Callicladium imponens	Callicladium		MATCHED
Calliergon cordifolium (Hedw.) Kindb.	Calliergon cordifolium	Calliergon		MATCHED
Calliergon giganteum (Schimp.) Kindb.	Calliergon giganteum	Calliergon		MATCHED
Calliergon richardsonii (Mitt.) G. Roth	Calliergon richardsonii	Calliergon	12	MATCHED
Calliergonella cuspidata (Hedw.) Loeske	Calliergonella cuspidata	Calliergonella		MATCHED
Calliergonella lindbergii (Mitt.) Hedenäs	Calliergonella lindbergii	Calliergonella		MATCHED
Callistephus chinensis (L.) Nees	Callistephus chinensis	Callistephus		MATCHED
Callitriche cophocarpa Sendtn.	Callitriche cophocarpa	Callitriche	12	MATCHED
Callitriche hamulata Kuetz. ex Koch	Callitriche hamulata	Callitriche		MATCHED
Callitriche hermaphroditica L.	Callitriche hermaphroditica	Callitriche		MATCHED
Callitriche palustris L.	Callitriche palustris	Callitriche		MATCHED
Callitriche platycarpa Kütz.	Callitriche platycarpa	Callitriche		MATCHED
Callitriche stagnalis Scop.	Callitriche stagnalis	Callitriche		MATCHED
Calluna vulgaris (L.) Hull	Calluna vulgaris	Calluna		MATCHED
Calocedrus decurrens (Torr.) Florin	Calocedrus decurrens	Calocedrus		MATCHED
Caltha palustris L.	Caltha palustris	Caltha		MATCHED
Calypogeia arguta Nees &amp; Mont.	Calypogeia arguta	Calypogeia		MATCHED
Calypogeia azurea Stotler &amp; Crotz	Calypogeia azurea	Calypogeia		MATCHED
Calypogeia fissa (L.) Raddi	Calypogeia fissa	Calypogeia	13	MATCHED
Calypogeia integristipula Steph.	Calypogeia integristipula	Calypogeia	14	MATCHED
Calypogeia muelleriana (Schiffn.) Müll. Frib.	Calypogeia muelleriana	Calypogeia		MATCHED
Calypogeia neesiana (C. Massal. &amp; Carestia) Müll. Frib.	Calypogeia neesiana	Calypogeia	14	MATCHED
Calystegia sepium (L.) R. Br.	Calystegia sepium	Calystegia		MATCHED
Camelina alyssum (Mill.) Thell.	Camelina alyssum	Camelina		MATCHED
Camelina microcarpa Andrz.	Camelina microcarpa	Camelina		MATCHED
Camelina rumelica Velen.	Camelina rumelica	Camelina		MATCHED
Camelina sativa (L.) Crantz	Camelina sativa	Camelina		MATCHED
Campanula alpina Jacq.	Campanula alpina	Campanula	14	MATCHED
Campanula barbata L.	Campanula barbata	Campanula	13	MATCHED
Campanula beckiana Hayek	Campanula beckiana	Campanula		MATCHED
Campanula bononiensis L.	Campanula bononiensis	Campanula		MATCHED
Campanula cervicaria L.	Campanula cervicaria	Campanula		MATCHED
Campanula cochleariifolia Lam.	Campanula cochleariifolia	Campanula		MATCHED
Campanula glomerata L.	Campanula glomerata	Campanula		MATCHED
Campanula justiniana Witasek	Campanula justiniana	Campanula		MATCHED
Campanula latifolia L.	Campanula latifolia	Campanula		MATCHED
Campanula marchesettii Witasek	Campanula marchesettii	Campanula		MATCHED
Campanula medium L.	Campanula medium	Campanula		MATCHED
Campanula patula L.	Campanula patula	Campanula		MATCHED
Campanula persicifolia L. [s.l.]	Campanula persicifolia	Campanula		MATCHED
Campanula portenschlagiana Schult.	Campanula portenschlagiana	Campanula		MATCHED
Campanula pyramidalis L.	Campanula pyramidalis	Campanula		MATCHED
Campanula rapunculoides L.	Campanula rapunculoides	Campanula		MATCHED
Campanula rapunculus L.	Campanula rapunculus	Campanula		MATCHED
Campanula rotundifolia L. [s.str.]	Campanula rotundifolia	Campanula		MATCHED
Campanula scheuchzeri Vill.	Campanula scheuchzeri	Campanula		MATCHED
Campanula sibirica L.	Campanula sibirica	Campanula		MATCHED
Campanula spicata L.	Campanula spicata	Campanula		MATCHED
Campanula trachelium L.	Campanula trachelium	Campanula		MATCHED
Campanula waldsteiniana Schult.	Campanula waldsteiniana	Campanula		MATCHED
Campanula zoysii Wulfen	Campanula zoysii	Campanula	7, 8, 15, 25, 27, 34, 50	MATCHED
Campsis radicans (L.) Bureau	Campsis radicans	Campsis		MATCHED
Campylium bambergeri (Schimp.) Hedenäs, Schlesak &amp; D. Quandt	Campylium bambergeri	Campylium	14	MATCHED
Campylium protensum (Brid.) Kindb.	Campylium protensum	Campylium		MATCHED
Campylium stellatum (Hedw.) Lange &amp; C. E. O. Jensen	Campylium stellatum	Campylium		MATCHED
Campylophyllum halleri (Hedw.) M. Fleisch.	Campylophyllum halleri	Campylophyllum		MATCHED
Campylopus flexuosus (Hedw.) Brid.	Campylopus flexuosus	Campylopus		MATCHED
Campylopus fragilis (Brid.) Bruch &amp; Schimp.	Campylopus fragilis	Campylopus		MATCHED
Campylopus introflexus (Hedw.) Brid.	Campylopus introflexus	Campylopus		MATCHED
Campylopus pyriformis (Schultz) Brid.	Campylopus pyriformis	Campylopus	11	MATCHED
Campylopus schimperi Milde	Campylopus schimperi	Campylopus	12	MATCHED
Campylopus subulatus Milde	Campylopus subulatus	Campylopus		MATCHED
Cannabis sativa L. [s.l.]	Cannabis sativa	Cannabis		MATCHED
Capparis spinosa L.	Capparis spinosa	Capparis	14	MATCHED
Capsella bursa-pastoris (L.) Medik. [s.l.]	Capsella bursa-pastoris	Capsella		MATCHED
Capsella rubella Reut.	Capsella rubella	Capsella		MATCHED
Capsicum annuum L.	Capsicum annuum	Capsicum		MATCHED
Cardamine amara L. [s.l.]	Cardamine amara	Cardamine		MATCHED
Cardamine bulbifera (L.) Crantz	Cardamine bulbifera	Cardamine		MATCHED
Cardamine enneaphyllos (L.) Crantz	Cardamine enneaphyllos	Cardamine		MATCHED
Cardamine flexuosa With.	Cardamine flexuosa	Cardamine		MATCHED
Cardamine glauca Spreng.	Cardamine glauca	Cardamine		MATCHED
Cardamine hirsuta L.	Cardamine hirsuta	Cardamine		MATCHED
Cardamine impatiens L.	Cardamine impatiens	Cardamine		MATCHED
Cardamine kitaibelii Bech.	Cardamine kitaibelii	Cardamine		MATCHED
Cardamine pratensis L. [s.str.]	Cardamine pratensis	Cardamine		MATCHED
Cardamine resedifolia L.	Cardamine resedifolia	Cardamine	14	MATCHED
Cardamine trifolia L.	Cardamine trifolia	Cardamine		MATCHED
Cardamine waldsteinii Dyer	Cardamine waldsteinii	Cardamine		MATCHED
Cardaminopsis arenosa (L.) Hayek	Cardaminopsis arenosa	Cardaminopsis		MATCHED
Carduus acanthoides L.	Carduus acanthoides	Carduus		MATCHED
Carduus crispus L.	Carduus crispus	Carduus		MATCHED
Carduus defloratus L. [s.l.]	Carduus defloratus	Carduus		MATCHED
Carduus nutans L. [s.l.]	Carduus nutans	Carduus		MATCHED
Carduus pycnocephalus L.	Carduus pycnocephalus	Carduus		MATCHED
Carex acuta L.	Carex acuta	Carex		MATCHED
Carex acutiformis Ehrh.	Carex acutiformis	Carex	13	MATCHED
Carex appropinquata Schum.	Carex appropinquata	Carex	13	MATCHED
Carex atrata L.	Carex atrata	Carex		MATCHED
Carex bicolor All.	Carex bicolor	Carex		MATCHED
Carex bohemica Schreb.	Carex bohemica	Carex	13	MATCHED
Carex brizoides L.	Carex brizoides	Carex		MATCHED
Carex brunnescens (Pers.) Poir.	Carex brunnescens	Carex		MATCHED
Carex buxbaumii Wahlenb.	Carex buxbaumii	Carex	12	MATCHED
Carex canescens L.	Carex canescens	Carex		MATCHED
Carex capillaris L.	Carex capillaris	Carex		MATCHED
Carex caryophyllea Latourr.	Carex caryophyllea	Carex		MATCHED
Carex cespitosa L.	Carex cespitosa	Carex		MATCHED
Carex crawfordii Fernald	Carex crawfordii	Carex		MATCHED
Carex curvula All. [s.l.]	Carex curvula	Carex	14	MATCHED
Carex davalliana Sm.	Carex davalliana	Carex	13	MATCHED
Carex demissa Hornem.	Carex demissa	Carex		MATCHED
Carex depauperata Curtis ex With.	Carex depauperata	Carex	14	MATCHED
Carex diandra Schrank	Carex diandra	Carex	13	MATCHED
Carex digitata L.	Carex digitata	Carex		MATCHED
Carex dioica L.	Carex dioica	Carex	13	MATCHED
Carex distans L.	Carex distans	Carex	13	MATCHED
Carex disticha Huds.	Carex disticha	Carex	13	MATCHED
Carex divisa Huds.	Carex divisa	Carex		MATCHED
Carex divulsa Stokes [s.l.]	Carex divulsa	Carex		MATCHED
Carex echinata Murray	Carex echinata	Carex		MATCHED
Carex elata All.	Carex elata	Carex		MATCHED
Carex elongata L.	Carex elongata	Carex		MATCHED
Carex ericetorum Pollich	Carex ericetorum	Carex		MATCHED
Carex extensa Gooden.	Carex extensa	Carex	12	MATCHED
Carex ferruginea Scop.	Carex ferruginea	Carex		MATCHED
Carex flacca Schreb.	Carex flacca	Carex		MATCHED
Carex flava L.	Carex flava	Carex		MATCHED
Carex fuliginosa Schkuhr	Carex fuliginosa	Carex		MATCHED
Carex hirta L.	Carex hirta	Carex		MATCHED
Carex hostiana DC.	Carex hostiana	Carex	13	MATCHED
Carex lasiocarpa Ehrh.	Carex lasiocarpa	Carex	12	MATCHED
Carex lepidocarpa Tausch	Carex lepidocarpa	Carex		MATCHED
Carex leporina L.	Carex leporina	Carex		MATCHED
Carex limosa L.	Carex limosa	Carex	13	MATCHED
Carex montana L.	Carex montana	Carex		MATCHED
Carex muricata L.	Carex muricata	Carex		MATCHED
Carex nigra (L.) Reichard [s.l.]	Carex nigra	Carex		MATCHED
Carex ornithopoda Willd. [s.l.]	Carex ornithopoda	Carex		MATCHED
Carex otrubae Podp.	Carex otrubae	Carex		MATCHED
Carex pallescens L.	Carex pallescens	Carex		MATCHED
Carex panicea L.	Carex panicea	Carex		MATCHED
Carex paniculata L.	Carex paniculata	Carex	13	MATCHED
Carex parviflora Host	Carex parviflora	Carex		MATCHED
Carex pauciflora Lightf.	Carex pauciflora	Carex	13	MATCHED
Carex pendula Huds.	Carex pendula	Carex		MATCHED
Carex pilulifera L.	Carex pilulifera	Carex		MATCHED
Carex praecox Schreb.	Carex praecox	Carex		MATCHED
Carex pseudocyperus L.	Carex pseudocyperus	Carex		MATCHED
Carex pulicaris L.	Carex pulicaris	Carex	13	MATCHED
Carex punctata Gaudin	Carex punctata	Carex	14	MATCHED
Carex remota L.	Carex remota	Carex		MATCHED
Carex riparia Curtis	Carex riparia	Carex	13	MATCHED
Carex rostrata Stokes	Carex rostrata	Carex	13	MATCHED
Carex rupestris All.	Carex rupestris	Carex		MATCHED
Carex sempervirens Vill.	Carex sempervirens	Carex		MATCHED
Carex spicata Huds.	Carex spicata	Carex		MATCHED
Carex stenophylla Wahlenb.	Carex stenophylla	Carex	17	MATCHED
Carex strigosa Huds.	Carex strigosa	Carex	12	MATCHED
Carex sylvatica Huds.	Carex sylvatica	Carex		MATCHED
Carex vesicaria L.	Carex vesicaria	Carex	13	MATCHED
Carex viridula Michx.	Carex viridula	Carex		MATCHED
Carex vulpina L.	Carex vulpina	Carex		MATCHED
Carlina acanthifolia All. [s.l.]	Carlina acanthifolia	Carlina	14, 25, 27	MATCHED
Carlina vulgaris L. [s.l.]	Carlina vulgaris	Carlina		MATCHED
Carpinus betulus L.	Carpinus betulus	Carpinus		MATCHED
Carpinus orientalis Mill.	Carpinus orientalis	Carpinus		MATCHED
Carthamus lanatus L.	Carthamus lanatus	Carthamus		MATCHED
Carthamus tinctorius L.	Carthamus tinctorius	Carthamus		MATCHED
Carum carvi L.	Carum carvi	Carum		MATCHED
Carya glabra (Mill.) Sweet	Carya glabra	Carya		MATCHED
Carya ovata (Mill.) C. Koch	Carya ovata	Carya		MATCHED
Castanea sativa Mill.	Castanea sativa	Castanea		MATCHED
Catabrosa aquatica (L.) P. Beauv.	Catabrosa aquatica	Catabrosa	14	MATCHED
Catalpa bignonioides Walter	Catalpa bignonioides	Catalpa		MATCHED
Catapodium marinum (L.) C. E. Hubb.	Catapodium marinum	Catapodium	14	MATCHED
Catapodium rigidum (L.) C. E. Hubb. [s.l.]	Catapodium rigidum	Catapodium		MATCHED
Caucalis platycarpos L.	Caucalis platycarpos	Caucalis		MATCHED
Cedrus deodara (D. Don) G. Don	Cedrus deodara	Cedrus		MATCHED
Celastrus orbiculatus Thunb.	Celastrus orbiculatus	Celastrus	5	MATCHED
Celtis australis L.	Celtis australis	Celtis	14	MATCHED
Celtis occidentalis L.	Celtis occidentalis	Celtis		MATCHED
Centaurea alba L. [s.l.]	Centaurea alba	Centaurea		MATCHED
Centaurea calcitrapa L.	Centaurea calcitrapa	Centaurea		MATCHED
Centaurea cyanus L.	Centaurea cyanus	Centaurea	13	MATCHED
Centaurea diffusa Lam.	Centaurea diffusa	Centaurea		MATCHED
Centaurea jacea L.	Centaurea jacea	Centaurea		MATCHED
Centaurea mollis Waldst. &amp; Kit.	Centaurea mollis	Centaurea		MATCHED
Centaurea montana L.	Centaurea montana	Centaurea		MATCHED
Centaurea phrygia L. [s.l.]	Centaurea phrygia	Centaurea		MATCHED
Centaurea rupestris L.	Centaurea rupestris	Centaurea	13	MATCHED
Centaurea scabiosa L. [s.l.]	Centaurea scabiosa	Centaurea		MATCHED
Centaurea solstitialis L.	Centaurea solstitialis	Centaurea		MATCHED
Centaurea stenolepis A. Kern.	Centaurea stenolepis	Centaurea		MATCHED
Centaurea triumfettii All. [s.l.]	Centaurea triumfettii	Centaurea		MATCHED
Centaurium erythraea Rafn	Centaurium erythraea	Centaurium		MATCHED
Centaurium pulchellum (Sw.) Druce	Centaurium pulchellum	Centaurium		MATCHED
Centaurium tenuiflorum (Hoffmanns. &amp; Link) Fritsch	Centaurium tenuiflorum	Centaurium	12	MATCHED
Centranthus ruber (L.) DC.	Centranthus ruber	Centranthus	14	MATCHED
Cephalanthera damasonium (Mill.) Druce	Cephalanthera damasonium	Cephalanthera	13, 25, 27	MATCHED
Cephalanthera longifolia (L.) Fritsch	Cephalanthera longifolia	Cephalanthera	13, 25, 27	MATCHED
Cephalanthera rubra (L.) Rich.	Cephalanthera rubra	Cephalanthera	13, 25, 27	MATCHED
Cephalaria leucantha (L.) Schrad. ex Roem. &amp; Schult.	Cephalaria leucantha	Cephalaria	14	MATCHED
Cephalotaxus fortunei Hook.	Cephalotaxus fortunei	Cephalotaxus		MATCHED
Cephalotaxus harringtonia (Knight ex J.Forbes) K.Koch	Cephalotaxus harringtonia	Cephalotaxus		MATCHED
Cephalozia ambigua C. Massal.	Cephalozia ambigua	Cephalozia		MATCHED
Cephalozia bicuspidata (L.) Dumort.	Cephalozia bicuspidata	Cephalozia		MATCHED
Cephaloziella divaricata (Sm.) Schiffn.	Cephaloziella divaricata	Cephaloziella		MATCHED
Cephaloziella elachista (Gottsche &amp; Rabenh.) Schiffn.	Cephaloziella elachista	Cephaloziella	14	MATCHED
Cephaloziella rubella (Nees) Schiffn.	Cephaloziella rubella	Cephaloziella		MATCHED
Cerastium arvense L. [s.str.]	Cerastium arvense	Cerastium		MATCHED
Cerastium biebersteinii DC.	Cerastium biebersteinii	Cerastium		MATCHED
Cerastium brachypetalum Desp. ex Pers.	Cerastium brachypetalum	Cerastium		MATCHED
Cerastium fontanum Baumg. [s.str.]	Cerastium fontanum	Cerastium		MATCHED
Cerastium glomeratum Thuill.	Cerastium glomeratum	Cerastium		MATCHED
Cerastium holosteoides Fr. em. Hyl.	Cerastium holosteoides	Cerastium		MATCHED
Cerastium pumilum Curtis	Cerastium pumilum	Cerastium		MATCHED
Cerastium semidecandrum L.	Cerastium semidecandrum	Cerastium		MATCHED
Cerastium tomentosum L.	Cerastium tomentosum	Cerastium		MATCHED
Ceratodon purpureus (Hedw.) Brid.	Ceratodon purpureus	Ceratodon		MATCHED
Ceratophyllum demersum L.	Ceratophyllum demersum	Ceratophyllum	13	MATCHED
Ceratophyllum submersum L.	Ceratophyllum submersum	Ceratophyllum	12	MATCHED
Cercidiphyllum japonicum Siebold &amp; Zucc.	Cercidiphyllum japonicum	Cercidiphyllum		MATCHED
Cercis siliquastrum L.	Cercis siliquastrum	Cercis	14	MATCHED
Cerinthe minor L.	Cerinthe minor	Cerinthe		MATCHED
Chaenomeles japonica (Thunb.) Lindl.	Chaenomeles japonica	Chaenomeles		MATCHED
Chaenomeles speciosa (Sweet) Nakai	Chaenomeles speciosa	Chaenomeles		MATCHED
Chaerophyllum aromaticum L.	Chaerophyllum aromaticum	Chaerophyllum	17	MATCHED
Chaerophyllum aureum L.	Chaerophyllum aureum	Chaerophyllum		MATCHED
Chaerophyllum bulbosum L.	Chaerophyllum bulbosum	Chaerophyllum		MATCHED
Chaerophyllum hirsutum L. [s.str.]	Chaerophyllum hirsutum	Chaerophyllum		MATCHED
Chaerophyllum temulum L.	Chaerophyllum temulum	Chaerophyllum		MATCHED
Chaerophyllum villarsii Koch	Chaerophyllum villarsii	Chaerophyllum		MATCHED
Chaetomorpha linum (O.F. Müller) Kützing, 1845	Chaetomorpha linum	Chaetomorpha		MATCHED
Chamaecytisus purpureus (Scop.) Link	Chamaecytisus purpureus	Chamaecytisus		MATCHED
Chamaecytisus ratisbonensis (Schaeffer) Rothm.	Chamaecytisus ratisbonensis	Chamaecytisus		MATCHED
Chamerion angustifolium (L.) Holub	Chamerion angustifolium	Chamerion		MATCHED
Chamorchis alpina (L.) Rich.	Chamorchis alpina	Chamorchis	25, 27	MATCHED
Chara hispida Linnaeus, 1753	Chara hispida	Chara		MATCHED
Chara vulgaris Linnaeus, 1753	Chara vulgaris	Chara		MATCHED
Chelidonium majus L.	Chelidonium majus	Chelidonium		MATCHED
Chenopodium album L.	Chenopodium album	Chenopodium		MATCHED
Chenopodium ficifolium Sm.	Chenopodium ficifolium	Chenopodium		MATCHED
Chenopodium glaucum L.	Chenopodium glaucum	Chenopodium		MATCHED
Chenopodium opulifolium Schrad. ex Koch &amp; Ziz	Chenopodium opulifolium	Chenopodium		MATCHED
Chenopodium rubrum L.	Chenopodium rubrum	Chenopodium		MATCHED
Chenopodium strictum Roth	Chenopodium strictum	Chenopodium		MATCHED
Chenopodium suecicum Murr	Chenopodium suecicum	Chenopodium		MATCHED
Chenopodium vulvaria L.	Chenopodium vulvaria	Chenopodium	14	MATCHED
Chiloscyphus pallescens (Hoffm.) Dumort.	Chiloscyphus pallescens	Chiloscyphus		MATCHED
Chiloscyphus polyanthos (L.) Corda	Chiloscyphus polyanthos	Chiloscyphus		MATCHED
Chimaphila umbellata (L.) Barton	Chimaphila umbellata	Chimaphila	13	MATCHED
Chionoloma tenuirostre (Hook. &amp; Taylor) M. Alonso, M. J. Cano &amp; J. A. Jiménez	Chionoloma tenuirostre	Chionoloma		MATCHED
Chondrilla juncea L.	Chondrilla juncea	Chondrilla		MATCHED
Chorispora tenella (Pall.) DC.	Chorispora tenella	Chorispora		MATCHED
Chrysosplenium alternifolium L.	Chrysosplenium alternifolium	Chrysosplenium		MATCHED
Chrysosplenium oppositifolium L.	Chrysosplenium oppositifolium	Chrysosplenium		MATCHED
Cicer arietinum L.	Cicer arietinum	Cicer		MATCHED
Cicerbita alpina (L.) Wallr.	Cicerbita alpina	Cicerbita		MATCHED
Cichorium endivia L.	Cichorium endivia	Cichorium		MATCHED
Cichorium intybus L.	Cichorium intybus	Cichorium		MATCHED
Cicuta virosa L.	Cicuta virosa	Cicuta	12	MATCHED
Cinclidotus fontinaloides (Hedw.) P. Beauv.	Cinclidotus fontinaloides	Cinclidotus		MATCHED
Cinclidotus riparius (Brid.) Arn.	Cinclidotus riparius	Cinclidotus		MATCHED
Circaea alpina L.	Circaea alpina	Circaea		MATCHED
Circaea lutetiana L.	Circaea lutetiana	Circaea		MATCHED
Cirriphyllum crassinervium (Wilson) Loeske &amp; M. Fleisch.	Cirriphyllum crassinervium	Cirriphyllum		MATCHED
Cirriphyllum piliferum (Hedw.) Grout	Cirriphyllum piliferum	Cirriphyllum		MATCHED
Cirsium acaule Scop.	Cirsium acaule	Cirsium		MATCHED
Cirsium arvense (L.) Scop.	Cirsium arvense	Cirsium		MATCHED
Cirsium canum (L.) All.	Cirsium canum	Cirsium		MATCHED
Cirsium eriophorum (L.) Scop.	Cirsium eriophorum	Cirsium		MATCHED
Cirsium erisithales (Jacq.) Scop.	Cirsium erisithales	Cirsium		MATCHED
Cirsium helenioides (L.) Hill	Cirsium helenioides	Cirsium	14	MATCHED
Cirsium oleraceum (L.) Scop.	Cirsium oleraceum	Cirsium		MATCHED
Cirsium palustre (L.) Scop.	Cirsium palustre	Cirsium		MATCHED
Cirsium spinosissimum (L.) Scop.	Cirsium spinosissimum	Cirsium		MATCHED
Cirsium tuberosum (L.) All.	Cirsium tuberosum	Cirsium	17	MATCHED
Cirsium vulgare (Savi) Ten.	Cirsium vulgare	Cirsium		MATCHED
Cistus salviifolius L.	Cistus salviifolius	Cistus	10	MATCHED
Citrullus lanatus (Thunb.) Matsum. &amp; Nakai	Citrullus lanatus	Citrullus		MATCHED
Citrus trifoliata L.	Citrus trifoliata	Citrus		MATCHED
Cladium mariscus (L.) Pohl	Cladium mariscus	Cladium	13	MATCHED
Cladophora albida (Nees) Kutzing, 1843	Cladophora albida	Cladophora		MATCHED
Cladrastis kentukea (Dum.Cours.) Rudd	Cladrastis kentukea	Cladrastis		MATCHED
Claopodium rostratum (Hedw.) Ignatov	Claopodium rostratum	Claopodium		MATCHED
Clematis flammula L.	Clematis flammula	Clematis		MATCHED
Clematis integrifolia L.	Clematis integrifolia	Clematis		MATCHED
Clematis recta L.	Clematis recta	Clematis		MATCHED
Clematis vitalba L.	Clematis vitalba	Clematis		MATCHED
Clematis viticella L.	Clematis viticella	Clematis		MATCHED
Clerodendrum bungei Steud.	Clerodendrum bungei	Clerodendrum		MATCHED
Clevea hyalina (Sommerf.) Lindb.	Clevea hyalina	Clevea	14	MATCHED
Climacium dendroides (Hedw.) F. Weber &amp; D. Mohr	Climacium dendroides	Climacium		MATCHED
Clinopodium alpinum (L.) Kuntze	Clinopodium alpinum	Clinopodium		MATCHED
Clinopodium vulgare L.	Clinopodium vulgare	Clinopodium		MATCHED
Colchicum autumnale L.	Colchicum autumnale	Colchicum		MATCHED
Cololejeunea calcarea (Lib.) Steph.	Cololejeunea calcarea	Cololejeunea		MATCHED
Cololejeunea rossettiana (C. Massal.) Schiffn.	Cololejeunea rossettiana	Cololejeunea		MATCHED
Colutea arborescens L.	Colutea arborescens	Colutea		MATCHED
Conardia compacta (Müll. Hal.) H. Rob.	Conardia compacta	Conardia	12	MATCHED
Conium maculatum L.	Conium maculatum	Conium	12	MATCHED
Conocephalum conicum (L.) Dumort.	Conocephalum conicum	Conocephalum		MATCHED
Conocephalum salebrosum Szweyk., Buczk. &amp; Odrzyk.	Conocephalum salebrosum	Conocephalum		MATCHED
Conringia orientalis (L.) Dumort.	Conringia orientalis	Conringia		MATCHED
Convallaria majalis L.	Convallaria majalis	Convallaria	25, 30	MATCHED
Convolvulus arvensis L.	Convolvulus arvensis	Convolvulus		MATCHED
Coriandrum sativum L.	Coriandrum sativum	Coriandrum		MATCHED
Cornus sanguinea L. [s.l.]	Cornus sanguinea	Cornus		MATCHED
Cornus sericea L.	Cornus sericea	Cornus		MATCHED
Coronilla coronata L.	Coronilla coronata	Coronilla		MATCHED
Coronilla varia L.	Coronilla varia	Coronilla		MATCHED
Corrigiola litoralis L.	Corrigiola litoralis	Corrigiola	17	MATCHED
Cortusa matthioli L.	Cortusa matthioli	Cortusa	14	MATCHED
Corydalis solida (L.) Clairv.	Corydalis solida	Corydalis		MATCHED
Corylus avellana L.	Corylus avellana	Corylus		MATCHED
Corylus colurna L.	Corylus colurna	Corylus		MATCHED
Corylus maxima Mill.	Corylus maxima	Corylus	17	MATCHED
Coscinodon cribrosus (Hedw.) Spruce	Coscinodon cribrosus	Coscinodon	14	MATCHED
Cosmos bipinnatus Cav.	Cosmos bipinnatus	Cosmos		MATCHED
Cotinus coggygria Scop.	Cotinus coggygria	Cotinus		MATCHED
Cotoneaster horizontalis Decne.	Cotoneaster horizontalis	Cotoneaster		MATCHED
Cotoneaster integerrimus Medik.	Cotoneaster integerrimus	Cotoneaster		MATCHED
Crataegus curvisepala Lindm.	Crataegus curvisepala	Crataegus		MATCHED
Crataegus laevigata (Poir.) DC. [s.str.]	Crataegus laevigata	Crataegus		MATCHED
Crataegus monogyna Jacq.	Crataegus monogyna	Crataegus		MATCHED
Cratoneuron curvicaule (Jur.) G. Roth	Cratoneuron curvicaule	Cratoneuron		MATCHED
Cratoneuron filicinum (Hedw.) Spruce	Cratoneuron filicinum	Cratoneuron		MATCHED
Crepis alpestris (Jacq.) Tausch	Crepis alpestris	Crepis		MATCHED
Crepis aurea (L.) Cass.	Crepis aurea	Crepis		MATCHED
Crepis biennis L.	Crepis biennis	Crepis		MATCHED
Crepis capillaris (L.) Wallr.	Crepis capillaris	Crepis		MATCHED
Crepis foetida L.	Crepis foetida	Crepis		MATCHED
Crepis neglecta L.	Crepis neglecta	Crepis		MATCHED
Crepis paludosa (L.) Moench	Crepis paludosa	Crepis		MATCHED
Crepis praemorsa (L.) Walther	Crepis praemorsa	Crepis		MATCHED
Crepis pulchra L.	Crepis pulchra	Crepis		MATCHED
Crepis pyrenaica (L.) Greuter	Crepis pyrenaica	Crepis		MATCHED
Crepis sancta (L.) Babc.	Crepis sancta	Crepis		MATCHED
Crepis setosa Haller f.	Crepis setosa	Crepis		MATCHED
Crepis tectorum L.	Crepis tectorum	Crepis		MATCHED
Crepis vesicaria L. [s.str.]	Crepis vesicaria	Crepis		MATCHED
Crithmum maritimum L.	Crithmum maritimum	Crithmum		MATCHED
Crocus vernus (L.) Hill [s.l.]	Crocus vernus	Crocus		MATCHED
Crossidium squamiferum (Viv.) Jur.	Crossidium squamiferum	Crossidium	14	MATCHED
Crossocalyx hellerianus (Lindenb.) Meyl.	Crossocalyx hellerianus	Crossocalyx		MATCHED
Cruciata laevipes Opiz	Cruciata laevipes	Cruciata		MATCHED
Crupina vulgaris Cass.	Crupina vulgaris	Crupina		MATCHED
Cryphaea heteromalla (Hedw.) D. Mohr	Cryphaea heteromalla	Cryphaea	12	MATCHED
Ctenidium molluscum (Hedw.) Mitt.	Ctenidium molluscum	Ctenidium		MATCHED
Cucumis melo L.	Cucumis melo	Cucumis		MATCHED
Cucumis sativus L.	Cucumis sativus	Cucumis		MATCHED
Cucurbita pepo L.	Cucurbita pepo	Cucurbita		MATCHED
Cupressus sempervirens L.	Cupressus sempervirens	Cupressus		MATCHED
Cuscuta campestris Yunck.	Cuscuta campestris	Cuscuta		MATCHED
Cuscuta epilinum Weihe	Cuscuta epilinum	Cuscuta	10	MATCHED
Cuscuta epithymum (L.) L. [s.l.]	Cuscuta epithymum	Cuscuta		MATCHED
Cuscuta europaea L.	Cuscuta europaea	Cuscuta		MATCHED
Cydonia oblonga Mill.	Cydonia oblonga	Cydonia		MATCHED
Cymbalaria muralis Gaertn., Mey. &amp; Scherb.	Cymbalaria muralis	Cymbalaria		MATCHED
Cynodon dactylon (L.) Pers.	Cynodon dactylon	Cynodon		MATCHED
Cynodontium bruntonii (Sm.) Bruch &amp; Schimp.	Cynodontium bruntonii	Cynodontium		MATCHED
Cynodontium polycarpon (Hedw.) Schimp.	Cynodontium polycarpon	Cynodontium		MATCHED
Cynodontium strumiferum (Hedw.) Lindb.	Cynodontium strumiferum	Cynodontium	14	MATCHED
Cynodontium tenellum (Schimp.) Limpr.	Cynodontium tenellum	Cynodontium	14	MATCHED
Cynoglossum germanicum Jacq.	Cynoglossum germanicum	Cynoglossum	17	MATCHED
Cynoglossum officinale L.	Cynoglossum officinale	Cynoglossum		MATCHED
Cynosurus cristatus L.	Cynosurus cristatus	Cynosurus		MATCHED
Cynosurus echinatus L.	Cynosurus echinatus	Cynosurus		MATCHED
Cyperus eragrostis Lam.	Cyperus eragrostis	Cyperus		MATCHED
Cyperus esculentus L.	Cyperus esculentus	Cyperus	14	MATCHED
Cyperus flavescens L.	Cyperus flavescens	Cyperus	13	MATCHED
Cyperus fuscus L.	Cyperus fuscus	Cyperus	13	MATCHED
Cyperus iria L.	Cyperus iria	Cyperus		MATCHED
Cyperus longus L. [s.l.]	Cyperus longus	Cyperus	13	MATCHED
Cyperus rotundus L.	Cyperus rotundus	Cyperus		MATCHED
Cyperus serotinus Rottb.	Cyperus serotinus	Cyperus	13	MATCHED
Cypripedium calceolus L.	Cypripedium calceolus	Cypripedium	7, 8, 13, 25, 27, 34, 50, 51	MATCHED
Cyrtomnium hymenophylloides (Huebener) T. J. Kop.	Cyrtomnium hymenophylloides	Cyrtomnium	14	MATCHED
Cystopteris fragilis (L.) Bernh. [s. str.]	Cystopteris fragilis	Cystopteris		MATCHED
Cystopteris montana (Lam.) Bernh.	Cystopteris montana	Cystopteris		MATCHED
Cytisus pseudoprocumbens Markgr.	Cytisus pseudoprocumbens	Cytisus		MATCHED
Dactylis glomerata L. [s.l.]	Dactylis glomerata	Dactylis		MATCHED
Dactylorhiza incarnata (L.) Soó	Dactylorhiza incarnata	Dactylorhiza	13, 25, 27	MATCHED
Dactylorhiza lapponica (Hartm.) Soó	Dactylorhiza lapponica	Dactylorhiza	25, 27	MATCHED
Dactylorhiza maculata (L.) Soó [s.l.]	Dactylorhiza maculata	Dactylorhiza	13, 25, 27	MATCHED
Dactylorhiza majalis (Rchb.) Hunt &amp; Summerh.	Dactylorhiza majalis	Dactylorhiza	13, 25, 27	MATCHED
Dactylorhiza sambucina (L.) Soó	Dactylorhiza sambucina	Dactylorhiza	13, 25, 27	MATCHED
Dactylorhiza traunsteineri (Saut. ex Rchb.) Soó	Dactylorhiza traunsteineri	Dactylorhiza	13, 25, 27	MATCHED
Danthonia decumbens (L.) DC.	Danthonia decumbens	Danthonia		MATCHED
Daphne laureola L.	Daphne laureola	Daphne		MATCHED
Daphne mezereum L.	Daphne mezereum	Daphne		MATCHED
Dasypyrum villosum (L.) P. Candargy	Dasypyrum villosum	Dasypyrum	11	MATCHED
Datura stramonium L.	Datura stramonium	Datura		MATCHED
Daucus carota L.	Daucus carota	Daucus		MATCHED
Deschampsia cespitosa (L.) P. Beauv. [s.l.]	Deschampsia cespitosa	Deschampsia		MATCHED
Descurainia sophia (L.) Webb ex Prantl	Descurainia sophia	Descurainia		MATCHED
Desmodesmus communis (E. Hegewald) E. Hegewald, 2000	Desmodesmus communis	Desmodesmus		MATCHED
Desmodesmus maximus (West &amp; G.S. West) Hegewald, 2000	Desmodesmus maximus	Desmodesmus		MATCHED
Desmodesmus opoliensis (P.G. Richter) E. Hegewald, 2000	Desmodesmus opoliensis	Desmodesmus		MATCHED
Dianthus armeria L.	Dianthus armeria	Dianthus	25	MATCHED
Dianthus barbatus L.	Dianthus barbatus	Dianthus		MATCHED
Dianthus carthusianorum L. [s.l.]	Dianthus carthusianorum	Dianthus	25	MATCHED
Dianthus deltoides L.	Dianthus deltoides	Dianthus	25	MATCHED
Dianthus plumarius L.	Dianthus plumarius	Dianthus	14, 25	MATCHED
Dianthus superbus L.	Dianthus superbus	Dianthus	25	MATCHED
Dianthus sylvestris Wulfen [s.str.]	Dianthus sylvestris	Dianthus	25	MATCHED
Dichodontium flavescens (Dicks.) Lindb.	Dichodontium flavescens	Dichodontium		MATCHED
Dichodontium pellucidum (Hedw.) Schimp.	Dichodontium pellucidum	Dichodontium		MATCHED
Dicranella heteromalla (Hedw.) Schimp.	Dicranella heteromalla	Dicranella		MATCHED
Dicranella howei Renauld &amp; Cardot	Dicranella howei	Dicranella		MATCHED
Dicranella schreberiana (Hedw.) Dixon	Dicranella schreberiana	Dicranella		MATCHED
Dicranella varia (Hedw.) Schimp.	Dicranella varia	Dicranella		MATCHED
Dicranodontium denudatum (Brid.) E. Britton	Dicranodontium denudatum	Dicranodontium		MATCHED
Dicranoweisia cirrata (Hedw.) Milde	Dicranoweisia cirrata	Dicranoweisia	14	MATCHED
Dicranum bonjeanii De Not.	Dicranum bonjeanii	Dicranum		MATCHED
Dicranum brevifolium (Lindb.) Lindb.	Dicranum brevifolium	Dicranum		MATCHED
Dicranum elongatum Schwägr.	Dicranum elongatum	Dicranum		MATCHED
Dicranum flagellare Hedw.	Dicranum flagellare	Dicranum		MATCHED
Dicranum fuscescens Sm.	Dicranum fuscescens	Dicranum		MATCHED
Dicranum majus Sm.	Dicranum majus	Dicranum		MATCHED
Dicranum muehlenbeckii Bruch &amp; Schimp.	Dicranum muehlenbeckii	Dicranum		MATCHED
Dicranum polysetum Sw.	Dicranum polysetum	Dicranum		MATCHED
Dicranum scoparium Hedw.	Dicranum scoparium	Dicranum		MATCHED
Dicranum spadiceum J. E. Zetterst.	Dicranum spadiceum	Dicranum		MATCHED
Dicranum spurium Hedw.	Dicranum spurium	Dicranum		MATCHED
Dicranum tauricum Sapjegin	Dicranum tauricum	Dicranum	14	MATCHED
Dicranum undulatum Brid.	Dicranum undulatum	Dicranum		MATCHED
Dicranum viride (Sull. &amp; Lesq.) Lindb.	Dicranum viride	Dicranum	7, 25, 27, 34, 50, 51	MATCHED
Didymodon acutus (Brid.) K. Saito	Didymodon acutus	Didymodon		MATCHED
Didymodon asperifolius (Mitt.) H. A. Crum, Steere &amp; L. E. Anderson	Didymodon asperifolius	Didymodon		MATCHED
Didymodon cordatus Jur.	Didymodon cordatus	Didymodon	13	MATCHED
Didymodon fallax (Hedw.) R. H. Zander	Didymodon fallax	Didymodon		MATCHED
Didymodon ferrugineus (Besch.) M. O. Hill	Didymodon ferrugineus	Didymodon		MATCHED
Didymodon icmadophilus (Müll. Hal.) K. Saito	Didymodon icmadophilus	Didymodon		MATCHED
Didymodon insulanus (De Not.) M. O. Hill	Didymodon insulanus	Didymodon		MATCHED
Didymodon luridus Spreng.	Didymodon luridus	Didymodon		MATCHED
Didymodon rigidulus Hedw.	Didymodon rigidulus	Didymodon		MATCHED
Didymodon sinuosus (Mitt.) Delogne	Didymodon sinuosus	Didymodon		MATCHED
Didymodon spadiceus (Mitt.) Limpr.	Didymodon spadiceus	Didymodon		MATCHED
Didymodon tophaceus (Brid.) Lisa	Didymodon tophaceus	Didymodon	13	MATCHED
Didymodon validus Limpr.	Didymodon validus	Didymodon		MATCHED
Didymodon vinealis (Brid.) R. H. Zander	Didymodon vinealis	Didymodon		MATCHED
Digitalis grandiflora Mill.	Digitalis grandiflora	Digitalis		MATCHED
Digitalis purpurea L.	Digitalis purpurea	Digitalis		MATCHED
Digitaria ischaemum (Schreb. ex Schweigg.) Muhl.	Digitaria ischaemum	Digitaria		MATCHED
Digitaria sanguinalis (L.) Scop. [s.l.]	Digitaria sanguinalis	Digitaria		MATCHED
Diphasiastrum alpinum (L.) Holub	Diphasiastrum alpinum	Diphasiastrum	25, 29	MATCHED
Diphasiastrum complanatum (L.) Holub	Diphasiastrum complanatum	Diphasiastrum	25, 29	MATCHED
Diphasiastrum tristachyum (Pursh) Holub	Diphasiastrum tristachyum	Diphasiastrum	9, 25, 29	MATCHED
Diplophyllum albicans (L.) Dumort.	Diplophyllum albicans	Diplophyllum		MATCHED
Diplophyllum obtusifolium (Hook.) Dumort.	Diplophyllum obtusifolium	Diplophyllum		MATCHED
Diplophyllum taxifolium (Wahlenb.) Dumort.	Diplophyllum taxifolium	Diplophyllum		MATCHED
Diplotaxis erucoides (L.) DC.	Diplotaxis erucoides	Diplotaxis		MATCHED
Diplotaxis muralis (L.) DC.	Diplotaxis muralis	Diplotaxis		MATCHED
Diplotaxis tenuifolia (L.) DC.	Diplotaxis tenuifolia	Diplotaxis		MATCHED
Diplotaxis viminea (L.) DC.	Diplotaxis viminea	Diplotaxis		MATCHED
Dipsacus fullonum L.	Dipsacus fullonum	Dipsacus		MATCHED
Dipsacus laciniatus L.	Dipsacus laciniatus	Dipsacus		MATCHED
Dipsacus pilosus L.	Dipsacus pilosus	Dipsacus		MATCHED
Distichium capillaceum (Hedw.) Bruch &amp; Schimp.	Distichium capillaceum	Distichium		MATCHED
Distichium inclinatum (Hedw.) Bruch &amp; Schimp.	Distichium inclinatum	Distichium		MATCHED
Ditrichum heteromallum (Hedw.) E. Britton	Ditrichum heteromallum	Ditrichum		MATCHED
Ditrichum lineare (Sw.) Lindb.	Ditrichum lineare	Ditrichum		MATCHED
Ditrichum pallidum (Hedw.) Hampe	Ditrichum pallidum	Ditrichum		MATCHED
Ditrichum pusillum (Hedw.) Hampe	Ditrichum pusillum	Ditrichum	14	MATCHED
Dittrichia graveolens (L.) Greuter	Dittrichia graveolens	Dittrichia		MATCHED
Dittrichia viscosa (L.) Greuter	Dittrichia viscosa	Dittrichia		MATCHED
Doronicum austriacum Jacq.	Doronicum austriacum	Doronicum		MATCHED
Draba aizoides L.	Draba aizoides	Draba		MATCHED
Draba dubia Suter	Draba dubia	Draba	14	MATCHED
Draba nemorosa L.	Draba nemorosa	Draba	17	MATCHED
Dracunculus vulgaris Schott	Dracunculus vulgaris	Dracunculus	12, 25	MATCHED
Drepanium fastigiatum (Schimp.) C. E. O. Jensen	Drepanium fastigiatum	Drepanium		MATCHED
Drepanocladus aduncus (Hedw.) Warnst.	Drepanocladus aduncus	Drepanocladus		MATCHED
Drepanocladus lycopodioides (Brid.) Warnst.	Drepanocladus lycopodioides	Drepanocladus	13	MATCHED
Drepanocladus polygamus (Schimp.) Hedenäs	Drepanocladus polygamus	Drepanocladus		MATCHED
Drepanocladus sendtneri (H. Müll.) Warnst.	Drepanocladus sendtneri	Drepanocladus	13	MATCHED
Drepanocladus trifarius (F. Weber &amp; D. Mohr) Paris	Drepanocladus trifarius	Drepanocladus	13	MATCHED
Drepanocladus turgescens (T. Jensen) Broth.	Drepanocladus turgescens	Drepanocladus	12	MATCHED
Drosera anglica Huds.	Drosera anglica	Drosera	13, 25	MATCHED
Drosera intermedia Hayne	Drosera intermedia	Drosera	12, 25	MATCHED
Drosera rotundifolia L.	Drosera rotundifolia	Drosera	13, 25	MATCHED
Dryas octopetala L.	Dryas octopetala	Dryas		MATCHED
Dryopteris carthusiana (Vill.) H. P. Fuchs	Dryopteris carthusiana	Dryopteris		MATCHED
Dryopteris expansa (C. Presl) Fraser-Jenk. &amp; Jermy	Dryopteris expansa	Dryopteris		MATCHED
Dryopteris filix-mas (L.) Schott [s.str.]	Dryopteris filix-mas	Dryopteris		MATCHED
Drypis spinosa L.	Drypis spinosa	Drypis		MATCHED
Ecballium elaterium (L.) Rich. f.	Ecballium elaterium	Ecballium	12	MATCHED
Echinochloa crus-galli (L.) P. Beauv.	Echinochloa crus-galli	Echinochloa		MATCHED
Echinocystis lobata (Michx.) Torr. &amp; A. Gray	Echinocystis lobata	Echinocystis		MATCHED
Echinops exaltatus Schrad.	Echinops exaltatus	Echinops		MATCHED
Echinops sphaerocephalus L.	Echinops sphaerocephalus	Echinops		MATCHED
Echium italicum L.	Echium italicum	Echium		MATCHED
Echium plantagineum L.	Echium plantagineum	Echium		MATCHED
Echium vulgare L.	Echium vulgare	Echium		MATCHED
Edraianthus tenuifolius (Waldst. &amp; Kit.) DC.	Edraianthus tenuifolius	Edraianthus	14	MATCHED
Elaeagnus angustifolia L.	Elaeagnus angustifolia	Elaeagnus		MATCHED
Elaeagnus commutata Bernh. ex Rydb.	Elaeagnus commutata	Elaeagnus		MATCHED
Elaeagnus umbellata Thunb.	Elaeagnus umbellata	Elaeagnus		MATCHED
Elatine hexandra (Lapierre) DC.	Elatine hexandra	Elatine	12	MATCHED
Elatine hydropiper L.	Elatine hydropiper	Elatine	17	MATCHED
Elatine triandra Schkuhr	Elatine triandra	Elatine	12	MATCHED
Eleocharis acicularis (L.) Roem. &amp; Schult.	Eleocharis acicularis	Eleocharis		MATCHED
Eleocharis carniolica Koch	Eleocharis carniolica	Eleocharis	7, 8, 13, 25, 27, 34, 50, 51	MATCHED
Eleocharis mamillata Lindb. fil. [s.str.]	Eleocharis mamillata	Eleocharis	12	MATCHED
Eleocharis ovata (Roth) Roem. &amp; Schult. [s.str.]	Eleocharis ovata	Eleocharis		MATCHED
Eleocharis palustris (L.) Roem. &amp; Schult.	Eleocharis palustris	Eleocharis		MATCHED
Eleocharis quinqueflora (Hartmann) O. Schwarz	Eleocharis quinqueflora	Eleocharis	13	MATCHED
Eleocharis uniglumis (Link) Schult.	Eleocharis uniglumis	Eleocharis	13	MATCHED
Eleusine indica (L.) Gaertn.	Eleusine indica	Eleusine		MATCHED
Elodea canadensis Michx.	Elodea canadensis	Elodea		MATCHED
Elodea nuttallii (Planch.) H. St. John	Elodea nuttallii	Elodea	5	MATCHED
Elymus caninus (L.) L.	Elymus caninus	Elymus		MATCHED
Empetrum hermaphroditum (Lange) Hagerup	Empetrum hermaphroditum	Empetrum		MATCHED
Encalypta affinis R. Hedw.	Encalypta affinis	Encalypta	14	MATCHED
Encalypta alpina Sm.	Encalypta alpina	Encalypta		MATCHED
Encalypta ciliata Hedw.	Encalypta ciliata	Encalypta		MATCHED
Encalypta rhaptocarpa Schwägr.	Encalypta rhaptocarpa	Encalypta		MATCHED
Encalypta streptocarpa Hedw.	Encalypta streptocarpa	Encalypta		MATCHED
Encalypta vulgaris Hedw.	Encalypta vulgaris	Encalypta		MATCHED
Entodon concinnus (De Not.) Paris	Entodon concinnus	Entodon		MATCHED
Entosthodon fascicularis (Hedw.) Müll. Hal.	Entosthodon fascicularis	Entosthodon		MATCHED
Entosthodon muhlenbergii (Turner) Fife	Entosthodon muhlenbergii	Entosthodon		MATCHED
Entosthodon obtusus (Hedw.) Lindb.	Entosthodon obtusus	Entosthodon		MATCHED
Entosthodon pulchellus (H. Philib.) Brugués	Entosthodon pulchellus	Entosthodon	11	MATCHED
Ephemerum serratum (Hedw.) Hampe	Ephemerum serratum	Ephemerum		MATCHED
Epilobium alsinifolium Vill.	Epilobium alsinifolium	Epilobium		MATCHED
Epilobium anagallidifolium Lam.	Epilobium anagallidifolium	Epilobium		MATCHED
Epilobium ciliatum Raf.	Epilobium ciliatum	Epilobium		MATCHED
Epilobium collinum C. C. Gmel.	Epilobium collinum	Epilobium		MATCHED
Epilobium hirsutum L.	Epilobium hirsutum	Epilobium		MATCHED
Epilobium montanum L.	Epilobium montanum	Epilobium		MATCHED
Epilobium obscurum Schreb.	Epilobium obscurum	Epilobium		MATCHED
Epilobium palustre L.	Epilobium palustre	Epilobium		MATCHED
Epilobium parviflorum Schreb.	Epilobium parviflorum	Epilobium		MATCHED
Epilobium roseum Schreb.	Epilobium roseum	Epilobium		MATCHED
Epilobium tetragonum L.	Epilobium tetragonum	Epilobium		MATCHED
Epipactis atrorubens (Bernh.) Besser	Epipactis atrorubens	Epipactis	25, 27	MATCHED
Epipactis helleborine (L.) Crantz	Epipactis helleborine	Epipactis	25, 27	MATCHED
Epipactis leptochila (Godf.) Godf.	Epipactis leptochila	Epipactis	14, 25, 27	MATCHED
Epipactis palustris (L.) Crantz	Epipactis palustris	Epipactis	13, 25, 27	MATCHED
Epipactis purpurata Sm.	Epipactis purpurata	Epipactis	14, 25, 27	MATCHED
Equisetum arvense L.	Equisetum arvense	Equisetum		MATCHED
Equisetum fluviatile L.	Equisetum fluviatile	Equisetum	13	MATCHED
Equisetum hyemale L.	Equisetum hyemale	Equisetum		MATCHED
Equisetum palustre L.	Equisetum palustre	Equisetum		MATCHED
Equisetum pratense Ehrh.	Equisetum pratense	Equisetum	14	MATCHED
Equisetum ramosissimum Desf.	Equisetum ramosissimum	Equisetum	13	MATCHED
Equisetum sylvaticum L.	Equisetum sylvaticum	Equisetum		MATCHED
Equisetum variegatum Schleich. ex Web.	Equisetum variegatum	Equisetum	13	MATCHED
Eragrostis cilianensis (All.) Vignolo ex Janch.	Eragrostis cilianensis	Eragrostis		MATCHED
Eragrostis frankii C. A. Mey. ex Steud.	Eragrostis frankii	Eragrostis		MATCHED
Eragrostis minor Host	Eragrostis minor	Eragrostis		MATCHED
Eragrostis pectinacea (Michx.) Nees	Eragrostis pectinacea	Eragrostis		MATCHED
Eragrostis pilosa (L.) P. Beauv.	Eragrostis pilosa	Eragrostis		MATCHED
Eranthis hyemalis (L.) Salisb.	Eranthis hyemalis	Eranthis	14, 25, 27	MATCHED
Erigeron acris L. [s.l.]	Erigeron acris	Erigeron		MATCHED
Erigeron annuus (L.) Pers. [s.l.]	Erigeron annuus	Erigeron		MATCHED
Erigeron uniflorus L.	Erigeron uniflorus	Erigeron		MATCHED
Eriophorum angustifolium Honck.	Eriophorum angustifolium	Eriophorum	13	MATCHED
Eriophorum gracile Koch.	Eriophorum gracile	Eriophorum	12	MATCHED
Eriophorum latifolium Hoppe	Eriophorum latifolium	Eriophorum	13	MATCHED
Eriophorum scheuchzeri Hoppe	Eriophorum scheuchzeri	Eriophorum	13	MATCHED
Eriophorum vaginatum L.	Eriophorum vaginatum	Eriophorum	13	MATCHED
Eritrichium nanum (L.) Schrad.	Eritrichium nanum	Eritrichium		MATCHED
Erodium ciconium (L.) L&#x27;Hér.	Erodium ciconium	Erodium		MATCHED
Erodium cicutarium (L.) L&#x27;Hér.	Erodium cicutarium	Erodium		MATCHED
Erodium malacoides (L.) L&#x27;Hér.	Erodium malacoides	Erodium	17	MATCHED
Erodium moschatum (L.) L&#x27;Hér.	Erodium moschatum	Erodium	17	MATCHED
Erucastrum gallicum (Willd.) O. E. Schulz	Erucastrum gallicum	Erucastrum		MATCHED
Erucastrum nasturtiifolium (Poir.) O. E. Schulz	Erucastrum nasturtiifolium	Erucastrum	17	MATCHED
Eryngium alpinum L.	Eryngium alpinum	Eryngium	7, 8, 14, 25, 27, 34, 50, 51	MATCHED
Eryngium amethystinum L.	Eryngium amethystinum	Eryngium		MATCHED
Eryngium campestre L.	Eryngium campestre	Eryngium	10	MATCHED
Eryngium creticum L.	Eryngium creticum	Eryngium	17	MATCHED
Eryngium maritimum L.	Eryngium maritimum	Eryngium	10	MATCHED
Erysimum cheiranthoides L.	Erysimum cheiranthoides	Erysimum		MATCHED
Erysimum cheiri (L.) Crantz	Erysimum cheiri	Erysimum		MATCHED
Erysimum repandum L.	Erysimum repandum	Erysimum		MATCHED
Eschscholzia californica Cham.	Eschscholzia californica	Eschscholzia		MATCHED
Eucalyptus globulus Labill.	Eucalyptus globulus	Eucalyptus		MATCHED
Eucladium verticillatum (With.) Bruch &amp; Schimp.	Eucladium verticillatum	Eucladium		MATCHED
Eupatorium cannabinum L.	Eupatorium cannabinum	Eupatorium		MATCHED
Euphorbia amygdaloides L.	Euphorbia amygdaloides	Euphorbia		MATCHED
Euphorbia cyparissias L.	Euphorbia cyparissias	Euphorbia		MATCHED
Euphorbia dulcis L. [s.l.]	Euphorbia dulcis	Euphorbia		MATCHED
Euphorbia epithymoides L.	Euphorbia epithymoides	Euphorbia		MATCHED
Euphorbia esula L.	Euphorbia esula	Euphorbia		MATCHED
Euphorbia exigua L.	Euphorbia exigua	Euphorbia		MATCHED
Euphorbia falcata L.	Euphorbia falcata	Euphorbia		MATCHED
Euphorbia helioscopia L.	Euphorbia helioscopia	Euphorbia		MATCHED
Euphorbia lathyris L.	Euphorbia lathyris	Euphorbia		MATCHED
Euphorbia lucida Waldst. &amp; Kit.	Euphorbia lucida	Euphorbia	12	MATCHED
Euphorbia maculata L.	Euphorbia maculata	Euphorbia		MATCHED
Euphorbia marginata Pursh	Euphorbia marginata	Euphorbia		MATCHED
Euphorbia myrsinites L.	Euphorbia myrsinites	Euphorbia		MATCHED
Euphorbia nicaeensis All.	Euphorbia nicaeensis	Euphorbia		MATCHED
Euphorbia nutans Lag.	Euphorbia nutans	Euphorbia		MATCHED
Euphorbia palustris L.	Euphorbia palustris	Euphorbia	10	MATCHED
Euphorbia peplus L.	Euphorbia peplus	Euphorbia		MATCHED
Euphorbia platyphyllos L.	Euphorbia platyphyllos	Euphorbia		MATCHED
Euphorbia prostrata Aiton	Euphorbia prostrata	Euphorbia		MATCHED
Euphorbia segetalis L.	Euphorbia segetalis	Euphorbia	17	MATCHED
Euphorbia stricta L.	Euphorbia stricta	Euphorbia		MATCHED
Euphorbia taurinensis All.	Euphorbia taurinensis	Euphorbia		MATCHED
Euphorbia verrucosa L.	Euphorbia verrucosa	Euphorbia		MATCHED
Euphorbia virgata Waldst. &amp; Kit.	Euphorbia virgata	Euphorbia	17	MATCHED
Euphrasia hirtella Jordan ex Reuter	Euphrasia hirtella	Euphrasia		MATCHED
Euphrasia pectinata Ten.	Euphrasia pectinata	Euphrasia	17	MATCHED
Euphrasia rostkoviana Hayne [s.l.]	Euphrasia rostkoviana	Euphrasia		MATCHED
Euphrasia salisburgensis Funck ex Hoppe	Euphrasia salisburgensis	Euphrasia		MATCHED
Euphrasia stricta Wolff ex Lehm.	Euphrasia stricta	Euphrasia		MATCHED
Eurhynchiastrum pulchellum (Hedw.) Ignatov &amp; Huttunen	Eurhynchiastrum pulchellum	Eurhynchiastrum		MATCHED
Eurhynchium angustirete (Broth.) T. J. Kop.	Eurhynchium angustirete	Eurhynchium		MATCHED
Eurhynchium striatum (Hedw.) Schimp.	Eurhynchium striatum	Eurhynchium		MATCHED
Exsertotheca crispa (Hedw.) S. Olsson, Enroth &amp; D. Quandt	Exsertotheca crispa	Exsertotheca		MATCHED
Fagopyrum esculentum Moench	Fagopyrum esculentum	Fagopyrum		MATCHED
Fagus sylvatica L.	Fagus sylvatica	Fagus		MATCHED
Falcaria vulgaris Bernh.	Falcaria vulgaris	Falcaria	17	MATCHED
Fallopia baldschuanica (Regel) Holub	Fallopia baldschuanica	Fallopia		MATCHED
Fallopia convolvulus (L.) Á. Löve	Fallopia convolvulus	Fallopia		MATCHED
Fallopia dumetorum (L.) Holub	Fallopia dumetorum	Fallopia		MATCHED
Fallopia multiflora (Thunb.) Haraldson	Fallopia multiflora	Fallopia		MATCHED
Fatsia japonica (Thunb.) Decne. &amp; Planch.	Fatsia japonica	Fatsia		MATCHED
Ferula communis L.	Ferula communis	Ferula		MATCHED
Festuca altissima All.	Festuca altissima	Festuca		MATCHED
Festuca filiformis Pourr.	Festuca filiformis	Festuca		MATCHED
Festuca heterophylla Lam.	Festuca heterophylla	Festuca		MATCHED
Festuca ovina L. [s.str.]	Festuca ovina	Festuca	14	MATCHED
Festuca rubra L. [s.l.]	Festuca rubra	Festuca		MATCHED
Festuca valesiaca Schleich. ex Gaudin	Festuca valesiaca	Festuca		MATCHED
Festuca vivipara Sm.	Festuca vivipara	Festuca	14	MATCHED
Ficus carica L.	Ficus carica	Ficus		MATCHED
Ficus elastica Roxb.	Ficus elastica	Ficus		MATCHED
Filago pyramidata L.	Filago pyramidata	Filago		MATCHED
Filipendula ulmaria (L.) Maxim.	Filipendula ulmaria	Filipendula		MATCHED
Filipendula vulgaris Moench	Filipendula vulgaris	Filipendula		MATCHED
Fissidens adianthoides Hedw.	Fissidens adianthoides	Fissidens		MATCHED
Fissidens bryoides Hedw.	Fissidens bryoides	Fissidens		MATCHED
Fissidens crassipes Bruch &amp; Schimp.	Fissidens crassipes	Fissidens		MATCHED
Fissidens crispus Mont.	Fissidens crispus	Fissidens		MATCHED
Fissidens dubius P. Beauv.	Fissidens dubius	Fissidens		MATCHED
Fissidens exilis Hedw.	Fissidens exilis	Fissidens	14	MATCHED
Fissidens gymnandrus Buse	Fissidens gymnandrus	Fissidens		MATCHED
Fissidens osmundoides Hedw.	Fissidens osmundoides	Fissidens		MATCHED
Fissidens pusillus (Wilson) Milde	Fissidens pusillus	Fissidens		MATCHED
Fissidens serrulatus Brid.	Fissidens serrulatus	Fissidens	13	MATCHED
Fissidens taxifolius Hedw.	Fissidens taxifolius	Fissidens		MATCHED
Flexitrichum flexicaule (Schwägr.) Ignatov &amp; Fedosov	Flexitrichum flexicaule	Flexitrichum		MATCHED
Flexitrichum gracile (Mitt.) Ignatov &amp; Fedosov	Flexitrichum gracile	Flexitrichum		MATCHED
Fontinalis antipyretica Hedw.	Fontinalis antipyretica	Fontinalis		MATCHED
Fontinalis hypnoides Hartm.	Fontinalis hypnoides	Fontinalis	13	MATCHED
Fontinalis squamosa Hedw.	Fontinalis squamosa	Fontinalis	11	MATCHED
Forsythia suspensa (Thunb.) Vahl	Forsythia suspensa	Forsythia		MATCHED
Forsythia viridissima Lindl	Forsythia viridissima	Forsythia		MATCHED
Fossombronia foveolata Lindb.	Fossombronia foveolata	Fossombronia		MATCHED
Fossombronia pusilla (L.) Nees	Fossombronia pusilla	Fossombronia	13	MATCHED
Fossombronia wondraczekii (Corda) Lindb.	Fossombronia wondraczekii	Fossombronia		MATCHED
Fragaria moschata Duchesne	Fragaria moschata	Fragaria		MATCHED
Fragaria vesca L.	Fragaria vesca	Fragaria		MATCHED
Fragaria viridis Duchesne	Fragaria viridis	Fragaria	13	MATCHED
Frangula alnus Mill.	Frangula alnus	Frangula		MATCHED
Fraxinus americana L.	Fraxinus americana	Fraxinus		MATCHED
Fraxinus angustifolia Vahl	Fraxinus angustifolia	Fraxinus		MATCHED
Fraxinus excelsior L.	Fraxinus excelsior	Fraxinus		MATCHED
Fraxinus ornus L.	Fraxinus ornus	Fraxinus		MATCHED
Fraxinus pennsylvanica Marshall	Fraxinus pennsylvanica	Fraxinus		MATCHED
Fritillaria meleagris L.	Fritillaria meleagris	Fritillaria	12, 25, 27	MATCHED
Frullania dilatata (L.) Dumort.	Frullania dilatata	Frullania		MATCHED
Frullania fragilifolia (Taylor) Gottsche, Lindenb. &amp; Nees	Frullania fragilifolia	Frullania		MATCHED
Frullania jackii Gottsche	Frullania jackii	Frullania		MATCHED
Frullania riparia Lehm.	Frullania riparia	Frullania		MATCHED
Frullania tamarisci (L.) Dumort.	Frullania tamarisci	Frullania		MATCHED
Fumana ericoides (Cav.) Gand.	Fumana ericoides	Fumana	17	MATCHED
Fumaria capreolata L.	Fumaria capreolata	Fumaria	14	MATCHED
Fumaria officinalis L. [s.l.]	Fumaria officinalis	Fumaria		MATCHED
Fumaria parviflora Lam.	Fumaria parviflora	Fumaria		MATCHED
Fumaria vaillantii Loisel.	Fumaria vaillantii	Fumaria		MATCHED
Funaria hygrometrica Hedw.	Funaria hygrometrica	Funaria		MATCHED
Fuscocephaloziopsis catenulata (Huebener) Váňa &amp; L. Söderstr.	Fuscocephaloziopsis catenulata	Fuscocephaloziopsis		MATCHED
Fuscocephaloziopsis connivens (Dicks.) Váňa &amp; L. Söderstr.	Fuscocephaloziopsis connivens	Fuscocephaloziopsis	13	MATCHED
Fuscocephaloziopsis leucantha (Spruce) Váňa &amp; L. Söderstr.	Fuscocephaloziopsis leucantha	Fuscocephaloziopsis		MATCHED
Fuscocephaloziopsis loitlesbergeri (Schiffn.) Váňa &amp; L. Söderstr.	Fuscocephaloziopsis loitlesbergeri	Fuscocephaloziopsis		MATCHED
Fuscocephaloziopsis lunulifolia (Dumort.) Váňa &amp; L. Söderstr.	Fuscocephaloziopsis lunulifolia	Fuscocephaloziopsis		MATCHED
Fuscocephaloziopsis pleniceps (Austin) Váňa &amp; L. Söderstr.	Fuscocephaloziopsis pleniceps	Fuscocephaloziopsis		MATCHED
Gagea lutea (L.) Ker Gaw.	Gagea lutea	Gagea		MATCHED
Gagea minima (L.) Ker Gaw.	Gagea minima	Gagea		MATCHED
Gagea pratensis (Pers.) Dumort.	Gagea pratensis	Gagea	13	MATCHED
Gagea pusilla (F. W. Schmidt) Schult. &amp; Schult. f.	Gagea pusilla	Gagea		MATCHED
Gagea spathacea (Hayne) Salisb.	Gagea spathacea	Gagea	13	MATCHED
Galanthus nivalis L.	Galanthus nivalis	Galanthus	9, 25, 30	MATCHED
Galega officinalis L.	Galega officinalis	Galega		MATCHED
Galeopsis angustifolia Hoffm.	Galeopsis angustifolia	Galeopsis		MATCHED
Galeopsis bifida Boenn.	Galeopsis bifida	Galeopsis		MATCHED
Galeopsis speciosa Mill.	Galeopsis speciosa	Galeopsis		MATCHED
Galeopsis tetrahit L.	Galeopsis tetrahit	Galeopsis		MATCHED
Galinsoga parviflora Cav.	Galinsoga parviflora	Galinsoga		MATCHED
Galium aparine L.	Galium aparine	Galium		MATCHED
Galium boreale L.	Galium boreale	Galium		MATCHED
Galium glaucum L.	Galium glaucum	Galium	17	MATCHED
Galium mollugo L. [s.str.]	Galium mollugo	Galium		MATCHED
Galium murale (L.) All.	Galium murale	Galium		MATCHED
Galium odoratum (L.) Scop.	Galium odoratum	Galium		MATCHED
Galium palustre L. [s.str.]	Galium palustre	Galium		MATCHED
Galium parisiense L.	Galium parisiense	Galium		MATCHED
Galium saxatile L.	Galium saxatile	Galium		MATCHED
Galium spurium L. [s.l.]	Galium spurium	Galium		MATCHED
Galium sylvaticum L.	Galium sylvaticum	Galium		MATCHED
Galium uliginosum L.	Galium uliginosum	Galium		MATCHED
Galium verum L. [s.str.]	Galium verum	Galium		MATCHED
Galium wirtgenii F. W. Schultz	Galium wirtgenii	Galium		MATCHED
Gastridium ventricosum (Gouan) Schinz &amp; Thell.	Gastridium ventricosum	Gastridium	17	MATCHED
Gaudinia fragilis (L.) P. Beauv.	Gaudinia fragilis	Gaudinia	14	MATCHED
Genista germanica L.	Genista germanica	Genista		MATCHED
Genista holopetala Fleischm.	Genista holopetala	Genista	7, 8, 13, 25, 27, 34, 50, 51	MATCHED
Genista pilosa L.	Genista pilosa	Genista		MATCHED
Genista radiata (L.) Scop.	Genista radiata	Genista		MATCHED
Genista sericea Wulfen	Genista sericea	Genista		MATCHED
Genista tinctoria L.	Genista tinctoria	Genista		MATCHED
Gentiana acaulis L.	Gentiana acaulis	Gentiana	12, 25, 27	MATCHED
Gentiana asclepiadea L.	Gentiana asclepiadea	Gentiana		MATCHED
Gentiana clusii Perr. &amp; Songeon	Gentiana clusii	Gentiana	18, 25	MATCHED
Gentiana lutea L. [s.l.]	Gentiana lutea	Gentiana	9, 13, 25, 26	MATCHED
Gentiana nivalis L.	Gentiana nivalis	Gentiana		MATCHED
Gentiana pneumonanthe L.	Gentiana pneumonanthe	Gentiana	25	MATCHED
Gentiana verna L. [s.l.]	Gentiana verna	Gentiana		MATCHED
Gentianella anisodonta (Borbás) Á. Löve &amp; D. Löve [s.l.]	Gentianella anisodonta	Gentianella		MATCHED
Gentianella aspera (Hegetschw. ex Heer) Skalický, Chrtek &amp; Gill [s.l.]	Gentianella aspera	Gentianella	14	MATCHED
Gentianella austriaca (A. &amp; J. Kern.) Holub [s.l.]	Gentianella austriaca	Gentianella		MATCHED
Gentianella ciliata (L.) Borkh.	Gentianella ciliata	Gentianella		MATCHED
Gentianella germanica (Willd.) Börner [s.l.]	Gentianella germanica	Gentianella		MATCHED
Gentianella lutescens (Velen.) Holub [s.l.]	Gentianella lutescens	Gentianella		MATCHED
Gentianella pilosa (Wettst.) Holub	Gentianella pilosa	Gentianella		MATCHED
Geranium argenteum L.	Geranium argenteum	Geranium		MATCHED
Geranium columbinum L.	Geranium columbinum	Geranium		MATCHED
Geranium dissectum L.	Geranium dissectum	Geranium		MATCHED
Geranium lucidum L.	Geranium lucidum	Geranium		MATCHED
Geranium molle L.	Geranium molle	Geranium		MATCHED
Geranium phaeum L.	Geranium phaeum	Geranium		MATCHED
Geranium pratense L.	Geranium pratense	Geranium		MATCHED
Geranium purpureum Vill.	Geranium purpureum	Geranium		MATCHED
Geranium pusillum Burm. f.	Geranium pusillum	Geranium		MATCHED
Geranium pyrenaicum Burm. f.	Geranium pyrenaicum	Geranium		MATCHED
Geranium robertianum L.	Geranium robertianum	Geranium		MATCHED
Geranium rotundifolium L.	Geranium rotundifolium	Geranium		MATCHED
Geranium sanguineum L.	Geranium sanguineum	Geranium		MATCHED
Geranium sibiricum L.	Geranium sibiricum	Geranium		MATCHED
Geranium sylvaticum L.	Geranium sylvaticum	Geranium		MATCHED
Geum aleppicum Jacq.	Geum aleppicum	Geum		MATCHED
Geum montanum L.	Geum montanum	Geum		MATCHED
Geum reptans L.	Geum reptans	Geum	14	MATCHED
Geum rivale L.	Geum rivale	Geum		MATCHED
Geum urbanum L.	Geum urbanum	Geum		MATCHED
Ginkgo biloba L.	Ginkgo biloba	Ginkgo		MATCHED
Glaucium flavum Crantz	Glaucium flavum	Glaucium	10	MATCHED
Glechoma hederacea L. [s.str.]	Glechoma hederacea	Glechoma		MATCHED
Glechoma hirsuta Waldst. &amp; Kit.	Glechoma hirsuta	Glechoma		MATCHED
Gleditsia triacanthos L.	Gleditsia triacanthos	Gleditsia		MATCHED
Glyceria declinata Bréb.	Glyceria declinata	Glyceria	14	MATCHED
Glyceria fluitans (L.) R. Br.	Glyceria fluitans	Glyceria		MATCHED
Glyceria maxima (Hartm.) Holm.	Glyceria maxima	Glyceria		MATCHED
Glyceria notata Chevall.	Glyceria notata	Glyceria		MATCHED
Glyceria striata (Lam.) Hitchc.	Glyceria striata	Glyceria		MATCHED
Glycine max (L.) Merr.	Glycine max	Glycine		MATCHED
Glycyrrhiza glabra L.	Glycyrrhiza glabra	Glycyrrhiza	17	MATCHED
Goodyera repens (L.) R. Br.	Goodyera repens	Goodyera	13, 25, 27	MATCHED
Gratiola officinalis L.	Gratiola officinalis	Gratiola	13	MATCHED
Grimmia anodon Bruch &amp; Schimp.	Grimmia anodon	Grimmia	14	MATCHED
Grimmia donniana Sm.	Grimmia donniana	Grimmia	14	MATCHED
Grimmia elatior Bals.-Criv. &amp; De Not.	Grimmia elatior	Grimmia	14	MATCHED
Grimmia laevigata (Brid.) Brid.	Grimmia laevigata	Grimmia		MATCHED
Grimmia lisae De Not.	Grimmia lisae	Grimmia	14	MATCHED
Grimmia muehlenbeckii Schimp.	Grimmia muehlenbeckii	Grimmia		MATCHED
Grimmia ovalis (Hedw.) Lindb.	Grimmia ovalis	Grimmia		MATCHED
Grimmia pulvinata (Hedw.) Sm.	Grimmia pulvinata	Grimmia		MATCHED
Grimmia trichophylla Grev.	Grimmia trichophylla	Grimmia	13	MATCHED
Groenlandia densa (L.) Fourr.	Groenlandia densa	Groenlandia	12	MATCHED
Guizotia abyssinica (L. f.) Cass.	Guizotia abyssinica	Guizotia		MATCHED
Gymnadenia conopsea (L.) R. Br.	Gymnadenia conopsea	Gymnadenia	13, 25, 27	MATCHED
Gymnobarbula bicolor (Bruch &amp; Schimp.) Jan Kučera	Gymnobarbula bicolor	Gymnobarbula	14	MATCHED
Gymnocarpium dryopteris (L.) Newman	Gymnocarpium dryopteris	Gymnocarpium		MATCHED
Gymnocarpium robertianum (Hoffm.) Newman	Gymnocarpium robertianum	Gymnocarpium		MATCHED
Gymnocolea inflata (Huds.) Dumort.	Gymnocolea inflata	Gymnocolea	12	MATCHED
Gymnomitrion concinnatum (Lightf.) Corda	Gymnomitrion concinnatum	Gymnomitrion	12	MATCHED
Gymnomitrion corallioides Nees	Gymnomitrion corallioides	Gymnomitrion	12	MATCHED
Gymnostomum aeruginosum Sm.	Gymnostomum aeruginosum	Gymnostomum		MATCHED
Gymnostomum calcareum Nees &amp; Hornsch.	Gymnostomum calcareum	Gymnostomum		MATCHED
Gymnostomum viridulum Brid.	Gymnostomum viridulum	Gymnostomum		MATCHED
Gypsophila repens L.	Gypsophila repens	Gypsophila		MATCHED
Gyroweisia tenuis (Hedw.) Schimp.	Gyroweisia tenuis	Gyroweisia	13	MATCHED
Hainardia cylindrica (Willd.) Greuter	Hainardia cylindrica	Hainardia	14	MATCHED
Halimeda tuna (J. Ellis &amp; Solander) J.V. Lamouroux, 1816	Halimeda tuna	Halimeda		MATCHED
Hamatocaulis vernicosus (Mitt.) Hedenäs	Hamatocaulis vernicosus	Hamatocaulis	7, 25, 27, 34, 50, 51	MATCHED
Hammarbya paludosa (L.) Kuntze	Hammarbya paludosa	Hammarbya	12, 25, 27	MATCHED
Harpanthus flotovianus (Nees) Nees	Harpanthus flotovianus	Harpanthus		MATCHED
Harpanthus scutatus (F. Weber &amp; D. Mohr) Spruce	Harpanthus scutatus	Harpanthus		MATCHED
Hedera helix L.	Hedera helix	Hedera		MATCHED
Hedysarum hedysaroides (L.) Schinz &amp; Thell. [s.l.]	Hedysarum hedysaroides	Hedysarum		MATCHED
Helianthemum nummularium (L.) Mill. [s.l.]	Helianthemum nummularium	Helianthemum		MATCHED
Helianthus annuus L.	Helianthus annuus	Helianthus		MATCHED
Helianthus tuberosus L.	Helianthus tuberosus	Helianthus		MATCHED
Helichrysum italicum (Roth) G. Don	Helichrysum italicum	Helichrysum		MATCHED
Heliosperma alpestre (Jacq.) Griseb.	Heliosperma alpestre	Heliosperma		MATCHED
Heliosperma pusillum (Waldts. &amp; Kit.) Rchb.	Heliosperma pusillum	Heliosperma		MATCHED
Heliotropium europaeum L.	Heliotropium europaeum	Heliotropium		MATCHED
Helleborus multifidus Vis. [s. l.]	Helleborus multifidus	Helleborus	25, 30	MATCHED
Helosciadium repens (Jacq.) W.D.J. Koch	Helosciadium repens	Helosciadium	12, 25, 27, 34, 50, 51	MATCHED
Hemerocallis fulva (L.) L.	Hemerocallis fulva	Hemerocallis		MATCHED
Hemerocallis lilioasphodelus L.	Hemerocallis lilioasphodelus	Hemerocallis	13, 25, 27	MATCHED
Hennediella heimii (Hedw.) R. H. Zander	Hennediella heimii	Hennediella	14	MATCHED
Hepatica nobilis Mill.	Hepatica nobilis	Hepatica		MATCHED
Heracleum mantegazzianum Sommier &amp; Levier	Heracleum mantegazzianum	Heracleum	5	MATCHED
Heracleum sphondylium L.	Heracleum sphondylium	Heracleum		MATCHED
Herminium monorchis (L.) R. Br.	Herminium monorchis	Herminium	13, 25, 27	MATCHED
Herniaria glabra L.	Herniaria glabra	Herniaria		MATCHED
Herniaria hirsuta L.	Herniaria hirsuta	Herniaria		MATCHED
Herzogiella seligeri (Brid.) Z. Iwats.	Herzogiella seligeri	Herzogiella		MATCHED
Herzogiella striatella (Brid.) Z. Iwats.	Herzogiella striatella	Herzogiella	14	MATCHED
Hesperis matronalis L.	Hesperis matronalis	Hesperis		MATCHED
Heterocladium heteropterum (Brid.) Schimp.	Heterocladium heteropterum	Heterocladium		MATCHED
Hibiscus syriacus L.	Hibiscus syriacus	Hibiscus		MATCHED
Hibiscus trionum L.	Hibiscus trionum	Hibiscus		MATCHED
Hieracium alpinum L.	Hieracium alpinum	Hieracium		MATCHED
Hieracium bifidum Kit. ex Hornem.	Hieracium bifidum	Hieracium		MATCHED
Hieracium caesium (Fr.) Fr.	Hieracium caesium	Hieracium		MATCHED
Hieracium caespitosum Dumort.	Hieracium caespitosum	Hieracium		MATCHED
Hieracium cymosum L.	Hieracium cymosum	Hieracium		MATCHED
Hieracium hoppeanum Schult.	Hieracium hoppeanum	Hieracium		MATCHED
Hieracium lachenalii C. C. Gmel.	Hieracium lachenalii	Hieracium		MATCHED
Hieracium laevigatum Willd.	Hieracium laevigatum	Hieracium		MATCHED
Hieracium murorum L.	Hieracium murorum	Hieracium		MATCHED
Hieracium prenanthoides Vill.	Hieracium prenanthoides	Hieracium		MATCHED
Hieracium sabaudum L.	Hieracium sabaudum	Hieracium		MATCHED
Hieracium umbellatum L.	Hieracium umbellatum	Hieracium		MATCHED
Hieracium vulgatum Fr.	Hieracium vulgatum	Hieracium		MATCHED
Hippocrepis comosa L.	Hippocrepis comosa	Hippocrepis		MATCHED
Hippophae rhamnoides L.	Hippophae rhamnoides	Hippophae	12	MATCHED
Hippuris vulgaris L.	Hippuris vulgaris	Hippuris	13	MATCHED
Hladnikia pastinacifolia Rchb.	Hladnikia pastinacifolia	Hladnikia	7, 8, 14, 25, 27, 34, 50	MATCHED
Holcus lanatus L.	Holcus lanatus	Holcus		MATCHED
Holcus mollis L.	Holcus mollis	Holcus		MATCHED
Holosteum umbellatum L.	Holosteum umbellatum	Holosteum		MATCHED
Homalia trichomanoides (Hedw.) Brid.	Homalia trichomanoides	Homalia		MATCHED
Homalothecium lutescens (Hedw.) H. Rob.	Homalothecium lutescens	Homalothecium		MATCHED
Homalothecium philippeanum (Spruce) Schimp.	Homalothecium philippeanum	Homalothecium		MATCHED
Homalothecium sericeum (Hedwig) Schimp.	Homalothecium sericeum	Homalothecium		MATCHED
Homogyne alpina (L.) Cass.	Homogyne alpina	Homogyne		MATCHED
Homogyne discolor (Jacq.) Cass.	Homogyne discolor	Homogyne		MATCHED
Homogyne sylvestris (Scop.) Cass.	Homogyne sylvestris	Homogyne		MATCHED
Homomallium incurvatum (Brid.) Loeske	Homomallium incurvatum	Homomallium		MATCHED
Hookeria lucens (Hedw.) Sm.	Hookeria lucens	Hookeria		MATCHED
Hordelymus europaeus (L.) Harz	Hordelymus europaeus	Hordelymus		MATCHED
Hordeum marinum Huds. [s.str. ]	Hordeum marinum	Hordeum		MATCHED
Hordeum murinum L. [s.str.]	Hordeum murinum	Hordeum		MATCHED
Hordeum secalinum Schreb.	Hordeum secalinum	Hordeum	14	MATCHED
Hordeum vulgare L.	Hordeum vulgare	Hordeum		MATCHED
Horminum pyrenaicum L.	Horminum pyrenaicum	Horminum	14	MATCHED
Hornungia petraea (L.) Rchb.	Hornungia petraea	Hornungia	14	MATCHED
Hottonia palustris L.	Hottonia palustris	Hottonia	13	MATCHED
Humulus lupulus L.	Humulus lupulus	Humulus		MATCHED
Humulus scandens (Lour.) Merr.	Humulus scandens	Humulus	5	MATCHED
Huperzia selago (L.) Bernh. ex Schrank &amp; C. Mart.	Huperzia selago	Huperzia	25, 29	MATCHED
Hydrocharis morsus-ranae L.	Hydrocharis morsus-ranae	Hydrocharis	13	MATCHED
Hydrocotyle vulgaris L.	Hydrocotyle vulgaris	Hydrocotyle	13	MATCHED
Hydrogonium croceum (Brid.) Jan Kučera	Hydrogonium croceum	Hydrogonium		MATCHED
Hygroamblystegium fluviatile (Hedw.) Loeske	Hygroamblystegium fluviatile	Hygroamblystegium	13	MATCHED
Hygroamblystegium tenax (Hedw.) Jenn.	Hygroamblystegium tenax	Hygroamblystegium		MATCHED
Hygroamblystegium varium (Hedw.) Mönk.	Hygroamblystegium varium	Hygroamblystegium		MATCHED
Hygrohypnella ochracea (Wilson) Ignatov &amp; Ignatova	Hygrohypnella ochracea	Hygrohypnella	13	MATCHED
Hygrohypnum luridum (Hedw.) Jenn.	Hygrohypnum luridum	Hygrohypnum		MATCHED
Hylocomiadelphus triquetrus (Hedw.) Ochyra &amp; Stebel	Hylocomiadelphus triquetrus	Hylocomiadelphus		MATCHED
Hylocomiastrum pyrenaicum (Spruce) M. Fleisch.	Hylocomiastrum pyrenaicum	Hylocomiastrum		MATCHED
Hylocomiastrum umbratum (Hedw.) M. Fleisch.	Hylocomiastrum umbratum	Hylocomiastrum		MATCHED
Hylocomium splendens (Hedw.) Schimp.	Hylocomium splendens	Hylocomium		MATCHED
Hymenoloma crispulum (Hedw.) Ochyra	Hymenoloma crispulum	Hymenoloma	14	MATCHED
Hymenostylium recurvirostrum (Hedw.) Dixon	Hymenostylium recurvirostrum	Hymenostylium		MATCHED
Hyophila involuta (Hook.) A. Jaeger	Hyophila involuta	Hyophila	12	MATCHED
Hyoscyamus niger L.	Hyoscyamus niger	Hyoscyamus		MATCHED
Hypericum androsaemum L.	Hypericum androsaemum	Hypericum		MATCHED
Hypericum barbatum Jacq.	Hypericum barbatum	Hypericum	17	MATCHED
Hypericum elodes L.	Hypericum elodes	Hypericum		MATCHED
Hypericum hirsutum L.	Hypericum hirsutum	Hypericum		MATCHED
Hypericum humifusum L.	Hypericum humifusum	Hypericum		MATCHED
Hypericum maculatum Crantz [s.l.]	Hypericum maculatum	Hypericum		MATCHED
Hypericum montanum L.	Hypericum montanum	Hypericum		MATCHED
Hypericum perforatum L. [s.l.]	Hypericum perforatum	Hypericum		MATCHED
Hypericum tetrapterum Fr.	Hypericum tetrapterum	Hypericum		MATCHED
Hypnum andoi A. J. E. Sm.	Hypnum andoi	Hypnum		MATCHED
Hypnum cupressiforme Hedw.	Hypnum cupressiforme	Hypnum		MATCHED
Hypnum jutlandicum Holmen &amp; E. Warncke	Hypnum jutlandicum	Hypnum		MATCHED
Hypochoeris glabra L.	Hypochoeris glabra	Hypochoeris		MATCHED
Hyssopus officinalis L. [s.l.]	Hyssopus officinalis	Hyssopus	14	MATCHED
Iberis amara L.	Iberis amara	Iberis		MATCHED
Iberis umbellata L.	Iberis umbellata	Iberis		MATCHED
Ilex aquifolium L.	Ilex aquifolium	Ilex	18, 25	MATCHED
Imbribryum alpinum (With.) N. Pedersen	Imbribryum alpinum	Imbribryum		MATCHED
Imbribryum muehlenbeckii (Bruch &amp; Schimp.) N. Pedersen	Imbribryum muehlenbeckii	Imbribryum		MATCHED
Impatiens balfourii Hook. f.	Impatiens balfourii	Impatiens		MATCHED
Impatiens balsamina L.	Impatiens balsamina	Impatiens		MATCHED
Impatiens glandulifera Royle	Impatiens glandulifera	Impatiens	5	MATCHED
Impatiens noli-tangere L.	Impatiens noli-tangere	Impatiens		MATCHED
Impatiens parviflora DC.	Impatiens parviflora	Impatiens		MATCHED
Inula conyza DC.	Inula conyza	Inula		MATCHED
Inula helenium L.	Inula helenium	Inula		MATCHED
Inula salicina L.	Inula salicina	Inula		MATCHED
Ipomoea purpurea Roth	Ipomoea purpurea	Ipomoea		MATCHED
Iris foetidissima L.	Iris foetidissima	Iris		MATCHED
Iris pallida Lam. [s.l.]	Iris pallida	Iris	25, 27	MATCHED
Iris pseudacorus L.	Iris pseudacorus	Iris	25, 27	MATCHED
Iris sibirica L. [s.l.]	Iris sibirica	Iris	13, 25, 27	MATCHED
Isolepis setacea (L.) R. Br.	Isolepis setacea	Isolepis	13	MATCHED
Isopaches bicrenatus (Schmidel) H. Buch	Isopaches bicrenatus	Isopaches		MATCHED
Isopterygiopsis muelleriana (Schimp.) Z. Iwats.	Isopterygiopsis muelleriana	Isopterygiopsis		MATCHED
Isopterygiopsis pulchella (Hedw.) Z. Iwats.	Isopterygiopsis pulchella	Isopterygiopsis		MATCHED
Isothecium alopecuroides (Dubois) Isov.	Isothecium alopecuroides	Isothecium		MATCHED
Jasione montana L.	Jasione montana	Jasione		MATCHED
Jasminum fruticans L.	Jasminum fruticans	Jasminum		MATCHED
Jochenia pallescens (Hedw.) Hedenäs, Schlesak &amp; D. Quandt	Jochenia pallescens	Jochenia		MATCHED
Juglans ailantifolia Carrière	Juglans ailantifolia	Juglans		MATCHED
Juglans mandshurica Maxim.	Juglans mandshurica	Juglans		MATCHED
Juglans nigra L.	Juglans nigra	Juglans		MATCHED
Juglans regia L.	Juglans regia	Juglans		MATCHED
Juncus acutiflorus Ehrh. ex Hoffm.	Juncus acutiflorus	Juncus		MATCHED
Juncus acutus L.	Juncus acutus	Juncus		MATCHED
Juncus articulatus L.	Juncus articulatus	Juncus		MATCHED
Juncus bufonius L.	Juncus bufonius	Juncus		MATCHED
Juncus bulbosus L.	Juncus bulbosus	Juncus		MATCHED
Juncus compressus Jacq.	Juncus compressus	Juncus		MATCHED
Juncus conglomeratus L.	Juncus conglomeratus	Juncus		MATCHED
Juncus effusus L.	Juncus effusus	Juncus		MATCHED
Juncus filiformis L.	Juncus filiformis	Juncus		MATCHED
Juncus gerardii Loisel.	Juncus gerardii	Juncus		MATCHED
Juncus inflexus L.	Juncus inflexus	Juncus		MATCHED
Juncus maritimus Lam.	Juncus maritimus	Juncus	14	MATCHED
Juncus subnodulosus Schrank	Juncus subnodulosus	Juncus		MATCHED
Juncus tenuis Willd.	Juncus tenuis	Juncus		MATCHED
Jungermannia atrovirens Dumort.	Jungermannia atrovirens	Jungermannia		MATCHED
Juniperus communis L. [s.str.]	Juniperus communis	Juniperus		MATCHED
Juniperus horizontalis Moench	Juniperus horizontalis	Juniperus		MATCHED
Juniperus oxycedrus L.	Juniperus oxycedrus	Juniperus	14	MATCHED
Juniperus sabina L.	Juniperus sabina	Juniperus	14	MATCHED
Kerria japonica (L.) DC.	Kerria japonica	Kerria		MATCHED
Kiaeria falcata (Hedw.) I. Hagen	Kiaeria falcata	Kiaeria		MATCHED
Kiaeria starkei (F. Weber &amp; D. Mohr) I. Hagen	Kiaeria starkei	Kiaeria	14	MATCHED
Kickxia elatine (L.) Dumort. [s.l.]	Kickxia elatine	Kickxia		MATCHED
Kickxia spuria (L.) Dumort.	Kickxia spuria	Kickxia		MATCHED
Kindbergia praelonga (Hedw.) Ochyra	Kindbergia praelonga	Kindbergia		MATCHED
Klasea lycopifolia (Vill.) Á.Löve &amp; D.Löve	Klasea lycopifolia	Klasea	7, 8, 14, 25, 28, 34, 50	MATCHED
Knautia arvensis (L.) Coult.	Knautia arvensis	Knautia		MATCHED
Knautia drymeia Heuff. [s.l.]	Knautia drymeia	Knautia		MATCHED
Knautia illyrica Beck	Knautia illyrica	Knautia		MATCHED
Knautia integrifolia (L.) Bertol.	Knautia integrifolia	Knautia		MATCHED
Knautia longifolia (Waldst. &amp; Kit.) Koch	Knautia longifolia	Knautia		MATCHED
Koeleria macrantha auct.	Koeleria macrantha	Koeleria		MATCHED
Koelreuteria paniculata Laxm.	Koelreuteria paniculata	Koelreuteria		MATCHED
Koenigia polystachya (Wall. ex Meisn.) T.M. Schust. &amp; Reveal	Koenigia polystachya	Koenigia	5	MATCHED
Laburnum alpinum (Mill.) Presl.	Laburnum alpinum	Laburnum		MATCHED
Laburnum anagyroides Medik.	Laburnum anagyroides	Laburnum		MATCHED
Lactuca perennis L.	Lactuca perennis	Lactuca		MATCHED
Lactuca saligna L.	Lactuca saligna	Lactuca		MATCHED
Lactuca sativa L.	Lactuca sativa	Lactuca		MATCHED
Lactuca serriola L.	Lactuca serriola	Lactuca		MATCHED
Lactuca viminea (L.) J. &amp; C. Presl	Lactuca viminea	Lactuca		MATCHED
Lactuca virosa L.	Lactuca virosa	Lactuca		MATCHED
Lagenaria siceraria (Molina) Standl.	Lagenaria siceraria	Lagenaria		MATCHED
Lagurus ovatus L.	Lagurus ovatus	Lagurus	10	MATCHED
Lamium album L.	Lamium album	Lamium		MATCHED
Lamium amplexicaule L.	Lamium amplexicaule	Lamium		MATCHED
Lamium hybridum Vill.	Lamium hybridum	Lamium	17	MATCHED
Lamium maculatum L.	Lamium maculatum	Lamium		MATCHED
Lamium orvala L.	Lamium orvala	Lamium		MATCHED
Lamium purpureum L. [s.str.]	Lamium purpureum	Lamium		MATCHED
Lappula squarrosa (Retz.) Dumort.	Lappula squarrosa	Lappula		MATCHED
Lapsana communis L.	Lapsana communis	Lapsana		MATCHED
Larix decidua Mill.	Larix decidua	Larix		MATCHED
Laserpitium krapfii Crantz [s.l.]	Laserpitium krapfii	Laserpitium		MATCHED
Laserpitium latifolium L.	Laserpitium latifolium	Laserpitium		MATCHED
Laserpitium peucedanoides L.	Laserpitium peucedanoides	Laserpitium		MATCHED
Laserpitium prutenicum L.	Laserpitium prutenicum	Laserpitium		MATCHED
Laserpitium siler L.	Laserpitium siler	Laserpitium		MATCHED
Lathraea squamaria L.	Lathraea squamaria	Lathraea		MATCHED
Lathyrus aphaca L.	Lathyrus aphaca	Lathyrus		MATCHED
Lathyrus hirsutus L.	Lathyrus hirsutus	Lathyrus		MATCHED
Lathyrus laevigatus (Waldst. &amp; Kit.) Gren.	Lathyrus laevigatus	Lathyrus		MATCHED
Lathyrus latifolius L.	Lathyrus latifolius	Lathyrus		MATCHED
Lathyrus linifolius (Reichard) Bässler	Lathyrus linifolius	Lathyrus		MATCHED
Lathyrus niger (L.) Bernh.	Lathyrus niger	Lathyrus		MATCHED
Lathyrus nissolia L.	Lathyrus nissolia	Lathyrus		MATCHED
Lathyrus pannonicus (Jacq.) Garcke [s.l.]	Lathyrus pannonicus	Lathyrus		MATCHED
Lathyrus pratensis L.	Lathyrus pratensis	Lathyrus		MATCHED
Lathyrus sativus L.	Lathyrus sativus	Lathyrus		MATCHED
Lathyrus setifolius L.	Lathyrus setifolius	Lathyrus		MATCHED
Lathyrus sphaericus Retz.	Lathyrus sphaericus	Lathyrus		MATCHED
Lathyrus sylvestris L.	Lathyrus sylvestris	Lathyrus		MATCHED
Lathyrus tuberosus L.	Lathyrus tuberosus	Lathyrus		MATCHED
Lathyrus venetus (Mill.) Wohlfahrt	Lathyrus venetus	Lathyrus		MATCHED
Lathyrus vernus (L.) Bernh. [s.l.]	Lathyrus vernus	Lathyrus		MATCHED
Laurus nobilis L.	Laurus nobilis	Laurus	14	MATCHED
Lavandula angustifolia Mill.	Lavandula angustifolia	Lavandula		MATCHED
Leersia oryzoides (L.) Sw.	Leersia oryzoides	Leersia		MATCHED
Legousia hybrida (L.) Delarbre	Legousia hybrida	Legousia	14	MATCHED
Lejeunea cavifolia (Ehrh.) Lindb.	Lejeunea cavifolia	Lejeunea		MATCHED
Lemna minor L.	Lemna minor	Lemna		MATCHED
Lemna trisulca L.	Lemna trisulca	Lemna	13	MATCHED
Lens ervoides (Brign.) Grande	Lens ervoides	Lens		MATCHED
Lens nigricans (M. Bieb.) Godr.	Lens nigricans	Lens		MATCHED
Leontodon autumnalis L.	Leontodon autumnalis	Leontodon		MATCHED
Leontodon crispus Vill. [s.l.]	Leontodon crispus	Leontodon		MATCHED
Leontodon hispidus L. [s.l.]	Leontodon hispidus	Leontodon		MATCHED
Leontopodium alpinum Cass.	Leontopodium alpinum	Leontopodium	18, 25	MATCHED
Leonurus cardiaca L.	Leonurus cardiaca	Leonurus	12	MATCHED
Lepidium campestre (L.) R. Br.	Lepidium campestre	Lepidium		MATCHED
Lepidium graminifolium L.	Lepidium graminifolium	Lepidium		MATCHED
Lepidium perfoliatum L.	Lepidium perfoliatum	Lepidium		MATCHED
Lepidium ruderale L.	Lepidium ruderale	Lepidium		MATCHED
Lepidium sativum L.	Lepidium sativum	Lepidium		MATCHED
Lepidium virginicum L.	Lepidium virginicum	Lepidium		MATCHED
Lepidozia reptans (L.) Dumort.	Lepidozia reptans	Lepidozia		MATCHED
Leptobryum pyriforme (Hedw.) Wilson	Leptobryum pyriforme	Leptobryum		MATCHED
Leptodictyum riparium (Hedw.) Warnst.	Leptodictyum riparium	Leptodictyum		MATCHED
Leptodon smithii (Hedw.) F. Weber &amp; D. Mohr	Leptodon smithii	Leptodon		MATCHED
Lescuraea incurvata (Hedw.) E. Lawton	Lescuraea incurvata	Lescuraea		MATCHED
Lescuraea mutabilis (Brid.) I. Hagen	Lescuraea mutabilis	Lescuraea		MATCHED
Lescuraea patens (Lindb.) Arnell &amp; C. E. O. Jensen	Lescuraea patens	Lescuraea		MATCHED
Lescuraea radicosa (Mitt.) Mönk.	Lescuraea radicosa	Lescuraea	14	MATCHED
Lescuraea saxicola (Schimp.) Molendo	Lescuraea saxicola	Lescuraea		MATCHED
Leskea polycarpa Hedw.	Leskea polycarpa	Leskea		MATCHED
Leucanthemum maximum (Ramond) DC. [s.str.]	Leucanthemum maximum	Leucanthemum		MATCHED
Leucanthemum vulgare Lam.	Leucanthemum vulgare	Leucanthemum		MATCHED
Leucobryum glaucum (Hedw.) Ångstr.	Leucobryum glaucum	Leucobryum	9, 25, 27	MATCHED
Leucobryum juniperoideum (Brid.) Müll. Hal.	Leucobryum juniperoideum	Leucobryum	14	MATCHED
Leucodon sciuroides (Hedw.) Schwägr.	Leucodon sciuroides	Leucodon		MATCHED
Leucojum aestivum L.	Leucojum aestivum	Leucojum	13, 25	MATCHED
Levisticum officinale Koch	Levisticum officinale	Levisticum		MATCHED
Lewinskya affinis (Brid.) F. Lara, Garilleti &amp; Goffinet	Lewinskya affinis	Lewinskya		MATCHED
Lewinskya rupestris (Schwägr.) F. Lara, Garilleti &amp; Goffinet	Lewinskya rupestris	Lewinskya		MATCHED
Lewinskya speciosa (Nees) F. Lara, Garilleti &amp; Goffinet	Lewinskya speciosa	Lewinskya		MATCHED
Lewinskya striata (Hedw.) F. Lara, Garilleti &amp; Goffinet	Lewinskya striata	Lewinskya		MATCHED
Libanotis sibirica (L.) C. A. Mey. [s.l.]	Libanotis sibirica	Libanotis		MATCHED
Ligustrum japonicum Thunb.	Ligustrum japonicum	Ligustrum		MATCHED
Ligustrum lucidum W.T. Aiton	Ligustrum lucidum	Ligustrum		MATCHED
Ligustrum ovalifolium Hassk.	Ligustrum ovalifolium	Ligustrum		MATCHED
Ligustrum vulgare L.	Ligustrum vulgare	Ligustrum		MATCHED
Lilium bulbiferum L. [s.l.]	Lilium bulbiferum	Lilium	25	MATCHED
Lilium candidum L.	Lilium candidum	Lilium		MATCHED
Lilium carniolicum Bernh. ex Koch	Lilium carniolicum	Lilium	18, 25	MATCHED
Lilium martagon L.	Lilium martagon	Lilium	25	MATCHED
Limodorum abortivum (L.) Sw.	Limodorum abortivum	Limodorum	13, 25, 27	MATCHED
Limosella aquatica L.	Limosella aquatica	Limosella	12	MATCHED
Linaria alpina (L.) Mill.	Linaria alpina	Linaria		MATCHED
Linaria angustissima (Loisel.) Borbás ?	Linaria angustissima	Linaria	17	MATCHED
Linaria chalepensis (L.) Mill.	Linaria chalepensis	Linaria		MATCHED
Linaria vulgaris Mill.	Linaria vulgaris	Linaria		MATCHED
Lindernia dubia (L.) Pennell	Lindernia dubia	Lindernia		MATCHED
Lindernia procumbens (Krock.) Philcox	Lindernia procumbens	Lindernia	8, 13, 25, 34, 49, 51	MATCHED
Linnaea borealis L.	Linnaea borealis	Linnaea	12, 25, 27	MATCHED
Linum austriacum L. [s.str.]	Linum austriacum	Linum		MATCHED
Linum bienne Mill.	Linum bienne	Linum		MATCHED
Linum catharticum L.	Linum catharticum	Linum		MATCHED
Linum perenne L. [s.l.]	Linum perenne	Linum		MATCHED
Linum strictum L.	Linum strictum	Linum		MATCHED
Linum trigynum L.	Linum trigynum	Linum		MATCHED
Linum usitatissimum L.	Linum usitatissimum	Linum		MATCHED
Liochlaena lanceolata Nees	Liochlaena lanceolata	Liochlaena		MATCHED
Liparis loeselii (L.) Rich.	Liparis loeselii	Liparis	7, 8, 12, 25, 27, 34, 50, 51	MATCHED
Liquidambar styraciflua L.	Liquidambar styraciflua	Liquidambar		MATCHED
Liriodendron tulipifera L.	Liriodendron tulipifera	Liriodendron		MATCHED
Lithospermum officinale L.	Lithospermum officinale	Lithospermum		MATCHED
Lobelia erinus L.	Lobelia erinus	Lobelia		MATCHED
Lobularia maritima (L.) Desv.	Lobularia maritima	Lobularia	17	MATCHED
Loeskeobryum brevirostre (Brid.) M. Fleisch.	Loeskeobryum brevirostre	Loeskeobryum		MATCHED
Logfia minima (Sm.) Dumort.	Logfia minima	Logfia		MATCHED
Lolium multiflorum Lam.	Lolium multiflorum	Lolium		MATCHED
Lolium perenne L.	Lolium perenne	Lolium		MATCHED
Lolium rigidum Gaudin	Lolium rigidum	Lolium		MATCHED
Lolium temulentum L.	Lolium temulentum	Lolium	13	MATCHED
Lonicera alpigena L.	Lonicera alpigena	Lonicera		MATCHED
Lonicera caerulea L.	Lonicera caerulea	Lonicera		MATCHED
Lonicera caprifolium L.	Lonicera caprifolium	Lonicera		MATCHED
Lonicera etrusca Santi	Lonicera etrusca	Lonicera		MATCHED
Lonicera japonica Thunb.	Lonicera japonica	Lonicera		MATCHED
Lonicera maackii (Rupr.) Maxim.	Lonicera maackii	Lonicera		MATCHED
Lonicera nigra L.	Lonicera nigra	Lonicera		MATCHED
Lonicera nitida E. Wilson	Lonicera nitida	Lonicera		MATCHED
Lonicera tatarica L.	Lonicera tatarica	Lonicera		MATCHED
Lonicera xylosteum L.	Lonicera xylosteum	Lonicera		MATCHED
Lophocolea bidentata (L.) Dumort.	Lophocolea bidentata	Lophocolea		MATCHED
Lophocolea coadunata (Sw.) Mont.	Lophocolea coadunata	Lophocolea	13	MATCHED
Lophocolea heterophylla (Schrad.) Dumort.	Lophocolea heterophylla	Lophocolea		MATCHED
Lophocolea minor Nees	Lophocolea minor	Lophocolea		MATCHED
Lophozia ascendens (Warnst.) R.M. Schust.	Lophozia ascendens	Lophozia		MATCHED
Lophozia longiflora (Nees) Schiffn.	Lophozia longiflora	Lophozia	14	MATCHED
Lophozia ventricosa (Dicks.) Dumort.	Lophozia ventricosa	Lophozia		MATCHED
Lophoziopsis excisa (Dicks.) Konstant. &amp; Vilnet	Lophoziopsis excisa	Lophoziopsis	14	MATCHED
Lophoziopsis polaris (R. M. Schust.) Konstant. &amp; Vilnet	Lophoziopsis polaris	Lophoziopsis		MATCHED
Loranthus europaeus Jacq.	Loranthus europaeus	Loranthus		MATCHED
Lotus borbasii Ujhelyi	Lotus borbasii	Lotus		MATCHED
Lotus corniculatus L. [s.l.]	Lotus corniculatus	Lotus		MATCHED
Lotus tenuis Waldst. &amp; Kit. ex Willd.	Lotus tenuis	Lotus		MATCHED
Ludwigia palustris (L.) Elliott	Ludwigia palustris	Ludwigia	13	MATCHED
Lunaria annua L.	Lunaria annua	Lunaria		MATCHED
Lunaria rediviva L.	Lunaria rediviva	Lunaria		MATCHED
Lunularia cruciata (L.) Lindb.	Lunularia cruciata	Lunularia		MATCHED
Lupinus albus L.	Lupinus albus	Lupinus		MATCHED
Lupinus polyphyllus Lindl.	Lupinus polyphyllus	Lupinus		MATCHED
Luzula campestris (L.) DC. [s.str.]	Luzula campestris	Luzula		MATCHED
Luzula forsteri (Sm.) DC.	Luzula forsteri	Luzula		MATCHED
Luzula luzuloides (Lam.) Dandy &amp; Wilmott [s.l.]	Luzula luzuloides	Luzula		MATCHED
Luzula multiflora (Ehrh. ex Retz.) Lej.	Luzula multiflora	Luzula		MATCHED
Luzula pallescens Sw.	Luzula pallescens	Luzula	14	MATCHED
Luzula pilosa (L.) Willd.	Luzula pilosa	Luzula		MATCHED
Luzula spicata (L.) DC.	Luzula spicata	Luzula		MATCHED
Luzula sylvatica (Huds.) Gaudin [s.l.]	Luzula sylvatica	Luzula		MATCHED
Lycium barbarum L.	Lycium barbarum	Lycium		MATCHED
Lycium chinense Miller	Lycium chinense	Lycium		MATCHED
Lycopodiella inundata (L.) Holub	Lycopodiella inundata	Lycopodiella	9, 13, 25, 29	MATCHED
Lycopodium annotinum L.	Lycopodium annotinum	Lycopodium	9, 25, 29	MATCHED
Lycopodium clavatum L.	Lycopodium clavatum	Lycopodium	9, 25, 29	MATCHED
Lycopsis arvensis L.	Lycopsis arvensis	Lycopsis		MATCHED
Lycopus europaeus L. [s.l.]	Lycopus europaeus	Lycopus		MATCHED
Lycopus exaltatus Ehrh.	Lycopus exaltatus	Lycopus	13	MATCHED
Lysichiton americanus Hultén &amp; H.St.John	Lysichiton americanus	Lysichiton	5	MATCHED
Lysimachia nemorum L.	Lysimachia nemorum	Lysimachia		MATCHED
Lysimachia nummularia L.	Lysimachia nummularia	Lysimachia		MATCHED
Lysimachia punctata L.	Lysimachia punctata	Lysimachia		MATCHED
Lysimachia thyrsiflora L.	Lysimachia thyrsiflora	Lysimachia	17	MATCHED
Lysimachia vulgaris L.	Lysimachia vulgaris	Lysimachia		MATCHED
Lythrum hyssopifolia L.	Lythrum hyssopifolia	Lythrum	12	MATCHED
Lythrum salicaria L.	Lythrum salicaria	Lythrum		MATCHED
Maclura pomifera (Rafin.) C.K. Schneider	Maclura pomifera	Maclura		MATCHED
Mahonia aquifolium (Pursh) Nutt.	Mahonia aquifolium	Mahonia		MATCHED
Maianthemum bifolium (L.) F. W. Schmidt	Maianthemum bifolium	Maianthemum		MATCHED
Malaxis monophyllos (L.) Sw.	Malaxis monophyllos	Malaxis	13, 25, 27	MATCHED
Malus domestica Borkh.	Malus domestica	Malus		MATCHED
Malus sylvestris (L.) Mill.	Malus sylvestris	Malus		MATCHED
Malva alcea L.	Malva alcea	Malva		MATCHED
Malva moschata L.	Malva moschata	Malva		MATCHED
Malva neglecta Wallr.	Malva neglecta	Malva		MATCHED
Malva nicaeensis All.	Malva nicaeensis	Malva	17	MATCHED
Malva pusilla Sm.	Malva pusilla	Malva	14	MATCHED
Malva sylvestris L.	Malva sylvestris	Malva		MATCHED
Mannia gracilis (F. Weber) D.B. Schill &amp; D.G. Long	Mannia gracilis	Mannia	14	MATCHED
Mannia triandra (Scop.) Grolle.	Mannia triandra	Mannia	7, 25, 27, 34, 51	MATCHED
Marchantia polymorpha L.	Marchantia polymorpha	Marchantia		MATCHED
Marchantia quadrata Scop.	Marchantia quadrata	Marchantia		MATCHED
Marrubium vulgare L.	Marrubium vulgare	Marrubium		MATCHED
Marsupella apiculata Schiffn.	Marsupella apiculata	Marsupella		MATCHED
Marsupella emarginata (Ehrh.) Dumort.	Marsupella emarginata	Marsupella		MATCHED
Marsupella funckii (F. Weber &amp; D. Mohr) Dumort.	Marsupella funckii	Marsupella		MATCHED
Marsupella sprucei (Limpr.) Bernet	Marsupella sprucei	Marsupella	14	MATCHED
Matteuccia struthiopteris (L.) Tod.	Matteuccia struthiopteris	Matteuccia		MATCHED
Matthiola incana (L.) R. Br.	Matthiola incana	Matthiola		MATCHED
Medicago arabica (L.) Huds.	Medicago arabica	Medicago		MATCHED
Medicago falcata L.	Medicago falcata	Medicago		MATCHED
Medicago lupulina L.	Medicago lupulina	Medicago		MATCHED
Medicago minima (L.) L.	Medicago minima	Medicago		MATCHED
Medicago pironae Vis.	Medicago pironae	Medicago	14	MATCHED
Medicago polymorpha L.	Medicago polymorpha	Medicago		MATCHED
Medicago prostrata Jacq.	Medicago prostrata	Medicago		MATCHED
Medicago sativa L.	Medicago sativa	Medicago		MATCHED
Meesia longiseta Hedw.	Meesia longiseta	Meesia	7, 10, 25, 27, 34, 51	MATCHED
Meesia triquetra (Jolycl.) Ångstr.	Meesia triquetra	Meesia	12	MATCHED
Meesia uliginosa Hedw.	Meesia uliginosa	Meesia		MATCHED
Melampyrum carstiense (Ronniger) Fritsch	Melampyrum carstiense	Melampyrum		MATCHED
Melampyrum cristatum L. [s.l.]	Melampyrum cristatum	Melampyrum		MATCHED
Melampyrum nemorosum L. [s.l.]	Melampyrum nemorosum	Melampyrum		MATCHED
Melampyrum pratense L. [s.l.]	Melampyrum pratense	Melampyrum		MATCHED
Melampyrum sylvaticum L. [s.l.]	Melampyrum sylvaticum	Melampyrum		MATCHED
Melia azedarach L.	Melia azedarach	Melia		MATCHED
Melica ciliata L.	Melica ciliata	Melica		MATCHED
Melica nutans L.	Melica nutans	Melica		MATCHED
Melica uniflora Retz.	Melica uniflora	Melica		MATCHED
Melilotus albus Medik.	Melilotus albus	Melilotus		MATCHED
Melilotus altissimus Thuill.	Melilotus altissimus	Melilotus		MATCHED
Melilotus indicus (L.) All.	Melilotus indicus	Melilotus		MATCHED
Melilotus officinalis (L.) Lam.	Melilotus officinalis	Melilotus		MATCHED
Melissa officinalis L.	Melissa officinalis	Melissa		MATCHED
Melittis melissophyllum L.	Melittis melissophyllum	Melittis		MATCHED
Mentha aquatica L.	Mentha aquatica	Mentha		MATCHED
Mentha arvensis L. [s.l.]	Mentha arvensis	Mentha		MATCHED
Mentha longifolia (L.) Huds. [s.l.]	Mentha longifolia	Mentha		MATCHED
Mentha pulegium L.	Mentha pulegium	Mentha		MATCHED
Mentha spicata L.	Mentha spicata	Mentha		MATCHED
Mentha suaveolens Ehrh.	Mentha suaveolens	Mentha		MATCHED
Menyanthes trifoliata L.	Menyanthes trifoliata	Menyanthes	13	MATCHED
Mercurialis annua L.	Mercurialis annua	Mercurialis		MATCHED
Mercurialis ovata Sternb. &amp; Hoppe	Mercurialis ovata	Mercurialis		MATCHED
Mercurialis perennis L.	Mercurialis perennis	Mercurialis		MATCHED
Mesoptychia badensis (Rabenh.) L. Söderstr. &amp; Váňa	Mesoptychia badensis	Mesoptychia	14	MATCHED
Mesoptychia bantriensis (Hook.) L. Söderstr. &amp; Váňa	Mesoptychia bantriensis	Mesoptychia		MATCHED
Mesoptychia heterocolpos (Hartm.) L. Söderstr. &amp; Váňa	Mesoptychia heterocolpos	Mesoptychia		MATCHED
Mesoptychia turbinata (Raddi) L. Söderstr. &amp; Váňa	Mesoptychia turbinata	Mesoptychia		MATCHED
Metzgeria conjugata Lindb.	Metzgeria conjugata	Metzgeria		MATCHED
Metzgeria furcata (L.) Corda	Metzgeria furcata	Metzgeria		MATCHED
Metzgeria violacea (Ach.) Dumort.	Metzgeria violacea	Metzgeria		MATCHED
Meum athamanticum Jacq.	Meum athamanticum	Meum		MATCHED
Microbryum davallianum (Sm.) R. H. Zander	Microbryum davallianum	Microbryum	13	MATCHED
Microeurhynchium pumilum (Wilson) Ignatov &amp; Vanderp.	Microeurhynchium pumilum	Microeurhynchium		MATCHED
Microlejeunea ulicina (Taylor) Steph.	Microlejeunea ulicina	Microlejeunea		MATCHED
Mielichhoferia mielichhoferiana (Funck) Loeske	Mielichhoferia mielichhoferiana	Mielichhoferia	12	MATCHED
Milium effusum L.	Milium effusum	Milium		MATCHED
Minuartia austriaca (Jacq.) Hayek	Minuartia austriaca	Minuartia		MATCHED
Minuartia mediterranea (Ledeb.) Maly	Minuartia mediterranea	Minuartia	14	MATCHED
Minuartia rubra (Scop.) McNeill	Minuartia rubra	Minuartia	14	MATCHED
Mirabilis jalapa L.	Mirabilis jalapa	Mirabilis		MATCHED
Miscanthus sinensis Andersson	Miscanthus sinensis	Miscanthus		MATCHED
Misopates orontium (L.) Rafin.	Misopates orontium	Misopates		MATCHED
Mnium hornum Hedw.	Mnium hornum	Mnium		MATCHED
Mnium lycopodioides Schwägr.	Mnium lycopodioides	Mnium		MATCHED
Mnium marginatum (Dicks.) P. Beauv.	Mnium marginatum	Mnium		MATCHED
Mnium spinosum (Voit) Schwägr.	Mnium spinosum	Mnium		MATCHED
Mnium spinulosum Bruch &amp; Schimp.	Mnium spinulosum	Mnium		MATCHED
Mnium stellare Hedw.	Mnium stellare	Mnium		MATCHED
Mnium thomsonii Schimp.	Mnium thomsonii	Mnium		MATCHED
Moehringia muscosa L.	Moehringia muscosa	Moehringia		MATCHED
Moehringia trinervia (L.) Clairv.	Moehringia trinervia	Moehringia		MATCHED
Moenchia erecta (L.) Gaertn., Mey. &amp; Scherb.	Moenchia erecta	Moenchia	17	MATCHED
Moerckia flotoviana (Nees) Schiffn.	Moerckia flotoviana	Moerckia		MATCHED
Moerckia hibernica (Hook.) Gottsche	Moerckia hibernica	Moerckia	14	MATCHED
Molendoa hornschuchiana (Hook.) Limpr.	Molendoa hornschuchiana	Molendoa	13	MATCHED
Molinia caerulea (L.) Moench [s.l.]	Molinia caerulea	Molinia		MATCHED
Moneses uniflora (L.) A. Gray	Moneses uniflora	Moneses		MATCHED
Montia fontana L. [s.l.]	Montia fontana	Montia	17	MATCHED
Morus alba L.	Morus alba	Morus		MATCHED
Morus nigra L.	Morus nigra	Morus		MATCHED
Muhlenbergia schreberi J. F. Gmel.	Muhlenbergia schreberi	Muhlenbergia		MATCHED
Muscari botryoides (L.) Mill.	Muscari botryoides	Muscari	13	MATCHED
Muscari neglectum Guss. ex Ten.	Muscari neglectum	Muscari	13	MATCHED
Myagrum perfoliatum L.	Myagrum perfoliatum	Myagrum		MATCHED
Mycelis muralis (L.) Dumort.	Mycelis muralis	Mycelis		MATCHED
Mylia anomala (Hook.) Gray	Mylia anomala	Mylia	12	MATCHED
Myosotis alpestris F. W. Schmidt	Myosotis alpestris	Myosotis		MATCHED
Myosotis arvensis (L.) Hill	Myosotis arvensis	Myosotis		MATCHED
Myosotis discolor Pers.	Myosotis discolor	Myosotis	12	MATCHED
Myosotis laxa Lehm.	Myosotis laxa	Myosotis		MATCHED
Myosotis ramosissima Rochel ex Schult.	Myosotis ramosissima	Myosotis		MATCHED
Myosotis scorpioides L.	Myosotis scorpioides	Myosotis		MATCHED
Myosotis stricta Link ex Roem. &amp; Schult.	Myosotis stricta	Myosotis		MATCHED
Myosotis sylvatica Ehrh. ex Hoffm.	Myosotis sylvatica	Myosotis		MATCHED
Myosurus minimus L.	Myosurus minimus	Myosurus	13	MATCHED
Myricaria germanica (L.) Desv.	Myricaria germanica	Myricaria	12	MATCHED
Myriophyllum aquaticum (Vell.) Verdc.	Myriophyllum aquaticum	Myriophyllum	5	MATCHED
Myriophyllum spicatum L.	Myriophyllum spicatum	Myriophyllum	13	MATCHED
Myriophyllum verticillatum L.	Myriophyllum verticillatum	Myriophyllum	13	MATCHED
Myrrhis odorata (L.) Scop.	Myrrhis odorata	Myrrhis		MATCHED
Myrtus communis L.	Myrtus communis	Myrtus	13	MATCHED
Myurella julacea (Schwägr.) Schimp.	Myurella julacea	Myurella		MATCHED
Myurella sibirica (Müll. Hal.) Reimers	Myurella sibirica	Myurella		MATCHED
Myurella tenerrima (Brid.) Lindb.	Myurella tenerrima	Myurella	14	MATCHED
Najas marina L. [s.l.]	Najas marina	Najas	13	MATCHED
Najas minor All.	Najas minor	Najas	13	MATCHED
Narcissus poeticus L. [s.l.]	Narcissus poeticus	Narcissus	25	MATCHED
Narcissus pseudonarcissus L.	Narcissus pseudonarcissus	Narcissus		MATCHED
Nardia geoscyphus (De Not.) Lindb.	Nardia geoscyphus	Nardia		MATCHED
Nardia scalaris Gray	Nardia scalaris	Nardia		MATCHED
Nardus stricta L.	Nardus stricta	Nardus		MATCHED
Nasturtium microphyllum Boenn. ex Rchb.	Nasturtium microphyllum	Nasturtium	14	MATCHED
Nasturtium officinale R. Br.	Nasturtium officinale	Nasturtium		MATCHED
Neckera pennata Hedw.	Neckera pennata	Neckera		MATCHED
Neckera pumila Hedw.	Neckera pumila	Neckera		MATCHED
Nelumbo nucifera Gaertn.	Nelumbo nucifera	Nelumbo		MATCHED
Neoorthocaulis attenuatus (Mart.) L. Söderstr., De Roo &amp; Hedd.	Neoorthocaulis attenuatus	Neoorthocaulis		MATCHED
Neoorthocaulis floerkei (F. Weber &amp; D. Mohr) L. Söderstr., De Roo &amp; Hedd.	Neoorthocaulis floerkei	Neoorthocaulis	14	MATCHED
Neotinea ustulata (L.) R.M. Bateman, Pridgeon &amp; M.W. Chase	Neotinea ustulata	Neotinea	13, 25, 27	MATCHED
Neottia nidus-avis (L.) Rich.	Neottia nidus-avis	Neottia	25, 27	MATCHED
Nepeta cataria L.	Nepeta cataria	Nepeta		MATCHED
Neslia paniculata (L.) Desv. [s.l.]	Neslia paniculata	Neslia		MATCHED
Nicotiana rustica L.	Nicotiana rustica	Nicotiana		MATCHED
Nicotiana tabacum L.	Nicotiana tabacum	Nicotiana		MATCHED
Nigella arvensis L.	Nigella arvensis	Nigella		MATCHED
Nigella damascena L.	Nigella damascena	Nigella		MATCHED
Nogopterium gracile (Hedw.) Crosby &amp; W. R. Buck	Nogopterium gracile	Nogopterium	14	MATCHED
Nowellia curvifolia (Dicks.) Mitt.	Nowellia curvifolia	Nowellia		MATCHED
Nuphar lutea (L.) Sibth. &amp; Sm.	Nuphar lutea	Nuphar	13	MATCHED
Nyholmiella obtusifolia (Brid.) Holmen &amp; E. Warncke	Nyholmiella obtusifolia	Nyholmiella		MATCHED
Nymphaea alba L.	Nymphaea alba	Nymphaea	13	MATCHED
Nymphoides peltata (S. G. Gmel.) Kuntze	Nymphoides peltata	Nymphoides	13	MATCHED
Ocimum basilicum L.	Ocimum basilicum	Ocimum		MATCHED
Ocimum tenuiflorum L.	Ocimum tenuiflorum	Ocimum		MATCHED
Odontites vernus (Bellardi) Dumort. [s.l.]	Odontites vernus	Odontites		MATCHED
Odontoschisma denudatum (Mart.) Dumort.	Odontoschisma denudatum	Odontoschisma		MATCHED
Odontoschisma fluitans (Nees) L. Söderstr. &amp; Váňa	Odontoschisma fluitans	Odontoschisma	12	MATCHED
Odontoschisma sphagni (Dicks.) Dumort.	Odontoschisma sphagni	Odontoschisma	12	MATCHED
Oenanthe aquatica (L.) Poir.	Oenanthe aquatica	Oenanthe	13	MATCHED
Oenanthe fistulosa L.	Oenanthe fistulosa	Oenanthe	12	MATCHED
Oenanthe lachenalii C. C. Gmel.	Oenanthe lachenalii	Oenanthe		MATCHED
Oenanthe pimpinelloides L.	Oenanthe pimpinelloides	Oenanthe	13	MATCHED
Oenanthe silaifolia M. Bieb.	Oenanthe silaifolia	Oenanthe	13	MATCHED
Oenothera biennis L. [s.str.]	Oenothera biennis	Oenothera		MATCHED
Oenothera glazioviana M. Micheli	Oenothera glazioviana	Oenothera		MATCHED
Olea europaea L. [s.str.]	Olea europaea	Olea		MATCHED
Oligotrichum hercynicum (Hedw.) DC.	Oligotrichum hercynicum	Oligotrichum	14	MATCHED
Omalotheca norvegica (Gunn.) Sch. Bip. &amp; F. W. Schultz	Omalotheca norvegica	Omalotheca		MATCHED
Omalotheca supina (L.) DC.	Omalotheca supina	Omalotheca		MATCHED
Omalotheca sylvatica (L.) C. H. &amp; F. W. Schultz	Omalotheca sylvatica	Omalotheca		MATCHED
Onobrychis viciifolia Scop.	Onobrychis viciifolia	Onobrychis		MATCHED
Ononis arvensis L.	Ononis arvensis	Ononis		MATCHED
Ononis reclinata L.	Ononis reclinata	Ononis	12	MATCHED
Ononis spinosa L.	Ononis spinosa	Ononis		MATCHED
Onopordum acanthium L.	Onopordum acanthium	Onopordum		MATCHED
Onosma visianii Clementi	Onosma visianii	Onosma		MATCHED
Ophrys apifera Huds.	Ophrys apifera	Ophrys	13, 25, 27	MATCHED
Ophrys fusca Link	Ophrys fusca	Ophrys	12, 25, 27	MATCHED
Ophrys holosericea (Burm. f.) Greuter [s. l.]	Ophrys holosericea	Ophrys	13, 25, 27	MATCHED
Ophrys incubacea Bianca	Ophrys incubacea	Ophrys	13, 25, 27	MATCHED
Ophrys insectifera L.	Ophrys insectifera	Ophrys	13, 25, 27	MATCHED
Ophrys sphegodes Mill. [s.str.]	Ophrys sphegodes	Ophrys	13, 25, 27	MATCHED
Oplismenus undulatifolius (Ard.) P. Beauv.	Oplismenus undulatifolius	Oplismenus	14	MATCHED
Orchis mascula (L.) L.	Orchis mascula	Orchis	13, 25, 27	MATCHED
Orchis militaris L.	Orchis militaris	Orchis	13, 25, 27	MATCHED
Orchis purpurea Huds.	Orchis purpurea	Orchis	13, 25, 27	MATCHED
Origanum majorana L.	Origanum majorana	Origanum		MATCHED
Origanum vulgare L. [s.l.]	Origanum vulgare	Origanum		MATCHED
Orlaya grandiflora (L.) Hoffm.	Orlaya grandiflora	Orlaya		MATCHED
Ornithogalum kochii Parl.	Ornithogalum kochii	Ornithogalum		MATCHED
Ornithogalum nutans L.	Ornithogalum nutans	Ornithogalum		MATCHED
Ornithogalum pyrenaicum L.	Ornithogalum pyrenaicum	Ornithogalum		MATCHED
Ornithogalum refractum Kit. ex Schltdl.	Ornithogalum refractum	Ornithogalum		MATCHED
Orobanche alba Steph. ex Willd.	Orobanche alba	Orobanche		MATCHED
Orobanche caryophyllacea Sm.	Orobanche caryophyllacea	Orobanche		MATCHED
Orobanche coerulescens Steph.	Orobanche coerulescens	Orobanche		MATCHED
Orobanche crenata Forssk.	Orobanche crenata	Orobanche		MATCHED
Orobanche elatior Sutton	Orobanche elatior	Orobanche		MATCHED
Orobanche flava Mart. ex F. W. Schultz	Orobanche flava	Orobanche		MATCHED
Orobanche gracilis Sm.	Orobanche gracilis	Orobanche		MATCHED
Orobanche hederae Duby	Orobanche hederae	Orobanche	14	MATCHED
Orobanche lutea Baumg.	Orobanche lutea	Orobanche		MATCHED
Orobanche lycoctoni Rhiner	Orobanche lycoctoni	Orobanche		MATCHED
Orobanche minor Sm.	Orobanche minor	Orobanche		MATCHED
Orobanche picridis F. W. Schultz	Orobanche picridis	Orobanche		MATCHED
Orobanche purpurea Jacq.	Orobanche purpurea	Orobanche	17	MATCHED
Orobanche reticulata Wallr.	Orobanche reticulata	Orobanche		MATCHED
Orobanche salviae F. W. Schultz ex Koch	Orobanche salviae	Orobanche		MATCHED
Orobanche teucrii Holandre	Orobanche teucrii	Orobanche	17	MATCHED
Orthilia secunda (L.) House	Orthilia secunda	Orthilia		MATCHED
Orthothecium intricatum (Hartm.) Schimp.	Orthothecium intricatum	Orthothecium		MATCHED
Orthothecium rufescens (Brid.) Schimp.	Orthothecium rufescens	Orthothecium		MATCHED
Orthothecium strictum Lorentz	Orthothecium strictum	Orthothecium	14	MATCHED
Orthotrichum anomalum Hedw.	Orthotrichum anomalum	Orthotrichum		MATCHED
Orthotrichum cupulatum Brid.	Orthotrichum cupulatum	Orthotrichum	14	MATCHED
Orthotrichum diaphanum Brid.	Orthotrichum diaphanum	Orthotrichum		MATCHED
Orthotrichum rogeri Brid.	Orthotrichum rogeri	Orthotrichum	7, 51	MATCHED
Orthotrichum stellatum Brid.	Orthotrichum stellatum	Orthotrichum		MATCHED
Orthotrichum stramineum Brid.	Orthotrichum stramineum	Orthotrichum		MATCHED
Orthotrichum tenellum Brid.	Orthotrichum tenellum	Orthotrichum		MATCHED
Ostrya carpinifolia Scop.	Ostrya carpinifolia	Ostrya		MATCHED
Osyris alba L.	Osyris alba	Osyris		MATCHED
Oxalis acetosella L.	Oxalis acetosella	Oxalis		MATCHED
Oxalis corniculata L.	Oxalis corniculata	Oxalis		MATCHED
Oxalis dillenii Jacq.	Oxalis dillenii	Oxalis		MATCHED
Oxyria digyna (L.) Hill	Oxyria digyna	Oxyria		MATCHED
Oxyrrhynchium speciosum (Brid.) Warnst.	Oxyrrhynchium speciosum	Oxyrrhynchium		MATCHED
Oxytropis campestris (L.) DC.	Oxytropis campestris	Oxytropis		MATCHED
Pachysandra terminalis Siebold et Zucc.	Pachysandra terminalis	Pachysandra		MATCHED
Paeonia officinalis L.	Paeonia officinalis	Paeonia	13, 25, 27	MATCHED
Pallenis spinosa (L.) Cass.	Pallenis spinosa	Pallenis		MATCHED
Palustriella commutata (Hedw.) Ochyra	Palustriella commutata	Palustriella		MATCHED
Palustriella decipiens (De Not.) Ochyra	Palustriella decipiens	Palustriella		MATCHED
Palustriella falcata (Brid.) Hedenäs	Palustriella falcata	Palustriella		MATCHED
Panicum capillare L.	Panicum capillare	Panicum		MATCHED
Panicum dichotomiflorum Michx.	Panicum dichotomiflorum	Panicum		MATCHED
Panicum miliaceum L. [s.l.]	Panicum miliaceum	Panicum		MATCHED
Papaver alpinum L. [s. l.]	Papaver alpinum	Papaver		MATCHED
Papaver dubium L.	Papaver dubium	Papaver		MATCHED
Papaver rhoeas L.	Papaver rhoeas	Papaver		MATCHED
Papaver somniferum L.	Papaver somniferum	Papaver		MATCHED
Paraleucobryum enerve (Thed.) Loeske	Paraleucobryum enerve	Paraleucobryum	14	MATCHED
Paraleucobryum longifolium (Hedw.) Loeske	Paraleucobryum longifolium	Paraleucobryum		MATCHED
Parapholis incurva (L.) C. E. Hubb.	Parapholis incurva	Parapholis	17	MATCHED
Parietaria judaica L.	Parietaria judaica	Parietaria		MATCHED
Paris quadrifolia L.	Paris quadrifolia	Paris		MATCHED
Parnassia palustris L.	Parnassia palustris	Parnassia		MATCHED
Parthenocissus inserta (Kern.) Fritsch	Parthenocissus inserta	Parthenocissus		MATCHED
Parthenocissus quinquefolia (L.) Planch.	Parthenocissus quinquefolia	Parthenocissus		MATCHED
Parthenocissus tricuspidata (Sieber &amp; Zucc.) Planch.	Parthenocissus tricuspidata	Parthenocissus		MATCHED
Paspalum dilatatum Poiret	Paspalum dilatatum	Paspalum		MATCHED
Paspalum distichum L.	Paspalum distichum	Paspalum		MATCHED
Pastinaca sativa L.	Pastinaca sativa	Pastinaca		MATCHED
Pediastrum duplex Meyen, 1829	Pediastrum duplex	Pediastrum		MATCHED
Pedicularis palustris L.	Pedicularis palustris	Pedicularis	13	MATCHED
Pedicularis recutita L.	Pedicularis recutita	Pedicularis		MATCHED
Pedicularis verticillata L.	Pedicularis verticillata	Pedicularis		MATCHED
Pedinophyllum interruptum (Nees) Kaal.	Pedinophyllum interruptum	Pedinophyllum		MATCHED
Pellia epiphylla (L.) Corda	Pellia epiphylla	Pellia		MATCHED
Pellia neesiana (Gottsche) Limpr.	Pellia neesiana	Pellia		MATCHED
Peltaria alliacea Jacq.	Peltaria alliacea	Peltaria		MATCHED
Periploca graeca L.	Periploca graeca	Periploca		MATCHED
Persicaria bistorta (L.) Samp.	Persicaria bistorta	Persicaria		MATCHED
Petasites albus (L.) Gaertn.	Petasites albus	Petasites		MATCHED
Petasites hybridus (L.) Gaertn., Mey. &amp; Scherb.	Petasites hybridus	Petasites		MATCHED
Petrocallis pyrenaica (L.) R. Br.	Petrocallis pyrenaica	Petrocallis		MATCHED
Petrorhagia prolifera (L.) Ball &amp; Heywood	Petrorhagia prolifera	Petrorhagia		MATCHED
Petrorhagia saxifraga (L.) Link	Petrorhagia saxifraga	Petrorhagia		MATCHED
Petroselinum crispum (Mill.) A. W. Hill	Petroselinum crispum	Petroselinum		MATCHED
Phacelia tanacetifolia Benth.	Phacelia tanacetifolia	Phacelia		MATCHED
Phaeoceros laevis (L.) Prosk.	Phaeoceros laevis	Phaeoceros	13	MATCHED
Phalaris arundinacea L.	Phalaris arundinacea	Phalaris		MATCHED
Phalaris brachystachys Link	Phalaris brachystachys	Phalaris		MATCHED
Phalaris canariensis L.	Phalaris canariensis	Phalaris		MATCHED
Phalaris minor Retz.	Phalaris minor	Phalaris		MATCHED
Phalaris paradoxa L.	Phalaris paradoxa	Phalaris		MATCHED
Phaseolus coccineus L.	Phaseolus coccineus	Phaseolus		MATCHED
Phaseolus vulgaris L.	Phaseolus vulgaris	Phaseolus		MATCHED
Phegopteris connectilis (Michx.) Watt	Phegopteris connectilis	Phegopteris		MATCHED
Phellodendron amurense Rupr.	Phellodendron amurense	Phellodendron		MATCHED
Philadelphus coronarius L.	Philadelphus coronarius	Philadelphus		MATCHED
Phillyrea latifolia L.	Phillyrea latifolia	Phillyrea	14	MATCHED
Philonotis caespitosa Jur.	Philonotis caespitosa	Philonotis	13	MATCHED
Philonotis calcarea (Bruch &amp; Schimp.) Schimp.	Philonotis calcarea	Philonotis		MATCHED
Philonotis capillaris Lindb.	Philonotis capillaris	Philonotis	13	MATCHED
Philonotis fontana (Hedw.) Brid.	Philonotis fontana	Philonotis		MATCHED
Philonotis marchica (Hedw.) Brid.	Philonotis marchica	Philonotis		MATCHED
Philonotis seriata Mitt.	Philonotis seriata	Philonotis	13	MATCHED
Philonotis tomentella Molendo	Philonotis tomentella	Philonotis	13	MATCHED
Phleum alpinum L. [s.str.]	Phleum alpinum	Phleum	14	MATCHED
Phleum bertolonii DC.	Phleum bertolonii	Phleum		MATCHED
Phleum phleoides (L.) H.Karst.	Phleum phleoides	Phleum		MATCHED
Phleum pratense L. [s.str.]	Phleum pratense	Phleum		MATCHED
Phragmites australis (Cav.) Trin. ex Steud.	Phragmites australis	Phragmites		MATCHED
Physalis peruviana L.	Physalis peruviana	Physalis		MATCHED
Physcomitrium patens (Hedw.) Mitt.	Physcomitrium patens	Physcomitrium	12	MATCHED
Physcomitrium pyriforme (Hedw.) Brid.	Physcomitrium pyriforme	Physcomitrium	13	MATCHED
Physocarpus opulifolius (L.) Maxim.	Physocarpus opulifolius	Physocarpus		MATCHED
Physoplexis comosa (L.) Schur	Physoplexis comosa	Physoplexis	8, 25, 34, 51	MATCHED
Phyteuma betonicifolium Vill.	Phyteuma betonicifolium	Phyteuma		MATCHED
Phyteuma nigrum F. W. Schmidt	Phyteuma nigrum	Phyteuma		MATCHED
Phyteuma orbiculare L. [s.str.]	Phyteuma orbiculare	Phyteuma		MATCHED
Phyteuma ovatum Honck.	Phyteuma ovatum	Phyteuma		MATCHED
Phyteuma scorzonerifolium Vill.	Phyteuma scorzonerifolium	Phyteuma		MATCHED
Phyteuma sieberi Spreng.	Phyteuma sieberi	Phyteuma		MATCHED
Phyteuma spicatum L. [s.l.]	Phyteuma spicatum	Phyteuma		MATCHED
Phytolacca acinosa Roxb.	Phytolacca acinosa	Phytolacca		MATCHED
Phytolacca americana L.	Phytolacca americana	Phytolacca		MATCHED
Picea abies (L.) H.Karst.	Picea abies	Picea		MATCHED
Picea engelmannii Parry ex Engelm.	Picea engelmannii	Picea		MATCHED
Picea glauca (Moench) Voss	Picea glauca	Picea		MATCHED
Picea pungens Engelm.	Picea pungens	Picea		MATCHED
Picea sitchensis (Bong.) Carrière	Picea sitchensis	Picea		MATCHED
Picnomon acarna (L.) Cass.	Picnomon acarna	Picnomon		MATCHED
Picris hieracioides L. [s.l.]	Picris hieracioides	Picris		MATCHED
Pilularia globulifera L.	Pilularia globulifera	Pilularia	10	MATCHED
Pimpinella anisum L.	Pimpinella anisum	Pimpinella		MATCHED
Pimpinella major (L.) Huds. [s.l.]	Pimpinella major	Pimpinella		MATCHED
Pimpinella saxifraga L.	Pimpinella saxifraga	Pimpinella		MATCHED
Pinguicula alpina L.	Pinguicula alpina	Pinguicula	25	MATCHED
Pinguicula vulgaris L.	Pinguicula vulgaris	Pinguicula	25	MATCHED
Pinus cembra L.	Pinus cembra	Pinus		MATCHED
Pinus contorta Douglas ex Loudon	Pinus contorta	Pinus		MATCHED
Pinus halepensis Mill.	Pinus halepensis	Pinus		MATCHED
Pinus mugo Turra	Pinus mugo	Pinus		MATCHED
Pinus nigra Arnold	Pinus nigra	Pinus		MATCHED
Pinus pinaster Poir.	Pinus pinaster	Pinus		MATCHED
Pinus pinea L.	Pinus pinea	Pinus		MATCHED
Pinus ponderosa Douglas ex C.Lawson	Pinus ponderosa	Pinus		MATCHED
Pinus strobus L.	Pinus strobus	Pinus		MATCHED
Pinus sylvestris L.	Pinus sylvestris	Pinus		MATCHED
Pinus wallichiana A. B. Jacks.	Pinus wallichiana	Pinus		MATCHED
Piptatherum virescens (Trin.) Boiss.	Piptatherum virescens	Piptatherum		MATCHED
Pistacia terebinthus L.	Pistacia terebinthus	Pistacia	13	MATCHED
Pisum sativum L.	Pisum sativum	Pisum		MATCHED
Pittosporum tobira (Murray) Aiton fil.	Pittosporum tobira	Pittosporum		MATCHED
Plagiochila asplenioides (L.) Dumort.	Plagiochila asplenioides	Plagiochila		MATCHED
Plagiochila porelloides (Nees) Lindenb.	Plagiochila porelloides	Plagiochila		MATCHED
Plagiomnium affine (Funck) T. J. Kop.	Plagiomnium affine	Plagiomnium		MATCHED
Plagiomnium cuspidatum (Hedw.) T. J. Kop.	Plagiomnium cuspidatum	Plagiomnium		MATCHED
Plagiomnium elatum (Brusch &amp; Schimp.) T. J. Kop.	Plagiomnium elatum	Plagiomnium		MATCHED
Plagiomnium ellipticum (Brid.) T. J. Kop.	Plagiomnium ellipticum	Plagiomnium		MATCHED
Plagiomnium medium (Brusch &amp; Schimp.) T. J. Kop.	Plagiomnium medium	Plagiomnium		MATCHED
Plagiomnium rostratum (Schrad.) T. J. Kop.	Plagiomnium rostratum	Plagiomnium		MATCHED
Plagiomnium undulatum (Hedw.) T. J. Kop.	Plagiomnium undulatum	Plagiomnium		MATCHED
Plagiothecium cavifolium (Brid.) Z. Iwats.	Plagiothecium cavifolium	Plagiothecium		MATCHED
Plagiothecium curvifolium Limpr.	Plagiothecium curvifolium	Plagiothecium	14	MATCHED
Plagiothecium denticulatum (Hedw.) Schimp.	Plagiothecium denticulatum	Plagiothecium		MATCHED
Plagiothecium laetum Schimp.	Plagiothecium laetum	Plagiothecium		MATCHED
Plagiothecium neckeroideum Schimp.	Plagiothecium neckeroideum	Plagiothecium	14	MATCHED
Plagiothecium nemorale (Mitt.) A. Jaeger	Plagiothecium nemorale	Plagiothecium		MATCHED
Plagiothecium piliferum (Sw.) Schimp.	Plagiothecium piliferum	Plagiothecium	14	MATCHED
Plagiothecium platyphyllum Mönk.	Plagiothecium platyphyllum	Plagiothecium		MATCHED
Plagiothecium succulentum (Wilson) Lindb.	Plagiothecium succulentum	Plagiothecium	14	MATCHED
Plagiothecium undulatum (Hedw.) Schimp.	Plagiothecium undulatum	Plagiothecium		MATCHED
Plantago arenaria Waldst. &amp; Kit.	Plantago arenaria	Plantago	17	MATCHED
Plantago coronopus L.	Plantago coronopus	Plantago	13	MATCHED
Plantago lanceolata L.	Plantago lanceolata	Plantago		MATCHED
Plantago major L. [s.l.]	Plantago major	Plantago		MATCHED
Plantago maritima L.	Plantago maritima	Plantago		MATCHED
Plantago media L.	Plantago media	Plantago		MATCHED
Plasteurhynchium meridionale (Schimp.) M. Fleisch.	Plasteurhynchium meridionale	Plasteurhynchium	14	MATCHED
Plasteurhynchium striatulum (Spruce) M. Fleisch.	Plasteurhynchium striatulum	Plasteurhynchium		MATCHED
Platanthera bifolia (L.) Rich.	Platanthera bifolia	Platanthera	25, 27	MATCHED
Platanthera chlorantha (Custer) Rchb.	Platanthera chlorantha	Platanthera	14, 25, 27	MATCHED
Platanus orientalis L.	Platanus orientalis	Platanus		MATCHED
Platydictya jungermannioides (Brid.) H. A. Crum	Platydictya jungermannioides	Platydictya		MATCHED
Platygyrium repens (Brid.) Schimp.	Platygyrium repens	Platygyrium		MATCHED
Platyhypnum duriusculum (De Not.) Ochyra	Platyhypnum duriusculum	Platyhypnum	13	MATCHED
Platyhypnum molle (Hedw.) Loeske	Platyhypnum molle	Platyhypnum	12	MATCHED
Pleuridium acuminatum Lindb.	Pleuridium acuminatum	Pleuridium		MATCHED
Pleuridium subulatum (Hedw.) Rabenh.	Pleuridium subulatum	Pleuridium		MATCHED
Pleurospermum austriacum (L.) Hoffm.	Pleurospermum austriacum	Pleurospermum		MATCHED
Pleurozium schreberi (Brid.) Mitt.	Pleurozium schreberi	Pleurozium		MATCHED
Poa alpina L.	Poa alpina	Poa		MATCHED
Poa angustifolia L.	Poa angustifolia	Poa		MATCHED
Poa annua L.	Poa annua	Poa		MATCHED
Poa badensis Haenke ex Willd.	Poa badensis	Poa	14	MATCHED
Poa bulbosa L.	Poa bulbosa	Poa		MATCHED
Poa chaixii Vill.	Poa chaixii	Poa	14	MATCHED
Poa compressa L.	Poa compressa	Poa		MATCHED
Poa glauca Vahl	Poa glauca	Poa	14	MATCHED
Poa hybrida Gaudin	Poa hybrida	Poa		MATCHED
Poa laxa Haenke	Poa laxa	Poa	14	MATCHED
Poa nemoralis L.	Poa nemoralis	Poa		MATCHED
Poa palustris L.	Poa palustris	Poa		MATCHED
Poa pratensis L. [s.str.]	Poa pratensis	Poa		MATCHED
Poa remota Forselles	Poa remota	Poa	14	MATCHED
Poa stiriaca Fritsch &amp; Hayek	Poa stiriaca	Poa	14	MATCHED
Poa supina Schrad.	Poa supina	Poa		MATCHED
Poa trivialis L. [s.str.]	Poa trivialis	Poa		MATCHED
Pogonatum urnigerum (Hedw.) P. Beauv.	Pogonatum urnigerum	Pogonatum		MATCHED
Pohlia annotina (Hedw.) Lindb.	Pohlia annotina	Pohlia		MATCHED
Pohlia bulbifera (Warnst.) Warnst.	Pohlia bulbifera	Pohlia	12	MATCHED
Pohlia cruda (Hedw.) Lindb.	Pohlia cruda	Pohlia		MATCHED
Pohlia drummondii (Müll. Hal.) A. L. Andrews	Pohlia drummondii	Pohlia	14	MATCHED
Pohlia elongata Hedw.	Pohlia elongata	Pohlia		MATCHED
Pohlia lescuriana (Sull.) Ochi	Pohlia lescuriana	Pohlia		MATCHED
Pohlia longicolla (Hedw.) Lindb.	Pohlia longicolla	Pohlia		MATCHED
Pohlia ludwigii (Schwägr.) Broth.	Pohlia ludwigii	Pohlia	12	MATCHED
Pohlia nutans (Hedw.) Lindb.	Pohlia nutans	Pohlia		MATCHED
Pohlia obtusifolia (Brid.) L. F. Koch	Pohlia obtusifolia	Pohlia	13	MATCHED
Pohlia proligera (Kindb.) Broth.	Pohlia proligera	Pohlia	13	MATCHED
Pohlia vexans (Limpr.) H. Lindb.	Pohlia vexans	Pohlia		MATCHED
Pohlia wahlenbergii (F. Weber &amp; D. Mohr) A. L. Andrews	Pohlia wahlenbergii	Pohlia		MATCHED
Polycarpon tetraphyllum (L.) L.	Polycarpon tetraphyllum	Polycarpon		MATCHED
Polycnemum majus A. Br.	Polycnemum majus	Polycnemum		MATCHED
Polygala amarella Crantz	Polygala amarella	Polygala		MATCHED
Polygala chamaebuxus L.	Polygala chamaebuxus	Polygala		MATCHED
Polygala comosa Schkuhr	Polygala comosa	Polygala		MATCHED
Polygala major Jacq.	Polygala major	Polygala		MATCHED
Polygala vulgaris L. [s.l.]	Polygala vulgaris	Polygala		MATCHED
Polygonatum multiflorum (L.) All.	Polygonatum multiflorum	Polygonatum		MATCHED
Polygonatum odoratum (Mill.) Druce	Polygonatum odoratum	Polygonatum		MATCHED
Polygonatum verticillatum (L.) All.	Polygonatum verticillatum	Polygonatum		MATCHED
Polygonum arenastrum Boreau	Polygonum arenastrum	Polygonum		MATCHED
Polygonum aviculare L. [s.l.]	Polygonum aviculare	Polygonum		MATCHED
Polygonum bellardii All.	Polygonum bellardii	Polygonum	11	MATCHED
Polygonum bistorta L.	Polygonum bistorta	Polygonum		MATCHED
Polygonum maritimum L.	Polygonum maritimum	Polygonum	11	MATCHED
Polygonum oxyspermum Mey. &amp; Bunge ex Ledeb.	Polygonum oxyspermum	Polygonum		MATCHED
Polypodium vulgare L.	Polypodium vulgare	Polypodium		MATCHED
Polypogon monspeliensis (L.) Desf.	Polypogon monspeliensis	Polypogon	10	MATCHED
Polypogon viridis (Gouan) Breistr.	Polypogon viridis	Polypogon		MATCHED
Polystichum lonchitis (L.) Roth	Polystichum lonchitis	Polystichum		MATCHED
Polytrichastrum alpinum (Hedw.) G. L. Sm.	Polytrichastrum alpinum	Polytrichastrum		MATCHED
Polytrichastrum sexangulare (Brid.) G. L. Sm.	Polytrichastrum sexangulare	Polytrichastrum	13	MATCHED
Polytrichum commune Hedw.	Polytrichum commune	Polytrichum		MATCHED
Polytrichum formosum Hedw.	Polytrichum formosum	Polytrichum		MATCHED
Polytrichum juniperinum Hedw.	Polytrichum juniperinum	Polytrichum		MATCHED
Polytrichum longisetum Brid.	Polytrichum longisetum	Polytrichum		MATCHED
Polytrichum piliferum Hedw.	Polytrichum piliferum	Polytrichum		MATCHED
Polytrichum strictum Brid.	Polytrichum strictum	Polytrichum		MATCHED
Pontederia cordata L.	Pontederia cordata	Pontederia		MATCHED
Populus alba L.	Populus alba	Populus		MATCHED
Populus deltoides W. Bartram ex Marshall	Populus deltoides	Populus		MATCHED
Populus nigra L.	Populus nigra	Populus		MATCHED
Populus tremula L.	Populus tremula	Populus		MATCHED
Porella arboris-vitae (With.) Grolle	Porella arboris-vitae	Porella		MATCHED
Porella cordaeana (Huebener) Moore	Porella cordaeana	Porella		MATCHED
Porella obtusata (Taylor) Trevis.	Porella obtusata	Porella		MATCHED
Porella platyphylla (L.) Pfeiff.	Porella platyphylla	Porella		MATCHED
Portulaca oleracea L.	Portulaca oleracea	Portulaca		MATCHED
Potamogeton acutifolius Link ex Roem. &amp; Schult.	Potamogeton acutifolius	Potamogeton	12	MATCHED
Potamogeton alpinus Balb.	Potamogeton alpinus	Potamogeton	14	MATCHED
Potamogeton berchtoldii Fieber	Potamogeton berchtoldii	Potamogeton	13	MATCHED
Potamogeton coloratus Hornem.	Potamogeton coloratus	Potamogeton	12	MATCHED
Potamogeton compressus L.	Potamogeton compressus	Potamogeton	17	MATCHED
Potamogeton crispus L.	Potamogeton crispus	Potamogeton		MATCHED
Potamogeton friesii Rupr.	Potamogeton friesii	Potamogeton		MATCHED
Potamogeton gramineus L.	Potamogeton gramineus	Potamogeton	12	MATCHED
Potamogeton lucens L.	Potamogeton lucens	Potamogeton	13	MATCHED
Potamogeton natans L.	Potamogeton natans	Potamogeton		MATCHED
Potamogeton nodosus Poir.	Potamogeton nodosus	Potamogeton	13	MATCHED
Potamogeton obtusifolius Mert. &amp; Koch	Potamogeton obtusifolius	Potamogeton	14	MATCHED
Potamogeton perfoliatus L.	Potamogeton perfoliatus	Potamogeton	13	MATCHED
Potamogeton polygonifolius Pourr.	Potamogeton polygonifolius	Potamogeton		MATCHED
Potamogeton praelongus Wulfen	Potamogeton praelongus	Potamogeton	12	MATCHED
Potamogeton pusillus L.	Potamogeton pusillus	Potamogeton	13	MATCHED
Potamogeton trichoides Cham. &amp; Schltdl.	Potamogeton trichoides	Potamogeton	12	MATCHED
Potentilla alba L.	Potentilla alba	Potentilla		MATCHED
Potentilla anserina L.	Potentilla anserina	Potentilla		MATCHED
Potentilla argentea L. [s.l.]	Potentilla argentea	Potentilla		MATCHED
Potentilla caulescens L.	Potentilla caulescens	Potentilla		MATCHED
Potentilla crantzii (Crantz) Beck ex Fritsch	Potentilla crantzii	Potentilla		MATCHED
Potentilla erecta (L.) Raeusch.	Potentilla erecta	Potentilla		MATCHED
Potentilla inclinata Vill.	Potentilla inclinata	Potentilla		MATCHED
Potentilla micrantha Ramond ex DC. [s.str.]	Potentilla micrantha	Potentilla		MATCHED
Potentilla norvegica L.	Potentilla norvegica	Potentilla	14	MATCHED
Potentilla recta L.	Potentilla recta	Potentilla		MATCHED
Potentilla reptans L.	Potentilla reptans	Potentilla		MATCHED
Potentilla sterilis (L.) Garcke	Potentilla sterilis	Potentilla	17	MATCHED
Potentilla supina L.	Potentilla supina	Potentilla	13	MATCHED
Prenanthes purpurea L.	Prenanthes purpurea	Prenanthes		MATCHED
Primula elatior (L.) Hill	Primula elatior	Primula		MATCHED
Primula farinosa L.	Primula farinosa	Primula	13	MATCHED
Primula halleri J. F. Gmel.	Primula halleri	Primula		MATCHED
Primula veris L. [s.l.]	Primula veris	Primula		MATCHED
Primula vulgaris Huds.	Primula vulgaris	Primula		MATCHED
Protolophozia elongata (Steph.) Schljakov	Protolophozia elongata	Protolophozia	14	MATCHED
Prunella laciniata (L.) L.	Prunella laciniata	Prunella		MATCHED
Prunella vulgaris L.	Prunella vulgaris	Prunella		MATCHED
Prunus armeniaca L.	Prunus armeniaca	Prunus		MATCHED
Prunus avium L.	Prunus avium	Prunus		MATCHED
Prunus cerasifera Ehrh.	Prunus cerasifera	Prunus		MATCHED
Prunus cerasus L.	Prunus cerasus	Prunus		MATCHED
Prunus domestica L. [s.str.]	Prunus domestica	Prunus		MATCHED
Prunus laurocerasus L.	Prunus laurocerasus	Prunus		MATCHED
Prunus lusitanica L.	Prunus lusitanica	Prunus		MATCHED
Prunus mahaleb L.	Prunus mahaleb	Prunus		MATCHED
Prunus padus L.	Prunus padus	Prunus		MATCHED
Prunus persica (L.) Batsch	Prunus persica	Prunus		MATCHED
Prunus serotina Ehrh.	Prunus serotina	Prunus		MATCHED
Prunus spinosa L. [s.str.]	Prunus spinosa	Prunus		MATCHED
Pseudephemerum nitidum (Hedw.) Loeske	Pseudephemerum nitidum	Pseudephemerum	13	MATCHED
Pseudoamblystegium subtile (Hedw.) Vanderp. &amp; Hedenäs	Pseudoamblystegium subtile	Pseudoamblystegium		MATCHED
Pseudobryum cinclidioides (Huebener) T. J. Kop.	Pseudobryum cinclidioides	Pseudobryum	12	MATCHED
Pseudocampylium radicale (P. Beauv.) Vanderp. &amp; Hedenäs	Pseudocampylium radicale	Pseudocampylium		MATCHED
Pseudocrossidium hornschuchianum (Schultz) R. H. Zander	Pseudocrossidium hornschuchianum	Pseudocrossidium		MATCHED
Pseudocrossidium revolutum (Brid.) R. H. Zander	Pseudocrossidium revolutum	Pseudocrossidium		MATCHED
Pseudofumaria lutea (L.) Borkh.	Pseudofumaria lutea	Pseudofumaria		MATCHED
Pseudohygrohypnum eugyrium (Schimp.) Kanda	Pseudohygrohypnum eugyrium	Pseudohygrohypnum	13	MATCHED
Pseudohygrohypnum fertile (Sendtn.) Jan Kučera &amp; Ignatov	Pseudohygrohypnum fertile	Pseudohygrohypnum		MATCHED
Pseudoleskeella nervosa (Brid.) Nyholm	Pseudoleskeella nervosa	Pseudoleskeella		MATCHED
Pseudoleskeella tectorum (Brid.) Broth.	Pseudoleskeella tectorum	Pseudoleskeella		MATCHED
Pseudorchis albida (L.) Á. &amp; D. Löve	Pseudorchis albida	Pseudorchis	25, 27	MATCHED
Pseudoscleropodium purum (Hedw.) M. Fleisch.	Pseudoscleropodium purum	Pseudoscleropodium		MATCHED
Pseudostereodon procerrimus (Molendo) M. Fleisch.	Pseudostereodon procerrimus	Pseudostereodon	13	MATCHED
Pseudotaxiphyllum elegans (Brid.) Z. Iwats.	Pseudotaxiphyllum elegans	Pseudotaxiphyllum		MATCHED
Pseudotsuga menziesii (Mirb.) Franco	Pseudotsuga menziesii	Pseudotsuga		MATCHED
Pseudoturritis turrita (L.) Al-Shehbaz	Pseudoturritis turrita	Pseudoturritis		MATCHED
Pteridium aquilinum (L.) Kuhn	Pteridium aquilinum	Pteridium		MATCHED
Pterigynandrum filiforme Hedw.	Pterigynandrum filiforme	Pterigynandrum		MATCHED
Pterygoneurum ovatum (Hedw.) Dixon	Pterygoneurum ovatum	Pterygoneurum		MATCHED
Pterygoneurum subsessile (Brid.) Jur.	Pterygoneurum subsessile	Pterygoneurum		MATCHED
Ptilidium ciliare (L.) Hampe	Ptilidium ciliare	Ptilidium		MATCHED
Ptilidium pulcherrimum (Weber) Vain.	Ptilidium pulcherrimum	Ptilidium		MATCHED
Ptilium crista-castrensis (Hedw.) De Not.	Ptilium crista-castrensis	Ptilium		MATCHED
Ptychomitrium polyphyllum (Sw.) Bruch &amp; Schimp.	Ptychomitrium polyphyllum	Ptychomitrium	13	MATCHED
Ptychostomum arcticum (R. Br.) Holyoak &amp; N. Pedersen	Ptychostomum arcticum	Ptychostomum	13	MATCHED
Ptychostomum cernuum (Hedw.) Hornsch.	Ptychostomum cernuum	Ptychostomum		MATCHED
Ptychostomum compactum Hornsch.	Ptychostomum compactum	Ptychostomum		MATCHED
Ptychostomum creberrimum (Taylor) J. R. Spence &amp; H. P. Ramsay	Ptychostomum creberrimum	Ptychostomum	13	MATCHED
Ptychostomum imbricatulum (Müll. Hal.) Holyoak &amp; N. Pedersen	Ptychostomum imbricatulum	Ptychostomum		MATCHED
Ptychostomum inclinatum (Brid.) J. R. Spence	Ptychostomum inclinatum	Ptychostomum		MATCHED
Ptychostomum knowltonii (Barnes) J. R. Spence	Ptychostomum knowltonii	Ptychostomum		MATCHED
Ptychostomum longisetum (Schwägr.) J. R. Spence	Ptychostomum longisetum	Ptychostomum		MATCHED
Ptychostomum moravicum (Podp.) Ros &amp; Mazimpaka	Ptychostomum moravicum	Ptychostomum		MATCHED
Ptychostomum pallens (Sw.) J. R. Spence	Ptychostomum pallens	Ptychostomum		MATCHED
Ptychostomum pallescens (Schwägr.) J. R. Spence	Ptychostomum pallescens	Ptychostomum		MATCHED
Ptychostomum pseudotriquetrum (Hedw.) Holyoak &amp; N. Pedersen	Ptychostomum pseudotriquetrum	Ptychostomum	14	MATCHED
Ptychostomum schleicheri (DC.) D. Bell &amp; Holyoak	Ptychostomum schleicheri	Ptychostomum		MATCHED
Ptychostomum weigelii (Biehler) J. R. Spence	Ptychostomum weigelii	Ptychostomum	13	MATCHED
Puccinellia distans (L.) Parl. [s.str.]	Puccinellia distans	Puccinellia		MATCHED
Puccinellia fasciculata (Torr.) E.P. Bicknell	Puccinellia fasciculata	Puccinellia	13	MATCHED
Pueraria montana (Lour.) Merr.	Pueraria montana	Pueraria		MATCHED
Pulicaria dysenterica (L.) Bernh.	Pulicaria dysenterica	Pulicaria		MATCHED
Pulicaria vulgaris Gaertn.	Pulicaria vulgaris	Pulicaria		MATCHED
Pulmonaria angustifolia L.	Pulmonaria angustifolia	Pulmonaria		MATCHED
Pulmonaria officinalis L.	Pulmonaria officinalis	Pulmonaria		MATCHED
Pulsatilla vernalis (L.) Miller	Pulsatilla vernalis	Pulsatilla	25, 27	MATCHED
Pulvigera lyellii (Hook. &amp; Taylor) Plášek, Sawicki &amp; Ochyra	Pulvigera lyellii	Pulvigera		MATCHED
Punica granatum L.	Punica granatum	Punica		MATCHED
Pylaisia polyantha (Hedw.) Schimp.	Pylaisia polyantha	Pylaisia		MATCHED
Pyracantha coccinea M. J. Roemer	Pyracantha coccinea	Pyracantha		MATCHED
Pyrola chlorantha Sw.	Pyrola chlorantha	Pyrola		MATCHED
Pyrola media Sw.	Pyrola media	Pyrola		MATCHED
Pyrola minor L.	Pyrola minor	Pyrola		MATCHED
Pyrola rotundifolia L.	Pyrola rotundifolia	Pyrola		MATCHED
Pyrus communis L.	Pyrus communis	Pyrus		MATCHED
Pyrus pyraster (L.) Burgsd.	Pyrus pyraster	Pyrus		MATCHED
Quercus cerris L.	Quercus cerris	Quercus		MATCHED
Quercus frainetto Ten.	Quercus frainetto	Quercus		MATCHED
Quercus ilex L.	Quercus ilex	Quercus	14	MATCHED
Quercus palustris Münchh.	Quercus palustris	Quercus		MATCHED
Quercus petraea (Matt.) Liebl.	Quercus petraea	Quercus		MATCHED
Quercus pubescens Willd.	Quercus pubescens	Quercus		MATCHED
Quercus robur L.	Quercus robur	Quercus		MATCHED
Quercus rubra L.	Quercus rubra	Quercus		MATCHED
Quercus suber L.	Quercus suber	Quercus		MATCHED
Racomitrium lanuginosum (Hedw.) Brid.	Racomitrium lanuginosum	Racomitrium	14	MATCHED
Radiola linoides Roth	Radiola linoides	Radiola	13	MATCHED
Radula complanata (L.) Dumort.	Radula complanata	Radula		MATCHED
Ranunculus aconitifolius L.	Ranunculus aconitifolius	Ranunculus		MATCHED
Ranunculus acris L.	Ranunculus acris	Ranunculus		MATCHED
Ranunculus alpestris L. [s. s.]	Ranunculus alpestris	Ranunculus	14	MATCHED
Ranunculus aquatilis L. [s. s.]	Ranunculus aquatilis	Ranunculus	13	MATCHED
Ranunculus arvensis L.	Ranunculus arvensis	Ranunculus		MATCHED
Ranunculus auricomus L.	Ranunculus auricomus	Ranunculus		MATCHED
Ranunculus bulbosus L.	Ranunculus bulbosus	Ranunculus		MATCHED
Ranunculus circinatus Sibth.	Ranunculus circinatus	Ranunculus	13	MATCHED
Ranunculus flammula L.	Ranunculus flammula	Ranunculus		MATCHED
Ranunculus lanuginosus L.	Ranunculus lanuginosus	Ranunculus		MATCHED
Ranunculus lingua L.	Ranunculus lingua	Ranunculus	13	MATCHED
Ranunculus muricatus L.	Ranunculus muricatus	Ranunculus	17	MATCHED
Ranunculus neapolitanus Ten.	Ranunculus neapolitanus	Ranunculus		MATCHED
Ranunculus parviflorus L.	Ranunculus parviflorus	Ranunculus	17	MATCHED
Ranunculus peltatus Schrank	Ranunculus peltatus	Ranunculus	13	MATCHED
Ranunculus platanifolius L.	Ranunculus platanifolius	Ranunculus		MATCHED
Ranunculus polyanthemos L.	Ranunculus polyanthemos	Ranunculus		MATCHED
Ranunculus repens L.	Ranunculus repens	Ranunculus		MATCHED
Ranunculus reptans L.	Ranunculus reptans	Ranunculus		MATCHED
Ranunculus sardous Crantz	Ranunculus sardous	Ranunculus		MATCHED
Ranunculus sceleratus L.	Ranunculus sceleratus	Ranunculus	13	MATCHED
Ranunculus trichophyllus Chaix [s.l.]	Ranunculus trichophyllus	Ranunculus	13	MATCHED
Raphanus raphanistrum L. [s.l.]	Raphanus raphanistrum	Raphanus		MATCHED
Raphanus sativus L.	Raphanus sativus	Raphanus		MATCHED
Rapistrum perenne (L.) All.	Rapistrum perenne	Rapistrum		MATCHED
Rapistrum rugosum (L.) All.	Rapistrum rugosum	Rapistrum		MATCHED
Reboulia hemisphaerica (L.) Raddi	Reboulia hemisphaerica	Reboulia		MATCHED
Reichardia picroides (L.) Roth	Reichardia picroides	Reichardia	17	MATCHED
Reseda lutea L.	Reseda lutea	Reseda		MATCHED
Reseda luteola L.	Reseda luteola	Reseda		MATCHED
Reseda phyteuma L.	Reseda phyteuma	Reseda		MATCHED
Rhabdoweisia crispata (Dicks.) Lindb.	Rhabdoweisia crispata	Rhabdoweisia	14	MATCHED
Rhagadiolus stellatus (L.) Gaertn.	Rhagadiolus stellatus	Rhagadiolus		MATCHED
Rhamnus alaternus L.	Rhamnus alaternus	Rhamnus		MATCHED
Rhaphiolepis bibas (Lour.) Galasso &amp; Banfi	Rhaphiolepis bibas	Rhaphiolepis		MATCHED
Rheum rhabarbarum L.	Rheum rhabarbarum	Rheum		MATCHED
Rhinanthus alectorolophus Pollich [s.l.]	Rhinanthus alectorolophus	Rhinanthus		MATCHED
Rhinanthus minor L. [s.l.]	Rhinanthus minor	Rhinanthus		MATCHED
Rhizomnium magnifolium (Horik.) T. J. Kop.	Rhizomnium magnifolium	Rhizomnium	13	MATCHED
Rhizomnium pseudopunctatum (Bruch &amp; Schimp.) T. J. Kop.	Rhizomnium pseudopunctatum	Rhizomnium	13	MATCHED
Rhizomnium punctatum (Hedw.) T. J. Kop.	Rhizomnium punctatum	Rhizomnium		MATCHED
Rhodiola rosea L.	Rhodiola rosea	Rhodiola		MATCHED
Rhodobryum ontariense (Kindb.) Kindb.	Rhodobryum ontariense	Rhodobryum		MATCHED
Rhodobryum roseum (Hedw.) Limpr.	Rhodobryum roseum	Rhodobryum		MATCHED
Rhus typhina L.	Rhus typhina	Rhus		MATCHED
Rhynchospora alba (L.) Vahl	Rhynchospora alba	Rhynchospora	13	MATCHED
Rhynchospora fusca (L.) W. T. Aiton	Rhynchospora fusca	Rhynchospora	12	MATCHED
Rhynchostegiella tenella (Dicks.) Limpr.	Rhynchostegiella tenella	Rhynchostegiella		MATCHED
Rhynchostegium confertum (Dicks.) Schimp.	Rhynchostegium confertum	Rhynchostegium		MATCHED
Rhynchostegium megapolitanum (F. Weber &amp; D. Mohr) Schimp.	Rhynchostegium megapolitanum	Rhynchostegium	13	MATCHED
Rhynchostegium murale (Hedwig) Schimp.	Rhynchostegium murale	Rhynchostegium		MATCHED
Rhynchostegium riparioides (Hedw.) Cardot	Rhynchostegium riparioides	Rhynchostegium		MATCHED
Rhytidiadelphus loreus (Hedw.) Warnst.	Rhytidiadelphus loreus	Rhytidiadelphus		MATCHED
Rhytidiadelphus squarrosus (Hedw.) Warnst.	Rhytidiadelphus squarrosus	Rhytidiadelphus		MATCHED
Rhytidiadelphus subpinnatus (Lindb.) T. J. Kop.	Rhytidiadelphus subpinnatus	Rhytidiadelphus	14	MATCHED
Rhytidium rugosum (Hedw.) Kindb.	Rhytidium rugosum	Rhytidium		MATCHED
Ribes aciculare Sm.	Ribes aciculare	Ribes		MATCHED
Ribes nigrum L.	Ribes nigrum	Ribes	14	MATCHED
Ribes rubrum L.	Ribes rubrum	Ribes		MATCHED
Ribes uva-crispa L.	Ribes uva-crispa	Ribes		MATCHED
Riccardia latifrons (Lindb.) Lindb.	Riccardia latifrons	Riccardia		MATCHED
Riccardia multifida (L.) Gray	Riccardia multifida	Riccardia		MATCHED
Riccardia palmata (Hedw.) Carruth.	Riccardia palmata	Riccardia		MATCHED
Riccia bifurca Hoffm.	Riccia bifurca	Riccia	12	MATCHED
Riccia fluitans L.	Riccia fluitans	Riccia	13	MATCHED
Riccia glauca L.	Riccia glauca	Riccia		MATCHED
Riccia sorocarpa Bisch.	Riccia sorocarpa	Riccia	12	MATCHED
Ricinus communis L.	Ricinus communis	Ricinus		MATCHED
Roaldia revoluta (Mitt.) P. E. A. S. Câmara &amp; Carv.-Silva	Roaldia revoluta	Roaldia		MATCHED
Robinia pseudoacacia L.	Robinia pseudoacacia	Robinia		MATCHED
Rorippa amphibia (L.) Besser	Rorippa amphibia	Rorippa	13	MATCHED
Rorippa austriaca (Crantz) Besser	Rorippa austriaca	Rorippa		MATCHED
Rorippa islandica (Oeder ex Murray) Borbás [s.str.]	Rorippa islandica	Rorippa	14	MATCHED
Rorippa palustris (L.) Besser em. Jons.	Rorippa palustris	Rorippa		MATCHED
Rorippa sylvestris (L.) Besser	Rorippa sylvestris	Rorippa		MATCHED
Rosa agrestis Savi	Rosa agrestis	Rosa		MATCHED
Rosa arvensis Huds.	Rosa arvensis	Rosa		MATCHED
Rosa caesia Sm. [s.str.]	Rosa caesia	Rosa		MATCHED
Rosa canina L. [s.l.]	Rosa canina	Rosa		MATCHED
Rosa corymbifera Borkh. [s.str.]	Rosa corymbifera	Rosa		MATCHED
Rosa gallica L.	Rosa gallica	Rosa		MATCHED
Rosa glauca Pourr.	Rosa glauca	Rosa		MATCHED
Rosa micrantha Borrer ex Sm.	Rosa micrantha	Rosa		MATCHED
Rosa multiflora Thunb.	Rosa multiflora	Rosa		MATCHED
Rosa obtusifolia Desv.	Rosa obtusifolia	Rosa		MATCHED
Rosa rubiginosa L.	Rosa rubiginosa	Rosa		MATCHED
Rosa rugosa Thunb.	Rosa rugosa	Rosa		MATCHED
Rosa sempervirens L.	Rosa sempervirens	Rosa		MATCHED
Rosa subcanina (H. Christ) D. T. &amp; Sarnth.	Rosa subcanina	Rosa		MATCHED
Rosa tomentosa Sm.	Rosa tomentosa	Rosa		MATCHED
Rosa villosa L.	Rosa villosa	Rosa		MATCHED
Rostraria cristata (L.) Tzvelev [s.l.]	Rostraria cristata	Rostraria		MATCHED
Rubia peregrina L.	Rubia peregrina	Rubia		MATCHED
Rubia tinctorum L.	Rubia tinctorum	Rubia		MATCHED
Rubus bifrons Vest	Rubus bifrons	Rubus		MATCHED
Rubus caesius L.	Rubus caesius	Rubus		MATCHED
Rubus canescens DC.	Rubus canescens	Rubus		MATCHED
Rubus grabowskii Weihe	Rubus grabowskii	Rubus		MATCHED
Rubus idaeus L.	Rubus idaeus	Rubus		MATCHED
Rubus laciniatus Willd.	Rubus laciniatus	Rubus		MATCHED
Rubus nessensis Hall	Rubus nessensis	Rubus		MATCHED
Rubus odoratus L.	Rubus odoratus	Rubus		MATCHED
Rubus phoenicolasius Maxim.	Rubus phoenicolasius	Rubus		MATCHED
Rubus plicatus Weihe &amp; Nees	Rubus plicatus	Rubus		MATCHED
Rubus radula Weihe	Rubus radula	Rubus		MATCHED
Rubus saxatilis L.	Rubus saxatilis	Rubus		MATCHED
Rubus sulcatus Vest	Rubus sulcatus	Rubus		MATCHED
Rubus ulmifolius Schott	Rubus ulmifolius	Rubus		MATCHED
Rudbeckia fulgida Aiton	Rudbeckia fulgida	Rudbeckia		MATCHED
Rudbeckia hirta L.	Rudbeckia hirta	Rudbeckia		MATCHED
Rudbeckia laciniata L.	Rudbeckia laciniata	Rudbeckia		MATCHED
Rumex acetosa L.	Rumex acetosa	Rumex		MATCHED
Rumex acetosella L. [s.l.]	Rumex acetosella	Rumex		MATCHED
Rumex alpestris auct. non (Jacq.) Á. Löve	Rumex alpestris	Rumex		MATCHED
Rumex alpinus L.	Rumex alpinus	Rumex		MATCHED
Rumex aquaticus L.	Rumex aquaticus	Rumex	13	MATCHED
Rumex confertus Willd.	Rumex confertus	Rumex		MATCHED
Rumex conglomeratus Murray	Rumex conglomeratus	Rumex		MATCHED
Rumex crispus L.	Rumex crispus	Rumex		MATCHED
Rumex longifolius DC.	Rumex longifolius	Rumex		MATCHED
Rumex maritimus L.	Rumex maritimus	Rumex	13	MATCHED
Rumex obtusifolius L. [s. l.]	Rumex obtusifolius	Rumex		MATCHED
Rumex sanguineus L.	Rumex sanguineus	Rumex		MATCHED
Rumex stenophyllus Ledeb.	Rumex stenophyllus	Rumex	14	MATCHED
Rumex thyrsiflorus Fingerh.	Rumex thyrsiflorus	Rumex		MATCHED
Ruppia cirrhosa (Petagna) Grande	Ruppia cirrhosa	Ruppia		MATCHED
Ruppia maritima L.	Ruppia maritima	Ruppia	12	MATCHED
Ruscus aculeatus L.	Ruscus aculeatus	Ruscus	9, 25, 26, 29	MATCHED
Ruta graveolens L.	Ruta graveolens	Ruta		MATCHED
Saccobasis polita (Nees) H. Buch	Saccobasis polita	Saccobasis	14	MATCHED
Sagina apetala Ard. [s.l.]	Sagina apetala	Sagina	14	MATCHED
Sagina maritima G. Don	Sagina maritima	Sagina		MATCHED
Sagina nodosa (L.) Fenzl	Sagina nodosa	Sagina		MATCHED
Sagina procumbens L.	Sagina procumbens	Sagina		MATCHED
Sagina saginoides (L.) H.Karst.	Sagina saginoides	Sagina		MATCHED
Sagittaria latifolia Willd.	Sagittaria latifolia	Sagittaria		MATCHED
Sagittaria sagittifolia L.	Sagittaria sagittifolia	Sagittaria	13	MATCHED
Salix alba L.	Salix alba	Salix		MATCHED
Salix aurita L.	Salix aurita	Salix		MATCHED
Salix caprea L.	Salix caprea	Salix		MATCHED
Salix cinerea L.	Salix cinerea	Salix		MATCHED
Salix daphnoides Vill.	Salix daphnoides	Salix		MATCHED
Salix hastata L.	Salix hastata	Salix		MATCHED
Salix herbacea L.	Salix herbacea	Salix		MATCHED
Salix myrsinifolia Salisb.	Salix myrsinifolia	Salix		MATCHED
Salix pentandra L.	Salix pentandra	Salix		MATCHED
Salix purpurea L.	Salix purpurea	Salix		MATCHED
Salix reticulata L.	Salix reticulata	Salix		MATCHED
Salix rosmarinifolia L.	Salix rosmarinifolia	Salix	13	MATCHED
Salix triandra L.	Salix triandra	Salix		MATCHED
Salix viminalis L.	Salix viminalis	Salix		MATCHED
Salsola kali L.	Salsola kali	Salsola	14	MATCHED
Salvia officinalis L.	Salvia officinalis	Salvia	14	MATCHED
Salvia pratensis L.	Salvia pratensis	Salvia		MATCHED
Salvia sclarea L.	Salvia sclarea	Salvia	17	MATCHED
Salvia verbenaca L.	Salvia verbenaca	Salvia	17	MATCHED
Salvia verticillata L.	Salvia verticillata	Salvia		MATCHED
Sambucus ebulus L.	Sambucus ebulus	Sambucus		MATCHED
Sambucus nigra L.	Sambucus nigra	Sambucus		MATCHED
Sambucus racemosa L.	Sambucus racemosa	Sambucus		MATCHED
Samolus valerandi L.	Samolus valerandi	Samolus	13	MATCHED
Sanguisorba minor Scop. [s.str.]	Sanguisorba minor	Sanguisorba		MATCHED
Sanguisorba officinalis L.	Sanguisorba officinalis	Sanguisorba		MATCHED
Sanicula europaea L.	Sanicula europaea	Sanicula		MATCHED
Saponaria ocymoides L.	Saponaria ocymoides	Saponaria	14	MATCHED
Saponaria officinalis L.	Saponaria officinalis	Saponaria		MATCHED
Satureja montana L. [s.l.]	Satureja montana	Satureja		MATCHED
Saussurea alpina (L.) DC.	Saussurea alpina	Saussurea	17	MATCHED
Saxifraga adscendens L.	Saxifraga adscendens	Saxifraga		MATCHED
Saxifraga aizoides L.	Saxifraga aizoides	Saxifraga		MATCHED
Saxifraga cuneifolia L.	Saxifraga cuneifolia	Saxifraga		MATCHED
Saxifraga granulata L.	Saxifraga granulata	Saxifraga	17	MATCHED
Saxifraga oppositifolia L. [s.str.].	Saxifraga oppositifolia	Saxifraga		MATCHED
Saxifraga paniculata Mill.	Saxifraga paniculata	Saxifraga		MATCHED
Saxifraga rotundifolia L.	Saxifraga rotundifolia	Saxifraga		MATCHED
Saxifraga stellaris L. [s.l.]	Saxifraga stellaris	Saxifraga	14	MATCHED
Saxifraga tridactylites L.	Saxifraga tridactylites	Saxifraga		MATCHED
Scabiosa columbaria L.	Scabiosa columbaria	Scabiosa		MATCHED
Scandix australis L.	Scandix australis	Scandix		MATCHED
Scandix pecten-veneris L.	Scandix pecten-veneris	Scandix		MATCHED
Scapania aequiloba (Schwägr.) Dumort.	Scapania aequiloba	Scapania		MATCHED
Scapania apiculata Spruce	Scapania apiculata	Scapania		MATCHED
Scapania aspera M. Bernet &amp; Bernet	Scapania aspera	Scapania		MATCHED
Scapania calcicola (Arnell &amp; J. Perss.) Ingham	Scapania calcicola	Scapania		MATCHED
Scapania compacta (Roth) Dumort.	Scapania compacta	Scapania		MATCHED
Scapania crassiretis Bryhn	Scapania crassiretis	Scapania		MATCHED
Scapania curta (Mart.) Dumort.	Scapania curta	Scapania		MATCHED
Scapania cuspiduligera (Nees) Müll. Frib.	Scapania cuspiduligera	Scapania	13	MATCHED
Scapania helvetica Gottsche	Scapania helvetica	Scapania	13	MATCHED
Scapania irrigua (Nees) Nees	Scapania irrigua	Scapania	12	MATCHED
Scapania nemorea (L.) Grolle	Scapania nemorea	Scapania		MATCHED
Scapania subalpina (Lindenb.) Dumort.	Scapania subalpina	Scapania	13	MATCHED
Scapania umbrosa (Schrad.) Dumort.	Scapania umbrosa	Scapania		MATCHED
Scapania undulata (L.) Dumort.	Scapania undulata	Scapania	13	MATCHED
Scapania verrucosa Heeg	Scapania verrucosa	Scapania	13	MATCHED
Scenedesmus quadricauda (Turpin) Brébisson, 1835	Scenedesmus quadricauda	Scenedesmus		MATCHED
Scheuchzeria palustris L.	Scheuchzeria palustris	Scheuchzeria	12	MATCHED
Schistidium agassizii Sull. &amp; Lesq.	Schistidium agassizii	Schistidium	13	MATCHED
Schistidium apocarpum (Hedw.) Bruch &amp; Schimp.	Schistidium apocarpum	Schistidium		MATCHED
Schistidium atrofuscum (Schimp.) Limpr.	Schistidium atrofuscum	Schistidium		MATCHED
Schistidium confertum (Funck) Bruch &amp; Schimp.	Schistidium confertum	Schistidium		MATCHED
Schistidium crassipilum H. H. Blom	Schistidium crassipilum	Schistidium		MATCHED
Schistidium dupretii (Thér.) W. A. Weber	Schistidium dupretii	Schistidium		MATCHED
Schistidium elegantulum H. H. Blom	Schistidium elegantulum	Schistidium		MATCHED
Schistidium flaccidum (De Not.) Ochyra	Schistidium flaccidum	Schistidium		MATCHED
Schistidium lancifolium (Kindb.) H. H. Blom	Schistidium lancifolium	Schistidium		MATCHED
Schistidium papillosum Culm.	Schistidium papillosum	Schistidium		MATCHED
Schistidium pruinosum (Schimp.) G. Roth	Schistidium pruinosum	Schistidium		MATCHED
Schistidium rivulare (Brid.) Podp.	Schistidium rivulare	Schistidium		MATCHED
Schistidium robustum (Nees &amp; Hornsch.) H. H. Blom	Schistidium robustum	Schistidium		MATCHED
Schistidium sordidum I. Hagen	Schistidium sordidum	Schistidium		MATCHED
Schistidium strictum (Turner) Loeske ex Mårtensson	Schistidium strictum	Schistidium		MATCHED
Schistidium trichodon (Brid.) Poelt	Schistidium trichodon	Schistidium		MATCHED
Schistochilopsis incisa (Schrad.) Konstant.	Schistochilopsis incisa	Schistochilopsis		MATCHED
Schljakovianthus quadrilobus (Lindb.) Konstant. &amp; Vilnet	Schljakovianthus quadrilobus	Schljakovianthus	13	MATCHED
Schoenoplectus lacustris (L.) Palla	Schoenoplectus lacustris	Schoenoplectus		MATCHED
Schoenoplectus tabernaemontani (C. C. Gmel.) Palla	Schoenoplectus tabernaemontani	Schoenoplectus	13	MATCHED
Schoenoplectus triqueter (L.) Palla	Schoenoplectus triqueter	Schoenoplectus	12	MATCHED
Schoenus ferrugineus L.	Schoenus ferrugineus	Schoenus	13	MATCHED
Schoenus nigricans L.	Schoenus nigricans	Schoenus	13	MATCHED
Scirpoides holoschoenus (L.) Soják	Scirpoides holoschoenus	Scirpoides	13	MATCHED
Scirpus georgianus R.M. Harper	Scirpus georgianus	Scirpus		MATCHED
Scirpus radicans Schkuhr	Scirpus radicans	Scirpus	13	MATCHED
Scirpus sylvaticus L.	Scirpus sylvaticus	Scirpus		MATCHED
Sciuro-hypnum curtum (Lindb.) Ignatov	Sciuro-hypnum curtum	Sciuro-hypnum		MATCHED
Sciuro-hypnum flotowianum (Sendtn.) Ignatov &amp; Huttunen	Sciuro-hypnum flotowianum	Sciuro-hypnum		MATCHED
Sciuro-hypnum glaciale (Schimp.) Ignatov &amp; Huttunen	Sciuro-hypnum glaciale	Sciuro-hypnum	14	MATCHED
Sciuro-hypnum latifolium (Kindb.) Ignatov &amp; Huttunen	Sciuro-hypnum latifolium	Sciuro-hypnum		MATCHED
Sciuro-hypnum oedipodium (Mitt.) Ignatov &amp; Huttunen	Sciuro-hypnum oedipodium	Sciuro-hypnum		MATCHED
Sciuro-hypnum ornellanum (Molendo) Ignatov &amp; Huttunen	Sciuro-hypnum ornellanum	Sciuro-hypnum	13	MATCHED
Sciuro-hypnum plumosum (Hedw.) Ignatov &amp; Huttunen	Sciuro-hypnum plumosum	Sciuro-hypnum		MATCHED
Sciuro-hypnum populeum (Hedw.) Ignatov &amp; Huttunen	Sciuro-hypnum populeum	Sciuro-hypnum		MATCHED
Sciuro-hypnum reflexum (Starke) Ignatov &amp; Huttunen	Sciuro-hypnum reflexum	Sciuro-hypnum		MATCHED
Sciuro-hypnum starkei (Brid.) Ignatov &amp; Huttunen	Sciuro-hypnum starkei	Sciuro-hypnum		MATCHED
Scleranthus annuus L. [s.str.]	Scleranthus annuus	Scleranthus		MATCHED
Scleranthus perennis L.	Scleranthus perennis	Scleranthus	17	MATCHED
Sclerochloa dura (L.) P. Beauv.	Sclerochloa dura	Sclerochloa	14	MATCHED
Scleropodium touretii (Brid.) L. F. Koch	Scleropodium touretii	Scleropodium	14	MATCHED
Scolymus hispanicus L.	Scolymus hispanicus	Scolymus		MATCHED
Scopolia carniolica Jacq.	Scopolia carniolica	Scopolia		MATCHED
Scorpidium cossonii (Schimp.) Hedenäs	Scorpidium cossonii	Scorpidium		MATCHED
Scorpidium revolvens (Sw.) Rubers	Scorpidium revolvens	Scorpidium		MATCHED
Scorpidium scorpioides (Hedw.) Limpr.	Scorpidium scorpioides	Scorpidium		MATCHED
Scorpiurium circinatum (Brid.) M. Fleisch. &amp; Loeske	Scorpiurium circinatum	Scorpiurium		MATCHED
Scorzonera aristata Ramond ex DC.	Scorzonera aristata	Scorzonera		MATCHED
Scorzonera austriaca Willd.	Scorzonera austriaca	Scorzonera		MATCHED
Scorzonera cana (C. A. Mey.) Griseb.	Scorzonera cana	Scorzonera	17	MATCHED
Scorzonera hispanica L.	Scorzonera hispanica	Scorzonera		MATCHED
Scorzonera humilis L.	Scorzonera humilis	Scorzonera	13	MATCHED
Scorzonera laciniata L.	Scorzonera laciniata	Scorzonera		MATCHED
Scorzonera villosa Scop.	Scorzonera villosa	Scorzonera		MATCHED
Scrophularia nodosa L.	Scrophularia nodosa	Scrophularia		MATCHED
Scrophularia umbrosa Dumort. [s.l.]	Scrophularia umbrosa	Scrophularia		MATCHED
Scrophularia vernalis L.	Scrophularia vernalis	Scrophularia		MATCHED
Scutellaria galericulata L.	Scutellaria galericulata	Scutellaria		MATCHED
Scutellaria hastifolia L.	Scutellaria hastifolia	Scutellaria	12	MATCHED
Sedum acre L.	Sedum acre	Sedum		MATCHED
Sedum album L.	Sedum album	Sedum		MATCHED
Sedum annuum L.	Sedum annuum	Sedum	17	MATCHED
Sedum hispanicum L.	Sedum hispanicum	Sedum		MATCHED
Sedum sarmentosum Bunge	Sedum sarmentosum	Sedum		MATCHED
Sedum sexangulare L.	Sedum sexangulare	Sedum		MATCHED
Sedum villosum L.	Sedum villosum	Sedum	17	MATCHED
Selaginella selaginoides (L.) Mart. &amp; Schrank	Selaginella selaginoides	Selaginella		MATCHED
Seligeria calcarea (Hedw.) Bruch &amp; Schimp.	Seligeria calcarea	Seligeria	12	MATCHED
Seligeria donniana (Sm.) Müll. Hal.	Seligeria donniana	Seligeria	13	MATCHED
Seligeria pusilla (Hedw.) Bruch &amp; Schimp.	Seligeria pusilla	Seligeria		MATCHED
Selinum carvifolia (L.) L.	Selinum carvifolia	Selinum		MATCHED
Sempervivum tectorum L.	Sempervivum tectorum	Sempervivum	25	MATCHED
Senecio doria L.	Senecio doria	Senecio	14	MATCHED
Senecio doronicum (L.) L.	Senecio doronicum	Senecio		MATCHED
Senecio erucifolius L.	Senecio erucifolius	Senecio		MATCHED
Senecio inaequidens DC.	Senecio inaequidens	Senecio		MATCHED
Senecio nemorensis L. [s.str.]	Senecio nemorensis	Senecio		MATCHED
Senecio sarracenicus L.	Senecio sarracenicus	Senecio		MATCHED
Senecio squalidus L.	Senecio squalidus	Senecio		MATCHED
Senecio sylvaticus L.	Senecio sylvaticus	Senecio		MATCHED
Senecio viscosus L.	Senecio viscosus	Senecio		MATCHED
Senecio vulgaris L.	Senecio vulgaris	Senecio		MATCHED
Sequoiadendron giganteum (Lindl.) J.Buchholz	Sequoiadendron giganteum	Sequoiadendron		MATCHED
Serratula tinctoria L. [s.l.]	Serratula tinctoria	Serratula		MATCHED
Seseli tortuosum L.	Seseli tortuosum	Seseli	17	MATCHED
Sesleria caerulea (L.) Ard. [s.l.]	Sesleria caerulea	Sesleria		MATCHED
Setaria italica (L.) P. Beauv. [s.l.]	Setaria italica	Setaria		MATCHED
Setaria pumila (Poir.) Roem. &amp; Schult.	Setaria pumila	Setaria		MATCHED
Setaria verticillata (L.) P. Beauv.	Setaria verticillata	Setaria		MATCHED
Setaria viridis (L.) P. Beauv. [s.l.]	Setaria viridis	Setaria		MATCHED
Sherardia arvensis L.	Sherardia arvensis	Sherardia		MATCHED
Sibbaldia procumbens L.	Sibbaldia procumbens	Sibbaldia		MATCHED
Sicyos angulatus L.	Sicyos angulatus	Sicyos		MATCHED
Silaum silaus (L.) Schinz &amp; Thell.	Silaum silaus	Silaum		MATCHED
Silene acaulis (L.) Jacq. [s.l.]	Silene acaulis	Silene		MATCHED
Silene baccifera (L.) Roth	Silene baccifera	Silene		MATCHED
Silene conica L.	Silene conica	Silene		MATCHED
Silene coronaria (L.) Clairv.	Silene coronaria	Silene		MATCHED
Silene dichotoma Ehrh.	Silene dichotoma	Silene		MATCHED
Silene dioica (L.) Clairv.	Silene dioica	Silene		MATCHED
Silene gallica L.	Silene gallica	Silene	12	MATCHED
Silene italica (L.) Pers. [s.l.]	Silene italica	Silene		MATCHED
Silene latifolia Poir.	Silene latifolia	Silene		MATCHED
Silene linicola C. C. Gmel.	Silene linicola	Silene	10	MATCHED
Silene nemoralis Waldst. &amp; Kit.	Silene nemoralis	Silene		MATCHED
Silene noctiflora L.	Silene noctiflora	Silene		MATCHED
Silene nutans L. [s.l.]	Silene nutans	Silene		MATCHED
Silene otites (L.) Wibel	Silene otites	Silene		MATCHED
Silene saxifraga L.	Silene saxifraga	Silene		MATCHED
Silene viridiflora L.	Silene viridiflora	Silene		MATCHED
Silene vulgaris (Moench) Garcke [s.l.]	Silene vulgaris	Silene		MATCHED
Silybum marianum (L.) Gaertn.	Silybum marianum	Silybum		MATCHED
Sinapis alba L.	Sinapis alba	Sinapis		MATCHED
Sinapis arvensis L.	Sinapis arvensis	Sinapis		MATCHED
Sisymbrium altissimum L.	Sisymbrium altissimum	Sisymbrium		MATCHED
Sisymbrium loeselii L.	Sisymbrium loeselii	Sisymbrium		MATCHED
Sisymbrium officinale (L.) Scop.	Sisymbrium officinale	Sisymbrium		MATCHED
Sisymbrium orientale L.	Sisymbrium orientale	Sisymbrium		MATCHED
Sisymbrium strictissimum L.	Sisymbrium strictissimum	Sisymbrium		MATCHED
Sium latifolium L.	Sium latifolium	Sium	13	MATCHED
Smyrnium perfoliatum L.	Smyrnium perfoliatum	Smyrnium		MATCHED
Solanum dulcamara L.	Solanum dulcamara	Solanum		MATCHED
Solanum lycopersicum L.	Solanum lycopersicum	Solanum		MATCHED
Solanum melongena L.	Solanum melongena	Solanum		MATCHED
Solanum nigrum L. [s.l.]	Solanum nigrum	Solanum		MATCHED
Solanum tuberosum L.	Solanum tuberosum	Solanum		MATCHED
Soldanella alpina L.	Soldanella alpina	Soldanella		MATCHED
Soldanella minima Hoppe	Soldanella minima	Soldanella		MATCHED
Soldanella pusilla Baumg.	Soldanella pusilla	Soldanella		MATCHED
Soleirolia soleirolii (Req.) Dandy	Soleirolia soleirolii	Soleirolia		MATCHED
Solenostoma confertissimum (Nees) Schljakov	Solenostoma confertissimum	Solenostoma		MATCHED
Solenostoma gracillimum (Sm.) R.M. Schust.	Solenostoma gracillimum	Solenostoma		MATCHED
Solenostoma sphaerocarpum (Hook.) Steph.	Solenostoma sphaerocarpum	Solenostoma		MATCHED
Solenostoma subellipticum (Heeg) R.M. Schust.	Solenostoma subellipticum	Solenostoma	14	MATCHED
Solidago canadensis L.	Solidago canadensis	Solidago		MATCHED
Solidago gigantea Aiton	Solidago gigantea	Solidago		MATCHED
Solidago virgaurea L. [s. l.]	Solidago virgaurea	Solidago		MATCHED
Sonchus arvensis L.	Sonchus arvensis	Sonchus		MATCHED
Sonchus asper (L.) Hill [s.l.]	Sonchus asper	Sonchus		MATCHED
Sonchus maritimus L.	Sonchus maritimus	Sonchus		MATCHED
Sonchus oleraceus L.	Sonchus oleraceus	Sonchus		MATCHED
Sonchus palustris L.	Sonchus palustris	Sonchus		MATCHED
Sorbus aria (L.) Crantz [s.str.]	Sorbus aria	Sorbus		MATCHED
Sorbus aucuparia L. [s.l.]	Sorbus aucuparia	Sorbus		MATCHED
Sorbus torminalis (L.) Crantz	Sorbus torminalis	Sorbus		MATCHED
Sorghum halepense (L.) Pers.	Sorghum halepense	Sorghum		MATCHED
Sparganium emersum Rehmann	Sparganium emersum	Sparganium		MATCHED
Sparganium erectum L. [s.str.]	Sparganium erectum	Sparganium		MATCHED
Sparganium natans L.	Sparganium natans	Sparganium	11	MATCHED
Spartium junceum L.	Spartium junceum	Spartium		MATCHED
Spergula arvensis L.	Spergula arvensis	Spergula		MATCHED
Spergularia marina (L.) Besser	Spergularia marina	Spergularia	13	MATCHED
Spergularia media (L.) C. Presl	Spergularia media	Spergularia	13	MATCHED
Spergularia rubra (L.) J. &amp; C. Presl	Spergularia rubra	Spergularia		MATCHED
Sphagnum angustifolium (Russow) C. E. O. Jensen	Sphagnum angustifolium	Sphagnum	9, 13, 25, 27	MATCHED
Sphagnum capillifolium (Ehrh.) Hedw.	Sphagnum capillifolium	Sphagnum	9, 25, 27	MATCHED
Sphagnum centrale C. E. O. Jensen	Sphagnum centrale	Sphagnum	9, 13, 25, 27	MATCHED
Sphagnum compactum DC.	Sphagnum compactum	Sphagnum	9, 12, 25, 27	MATCHED
Sphagnum contortum Schultz	Sphagnum contortum	Sphagnum	9, 25, 27	MATCHED
Sphagnum cuspidatum Hoffm.	Sphagnum cuspidatum	Sphagnum	9, 25, 27	MATCHED
Sphagnum divinum Flatberg &amp; Hassel	Sphagnum divinum	Sphagnum	9, 25, 27	MATCHED
Sphagnum fallax (H. Klinggr.) H. Klinggr.	Sphagnum fallax	Sphagnum	9, 25, 27	MATCHED
Sphagnum fimbriatum Wilson	Sphagnum fimbriatum	Sphagnum	9, 12, 25, 27	MATCHED
Sphagnum fuscum (Schimp.) H. Klinggr.	Sphagnum fuscum	Sphagnum	9, 13, 25, 27	MATCHED
Sphagnum girgensohnii Russow	Sphagnum girgensohnii	Sphagnum	9, 25, 27	MATCHED
Sphagnum inundatum Russow	Sphagnum inundatum	Sphagnum	9, 25, 27	MATCHED
Sphagnum majus (Russow) C. E. O. Jensen	Sphagnum majus	Sphagnum	9, 13, 25, 27	MATCHED
Sphagnum medium Limpr.	Sphagnum medium	Sphagnum	9, 25, 27	MATCHED
Sphagnum palustre L.	Sphagnum palustre	Sphagnum	9, 25, 27	MATCHED
Sphagnum papillosum Lindb.	Sphagnum papillosum	Sphagnum	9, 13, 25, 27	MATCHED
Sphagnum pulchrum (Braithw.) Warnst.	Sphagnum pulchrum	Sphagnum	9, 13, 25, 27	MATCHED
Sphagnum riparium Ångstr.	Sphagnum riparium	Sphagnum	9, 12, 25, 27	MATCHED
Sphagnum rubellum Wilson	Sphagnum rubellum	Sphagnum	9, 25, 27	MATCHED
Sphagnum russowii Warnst.	Sphagnum russowii	Sphagnum	9, 25, 27	MATCHED
Sphagnum squarrosum Crome	Sphagnum squarrosum	Sphagnum	9, 25, 27	MATCHED
Sphagnum subsecundum Nees	Sphagnum subsecundum	Sphagnum	9, 25, 27	MATCHED
Sphagnum tenellum (Brid.) Bory	Sphagnum tenellum	Sphagnum	9, 13, 25, 27	MATCHED
Sphenolobus minutus (Schreb.) Berggr.	Sphenolobus minutus	Sphenolobus		MATCHED
Spinacia oleracea L.	Spinacia oleracea	Spinacia		MATCHED
Spiraea chamaedryfolia L.	Spiraea chamaedryfolia	Spiraea		MATCHED
Spiraea japonica L. f.	Spiraea japonica	Spiraea		MATCHED
Spiraea media F. Schmidt [s.l.]	Spiraea media	Spiraea	14	MATCHED
Spiraea salicifolia L.	Spiraea salicifolia	Spiraea		MATCHED
Spiranthes spiralis (L.) Chevall.	Spiranthes spiralis	Spiranthes	13, 25, 27	MATCHED
Spirodela polyrhiza (L.) Schleid.	Spirodela polyrhiza	Spirodela	13	MATCHED
Splachnum sphaericum Hedw.	Splachnum sphaericum	Splachnum	12	MATCHED
Sporobolus indicus (L.) R. Br.	Sporobolus indicus	Sporobolus		MATCHED
Sporobolus neglectus Nash	Sporobolus neglectus	Sporobolus		MATCHED
Sporobolus vaginiflorus (Torr. ex A. Gray) Wood	Sporobolus vaginiflorus	Sporobolus		MATCHED
Stachys alpina L.	Stachys alpina	Stachys		MATCHED
Stachys arvensis (L.) L.	Stachys arvensis	Stachys	17	MATCHED
Stachys byzantina K. Koch	Stachys byzantina	Stachys		MATCHED
Stachys germanica L.	Stachys germanica	Stachys		MATCHED
Stachys palustris L.	Stachys palustris	Stachys		MATCHED
Stachys sylvatica L.	Stachys sylvatica	Stachys		MATCHED
Staphylea pinnata L.	Staphylea pinnata	Staphylea		MATCHED
Stegonia latifolia (Schwägr.) Broth.	Stegonia latifolia	Stegonia	12	MATCHED
Stellaria alsine Grimm	Stellaria alsine	Stellaria		MATCHED
Stellaria graminea L.	Stellaria graminea	Stellaria		MATCHED
Stellaria media (L.) Vill. [s.str.]	Stellaria media	Stellaria		MATCHED
Stellaria neglecta Weihe	Stellaria neglecta	Stellaria		MATCHED
Stellaria nemorum L.	Stellaria nemorum	Stellaria		MATCHED
Stellaria pallida (Dumort.) Piré	Stellaria pallida	Stellaria		MATCHED
Stereodon callichrous (Brid.) Brid.	Stereodon callichrous	Stereodon	14	MATCHED
Stereodon hamulosus (Schimp.) Lindb.	Stereodon hamulosus	Stereodon	13	MATCHED
Stereodon pratensis (Spruce) Warnst.	Stereodon pratensis	Stereodon		MATCHED
Sternbergia lutea (L.) Ker Gawl. ex Spreng.	Sternbergia lutea	Sternbergia	10	MATCHED
Straminergon stramineum (Brid.) Hedenäs	Straminergon stramineum	Straminergon	13	MATCHED
Stratiotes aloides L.	Stratiotes aloides	Stratiotes	12	MATCHED
Streblotrichum convolutum (Hedw.) P. Beauv.	Streblotrichum convolutum	Streblotrichum		MATCHED
Streblotrichum enderesii (Garov.) Loeske	Streblotrichum enderesii	Streblotrichum	14	MATCHED
Streptopus amplexifolius (L.) DC.	Streptopus amplexifolius	Streptopus	13	MATCHED
Styphnolobium japonicum (L.) Schott	Styphnolobium japonicum	Styphnolobium		MATCHED
Suaeda maritima (L.) Dumort.	Suaeda maritima	Suaeda	13	MATCHED
Succisa pratensis Moench	Succisa pratensis	Succisa		MATCHED
Succisella inflexa (Kluk) Beck	Succisella inflexa	Succisella	13	MATCHED
Swertia perennis L.	Swertia perennis	Swertia	17	MATCHED
Symphoricarpos albus (L.) Blake	Symphoricarpos albus	Symphoricarpos		MATCHED
Symphyotrichum novi-belgii L.	Symphyotrichum novi-belgii	Symphyotrichum		MATCHED
Symphyotrichum tradescantii (L.) G. L. Nesom	Symphyotrichum tradescantii	Symphyotrichum		MATCHED
Symphytum asperum Lepechin	Symphytum asperum	Symphytum		MATCHED
Symphytum bulbosum Schimp.	Symphytum bulbosum	Symphytum	14	MATCHED
Symphytum officinale L. [s.l.]	Symphytum officinale	Symphytum		MATCHED
Symphytum tuberosum L. [s.l.]	Symphytum tuberosum	Symphytum		MATCHED
Syntrichia laevipila Brid.	Syntrichia laevipila	Syntrichia	12, 13	MATCHED
Syntrichia latifolia (Hartm.) Huebener	Syntrichia latifolia	Syntrichia	12	MATCHED
Syntrichia montana Nees	Syntrichia montana	Syntrichia		MATCHED
Syntrichia norvegica F. Weber	Syntrichia norvegica	Syntrichia		MATCHED
Syntrichia papillosa (Spruce) Spruce	Syntrichia papillosa	Syntrichia	14	MATCHED
Syntrichia ruralis (Hedw.) F. Weber &amp; D. Mohr	Syntrichia ruralis	Syntrichia		MATCHED
Syringa vulgaris L.	Syringa vulgaris	Syringa		MATCHED
Syzygiella autumnalis (DC.) K. Feldberg, Váňa, Hentschel &amp; Heinrichs	Syzygiella autumnalis	Syzygiella		MATCHED
Tagetes erecta L.	Tagetes erecta	Tagetes		MATCHED
Tamarix gallica L.	Tamarix gallica	Tamarix		MATCHED
Tamarix parviflora DC.	Tamarix parviflora	Tamarix		MATCHED
Tanacetum corymbosum (L.) Sch. Bip. [s.l.]	Tanacetum corymbosum	Tanacetum		MATCHED
Tanacetum macrophyllum (Waldst. &amp; Kit.) Sch. Bip.	Tanacetum macrophyllum	Tanacetum	14	MATCHED
Tanacetum parthenium (L.) Sch. Bip.	Tanacetum parthenium	Tanacetum		MATCHED
Tanacetum vulgare L.	Tanacetum vulgare	Tanacetum		MATCHED
Taraxacum alpinum (Hoppe) Hegetschw. &amp; Heer	Taraxacum alpinum	Taraxacum		MATCHED
Taraxacum erythrospermum Andrz. ex Besser	Taraxacum erythrospermum	Taraxacum		MATCHED
Taraxacum laevigatum (Willd.) DC.	Taraxacum laevigatum	Taraxacum		MATCHED
Taraxacum officinale Weber [s.l.]	Taraxacum officinale	Taraxacum		MATCHED
Taraxacum serotinum (Waldst. &amp; Kit.) Poir.	Taraxacum serotinum	Taraxacum		MATCHED
Taxiphyllum wissgrillii (Garov.) Wijk &amp; Margad.	Taxiphyllum wissgrillii	Taxiphyllum		MATCHED
Taxodium distichum (L.) Rich.	Taxodium distichum	Taxodium		MATCHED
Taxus baccata L.	Taxus baccata	Taxus	18, 25	MATCHED
Telekia speciosa (Schreb.) Baumg.	Telekia speciosa	Telekia		MATCHED
Tephroseris crispa (Jacq.) Rchb.	Tephroseris crispa	Tephroseris		MATCHED
Tephroseris integrifolia (L.) Holub	Tephroseris integrifolia	Tephroseris		MATCHED
Tetraphis pellucida Hedw.	Tetraphis pellucida	Tetraphis		MATCHED
Tetraplodon mnioides (Hedw.) Bruch &amp; Schimp.	Tetraplodon mnioides	Tetraplodon	12	MATCHED
Tetrodontium brownianum (Dicks.) Schwägr.	Tetrodontium brownianum	Tetrodontium	12	MATCHED
Teucrium botrys L.	Teucrium botrys	Teucrium		MATCHED
Teucrium capitatum L.	Teucrium capitatum	Teucrium		MATCHED
Teucrium chamaedrys L.	Teucrium chamaedrys	Teucrium		MATCHED
Teucrium montanum L.	Teucrium montanum	Teucrium		MATCHED
Teucrium scordium L.	Teucrium scordium	Teucrium	13	MATCHED
Teucrium scorodonia L.	Teucrium scorodonia	Teucrium		MATCHED
Thalictrum aquilegiifolium L.	Thalictrum aquilegiifolium	Thalictrum		MATCHED
Thalictrum flavum L.	Thalictrum flavum	Thalictrum		MATCHED
Thalictrum lucidum L.	Thalictrum lucidum	Thalictrum		MATCHED
Thalictrum minus L. [s.l.]	Thalictrum minus	Thalictrum		MATCHED
Thalictrum simplex L. [s.l.]	Thalictrum simplex	Thalictrum	13	MATCHED
Thamnobryum alopecurum (Hedw.) Gangulee	Thamnobryum alopecurum	Thamnobryum		MATCHED
Thelypteris palustris Schott	Thelypteris palustris	Thelypteris	13	MATCHED
Thesium alpinum L.	Thesium alpinum	Thesium		MATCHED
Thladiantha dubia Bunge	Thladiantha dubia	Thladiantha		MATCHED
Thlaspi arvense L.	Thlaspi arvense	Thlaspi		MATCHED
Thuidium assimile (Mitt.) A. Jaeger	Thuidium assimile	Thuidium		MATCHED
Thuidium delicatulum (Hedw.) Schimp.	Thuidium delicatulum	Thuidium		MATCHED
Thuidium recognitum (Hedw.) Lindb.	Thuidium recognitum	Thuidium		MATCHED
Thuidium tamariscinum (Hedw.) Schimp.	Thuidium tamariscinum	Thuidium		MATCHED
Thuja occidentalis L.	Thuja occidentalis	Thuja		MATCHED
Thujopsis dolabrata (Thunb. ex L.f.) Siebold &amp; Zucc.	Thujopsis dolabrata	Thujopsis		MATCHED
Thymus praecox Opiz	Thymus praecox	Thymus		MATCHED
Thymus pulegioides L.	Thymus pulegioides	Thymus		MATCHED
Thymus serpyllum L.	Thymus serpyllum	Thymus		MATCHED
Thymus vulgaris L.	Thymus vulgaris	Thymus		MATCHED
Tilia cordata Mill.	Tilia cordata	Tilia		MATCHED
Tilia platyphyllos Scop.	Tilia platyphyllos	Tilia		MATCHED
Timmia bavarica Hessl.	Timmia bavarica	Timmia		MATCHED
Timmia norvegica J. E. Zetterst.	Timmia norvegica	Timmia		MATCHED
Timmiella anomala (Bruch &amp; Schimp.) Limpr.	Timmiella anomala	Timmiella	12	MATCHED
Tomentypnum nitens (Hedw.) Loeske	Tomentypnum nitens	Tomentypnum		MATCHED
Tordylium apulum L.	Tordylium apulum	Tordylium	17	MATCHED
Tordylium maximum L.	Tordylium maximum	Tordylium	17	MATCHED
Torilis arvensis (Huds.) Link [s.l.]	Torilis arvensis	Torilis		MATCHED
Torilis japonica (Houtt.) DC.	Torilis japonica	Torilis		MATCHED
Torilis nodosa (L.) Gaertn.	Torilis nodosa	Torilis		MATCHED
Torreya nucifera (L.) Siebold &amp; Zucc.	Torreya nucifera	Torreya		MATCHED
Tortella densa (Lorentz &amp; Molendo) Crundw. &amp; Nyholm	Tortella densa	Tortella	14	MATCHED
Tortella fragilis (Drumm.) Limpr.	Tortella fragilis	Tortella		MATCHED
Tortella humilis (Hedw.) Jenn.	Tortella humilis	Tortella	14	MATCHED
Tortella inclinata (R. Hedw.) Limpr.	Tortella inclinata	Tortella		MATCHED
Tortella inflexa (Bruch) Broth.	Tortella inflexa	Tortella	13	MATCHED
Tortella nitida (Lindb.) Broth.	Tortella nitida	Tortella		MATCHED
Tortella tortuosa (Hedw.) Limpr.	Tortella tortuosa	Tortella		MATCHED
Tortula acaulon (With.) R. H. Zander	Tortula acaulon	Tortula		MATCHED
Tortula atrovirens (Sm.) Lindb.	Tortula atrovirens	Tortula	12	MATCHED
Tortula canescens Mont.	Tortula canescens	Tortula	13	MATCHED
Tortula caucasica Broth.	Tortula caucasica	Tortula		MATCHED
Tortula cernua (Huebener) Lindb.	Tortula cernua	Tortula	11	MATCHED
Tortula hoppeana (Schultz) Ochyra	Tortula hoppeana	Tortula		MATCHED
Tortula inermis (Brid.) Mont.	Tortula inermis	Tortula	14	MATCHED
Tortula laureri (Schultz) Lindb.	Tortula laureri	Tortula	13	MATCHED
Tortula lindbergii Broth.	Tortula lindbergii	Tortula		MATCHED
Tortula mucronifolia Schwägr.	Tortula mucronifolia	Tortula	14	MATCHED
Tortula muralis Hedw.	Tortula muralis	Tortula		MATCHED
Tortula protobryoides R. H. Zander	Tortula protobryoides	Tortula	13	MATCHED
Tortula schimperi M. J. Cano, O. Werner &amp; J. Guerra	Tortula schimperi	Tortula		MATCHED
Tortula subulata Hedw.	Tortula subulata	Tortula		MATCHED
Tortula truncata (Hedw.) Mitt.	Tortula truncata	Tortula	14	MATCHED
Tozzia alpina L.	Tozzia alpina	Tozzia		MATCHED
Trachycarpus fortunei (Hook.) H.Wendl.	Trachycarpus fortunei	Trachycarpus		MATCHED
Tragopogon dubius Scop.	Tragopogon dubius	Tragopogon		MATCHED
Tragopogon porrifolius L.	Tragopogon porrifolius	Tragopogon	13	MATCHED
Tragopogon pratensis L. [s.l.]	Tragopogon pratensis	Tragopogon		MATCHED
Tragus racemosus All.	Tragus racemosus	Tragus	14	MATCHED
Trapa natans L.	Trapa natans	Trapa	13, 51	MATCHED
Tribulus terrestris L.	Tribulus terrestris	Tribulus	10	MATCHED
Trichocolea tomentella (Ehrh.) Dumort.	Trichocolea tomentella	Trichocolea		MATCHED
Trichodon cylindricus (Hedw.) Schimp.	Trichodon cylindricus	Trichodon		MATCHED
Trichophorum alpinum (L.) Pers.	Trichophorum alpinum	Trichophorum	13	MATCHED
Trichophorum cespitosum (L.) Hartm.	Trichophorum cespitosum	Trichophorum	13	MATCHED
Trichostomum brachydontium Bruch	Trichostomum brachydontium	Trichostomum		MATCHED
Trichostomum crispulum Bruch	Trichostomum crispulum	Trichostomum		MATCHED
Trifolium alpestre L.	Trifolium alpestre	Trifolium		MATCHED
Trifolium angustifolium L.	Trifolium angustifolium	Trifolium		MATCHED
Trifolium arvense L.	Trifolium arvense	Trifolium		MATCHED
Trifolium aureum Pollich	Trifolium aureum	Trifolium		MATCHED
Trifolium campestre Schreb.	Trifolium campestre	Trifolium		MATCHED
Trifolium cherleri L.	Trifolium cherleri	Trifolium	10	MATCHED
Trifolium dubium Sibth.	Trifolium dubium	Trifolium		MATCHED
Trifolium fragiferum L. [s.l.]	Trifolium fragiferum	Trifolium		MATCHED
Trifolium hybridum L.	Trifolium hybridum	Trifolium		MATCHED
Trifolium incarnatum L. [s.l.]	Trifolium incarnatum	Trifolium		MATCHED
Trifolium medium L. [s.l.]	Trifolium medium	Trifolium		MATCHED
Trifolium montanum L.	Trifolium montanum	Trifolium		MATCHED
Trifolium ochroleucon Huds.	Trifolium ochroleucon	Trifolium		MATCHED
Trifolium pannonicum Jacq.	Trifolium pannonicum	Trifolium	14	MATCHED
Trifolium pratense L. [s.l.]	Trifolium pratense	Trifolium		MATCHED
Trifolium repens L.	Trifolium repens	Trifolium		MATCHED
Trifolium resupinatum L.	Trifolium resupinatum	Trifolium	12	MATCHED
Trifolium scabrum L.	Trifolium scabrum	Trifolium		MATCHED
Trifolium spadiceum L.	Trifolium spadiceum	Trifolium	14	MATCHED
Trifolium squamosum L.	Trifolium squamosum	Trifolium	17	MATCHED
Trifolium striatum L.	Trifolium striatum	Trifolium	17	MATCHED
Trifolium subterraneum L.	Trifolium subterraneum	Trifolium	10	MATCHED
Trigonella caerulea (L.) Ser.	Trigonella caerulea	Trigonella		MATCHED
Trilophozia quinquedentata (Huds.) Bakalin	Trilophozia quinquedentata	Trilophozia		MATCHED
Trinia glauca (L.) Dumort.	Trinia glauca	Trinia		MATCHED
Trisetum flavescens (L.) P. Beauv.	Trisetum flavescens	Trisetum		MATCHED
Trisetum spicatum (L.) K. Richt. [s.l.]	Trisetum spicatum	Trisetum	14	MATCHED
Triticum aestivum L. em. Fiori &amp; Paol.	Triticum aestivum	Triticum		MATCHED
Tritomaria exsecta (Schrad.) Loeske	Tritomaria exsecta	Tritomaria		MATCHED
Tritomaria exsectiformis (Breidl.) Loeske	Tritomaria exsectiformis	Tritomaria		MATCHED
Trollius europaeus L.	Trollius europaeus	Trollius		MATCHED
Tropaeolum majus L.	Tropaeolum majus	Tropaeolum		MATCHED
Tsuga canadensis (L.) Carrière	Tsuga canadensis	Tsuga		MATCHED
Tsuga heterophylla (Raf.) Sarg.	Tsuga heterophylla	Tsuga		MATCHED
Tsuga sieboldii Carrière	Tsuga sieboldii	Tsuga		MATCHED
Turgenia latifolia (L.) Hoffm.	Turgenia latifolia	Turgenia		MATCHED
Tussilago farfara L.	Tussilago farfara	Tussilago		MATCHED
Typha latifolia L.	Typha latifolia	Typha		MATCHED
Ulex europaeus L.	Ulex europaeus	Ulex		MATCHED
Ulmus glabra Huds.	Ulmus glabra	Ulmus		MATCHED
Ulmus laevis Pall.	Ulmus laevis	Ulmus		MATCHED
Ulmus minor Mill.	Ulmus minor	Ulmus		MATCHED
Ulota coarctata (P. Beauv.) Hammar	Ulota coarctata	Ulota		MATCHED
Ulota crispa (Hedw.) Brid.	Ulota crispa	Ulota		MATCHED
Ulothrix zonata (F. Weber &amp; Mohr) Kützing, 1833	Ulothrix zonata	Ulothrix		MATCHED
Ulva clathrata (Roth) C. Agardh, 1811	Ulva clathrata	Ulva		MATCHED
Ulva compressa Linnaeus, 1753	Ulva compressa	Ulva		MATCHED
Ulva intestinalis Linnaeus, 1753	Ulva intestinalis	Ulva		MATCHED
Ulva prolifera O.F. Müller, 1778	Ulva prolifera	Ulva		MATCHED
Ulva rigida C. Agardh, 1823	Ulva rigida	Ulva		MATCHED
Urospermum picroides (L.) Desf.	Urospermum picroides	Urospermum	14	MATCHED
Urtica dioica L.	Urtica dioica	Urtica		MATCHED
Urtica urens L.	Urtica urens	Urtica		MATCHED
Utricularia australis R. Br.	Utricularia australis	Utricularia	12	MATCHED
Utricularia intermedia Hayne	Utricularia intermedia	Utricularia	13	MATCHED
Utricularia minor L.	Utricularia minor	Utricularia	13	MATCHED
Utricularia vulgaris L.	Utricularia vulgaris	Utricularia	13	MATCHED
Vaccinium corymbosum L.	Vaccinium corymbosum	Vaccinium		MATCHED
Vaccinium myrtillus L.	Vaccinium myrtillus	Vaccinium		MATCHED
Vaccinium uliginosum L.	Vaccinium uliginosum	Vaccinium	13	MATCHED
Vaccinium vitis-idaea L.	Vaccinium vitis-idaea	Vaccinium		MATCHED
Valeriana dioica L.	Valeriana dioica	Valeriana		MATCHED
Valeriana officinalis L. [s.str.]	Valeriana officinalis	Valeriana		MATCHED
Valerianella carinata Loisel.	Valerianella carinata	Valerianella		MATCHED
Valerianella dentata (L.) Pollich	Valerianella dentata	Valerianella		MATCHED
Valerianella locusta (L.) Laterr.	Valerianella locusta	Valerianella		MATCHED
Valerianella rimosa Van Bast.	Valerianella rimosa	Valerianella		MATCHED
Veratrum album L. [s.l.]	Veratrum album	Veratrum		MATCHED
Veratrum nigrum L.	Veratrum nigrum	Veratrum	13	MATCHED
Verbascum blattaria L.	Verbascum blattaria	Verbascum		MATCHED
Verbascum nigrum L.	Verbascum nigrum	Verbascum		MATCHED
Verbascum phlomoides L.	Verbascum phlomoides	Verbascum		MATCHED
Verbascum phoeniceum L.	Verbascum phoeniceum	Verbascum		MATCHED
Verbascum pulverulentum Vill.	Verbascum pulverulentum	Verbascum		MATCHED
Verbascum thapsus L.	Verbascum thapsus	Verbascum		MATCHED
Verbena officinalis L.	Verbena officinalis	Verbena		MATCHED
Veronica agrestis L.	Veronica agrestis	Veronica		MATCHED
Veronica alpina L.	Veronica alpina	Veronica		MATCHED
Veronica anagallis-aquatica L.	Veronica anagallis-aquatica	Veronica		MATCHED
Veronica arvensis L.	Veronica arvensis	Veronica		MATCHED
Veronica beccabunga L.	Veronica beccabunga	Veronica		MATCHED
Veronica catenata Pennell	Veronica catenata	Veronica	13	MATCHED
Veronica chamaedrys L.	Veronica chamaedrys	Veronica		MATCHED
Veronica filiformis Sm.	Veronica filiformis	Veronica		MATCHED
Veronica fruticans Jacq.	Veronica fruticans	Veronica		MATCHED
Veronica hederifolia L. [s.str.]	Veronica hederifolia	Veronica		MATCHED
Veronica montana L.	Veronica montana	Veronica		MATCHED
Veronica officinalis L.	Veronica officinalis	Veronica		MATCHED
Veronica peregrina L. [s.l.]	Veronica peregrina	Veronica		MATCHED
Veronica persica Poir.	Veronica persica	Veronica		MATCHED
Veronica polita Fr.	Veronica polita	Veronica		MATCHED
Veronica praecox All.	Veronica praecox	Veronica	17	MATCHED
Veronica scutellata L.	Veronica scutellata	Veronica	13	MATCHED
Veronica serpyllifolia L. [s.l.]	Veronica serpyllifolia	Veronica		MATCHED
Veronica triloba (Opiz) Kern.	Veronica triloba	Veronica		MATCHED
Veronica triphyllos L.	Veronica triphyllos	Veronica		MATCHED
Veronica verna L.	Veronica verna	Veronica	17	MATCHED
Viburnum lantana L.	Viburnum lantana	Viburnum		MATCHED
Viburnum opulus L.	Viburnum opulus	Viburnum		MATCHED
Viburnum rhytidophyllum Hemsl.	Viburnum rhytidophyllum	Viburnum		MATCHED
Viburnum tinus L.	Viburnum tinus	Viburnum		MATCHED
Vicia articulata Hornem.	Vicia articulata	Vicia		MATCHED
Vicia bithynica (L.) L.	Vicia bithynica	Vicia		MATCHED
Vicia cassubica L.	Vicia cassubica	Vicia		MATCHED
Vicia cracca L.	Vicia cracca	Vicia		MATCHED
Vicia dumetorum L.	Vicia dumetorum	Vicia		MATCHED
Vicia ervilia (L.) Willd.	Vicia ervilia	Vicia		MATCHED
Vicia faba L.	Vicia faba	Vicia		MATCHED
Vicia grandiflora Scop. [s.l.]	Vicia grandiflora	Vicia		MATCHED
Vicia hirsuta (L.) Gray	Vicia hirsuta	Vicia		MATCHED
Vicia incana Gouan	Vicia incana	Vicia		MATCHED
Vicia lathyroides L.	Vicia lathyroides	Vicia		MATCHED
Vicia lutea L.	Vicia lutea	Vicia		MATCHED
Vicia onobrychioides L.	Vicia onobrychioides	Vicia		MATCHED
Vicia pannonica Crantz	Vicia pannonica	Vicia		MATCHED
Vicia peregrina L.	Vicia peregrina	Vicia	14	MATCHED
Vicia pisiformis L.	Vicia pisiformis	Vicia		MATCHED
Vicia sativa L. [s.str.]	Vicia sativa	Vicia		MATCHED
Vicia sepium L.	Vicia sepium	Vicia		MATCHED
Vicia sylvatica L.	Vicia sylvatica	Vicia		MATCHED
Vicia tenuifolia Roth	Vicia tenuifolia	Vicia		MATCHED
Vicia tetrasperma (L.) Schreb.	Vicia tetrasperma	Vicia		MATCHED
Vicia villosa Roth [s.str.]	Vicia villosa	Vicia		MATCHED
Vinca major L.	Vinca major	Vinca		MATCHED
Vinca minor L.	Vinca minor	Vinca		MATCHED
Vincetoxicum hirundinaria Medik. [s.l.]	Vincetoxicum hirundinaria	Vincetoxicum		MATCHED
Viola alba Besser [s.l.]	Viola alba	Viola		MATCHED
Viola arvensis Murray	Viola arvensis	Viola		MATCHED
Viola biflora L.	Viola biflora	Viola		MATCHED
Viola canina L. [s.l.]	Viola canina	Viola		MATCHED
Viola collina Besser	Viola collina	Viola		MATCHED
Viola hirta L.	Viola hirta	Viola		MATCHED
Viola kitaibeliana Schult.	Viola kitaibeliana	Viola		MATCHED
Viola mirabilis L.	Viola mirabilis	Viola		MATCHED
Viola odorata L.	Viola odorata	Viola		MATCHED
Viola palustris L.	Viola palustris	Viola	12	MATCHED
Viola pinnata L.	Viola pinnata	Viola		MATCHED
Viola pyrenaica Ramond ex DC.	Viola pyrenaica	Viola	14	MATCHED
Viola reichenbachiana Boreau [s.str.]	Viola reichenbachiana	Viola		MATCHED
Viola riviniana Rchb.	Viola riviniana	Viola		MATCHED
Viola rupestris F. W. Schmidt	Viola rupestris	Viola		MATCHED
Viola sororia Willd.	Viola sororia	Viola		MATCHED
Viola suavis M. Bieb.	Viola suavis	Viola		MATCHED
Viola tricolor L. [s.l.]	Viola tricolor	Viola		MATCHED
Viola uliginosa Besser	Viola uliginosa	Viola	13	MATCHED
Viscaria vulgaris Bernh.	Viscaria vulgaris	Viscaria		MATCHED
Viscum album L. [s.str.]	Viscum album	Viscum		MATCHED
Viscum laxum Boiss. &amp; Reut.	Viscum laxum	Viscum		MATCHED
Vitis labrusca L.	Vitis labrusca	Vitis		MATCHED
Vitis vinifera L. [s.l.]	Vitis vinifera	Vitis		MATCHED
Warnstorfia fluitans (Hedw.) Loeske	Warnstorfia fluitans	Warnstorfia	13	MATCHED
Warnstorfia pseudostraminea (Müll. Hal.) Tuom. &amp; T. J. Kop.	Warnstorfia pseudostraminea	Warnstorfia		MATCHED
Weissia brachycarpa (Nees &amp; Hornsch.) Jur.	Weissia brachycarpa	Weissia		MATCHED
Weissia condensa (Voit) Lindb.	Weissia condensa	Weissia		MATCHED
Weissia controversa Hedw.	Weissia controversa	Weissia		MATCHED
Weissia levieri (Limpr.) Kindb.	Weissia levieri	Weissia	13	MATCHED
Weissia longifolia Mitt.	Weissia longifolia	Weissia		MATCHED
Weissia rostellata (Brid.) Lindb.	Weissia rostellata	Weissia	13	MATCHED
Weissia rutilans (Hedw.) Lindb.	Weissia rutilans	Weissia		MATCHED
Weissia squarrosa (Nees &amp; Hornsch.) Müll. Hal.	Weissia squarrosa	Weissia	13	MATCHED
Weissia wimmeriana (Sendtn.) Bruch &amp; Schimp.	Weissia wimmeriana	Weissia		MATCHED
Wisteria sinensis (Sims) Sweet	Wisteria sinensis	Wisteria		MATCHED
Woodsia alpina (Bolton) Gray	Woodsia alpina	Woodsia	14	MATCHED
Woodsia ilvensis (L.) R. Br.	Woodsia ilvensis	Woodsia	12	MATCHED
Xanthium spinosum L.	Xanthium spinosum	Xanthium		MATCHED
Xanthium strumarium L.	Xanthium strumarium	Xanthium		MATCHED
Xeranthemum annuum L.	Xeranthemum annuum	Xeranthemum	17	MATCHED
Xeranthemum cylindraceum Sibth. &amp; Sm.	Xeranthemum cylindraceum	Xeranthemum	17	MATCHED
Zannichellia palustris L.	Zannichellia palustris	Zannichellia	13	MATCHED
Zea mays L.	Zea mays	Zea		MATCHED
Zelkova carpinifolia (Pall.) K.Koch	Zelkova carpinifolia	Zelkova		MATCHED
Ziziphus jujuba Mill.	Ziziphus jujuba	Ziziphus		MATCHED
Zostera marina L.	Zostera marina	Zostera	14, 51	MATCHED
