Vrsta	Species_binomial	Genus	Statusi	BOLD_ITS2_status
Abies koreana E.H. Wilson	Abies koreana	Abies		NOT_MATCHED
Acalypha virginica L.	Acalypha virginica	Acalypha		NOT_MATCHED
Acaulon muticum (Hedw.) Müll. Hal.	Acaulon muticum	Acaulon	14	NOT_MATCHED
Acer ginnala Maxim.	Acer ginnala	Acer		NOT_MATCHED
Acer hyrcanum Fisch. &amp; Mey.	Acer hyrcanum	Acer		NOT_MATCHED
Acer monspessulanum L.	Acer monspessulanum	Acer		NOT_MATCHED
Acer obtusatum Waldst. &amp; Kit. ex Willd.	Acer obtusatum	Acer		NOT_MATCHED
Acetabularia acetabulum (Linnaeus) P.C. Silva, 1952	Acetabularia acetabulum	Acetabularia		NOT_MATCHED
Achillea clavenae L.	Achillea clavenae	Achillea		NOT_MATCHED
Achillea stricta (Koch) Schleich. ex Gremli	Achillea stricta	Achillea		NOT_MATCHED
Acinos alpinus (L.) Moench	Acinos alpinus	Acinos		NOT_MATCHED
Acinos arvensis (Lam.) Dandy [s.l.]	Acinos arvensis	Acinos		NOT_MATCHED
Aconitum angustifolium Bernh. ex Rchb.	Aconitum angustifolium	Aconitum		NOT_MATCHED
Aconitum anthora L.	Aconitum anthora	Aconitum	14	NOT_MATCHED
Aconitum cymbulatum (Schmalhausen) Lipsky	Aconitum cymbulatum	Aconitum		NOT_MATCHED
Aconitum degenii Gáyer	Aconitum degenii	Aconitum		NOT_MATCHED
Aconitum lupicida Rchb.	Aconitum lupicida	Aconitum		NOT_MATCHED
Aconitum tauricum Wulfen	Aconitum tauricum	Aconitum		NOT_MATCHED
Aconitum vitosanum Gáyer	Aconitum vitosanum	Aconitum		NOT_MATCHED
Acrochaetium subpinnatum Bornet ex Hamel, 1927	Acrochaetium subpinnatum	Acrochaetium		NOT_MATCHED
Acrosymphyton purpuriferum (J. Agardh) G. Sjöstedt, 1926	Acrosymphyton purpuriferum	Acrosymphyton		NOT_MATCHED
Actinotaenium palangula (Brébisson ex Ralfs) Teiling, 1954	Actinotaenium palangula	Actinotaenium		NOT_MATCHED
Actinotaenium rufescens (Cleve) Teiling, 1954	Actinotaenium rufescens	Actinotaenium		NOT_MATCHED
Adenostyles glabra (Mill.) DC.	Adenostyles glabra	Adenostyles		NOT_MATCHED
Adiantum capillus-veneris L.	Adiantum capillus-veneris	Adiantum	13, 25, 27	NOT_MATCHED
Adonis aestivalis L.	Adonis aestivalis	Adonis	12	NOT_MATCHED
Adonis flammea Jacq.	Adonis flammea	Adonis	12	NOT_MATCHED
Adonis microcarpa DC.	Adonis microcarpa	Adonis		NOT_MATCHED
Aegilops geniculata Roth	Aegilops geniculata	Aegilops		NOT_MATCHED
Aethionema saxatile (L.) R. Br.	Aethionema saxatile	Aethionema		NOT_MATCHED
Agrostis agrostiflora (Beck) Rauschert	Agrostis agrostiflora	Agrostis	14	NOT_MATCHED
Agrostis alpina Scop.	Agrostis alpina	Agrostis		NOT_MATCHED
Agrostis rupestris All.	Agrostis rupestris	Agrostis		NOT_MATCHED
Agrostis tenuis Sibth.	Agrostis tenuis	Agrostis		NOT_MATCHED
Alcea biennis Winterl	Alcea biennis	Alcea		NOT_MATCHED
Alchemilla acutata Buser	Alchemilla acutata	Alchemilla		NOT_MATCHED
Alchemilla carniolica (Paulin) Fritsch	Alchemilla carniolica	Alchemilla		NOT_MATCHED
Alchemilla cinerea Buser	Alchemilla cinerea	Alchemilla		NOT_MATCHED
Alchemilla connivens Buser	Alchemilla connivens	Alchemilla		NOT_MATCHED
Alchemilla exigua Buser	Alchemilla exigua	Alchemilla		NOT_MATCHED
Alchemilla gracillima Rothm.	Alchemilla gracillima	Alchemilla		NOT_MATCHED
Alchemilla illyrica Rothm.	Alchemilla illyrica	Alchemilla		NOT_MATCHED
Alchemilla lineata Buser	Alchemilla lineata	Alchemilla		NOT_MATCHED
Alchemilla obtusa Buser	Alchemilla obtusa	Alchemilla		NOT_MATCHED
Alchemilla sericoneura Buser	Alchemilla sericoneura	Alchemilla		NOT_MATCHED
Alchemilla straminea Buser	Alchemilla straminea	Alchemilla		NOT_MATCHED
Alchemilla strigosula Buser	Alchemilla strigosula	Alchemilla		NOT_MATCHED
Alchemilla tirolensis Buser ex Dalla Torre &amp; Sarnth.	Alchemilla tirolensis	Alchemilla		NOT_MATCHED
Alchemilla undulata Buser	Alchemilla undulata	Alchemilla		NOT_MATCHED
Alchemilla velebitica Borbás	Alchemilla velebitica	Alchemilla		NOT_MATCHED
Allium amethystinum L.	Allium amethystinum	Allium		NOT_MATCHED
Allium carinatum L. [s.l.]	Allium carinatum	Allium		NOT_MATCHED
Allium kermesinum Rchb.	Allium kermesinum	Allium		NOT_MATCHED
Aloina aloides (Schultz) Kindb.	Aloina aloides	Aloina	12	NOT_MATCHED
Aloina ambigua (Bruch &amp; Schimp.) Limpr.	Aloina ambigua	Aloina	14	NOT_MATCHED
Alopecurus rendlei Eig	Alopecurus rendlei	Alopecurus	14	NOT_MATCHED
Alsidium corallinum C. Agardh, 1827	Alsidium corallinum	Alsidium		NOT_MATCHED
Althaea cannabina L.	Althaea cannabina	Althaea		NOT_MATCHED
Althaea taurinensis DC.	Althaea taurinensis	Althaea		NOT_MATCHED
Alyssum wulfenianum Bernh	Alyssum wulfenianum	Alyssum		NOT_MATCHED
Amaranthus bouchonii Thell.	Amaranthus bouchonii	Amaranthus		NOT_MATCHED
Amaranthus lividus L. [s.l.]	Amaranthus lividus	Amaranthus		NOT_MATCHED
Ambrosia coronopifolia Torr. &amp; A. Gray	Ambrosia coronopifolia	Ambrosia		NOT_MATCHED
Amelanchier lamarckii Schroeder	Amelanchier lamarckii	Amelanchier		NOT_MATCHED
Amelanchier ovalis Medik.	Amelanchier ovalis	Amelanchier		NOT_MATCHED
Amphiroa rigida J.V. Lamouroux, 1816	Amphiroa rigida	Amphiroa		NOT_MATCHED
Anacamptis palustris (Jacq.) R.M. Bateman, Pridgeon &amp; M.W. Chase	Anacamptis palustris	Anacamptis	13, 25, 27	NOT_MATCHED
Anacamptis papilionacea (L.) R.M. Bateman, Pridgeon &amp; M.W. Chase	Anacamptis papilionacea	Anacamptis	13, 25, 27	NOT_MATCHED
Anadyomene stellata (Wulfen) C. Agardh, 1823	Anadyomene stellata	Anadyomene		NOT_MATCHED
Anagallis foemina Mill.	Anagallis foemina	Anagallis		NOT_MATCHED
Anchusa officinalis L.	Anchusa officinalis	Anchusa		NOT_MATCHED
Andreaea alpestris (Thed.) Schimp.	Andreaea alpestris	Andreaea		NOT_MATCHED
Androsace hausmannii Leyb.	Androsace hausmannii	Androsace	14	NOT_MATCHED
Androsace helvetica (L.) All.	Androsace helvetica	Androsace	14	NOT_MATCHED
Androsace lactea L.	Androsace lactea	Androsace		NOT_MATCHED
Androsace villosa L.	Androsace villosa	Androsace		NOT_MATCHED
Anemonastrum narcissiflorum (L.) Holub	Anemonastrum narcissiflorum	Anemonastrum		NOT_MATCHED
Anemone baldensis Turra	Anemone baldensis	Anemone		NOT_MATCHED
Anemone hortensis L.	Anemone hortensis	Anemone	12, 25, 27	NOT_MATCHED
Anemone sylvestris L.	Anemone sylvestris	Anemone	10	NOT_MATCHED
Anemone trifolia L.	Anemone trifolia	Anemone		NOT_MATCHED
Anisantha diandra (Roth) Tutin ex Tzvelev [s.l.]	Anisantha diandra	Anisantha		NOT_MATCHED
Anisantha madritensis (L.) Nevski	Anisantha madritensis	Anisantha		NOT_MATCHED
Anisantha sterilis (L.) Nevski	Anisantha sterilis	Anisantha		NOT_MATCHED
Anisantha tectorum (L.) Nevski	Anisantha tectorum	Anisantha		NOT_MATCHED
Ankistrodesmus falcatus (Corda) Ralfs, 1848	Ankistrodesmus falcatus	Ankistrodesmus		NOT_MATCHED
Anthelia juratzkana (Limpr.) Trevis.	Anthelia juratzkana	Anthelia	14	NOT_MATCHED
Anthemis altissima L. em. Spreng.	Anthemis altissima	Anthemis		NOT_MATCHED
Anthemis austriaca Jacq.	Anthemis austriaca	Anthemis		NOT_MATCHED
Anthemis segetalis Ten.	Anthemis segetalis	Anthemis		NOT_MATCHED
Anthoceros agrestis Paton	Anthoceros agrestis	Anthoceros		NOT_MATCHED
Anthriscus fumarioides (Waldst. &amp; Kit.) Spreng.	Anthriscus fumarioides	Anthriscus		NOT_MATCHED
Anthriscus nitidus (Wahlenb.) Garcke	Anthriscus nitidus	Anthriscus		NOT_MATCHED
Anthyllis jacquinii Kerner	Anthyllis jacquinii	Anthyllis		NOT_MATCHED
Antithamnion cruciatum (C. Agardh) Nägeli, 1847	Antithamnion cruciatum	Antithamnion		NOT_MATCHED
Apatococcus lobatus (Chodat) J.B. Petersen, 1928	Apatococcus lobatus	Apatococcus		NOT_MATCHED
Aphanochaete repens A. Braun, 1850	Aphanochaete repens	Aphanochaete		NOT_MATCHED
Aposeris foetida (L.) Less.	Aposeris foetida	Aposeris		NOT_MATCHED
Aquilegia iulia E. Nardi	Aquilegia iulia	Aquilegia	7, 8, 14, 25, 27, 34, 50, 51	NOT_MATCHED
Arabis ciliata Clairv.	Arabis ciliata	Arabis		NOT_MATCHED
Arabis glabra (L.) Bernh.	Arabis glabra	Arabis		NOT_MATCHED
Arabis muralis Bertol., non Salisb.	Arabis muralis	Arabis		NOT_MATCHED
Arabis nemorensis (Hoffm.) Koch	Arabis nemorensis	Arabis		NOT_MATCHED
Arabis pauciflora Garcke	Arabis pauciflora	Arabis	14	NOT_MATCHED
Arabis turrita L.	Arabis turrita	Arabis		NOT_MATCHED
Arctium nemorosum Lej.	Arctium nemorosum	Arctium	14	NOT_MATCHED
Arctostaphylos alpinus (L.) Spreng.	Arctostaphylos alpinus	Arctostaphylos		NOT_MATCHED
Aremonia agrimonoides (L.) DC.	Aremonia agrimonoides	Aremonia		NOT_MATCHED
Arenaria marschlinsii Koch	Arenaria marschlinsii	Arenaria		NOT_MATCHED
Argyrolobium zanonii (Turra) P. W. Ball	Argyrolobium zanonii	Argyrolobium		NOT_MATCHED
Aristida longespica Poir.	Aristida longespica	Aristida		NOT_MATCHED
Aristolochia lutea Desf.	Aristolochia lutea	Aristolochia		NOT_MATCHED
Aristolochia pallida Willd.	Aristolochia pallida	Aristolochia		NOT_MATCHED
Aristolochia rotunda L.	Aristolochia rotunda	Aristolochia		NOT_MATCHED
Armeria alpina Willd.	Armeria alpina	Armeria		NOT_MATCHED
Arnellia fennica (Gottsche) Lindb.	Arnellia fennica	Arnellia	14	NOT_MATCHED
Artemisia alba Turra	Artemisia alba	Artemisia		NOT_MATCHED
Artemisia caerulescens L.	Artemisia caerulescens	Artemisia	13	NOT_MATCHED
Artemisia genipi Weber	Artemisia genipi	Artemisia	9, 14, 25	NOT_MATCHED
Artemisia nitida Bertol.	Artemisia nitida	Artemisia	14	NOT_MATCHED
Artemisia verlotiorum Lamotte	Artemisia verlotiorum	Artemisia		NOT_MATCHED
Arum cylindraceum Gasparr.	Arum cylindraceum	Arum		NOT_MATCHED
Arundo plinii Turra	Arundo plinii	Arundo	11	NOT_MATCHED
Asparagopsis armata Harvey, 1855	Asparagopsis armata	Asparagopsis		NOT_MATCHED
Asparagus maritimus (L.) Mill.	Asparagus maritimus	Asparagus		NOT_MATCHED
Asparagus tenuifolius Lam.	Asparagus tenuifolius	Asparagus		NOT_MATCHED
Asperula aristata L. f.	Asperula aristata	Asperula		NOT_MATCHED
Asperula beckiana Degen	Asperula beckiana	Asperula		NOT_MATCHED
Asperula taurina L.	Asperula taurina	Asperula		NOT_MATCHED
Asperula tinctoria L.	Asperula tinctoria	Asperula		NOT_MATCHED
Asphodeline lutea (L.) Rchb.	Asphodeline lutea	Asphodeline	17	NOT_MATCHED
Asphodelus albus Mill.	Asphodelus albus	Asphodelus	13	NOT_MATCHED
Asplenium adiantum-nigrum L.	Asplenium adiantum-nigrum	Asplenium		NOT_MATCHED
Asplenium cuneifolium Viv.	Asplenium cuneifolium	Asplenium	14	NOT_MATCHED
Asplenium fissum Kit. ex Willd.	Asplenium fissum	Asplenium		NOT_MATCHED
Asplenium lepidum C. Presl	Asplenium lepidum	Asplenium	14	NOT_MATCHED
Asplenium onopteris L.	Asplenium onopteris	Asplenium	14	NOT_MATCHED
Asplenium seelosii Leyb.	Asplenium seelosii	Asplenium		NOT_MATCHED
Aster bellidiastrum (L.) Scop.	Aster bellidiastrum	Aster		NOT_MATCHED
Aster laevis L.	Aster laevis	Aster		NOT_MATCHED
Aster linosyris (L.) Bernh.	Aster linosyris	Aster		NOT_MATCHED
Aster novae-angliae L.	Aster novae-angliae	Aster		NOT_MATCHED
Aster parviflorus Nees	Aster parviflorus	Aster		NOT_MATCHED
Aster tripolium L. [s.l.]	Aster tripolium	Aster	13	NOT_MATCHED
Asterella lindenbergiana (Nees) Arnell	Asterella lindenbergiana	Asterella	14	NOT_MATCHED
Asterococcus superbus (Cienkowski) Scherffel, 1908	Asterococcus superbus	Asterococcus		NOT_MATCHED
Astragalus carniolicus A. Kern.	Astragalus carniolicus	Astragalus	17	NOT_MATCHED
Astragalus gremlii Burnat	Astragalus gremlii	Astragalus	17	NOT_MATCHED
Astragalus illyricus Bernh. [s.l.]	Astragalus illyricus	Astragalus	17	NOT_MATCHED
Astragalus onobrychis L.	Astragalus onobrychis	Astragalus	17	NOT_MATCHED
Astragalus penduliflorus Lam.	Astragalus penduliflorus	Astragalus	14, 17	NOT_MATCHED
Astrantia bavarica F. W. Schultz	Astrantia bavarica	Astrantia		NOT_MATCHED
Astrantia carniolica Jacq.	Astrantia carniolica	Astrantia		NOT_MATCHED
Athamanta vestina A. Kern.	Athamanta vestina	Athamanta		NOT_MATCHED
Athyrium filix-femina (L.) Roth	Athyrium filix-femina	Athyrium		NOT_MATCHED
Atrichum flavisetum Mitt.	Atrichum flavisetum	Atrichum		NOT_MATCHED
Atriplex portulacoides L.	Atriplex portulacoides	Atriplex	13	NOT_MATCHED
Atriplex sagittata Borkh.	Atriplex sagittata	Atriplex	11	NOT_MATCHED
Atropa bella-donna L.	Atropa bella-donna	Atropa		NOT_MATCHED
Audouinella chalybea (Roth) Bory, 1823	Audouinella chalybea	Audouinella		NOT_MATCHED
Auxenochlorella pyrenoidosa (H. Chick) Molinari &amp; Calvo-Pérez, 2015	Auxenochlorella pyrenoidosa	Auxenochlorella		NOT_MATCHED
Ballota hispanica (L.) Benth	Ballota hispanica	Ballota	17	NOT_MATCHED
Bambusina borreri (Ralfs) Cleve, 1864	Bambusina borreri	Bambusina		NOT_MATCHED
Barbarea intermedia Boreau	Barbarea intermedia	Barbarea		NOT_MATCHED
Basilicum polystachyon (L.) Moench	Basilicum polystachyon	Basilicum		NOT_MATCHED
Bazzania flaccida (Dumort.) Grolle	Bazzania flaccida	Bazzania		NOT_MATCHED
Bellevalia romana (L.) Sweet	Bellevalia romana	Bellevalia	12, 25, 27	NOT_MATCHED
Bellis sylvestris Cirillo	Bellis sylvestris	Bellis		NOT_MATCHED
Betonica alopecuros L.	Betonica alopecuros	Betonica		NOT_MATCHED
Bidens subalternans DC.	Bidens subalternans	Bidens		NOT_MATCHED
Blasia pusilla L.	Blasia pusilla	Blasia		NOT_MATCHED
Blidingia minima (Nägeli ex Kützing) Kylin, 1947	Blidingia minima	Blidingia		NOT_MATCHED
Blindia caespiticia (F. Weber &amp; D. Mohr) Müll. Hal.	Blindia caespiticia	Blindia	14	NOT_MATCHED
Blysmus compressus (L.) Link	Blysmus compressus	Blysmus	13	NOT_MATCHED
Bonnemaisonia hamifera Hariot, 1891	Bonnemaisonia hamifera	Bonnemaisonia		NOT_MATCHED
Boreolithothamnion sonderi (Hauck) P.W. Gabrielson, Maneveldt, Hughey &amp; V. Peña, 2023	Boreolithothamnion sonderi	Boreolithothamnion		NOT_MATCHED
Botrychium matricariifolium (Retz.) Koch	Botrychium matricariifolium	Botrychium	14, 51	NOT_MATCHED
Botrychium multifidum (S. G. Gmel.) Rupr.	Botrychium multifidum	Botrychium	14, 51	NOT_MATCHED
Botrychium simplex Hitchc.	Botrychium simplex	Botrychium	7, 8, 10, 25, 27, 34, 50, 51	NOT_MATCHED
Botrychium virginianum (L.) Sw.	Botrychium virginianum	Botrychium	14	NOT_MATCHED
Botryocladia botryoides (Wulfen) Feldmann, 1941	Botryocladia botryoides	Botryocladia		NOT_MATCHED
Botryococcus braunii Kützing, 1849	Botryococcus braunii	Botryococcus		NOT_MATCHED
Brachypodium rupestre (Host) Roem. &amp; Schult. [s.l.]	Brachypodium rupestre	Brachypodium		NOT_MATCHED
Brachythecium capillaceum (F. Weber &amp; D. Mohr) Giacom.	Brachythecium capillaceum	Brachythecium		NOT_MATCHED
Brachythecium geheebii Milde	Brachythecium geheebii	Brachythecium		NOT_MATCHED
Brachythecium japygum (Głow.) Köckinger &amp; Jan Kučera	Brachythecium japygum	Brachythecium		NOT_MATCHED
Brachythecium tenuicaule (Spruce) Kindb.	Brachythecium tenuicaule	Brachythecium	13	NOT_MATCHED
Bromopsis condensata (Hack.) Holub [s.l.]	Bromopsis condensata	Bromopsis		NOT_MATCHED
Bromopsis erecta (Huds.) Fourr.	Bromopsis erecta	Bromopsis		NOT_MATCHED
Bromopsis inermis (Leyss.) Holub	Bromopsis inermis	Bromopsis		NOT_MATCHED
Bromopsis pannonica (Kumm. &amp; Sendtn.) Holub	Bromopsis pannonica	Bromopsis		NOT_MATCHED
Bromopsis ramosa (Huds.) Holub [s.l.]	Bromopsis ramosa	Bromopsis		NOT_MATCHED
Bromopsis transsilvanica (Steud.) Holub	Bromopsis transsilvanica	Bromopsis		NOT_MATCHED
Bromus intermedius Guss.	Bromus intermedius	Bromus	14	NOT_MATCHED
Bromus lepidus Holm.	Bromus lepidus	Bromus		NOT_MATCHED
Bromus squarrosus L.	Bromus squarrosus	Bromus		NOT_MATCHED
Bruchia flexuosa (Schwägr.) Müll. Hal.	Bruchia flexuosa	Bruchia	11	NOT_MATCHED
Bryum canariense Brid.	Bryum canariense	Bryum	11	NOT_MATCHED
Bryum dichotomum Hedw.	Bryum dichotomum	Bryum		NOT_MATCHED
Bryum gemmiferum R. Wilczek &amp; Demaret	Bryum gemmiferum	Bryum		NOT_MATCHED
Bryum klinggraeffii Schimp.	Bryum klinggraeffii	Bryum		NOT_MATCHED
Bryum versicolor Bruch &amp; Schimp.	Bryum versicolor	Bryum	14	NOT_MATCHED
Buglossoides purpurocaerulea (L.) I. M. Johnst.	Buglossoides purpurocaerulea	Buglossoides		NOT_MATCHED
Bupleurum petraeum L.	Bupleurum petraeum	Bupleurum		NOT_MATCHED
Bupleurum veronense Turra	Bupleurum veronense	Bupleurum		NOT_MATCHED
Calamagrostis villosa (Chaix) J. F. Gmel.	Calamagrostis villosa	Calamagrostis		NOT_MATCHED
Calamintha einseleana F. W. Schultz	Calamintha einseleana	Calamintha		NOT_MATCHED
Calamintha grandiflora (L.) Moench	Calamintha grandiflora	Calamintha		NOT_MATCHED
Calamintha menthifolia Host	Calamintha menthifolia	Calamintha		NOT_MATCHED
Calamintha nepeta (L.) Savi	Calamintha nepeta	Calamintha		NOT_MATCHED
Calamintha parviflora Lam.	Calamintha parviflora	Calamintha		NOT_MATCHED
Calycocorsus stipitatus (Jacq.) Rauschert	Calycocorsus stipitatus	Calycocorsus		NOT_MATCHED
Calypogeia suecica (Arnell &amp; J. Perss.) Müll. Frib.	Calypogeia suecica	Calypogeia	14	NOT_MATCHED
Calystegia sylvatica (Kit. ex Schrad.) Griseb.	Calystegia sylvatica	Calystegia		NOT_MATCHED
Campanula carnica Schiede ex Mert. &amp; Koch	Campanula carnica	Campanula		NOT_MATCHED
Campanula cespitosa Scop.	Campanula cespitosa	Campanula		NOT_MATCHED
Campanula inconcessa Schott, Nyman &amp; Kotschy	Campanula inconcessa	Campanula		NOT_MATCHED
Campanula thyrsoides L. [s.l.]	Campanula thyrsoides	Campanula		NOT_MATCHED
Campanula witasekiana Vierh.	Campanula witasekiana	Campanula		NOT_MATCHED
Campyliadelphus chrysophyllus (Brid.) Kanda	Campyliadelphus chrysophyllus	Campyliadelphus		NOT_MATCHED
Campyliadelphus elodes (Lindb.) Kanda	Campyliadelphus elodes	Campyliadelphus		NOT_MATCHED
Campylophyllopsis calcarea (Crundw. &amp; Nyholm) Ochyra	Campylophyllopsis calcarea	Campylophyllopsis	14	NOT_MATCHED
Campylophyllopsis sommerfeltii (Myrin) Ochyra	Campylophyllopsis sommerfeltii	Campylophyllopsis		NOT_MATCHED
Campylostelium saxicola (F. Weber &amp; D. Mohr) Bruch &amp; Schimp.	Campylostelium saxicola	Campylostelium	13	NOT_MATCHED
Cardamine pentaphyllos (L.) Crantz	Cardamine pentaphyllos	Cardamine		NOT_MATCHED
Cardaminopsis halleri (L.) Hayek [s.l.]	Cardaminopsis halleri	Cardaminopsis		NOT_MATCHED
Cardaria draba (L.) Desv.	Cardaria draba	Cardaria		NOT_MATCHED
Carduus carduelis (L.) Gren.	Carduus carduelis	Carduus		NOT_MATCHED
Carduus collinus Waldst. &amp; Kit. [s.l.]	Carduus collinus	Carduus		NOT_MATCHED
Carduus crassifolius Willd. [s.l.]	Carduus crassifolius	Carduus		NOT_MATCHED
Carduus macrocephalus Desf.	Carduus macrocephalus	Carduus		NOT_MATCHED
Carduus micropterus (Borbás) Teyber	Carduus micropterus	Carduus		NOT_MATCHED
Carduus personata (L.) Jacq.	Carduus personata	Carduus		NOT_MATCHED
Carduus platylepis Rchb. &amp; Saut.	Carduus platylepis	Carduus		NOT_MATCHED
Carex alba Scop.	Carex alba	Carex		NOT_MATCHED
Carex austroalpina Becherer	Carex austroalpina	Carex		NOT_MATCHED
Carex brachystachys Schrank	Carex brachystachys	Carex		NOT_MATCHED
Carex buekii Wimm.	Carex buekii	Carex	13	NOT_MATCHED
Carex firma Host	Carex firma	Carex		NOT_MATCHED
Carex flavella Krecz.	Carex flavella	Carex	17	NOT_MATCHED
Carex frigida All.	Carex frigida	Carex	14	NOT_MATCHED
Carex fritschii Waisb.	Carex fritschii	Carex		NOT_MATCHED
Carex hallerana Asso	Carex hallerana	Carex	13	NOT_MATCHED
Carex hartmaniorum A. Cajander	Carex hartmaniorum	Carex		NOT_MATCHED
Carex humilis Leyss.	Carex humilis	Carex		NOT_MATCHED
Carex kitaibeliana Degen ex Bech.	Carex kitaibeliana	Carex	14	NOT_MATCHED
Carex liparocarpos Gaudin	Carex liparocarpos	Carex		NOT_MATCHED
Carex melanostachya Willd.	Carex melanostachya	Carex	17	NOT_MATCHED
Carex michelii Host	Carex michelii	Carex		NOT_MATCHED
Carex mucronata All.	Carex mucronata	Carex		NOT_MATCHED
Carex pallens (Firstedt) Harmaja	Carex pallens	Carex	17	NOT_MATCHED
Carex pilosa Scop.	Carex pilosa	Carex		NOT_MATCHED
Carex randalpina B. Walln.	Carex randalpina	Carex	17	NOT_MATCHED
Carex tomentosa L.	Carex tomentosa	Carex		NOT_MATCHED
Carex umbrosa Host	Carex umbrosa	Carex		NOT_MATCHED
Carlina acaulis L. [s.l.]	Carlina acaulis	Carlina		NOT_MATCHED
Carlina corymbosa L. [s.l.]	Carlina corymbosa	Carlina		NOT_MATCHED
Carpesium cernuum L.	Carpesium cernuum	Carpesium		NOT_MATCHED
Carpobrotus glaucescens (Haw.) Schwantes	Carpobrotus glaucescens	Carpobrotus		NOT_MATCHED
Carya tomentosa (Lam.) Nutt.	Carya tomentosa	Carya		NOT_MATCHED
Catenella caespitosa (Withering) L.M. Irvine, 1976	Catenella caespitosa	Catenella		NOT_MATCHED
Catoscopium nigritum (Hedw.) Brid.	Catoscopium nigritum	Catoscopium	13	NOT_MATCHED
Caucalis orientalis L.	Caucalis orientalis	Caucalis		NOT_MATCHED
Cedrus atlantica (Endl.) Carrière	Cedrus atlantica	Cedrus		NOT_MATCHED
Cedrus libani A.Rich.	Cedrus libani	Cedrus		NOT_MATCHED
Centaurea alpina L.	Centaurea alpina	Centaurea	12	NOT_MATCHED
Centaurea bracteata Scop.	Centaurea bracteata	Centaurea		NOT_MATCHED
Centaurea carniolica Host	Centaurea carniolica	Centaurea		NOT_MATCHED
Centaurea cristata Bartl.	Centaurea cristata	Centaurea		NOT_MATCHED
Centaurea dichroantha A. Kern.	Centaurea dichroantha	Centaurea		NOT_MATCHED
Centaurea haynaldii Borbás ex Hayek [s.l.]	Centaurea haynaldii	Centaurea		NOT_MATCHED
Centaurea macroptilon Borbás	Centaurea macroptilon	Centaurea		NOT_MATCHED
Centaurea pannonica (Heuffel) Simonk.	Centaurea pannonica	Centaurea		NOT_MATCHED
Centaurea rhenana Boreau	Centaurea rhenana	Centaurea		NOT_MATCHED
Centaurea subjacea (Beck) Hayek	Centaurea subjacea	Centaurea		NOT_MATCHED
Centaurea uniflora Turra. [s.l.]	Centaurea uniflora	Centaurea		NOT_MATCHED
Centaurium spicatum (L.) Fritsch	Centaurium spicatum	Centaurium	12	NOT_MATCHED
Centunculus minimus L.	Centunculus minimus	Centunculus	13	NOT_MATCHED
Cephalaria transsylvanica (L.) Schrad. ex Roem. &amp; Schult.	Cephalaria transsylvanica	Cephalaria	17	NOT_MATCHED
Cephalozia lacinulata (Gottsche &amp; Rabenh.) Spruce	Cephalozia lacinulata	Cephalozia	14	NOT_MATCHED
Cephaloziella baumgartneri Schiffn.	Cephaloziella baumgartneri	Cephaloziella	13	NOT_MATCHED
Cephaloziella elegans (Heeg) Schiffn.	Cephaloziella elegans	Cephaloziella		NOT_MATCHED
Cephaloziella hampeana (Nees) Loeske	Cephaloziella hampeana	Cephaloziella		NOT_MATCHED
Cephaloziella integerrima (Lindb.) Warnst.	Cephaloziella integerrima	Cephaloziella		NOT_MATCHED
Cephaloziella spinigera (Lindb.) Jørg.	Cephaloziella spinigera	Cephaloziella		NOT_MATCHED
Ceramium ciliatum (J. Ellis) Ducluzeau, 1806	Ceramium ciliatum	Ceramium		NOT_MATCHED
Ceramium diaphanum (Lightfoot) Roth, 1806	Ceramium diaphanum	Ceramium		NOT_MATCHED
Ceramium echionotum J. Agardh, 1844	Ceramium echionotum	Ceramium		NOT_MATCHED
Cerastium carinthiacum Vest [s.l.]	Cerastium carinthiacum	Cerastium		NOT_MATCHED
Cerastium decalvans Schloss. &amp; Vuk.	Cerastium decalvans	Cerastium	14	NOT_MATCHED
Cerastium dinaricum Beck &amp; Szyszył.	Cerastium dinaricum	Cerastium	7, 8, 12, 25, 27, 34, 50	NOT_MATCHED
Cerastium dubium (Bastard) Guepin	Cerastium dubium	Cerastium		NOT_MATCHED
Cerastium glutinosum Fr.	Cerastium glutinosum	Cerastium		NOT_MATCHED
Cerastium julicum Schellm.	Cerastium julicum	Cerastium		NOT_MATCHED
Cerastium strictum Haenke, non L.	Cerastium strictum	Cerastium		NOT_MATCHED
Cerastium subtriflorum (Rchb.) Pacher	Cerastium subtriflorum	Cerastium		NOT_MATCHED
Cerastium sylvaticum Waldst. &amp; Kit.	Cerastium sylvaticum	Cerastium		NOT_MATCHED
Cerastium tenoreanum Ser.	Cerastium tenoreanum	Cerastium		NOT_MATCHED
Cerastium uniflorum Clairv.	Cerastium uniflorum	Cerastium	14	NOT_MATCHED
Ceratonia siliqua L.	Ceratonia siliqua	Ceratonia		NOT_MATCHED
Ceterach javorkeanum (Vida) Soó	Ceterach javorkeanum	Ceterach		NOT_MATCHED
Ceterach officinarum Willd.	Ceterach officinarum	Ceterach		NOT_MATCHED
Chaetophora lobata Schrank, 1783	Chaetophora lobata	Chaetophora		NOT_MATCHED
Chamaecyparis lawsoniana (Murray) Parl.	Chamaecyparis lawsoniana	Chamaecyparis		NOT_MATCHED
Chamaecyparis nootkatensis (D. Don) Sudw.	Chamaecyparis nootkatensis	Chamaecyparis		NOT_MATCHED
Chamaecyparis obtusa (Siebold &amp; Zucc.) Endl.	Chamaecyparis obtusa	Chamaecyparis		NOT_MATCHED
Chamaecyparis pisifera (Siebold &amp; Zucc.) Siebold &amp; Zucc.	Chamaecyparis pisifera	Chamaecyparis		NOT_MATCHED
Chamaecytisus austriacus (L.) Link	Chamaecytisus austriacus	Chamaecytisus		NOT_MATCHED
Chamaecytisus ciliatus (Wahlenb.) Rothm.	Chamaecytisus ciliatus	Chamaecytisus		NOT_MATCHED
Chamaecytisus hirsutus (L.) Link	Chamaecytisus hirsutus	Chamaecytisus		NOT_MATCHED
Chamaecytisus supinus (L.) Link	Chamaecytisus supinus	Chamaecytisus		NOT_MATCHED
Chamaespartium sagittale (L.) Gibbs	Chamaespartium sagittale	Chamaespartium		NOT_MATCHED
Chamerion dodonaei (Vill.) Holub	Chamerion dodonaei	Chamerion		NOT_MATCHED
Chamomilla recutita (L.) Rauschert	Chamomilla recutita	Chamomilla		NOT_MATCHED
Chamomilla suaveolens (Pursh) Rydb.	Chamomilla suaveolens	Chamomilla		NOT_MATCHED
Champia parvula (C. Agardh) Harvey, 1853	Champia parvula	Champia		NOT_MATCHED
Chara braunii C.C. Gmelin, 1826	Chara braunii	Chara		NOT_MATCHED
Chara globularis Thuiller, 1799	Chara globularis	Chara		NOT_MATCHED
Characium ensiforme J. Hermann, 1863	Characium ensiforme	Characium		NOT_MATCHED
Characium strictum A. Braun, 1855	Characium strictum	Characium		NOT_MATCHED
Chenopodium ambrosioides L.	Chenopodium ambrosioides	Chenopodium		NOT_MATCHED
Chenopodium bonus-henricus L.	Chenopodium bonus-henricus	Chenopodium		NOT_MATCHED
Chenopodium botrys L.	Chenopodium botrys	Chenopodium		NOT_MATCHED
Chenopodium foliosum (Moench) Asch.	Chenopodium foliosum	Chenopodium		NOT_MATCHED
Chenopodium hircinum Schrad.	Chenopodium hircinum	Chenopodium		NOT_MATCHED
Chenopodium hybridum L.	Chenopodium hybridum	Chenopodium		NOT_MATCHED
Chenopodium murale L.	Chenopodium murale	Chenopodium		NOT_MATCHED
Chenopodium pedunculare Bertol.	Chenopodium pedunculare	Chenopodium		NOT_MATCHED
Chenopodium polyspermum L.	Chenopodium polyspermum	Chenopodium		NOT_MATCHED
Chenopodium urbicum L.	Chenopodium urbicum	Chenopodium		NOT_MATCHED
Chlorella vulgaris Beijerinck, 1890	Chlorella vulgaris	Chlorella		NOT_MATCHED
Chlorococcum botryoides (Kützing) Rabenhorst, 1868	Chlorococcum botryoides	Chlorococcum		NOT_MATCHED
Chlorococcum infusionum (Schrank) Meneghini, 1842	Chlorococcum infusionum	Chlorococcum		NOT_MATCHED
Chlorocrepis staticifolia (All.) Griseb.	Chlorocrepis staticifolia	Chlorocrepis		NOT_MATCHED
Chlorophysema melosirae Fott, 1953	Chlorophysema melosirae	Chlorophysema		NOT_MATCHED
Chlorosarcina consociata (Klebs) G.M. Smith, 1933	Chlorosarcina consociata	Chlorosarcina		NOT_MATCHED
Chondracanthus acicularis (Roth) Fredericq, 1993	Chondracanthus acicularis	Chondracanthus		NOT_MATCHED
Chondria dasyphylla (Woodward) C. Agardh, 1817	Chondria dasyphylla	Chondria		NOT_MATCHED
Chondrilla chondrilloides (Ard.) H. Karst.	Chondrilla chondrilloides	Chondrilla	13	NOT_MATCHED
Chroodactylon ornatum (C. Agardh) Basson, 1979	Chroodactylon ornatum	Chroodactylon		NOT_MATCHED
Chrysanthemum segetum L.	Chrysanthemum segetum	Chrysanthemum	17	NOT_MATCHED
Chrysopogon gryllus (L.) Trin.	Chrysopogon gryllus	Chrysopogon		NOT_MATCHED
Chrysymenia ventricosa (J.V. Lamouroux) J. Agardh, 1842	Chrysymenia ventricosa	Chrysymenia		NOT_MATCHED
Cinclidium stygium Sw.	Cinclidium stygium	Cinclidium		NOT_MATCHED
Cinclidotus aquaticus (Hedw.) Bruch &amp; Schimp.	Cinclidotus aquaticus	Cinclidotus		NOT_MATCHED
Cinclidotus danubicus Schiffn. &amp; Baumgartner	Cinclidotus danubicus	Cinclidotus		NOT_MATCHED
Cirsium candelabrum Griseb.	Cirsium candelabrum	Cirsium		NOT_MATCHED
Cirsium carniolicum Scop.	Cirsium carniolicum	Cirsium		NOT_MATCHED
Cirsium montanum (Waldst. &amp; Kit. ex Willd.) Spreng.	Cirsium montanum	Cirsium	17	NOT_MATCHED
Cirsium pannonicum (L. f.) Link	Cirsium pannonicum	Cirsium		NOT_MATCHED
Cirsium rivulare (Jacq.) All.	Cirsium rivulare	Cirsium		NOT_MATCHED
Cirsium waldsteinii Rouy	Cirsium waldsteinii	Cirsium		NOT_MATCHED
Cladophora fracta (O.F. Müller ex Vahl) Kützing, 1843	Cladophora fracta	Cladophora		NOT_MATCHED
Cladophora glomerata (Linnaeus) Kützing 1843	Cladophora glomerata	Cladophora		NOT_MATCHED
Cladophora laetevirens (Dillwyn) Kützing, 1843	Cladophora laetevirens	Cladophora		NOT_MATCHED
Cladophora prolifera (Roth) Kützing, 1843	Cladophora prolifera	Cladophora		NOT_MATCHED
Cleistocarpidium palustre (Bruch &amp; Schimp.) Ochyra &amp; Bedn.-Ochyra	Cleistocarpidium palustre	Cleistocarpidium	13	NOT_MATCHED
Cleistogenes serotina (L.) Keng	Cleistogenes serotina	Cleistogenes		NOT_MATCHED
Clematis alpina (L.) Mill.	Clematis alpina	Clematis		NOT_MATCHED
Clerodendrum trichotomum Thunb.	Clerodendrum trichotomum	Clerodendrum		NOT_MATCHED
Closterium acerosum Ehrenberg ex Ralfs, 1848	Closterium acerosum	Closterium		NOT_MATCHED
Closterium acutum Brébisson, 1848	Closterium acutum	Closterium		NOT_MATCHED
Closterium closterioides (Ralfs) A.Louis &amp; Peeters, 1967	Closterium closterioides	Closterium		NOT_MATCHED
Closterium costatum Corda ex Ralfs, 1848	Closterium costatum	Closterium		NOT_MATCHED
Closterium ehrenbergii Meneghini ex Ralfs, 1848	Closterium ehrenbergii	Closterium		NOT_MATCHED
Closterium gracile Brébisson ex Ralfs, 1848	Closterium gracile	Closterium		NOT_MATCHED
Closterium limneticum Lemmermann, 1899	Closterium limneticum	Closterium		NOT_MATCHED
Closterium lineatum Ehrenberg ex Ralfs, 1848	Closterium lineatum	Closterium		NOT_MATCHED
Closterium moniliferum Ehrenberg ex Ralfs, 1848	Closterium moniliferum	Closterium		NOT_MATCHED
Closterium navicula (Brébisson) Lütkemüller, 1905	Closterium navicula	Closterium		NOT_MATCHED
Closterium parvulum Nägeli, 1849	Closterium parvulum	Closterium		NOT_MATCHED
Closterium pritchardianum W. Archer, 1862	Closterium pritchardianum	Closterium		NOT_MATCHED
Closterium ralfsii Brébisson ex Ralfs, 1848	Closterium ralfsii	Closterium		NOT_MATCHED
Closterium rostratum Ehrenberg ex Ralfs, 1848	Closterium rostratum	Closterium		NOT_MATCHED
Closterium strigosum Brébisson, 1856	Closterium strigosum	Closterium		NOT_MATCHED
Closterium striolatum Ehrenberg ex Ralfs, 1848	Closterium striolatum	Closterium		NOT_MATCHED
Cnestrum schisti (F. Weber &amp; D. Mohr) I. Hagen	Cnestrum schisti	Cnestrum		NOT_MATCHED
Cnidium silaifolium (Jacq.) Simonk.	Cnidium silaifolium	Cnidium		NOT_MATCHED
Coccomyxa confluens (Kützing) Fott, 1974	Coccomyxa confluens	Coccomyxa		NOT_MATCHED
Codium bursa (Linnaeus) C. Agardh, 1817	Codium bursa	Codium		NOT_MATCHED
Codium decorticatum (Woodward) M.Howe, 1911	Codium decorticatum	Codium		NOT_MATCHED
Codium fragile (Suringar) Hariot, 1889	Codium fragile	Codium		NOT_MATCHED
Codium vermilara (Olivi) Delle Chiaje, 1829	Codium vermilara	Codium		NOT_MATCHED
Codonoblepharon forsteri (Dicks.) Goffinet	Codonoblepharon forsteri	Codonoblepharon		NOT_MATCHED
Coelastrum astroideum De Notaris, 1867	Coelastrum astroideum	Coelastrum		NOT_MATCHED
Coelastrum microporum Nägeli, 1855	Coelastrum microporum	Coelastrum		NOT_MATCHED
Coeloglossum viride (L.) Hartm.	Coeloglossum viride	Coeloglossum	13, 25, 27	NOT_MATCHED
Commelina communis L.	Commelina communis	Commelina		NOT_MATCHED
Consolida ajacis (L.) Schur	Consolida ajacis	Consolida		NOT_MATCHED
Consolida hispanica (Costa) Greuter &amp; Burd.	Consolida hispanica	Consolida		NOT_MATCHED
Consolida regalis Gray	Consolida regalis	Consolida		NOT_MATCHED
Convolvulus cantabrica L.	Convolvulus cantabrica	Convolvulus		NOT_MATCHED
Conyza bonariensis (L.) Cronquist	Conyza bonariensis	Conyza		NOT_MATCHED
Conyza canadensis (L.) Cronquist	Conyza canadensis	Conyza		NOT_MATCHED
Conyza sumatrensis (Retz.) E. Walker	Conyza sumatrensis	Conyza		NOT_MATCHED
Corallina officinalis Linnaeus, 1758	Corallina officinalis	Corallina		NOT_MATCHED
Corallorrhiza trifida Châtel.	Corallorrhiza trifida	Corallorrhiza	13, 25, 27	NOT_MATCHED
Cornus mas L.	Cornus mas	Cornus		NOT_MATCHED
Coronilla cretica L.	Coronilla cretica	Coronilla		NOT_MATCHED
Coronilla emerus L. [s.l.]	Coronilla emerus	Coronilla		NOT_MATCHED
Coronilla vaginalis Lam.	Coronilla vaginalis	Coronilla		NOT_MATCHED
Coronopus didymus (L.) Sm.	Coronopus didymus	Coronopus		NOT_MATCHED
Coronopus squamatus (Forssk.) Asch.	Coronopus squamatus	Coronopus		NOT_MATCHED
Cortaderia selloana (Schult. &amp; Schult. f.) Asch. &amp; Graebn.	Cortaderia selloana	Cortaderia		NOT_MATCHED
Corydalis cava (L.) Schweigg. &amp; Körte	Corydalis cava	Corydalis		NOT_MATCHED
Cosmarium botrytis Meneghini ex Ralfs, 1848	Cosmarium botrytis	Cosmarium		NOT_MATCHED
Cosmarium formosulum Hoff, 1888	Cosmarium formosulum	Cosmarium		NOT_MATCHED
Cosmarium furcatospermum West &amp; G.S. West, 1894	Cosmarium furcatospermum	Cosmarium		NOT_MATCHED
Cosmarium granatum Brébisson ex Ralfs, 1848	Cosmarium granatum	Cosmarium		NOT_MATCHED
Cosmarium heimerlii West &amp; G.S. West, 1895	Cosmarium heimerlii	Cosmarium		NOT_MATCHED
Cosmarium laeve Rabenhorst, 1868	Cosmarium laeve	Cosmarium		NOT_MATCHED
Cosmarium microsphinctum Nordstedt, 1876	Cosmarium microsphinctum	Cosmarium		NOT_MATCHED
Cosmarium nasutum Nordstedt, 1872	Cosmarium nasutum	Cosmarium		NOT_MATCHED
Cosmarium neodepressum G.J.P. Ramos &amp; C.W.N. Moura, 2020	Cosmarium neodepressum	Cosmarium		NOT_MATCHED
Cosmarium ochthodes Nordstedt, 1875	Cosmarium ochthodes	Cosmarium		NOT_MATCHED
Cosmarium pokornyanum (Grunow) West &amp; G.S. West, 1900	Cosmarium pokornyanum	Cosmarium		NOT_MATCHED
Cosmarium pseudamoenum Wille, 1884	Cosmarium pseudamoenum	Cosmarium		NOT_MATCHED
Cosmarium punctulatum Brébisson ,1856	Cosmarium punctulatum	Cosmarium		NOT_MATCHED
Cosmarium pygmaeum W. Archer, 1864	Cosmarium pygmaeum	Cosmarium		NOT_MATCHED
Cosmarium reniforme (Ralfs) W. Archer, 1874	Cosmarium reniforme	Cosmarium		NOT_MATCHED
Cosmarium speciosum P. Lundell, 1871	Cosmarium speciosum	Cosmarium		NOT_MATCHED
Cosmarium sphagnicola West &amp; G.S. West, 1897	Cosmarium sphagnicola	Cosmarium		NOT_MATCHED
Cosmarium triglavense Pevalek	Cosmarium triglavense	Cosmarium		NOT_MATCHED
Cosmarium vexatum West, 1892	Cosmarium vexatum	Cosmarium		NOT_MATCHED
Cotoneaster tomentosus Lindl.	Cotoneaster tomentosus	Cotoneaster		NOT_MATCHED
Crataegus azarolus L.	Crataegus azarolus	Crataegus		NOT_MATCHED
Crepis bocconi P. D. Sell	Crepis bocconi	Crepis	14	NOT_MATCHED
Crepis chondrilloides Jacq.	Crepis chondrilloides	Crepis		NOT_MATCHED
Crepis conyzifolia (Gouan) Kern.	Crepis conyzifolia	Crepis		NOT_MATCHED
Crepis kerneri Rech. f.	Crepis kerneri	Crepis		NOT_MATCHED
Crepis pannonica (Jacq.) C. Koch	Crepis pannonica	Crepis	14	NOT_MATCHED
Crepis rhoeadifolia M. Bieb.	Crepis rhoeadifolia	Crepis		NOT_MATCHED
Crepis slovenica Holub	Crepis slovenica	Crepis		NOT_MATCHED
Crepis taraxacifolia Thuill.	Crepis taraxacifolia	Crepis	17	NOT_MATCHED
Crepis terglouensis (Hacq.) Kern.	Crepis terglouensis	Crepis	14	NOT_MATCHED
Crepis zacintha (L.) Babc.	Crepis zacintha	Crepis	12	NOT_MATCHED
Crocus biflorus Mill.	Crocus biflorus	Crocus		NOT_MATCHED
Crocus reticulatus Stev. ex Adams	Crocus reticulatus	Crocus		NOT_MATCHED
Crouania attenuata (C. Agardh) J. Agardh 1842	Crouania attenuata	Crouania		NOT_MATCHED
Cruciata glabra (L.) Ehrend.	Cruciata glabra	Cruciata		NOT_MATCHED
Crypsis aculeata (L.) Aiton	Crypsis aculeata	Crypsis	10	NOT_MATCHED
Crypsis schoenoides (L.) Lam.	Crypsis schoenoides	Crypsis	10	NOT_MATCHED
Cryptomeria japonica (L. f.) D. Don	Cryptomeria japonica	Cryptomeria		NOT_MATCHED
Cupressus arizonica Greene	Cupressus arizonica	Cupressus		NOT_MATCHED
Cuscuta cesatiana Bertol.	Cuscuta cesatiana	Cuscuta	14	NOT_MATCHED
Cuscuta kotschii Desm.	Cuscuta kotschii	Cuscuta		NOT_MATCHED
Cycas revoluta Thunb.	Cycas revoluta	Cycas		NOT_MATCHED
Cyclamen purpurascens Mill.	Cyclamen purpurascens	Cyclamen	25, 30	NOT_MATCHED
Cylindrocystis brebissonii (Ralfs) De Bary, 1858	Cylindrocystis brebissonii	Cylindrocystis		NOT_MATCHED
Cylindrocystis crassa de Bary, 1858	Cylindrocystis crassa	Cylindrocystis		NOT_MATCHED
Cymodocea nodosa (Ucria) Asch.	Cymodocea nodosa	Cymodocea	51	NOT_MATCHED
Cynodontium fallax Limpr.	Cynodontium fallax	Cynodontium	13	NOT_MATCHED
Cynoglossum creticum Mill.	Cynoglossum creticum	Cynoglossum		NOT_MATCHED
Cyperus congestus Vahl	Cyperus congestus	Cyperus		NOT_MATCHED
Cyperus glaber L.	Cyperus glaber	Cyperus	13	NOT_MATCHED
Cyperus glomeratus L.	Cyperus glomeratus	Cyperus	14	NOT_MATCHED
Cyperus michelianus (L.) Link	Cyperus michelianus	Cyperus	12	NOT_MATCHED
Cystopteris regia (L.) Desv.	Cystopteris regia	Cystopteris		NOT_MATCHED
Danae racemosa (L.) Moench	Danae racemosa	Danae		NOT_MATCHED
Danthonia alpina Vest	Danthonia alpina	Danthonia		NOT_MATCHED
Daphne alpina L.	Daphne alpina	Daphne		NOT_MATCHED
Daphne blagayana Freyer	Daphne blagayana	Daphne	13, 25, 27	NOT_MATCHED
Daphne cneorum L.	Daphne cneorum	Daphne	18, 25, 27	NOT_MATCHED
Daphne striata Tratt.	Daphne striata	Daphne		NOT_MATCHED
Dasya hutchinsiae Harvey, 1833	Dasya hutchinsiae	Dasya		NOT_MATCHED
Datura innoxia Mill.	Datura innoxia	Datura		NOT_MATCHED
Delphinium fissum Waldst. &amp; Kit.	Delphinium fissum	Delphinium		NOT_MATCHED
Deschampsia flexuosa (L.) Trin.	Deschampsia flexuosa	Deschampsia		NOT_MATCHED
Desmodesmus abundans (Kirchner) E.H. Hegewald, 2000	Desmodesmus abundans	Desmodesmus		NOT_MATCHED
Desmodesmus brasiliensis (Bohlin) E. Hegewald, 2000	Desmodesmus brasiliensis	Desmodesmus		NOT_MATCHED
Desmodesmus serratus (Corda) S.S. An, Friedl &amp; E.Hegewald, 1999	Desmodesmus serratus	Desmodesmus		NOT_MATCHED
Deutzia scabra Thunb.	Deutzia scabra	Deutzia		NOT_MATCHED
Dialytrichia mucronata (Brid.) Broth.	Dialytrichia mucronata	Dialytrichia		NOT_MATCHED
Dianthus balbisii Ser.	Dianthus balbisii	Dianthus	25	NOT_MATCHED
Dianthus collinus Waldst. &amp; Kit.	Dianthus collinus	Dianthus	25	NOT_MATCHED
Dianthus gigantheus D´Urv.	Dianthus gigantheus	Dianthus	14, 25	NOT_MATCHED
Dianthus hyssopifolius L. [s.str.]	Dianthus hyssopifolius	Dianthus	25	NOT_MATCHED
Dianthus sanguineus Vis.	Dianthus sanguineus	Dianthus	25	NOT_MATCHED
Dianthus sternbergii Sieber ex Kerner	Dianthus sternbergii	Dianthus	18, 25	NOT_MATCHED
Dianthus tergestinus (Rchb.) Kerner	Dianthus tergestinus	Dianthus	25	NOT_MATCHED
Dichoropetalum schottii (Besser ex DC.) Pimenov &amp; Kljuykov	Dichoropetalum schottii	Dichoropetalum		NOT_MATCHED
Dicranella cerviculata (Hedw.) Schimp.	Dicranella cerviculata	Dicranella		NOT_MATCHED
Dicranella crispa (Hedw.) Schimp.	Dicranella crispa	Dicranella	12	NOT_MATCHED
Dicranella grevilleana (Brid.) Schimp.	Dicranella grevilleana	Dicranella		NOT_MATCHED
Dicranella humilis R. Ruthe	Dicranella humilis	Dicranella	12	NOT_MATCHED
Dicranella rufescens (Dicks.) Schimp.	Dicranella rufescens	Dicranella		NOT_MATCHED
Dicranella staphylina H. Whitehouse	Dicranella staphylina	Dicranella		NOT_MATCHED
Dicranella subulata (Hedw.) Schimp.	Dicranella subulata	Dicranella		NOT_MATCHED
Dicranum crassifolium Sérgio, Ochyra &amp; Séneca	Dicranum crassifolium	Dicranum		NOT_MATCHED
Dicranum fulvum Hook.	Dicranum fulvum	Dicranum		NOT_MATCHED
Dicranum montanum Hedw.	Dicranum montanum	Dicranum		NOT_MATCHED
Dicranum scottianum Turner	Dicranum scottianum	Dicranum		NOT_MATCHED
Dicranum transsylvanicum Lüth	Dicranum transsylvanicum	Dicranum		NOT_MATCHED
Dictamnus albus L.	Dictamnus albus	Dictamnus		NOT_MATCHED
Didymodon giganteus (Funck) Jur.	Didymodon giganteus	Didymodon	13	NOT_MATCHED
Didymodon nichlosonii Culm.	Didymodon nichlosonii	Didymodon		NOT_MATCHED
Digitalis laevigata Waldst. &amp; Kit.	Digitalis laevigata	Digitalis		NOT_MATCHED
Digitaria aegyptiaca (Retz.) Willd. [s.l.]	Digitaria aegyptiaca	Digitaria	11	NOT_MATCHED
Diobelonella palustris (Dicks.) Ochyra	Diobelonella palustris	Diobelonella	13	NOT_MATCHED
Diospyros kaki Thunb.	Diospyros kaki	Diospyros		NOT_MATCHED
Diphasiastrum issleri (Rouy) Holub	Diphasiastrum issleri	Diphasiastrum	14, 25, 29	NOT_MATCHED
Diphyscium foliosum (Hedw.) D. Mohr	Diphyscium foliosum	Diphyscium		NOT_MATCHED
Dipterosiphonia rigens (C. Agardh) Falkenbergm, 1901	Dipterosiphonia rigens	Dipterosiphonia		NOT_MATCHED
Doronicum glaciale (Wulfen) Nyman	Doronicum glaciale	Doronicum		NOT_MATCHED
Doronicum grandiflorum Lam.	Doronicum grandiflorum	Doronicum		NOT_MATCHED
Dorycnium germanicum (Gremli) Rikli	Dorycnium germanicum	Dorycnium		NOT_MATCHED
Dorycnium herbaceum Vill.	Dorycnium herbaceum	Dorycnium		NOT_MATCHED
Draba aspera Bertol.	Draba aspera	Draba	14	NOT_MATCHED
Draba muralis L.	Draba muralis	Draba	17	NOT_MATCHED
Draba tomentosa Clairv.	Draba tomentosa	Draba		NOT_MATCHED
Draparnaldia mutabilis (Roth) Bory, 1808	Draparnaldia mutabilis	Draparnaldia		NOT_MATCHED
Dryopteris affinis (Lowe) Fraser-Jenk. [s.l.]	Dryopteris affinis	Dryopteris		NOT_MATCHED
Dryopteris cristata (L.) A. Gray	Dryopteris cristata	Dryopteris	10	NOT_MATCHED
Dryopteris dilatata (Hoffm.) A. Gray	Dryopteris dilatata	Dryopteris		NOT_MATCHED
Dryopteris submontana (Fraser-Jenkins &amp; Jermy) Fraser-Jenkins	Dryopteris submontana	Dryopteris		NOT_MATCHED
Dryopteris villarii (Bellardi) Woyn. ex Thell.	Dryopteris villarii	Dryopteris		NOT_MATCHED
Duchesnea indica (Andrews) Focke	Duchesnea indica	Duchesnea		NOT_MATCHED
Echinops ritro L. [s.l.]	Echinops ritro	Echinops		NOT_MATCHED
Edraianthus graminifolius (L.) DC.	Edraianthus graminifolius	Edraianthus	14	NOT_MATCHED
Elaeagnus macrophylla Thunb.	Elaeagnus macrophylla	Elaeagnus		NOT_MATCHED
Elaeagnus pungens Thunb.	Elaeagnus pungens	Elaeagnus		NOT_MATCHED
Elakatothrix biplex Hindák, 1962	Elakatothrix biplex	Elakatothrix		NOT_MATCHED
Elakatothrix gelatinosa Wille, 1898	Elakatothrix gelatinosa	Elakatothrix		NOT_MATCHED
Elakatothrix spirochroma (Reverdin) Hindák, 1962	Elakatothrix spirochroma	Elakatothrix		NOT_MATCHED
Eleocharis austriaca Hayek	Eleocharis austriaca	Eleocharis	13	NOT_MATCHED
Elyna myosuroides (Vill.) Fritsch	Elyna myosuroides	Elyna	14	NOT_MATCHED
Elytrigia atherica (Link) Carreras Martinez	Elytrigia atherica	Elytrigia		NOT_MATCHED
Elytrigia elongata (Host) Nevski	Elytrigia elongata	Elytrigia		NOT_MATCHED
Elytrigia intermedia (Host) Nevski [s.l.]	Elytrigia intermedia	Elytrigia		NOT_MATCHED
Elytrigia juncea (L.) Nevski	Elytrigia juncea	Elytrigia	11	NOT_MATCHED
Elytrigia repens (L.) Desv.	Elytrigia repens	Elytrigia		NOT_MATCHED
Encalypta longicolla Bruch	Encalypta longicolla	Encalypta	12	NOT_MATCHED
Encalypta trachymitria Ripart	Encalypta trachymitria	Encalypta		NOT_MATCHED
Entodon schleicheri (Schimp.) Demet.	Entodon schleicheri	Entodon		NOT_MATCHED
Ephemerum cohaerens (Hedw.) Hampe	Ephemerum cohaerens	Ephemerum	12	NOT_MATCHED
Ephemerum stoloniferum (Hedw.) L. T. Ellis &amp; M. J. Price	Ephemerum stoloniferum	Ephemerum		NOT_MATCHED
Epilobium alpestre (Jacq.) Krock.	Epilobium alpestre	Epilobium		NOT_MATCHED
Epilobium lamyi F. W. Schultz	Epilobium lamyi	Epilobium		NOT_MATCHED
Epilobium nutans F. W. Schmidt	Epilobium nutans	Epilobium	14	NOT_MATCHED
Epimedium alpinum L.	Epimedium alpinum	Epimedium		NOT_MATCHED
Epipactis greuteri H. Baumann &amp; Künkele	Epipactis greuteri	Epipactis	14, 25, 27	NOT_MATCHED
Epipactis latina (Rossi &amp; E. Klein) B. &amp; H. Baumann	Epipactis latina	Epipactis	14, 25, 27	NOT_MATCHED
Epipactis microphylla (Ehrh.) Sw.	Epipactis microphylla	Epipactis	14, 25, 27	NOT_MATCHED
Epipactis muelleri Godf.	Epipactis muelleri	Epipactis	14, 25, 27	NOT_MATCHED
Epipactis nordeniorum Robatsch	Epipactis nordeniorum	Epipactis	25, 27	NOT_MATCHED
Epipactis pontica Taubenheim	Epipactis pontica	Epipactis	14, 25, 27	NOT_MATCHED
Epipogium aphyllum Sw.	Epipogium aphyllum	Epipogium	12, 25, 27	NOT_MATCHED
Equisetum telmateia Ehrh.	Equisetum telmateia	Equisetum		NOT_MATCHED
Erechtites hieraciifolia (L.) Rafin. ex DC.	Erechtites hieraciifolia	Erechtites		NOT_MATCHED
Erica carnea L.	Erica carnea	Erica		NOT_MATCHED
Erigeron alpinus L.	Erigeron alpinus	Erigeron		NOT_MATCHED
Erigeron angulosus Gaudin	Erigeron angulosus	Erigeron		NOT_MATCHED
Erigeron glabratus Hoppe &amp; Hornsch. ex. Bluff &amp; Fingerh.	Erigeron glabratus	Erigeron		NOT_MATCHED
Erophila praecox (Steven) DC.	Erophila praecox	Erophila		NOT_MATCHED
Erophila spathulata Láng	Erophila spathulata	Erophila		NOT_MATCHED
Erophila verna (L.) Chevall.	Erophila verna	Erophila		NOT_MATCHED
Eruca sativa Miller	Eruca sativa	Eruca		NOT_MATCHED
Erysimum carniolicum Dolliner	Erysimum carniolicum	Erysimum	14	NOT_MATCHED
Erysimum odoratum Ehrh.	Erysimum odoratum	Erysimum		NOT_MATCHED
Erysimum sylvestre (Crantz) Scop.	Erysimum sylvestre	Erysimum		NOT_MATCHED
Erythronium dens-canis L.	Erythronium dens-canis	Erythronium	13, 25, 29	NOT_MATCHED
Erythrotrichia carnea (Dillwyn) J. Agardh, 1883	Erythrotrichia carnea	Erythrotrichia		NOT_MATCHED
Euastrum ansatum Ehrenberg ex Ralfs, 1848	Euastrum ansatum	Euastrum		NOT_MATCHED
Euastrum binale Ehrenberg ex Ralfs, 1848	Euastrum binale	Euastrum		NOT_MATCHED
Eucalyptus gunnii Hook.fil.	Eucalyptus gunnii	Eucalyptus		NOT_MATCHED
Euonymus europaea L.	Euonymus europaea	Euonymus		NOT_MATCHED
Euonymus fortunei (Turcz.) Hand.-Mazz.	Euonymus fortunei	Euonymus		NOT_MATCHED
Euonymus latifolia (L.) Mill.	Euonymus latifolia	Euonymus		NOT_MATCHED
Euonymus verrucosa Scop.	Euonymus verrucosa	Euonymus		NOT_MATCHED
Eupatorium maculatum L.	Eupatorium maculatum	Eupatorium		NOT_MATCHED
Euphorbia acuminata Lam.	Euphorbia acuminata	Euphorbia		NOT_MATCHED
Euphorbia angulata Jacq.	Euphorbia angulata	Euphorbia		NOT_MATCHED
Euphorbia carniolica Jacq.	Euphorbia carniolica	Euphorbia		NOT_MATCHED
Euphorbia chamaesyce L.	Euphorbia chamaesyce	Euphorbia		NOT_MATCHED
Euphorbia fragifera Jan	Euphorbia fragifera	Euphorbia		NOT_MATCHED
Euphorbia humifusa Willd.	Euphorbia humifusa	Euphorbia		NOT_MATCHED
Euphorbia peplis L.	Euphorbia peplis	Euphorbia		NOT_MATCHED
Euphorbia peploides Gouan	Euphorbia peploides	Euphorbia	17	NOT_MATCHED
Euphorbia pinea L.	Euphorbia pinea	Euphorbia	17	NOT_MATCHED
Euphorbia triflora Schott, Nyman &amp; Kotschy	Euphorbia triflora	Euphorbia	14	NOT_MATCHED
Euphorbia villosa Waldst. &amp; Kit. ex Willd.	Euphorbia villosa	Euphorbia	13	NOT_MATCHED
Euphrasia cuspidata Host	Euphrasia cuspidata	Euphrasia		NOT_MATCHED
Euphrasia illyrica Wettst.	Euphrasia illyrica	Euphrasia		NOT_MATCHED
Euphrasia italica Wettst.	Euphrasia italica	Euphrasia	17	NOT_MATCHED
Euphrasia kerneri Wettst.	Euphrasia kerneri	Euphrasia		NOT_MATCHED
Euphrasia liburnica Wettst.	Euphrasia liburnica	Euphrasia	14	NOT_MATCHED
Euphrasia marchesettii Wettst.	Euphrasia marchesettii	Euphrasia	7, 8, 17, 25, 27, 34, 49, 50, 51	NOT_MATCHED
Euphrasia minima Jacq. ex DC.	Euphrasia minima	Euphrasia		NOT_MATCHED
Euphrasia picta Wimm. [s. l.]	Euphrasia picta	Euphrasia		NOT_MATCHED
Euphrasia pulchella A. Kern.	Euphrasia pulchella	Euphrasia	14	NOT_MATCHED
Euphrasia versicolor Kern.	Euphrasia versicolor	Euphrasia		NOT_MATCHED
Eurhynchiastrum diversifolium (Schimp.) J. Guerra	Eurhynchiastrum diversifolium	Eurhynchiastrum		NOT_MATCHED
Fabronia ciliaris (Brid.) Brid.	Fabronia ciliaris	Fabronia		NOT_MATCHED
Fabronia pusilla Raddi	Fabronia pusilla	Fabronia		NOT_MATCHED
Fagopyrum tataricum (L.) Gaertn.	Fagopyrum tataricum	Fagopyrum	11	NOT_MATCHED
Fallopia japonica (Houtt.) Ronse Decr.	Fallopia japonica	Fallopia		NOT_MATCHED
Fallopia sachalinensis (F. Schmidt) Ronse Decr.	Fallopia sachalinensis	Fallopia		NOT_MATCHED
Felicinia spathulata (J. Agardh) Le Gall &amp; Vergés, 2018	Felicinia spathulata	Felicinia		NOT_MATCHED
Ferulago campestris (Besser) Grecescu	Ferulago campestris	Ferulago		NOT_MATCHED
Festuca airoides Lam.	Festuca airoides	Festuca	14	NOT_MATCHED
Festuca alpestris Roem. &amp; Schult.	Festuca alpestris	Festuca	14	NOT_MATCHED
Festuca alpina Suter	Festuca alpina	Festuca		NOT_MATCHED
Festuca amethystina L.	Festuca amethystina	Festuca	14	NOT_MATCHED
Festuca apennina De Not.	Festuca apennina	Festuca	14	NOT_MATCHED
Festuca arundinacea Schreb. [s.l.]	Festuca arundinacea	Festuca		NOT_MATCHED
Festuca bosniaca Kumm. &amp; Sendtn.	Festuca bosniaca	Festuca	14	NOT_MATCHED
Festuca brevipila Tracey	Festuca brevipila	Festuca		NOT_MATCHED
Festuca calva (Hack.) Richt.	Festuca calva	Festuca		NOT_MATCHED
Festuca circummediterranea Patzke	Festuca circummediterranea	Festuca		NOT_MATCHED
Festuca drymeia Mert. &amp; Koch	Festuca drymeia	Festuca	14	NOT_MATCHED
Festuca gigantea (L.) Vill.	Festuca gigantea	Festuca		NOT_MATCHED
Festuca guestfalica Boenn. ex Rchb. f.	Festuca guestfalica	Festuca		NOT_MATCHED
Festuca heteromalla Pourr.	Festuca heteromalla	Festuca		NOT_MATCHED
Festuca intercedens (Hack.) Lüdi ex Becher	Festuca intercedens	Festuca	14	NOT_MATCHED
Festuca laxa Host	Festuca laxa	Festuca		NOT_MATCHED
Festuca nigrescens Lam.	Festuca nigrescens	Festuca		NOT_MATCHED
Festuca nitida Kit. ex J. A. Schult.	Festuca nitida	Festuca		NOT_MATCHED
Festuca norica (Hack.) K. Richt.	Festuca norica	Festuca		NOT_MATCHED
Festuca pallens Host	Festuca pallens	Festuca		NOT_MATCHED
Festuca paniculata (L.) Schinz &amp; Thell.	Festuca paniculata	Festuca	14	NOT_MATCHED
Festuca picturata Pils	Festuca picturata	Festuca	14	NOT_MATCHED
Festuca pratensis Huds.	Festuca pratensis	Festuca		NOT_MATCHED
Festuca pseudovina Hack. ex Wiesb.	Festuca pseudovina	Festuca		NOT_MATCHED
Festuca pulchella Schrad. [s.l.]	Festuca pulchella	Festuca		NOT_MATCHED
Festuca quadriflora Honck.	Festuca quadriflora	Festuca		NOT_MATCHED
Festuca rupicaprina (Hack.) Kern.	Festuca rupicaprina	Festuca		NOT_MATCHED
Festuca rupicola Heuff.	Festuca rupicola	Festuca		NOT_MATCHED
Festuca spectabilis Jan [s.l.]	Festuca spectabilis	Festuca		NOT_MATCHED
Festuca stenantha (Hack.) Richt.	Festuca stenantha	Festuca		NOT_MATCHED
Festuca stricta Host	Festuca stricta	Festuca		NOT_MATCHED
Festuca trichophylla (Gaudin) K. Richt.	Festuca trichophylla	Festuca	14	NOT_MATCHED
Festuca varia Haenke	Festuca varia	Festuca	14	NOT_MATCHED
Festuca violacea Schleich. ex Gaud.	Festuca violacea	Festuca	14	NOT_MATCHED
Filaginella uliginosa (L.) Opiz	Filaginella uliginosa	Filaginella		NOT_MATCHED
Filago vulgaris Lam.	Filago vulgaris	Filago		NOT_MATCHED
Fimbristylis annua (All.) Roem. &amp; Schult.	Fimbristylis annua	Fimbristylis	12	NOT_MATCHED
Fissidens fontanus (Bach. Pyl.) Steud.	Fissidens fontanus	Fissidens		NOT_MATCHED
Fissidens gracilifolius Brugg.-Nann. &amp; Nyholm	Fissidens gracilifolius	Fissidens		NOT_MATCHED
Fissidens incurvus Röhl.	Fissidens incurvus	Fissidens		NOT_MATCHED
Fissidens rufulus Schimp.	Fissidens rufulus	Fissidens	12	NOT_MATCHED
Fissidens viridulus (Sw.) Wahlenb.	Fissidens viridulus	Fissidens		NOT_MATCHED
Flabellia petiolata (Turra) Nizamuddin, 1987	Flabellia petiolata	Flabellia		NOT_MATCHED
Foeniculum piperitum (Ucria) Presl	Foeniculum piperitum	Foeniculum		NOT_MATCHED
Foeniculum vulgare Mill.	Foeniculum vulgare	Foeniculum		NOT_MATCHED
Frangula rupestris (Scop.) Schur	Frangula rupestris	Frangula		NOT_MATCHED
Fritillaria orientalis Adams	Fritillaria orientalis	Fritillaria	13, 25, 51	NOT_MATCHED
Frullania cleistostoma Schiffn. &amp; W. Wollny	Frullania cleistostoma	Frullania		NOT_MATCHED
Fumana procumbens (Dunal) Gren. &amp; Godr.	Fumana procumbens	Fumana		NOT_MATCHED
Fumaria rostellata Knaf	Fumaria rostellata	Fumaria		NOT_MATCHED
Gagea arvensis (Pers.) Dumort.	Gagea arvensis	Gagea		NOT_MATCHED
Galeobdolon argentatum Smejkal	Galeobdolon argentatum	Galeobdolon		NOT_MATCHED
Galeobdolon flavidum (F. Herm.) Holub	Galeobdolon flavidum	Galeobdolon		NOT_MATCHED
Galeobdolon montanum (Pers.) Rchb.	Galeobdolon montanum	Galeobdolon		NOT_MATCHED
Galeopsis ladanum L.	Galeopsis ladanum	Galeopsis		NOT_MATCHED
Galeopsis pubescens Besser	Galeopsis pubescens	Galeopsis		NOT_MATCHED
Galeopsis segetum Neck.	Galeopsis segetum	Galeopsis		NOT_MATCHED
Galinsoga ciliata (Rafin.) Blake	Galinsoga ciliata	Galinsoga		NOT_MATCHED
Galium album Mill. [s.l.]	Galium album	Galium		NOT_MATCHED
Galium anisophyllon Vill.	Galium anisophyllon	Galium		NOT_MATCHED
Galium austriacum Jacq.	Galium austriacum	Galium	14	NOT_MATCHED
Galium constrictum Chaub.	Galium constrictum	Galium		NOT_MATCHED
Galium corrudifolium Vill.	Galium corrudifolium	Galium		NOT_MATCHED
Galium divaricatum Lam.	Galium divaricatum	Galium		NOT_MATCHED
Galium elongatum C. Presl	Galium elongatum	Galium		NOT_MATCHED
Galium laevigatum L.	Galium laevigatum	Galium		NOT_MATCHED
Galium lucidum All.	Galium lucidum	Galium		NOT_MATCHED
Galium noricum Ehrend.	Galium noricum	Galium		NOT_MATCHED
Galium pumilum Murray [s.str.]	Galium pumilum	Galium		NOT_MATCHED
Galium purpureum L.	Galium purpureum	Galium		NOT_MATCHED
Galium rotundifolium L.	Galium rotundifolium	Galium		NOT_MATCHED
Galium rubioides L.	Galium rubioides	Galium	14	NOT_MATCHED
Galium schultesii Vest	Galium schultesii	Galium		NOT_MATCHED
Galium tricornutum Dandy	Galium tricornutum	Galium		NOT_MATCHED
Gelidiella lubrica (Kützing) Feldmann &amp; Hamel, 1934	Gelidiella lubrica	Gelidiella		NOT_MATCHED
Gelidium crinale (Hare ex Turner) Gaillon, 1828	Gelidium crinale	Gelidium		NOT_MATCHED
Gelidium pusillum (Stackhouse) Le Jolis, 1863	Gelidium pusillum	Gelidium		NOT_MATCHED
Gelidium spathulatum (Kützing) Bornet, 1892	Gelidium spathulatum	Gelidium		NOT_MATCHED
Gelidium spinosum (S.G. Gmelin) P.C. Silva, 1996	Gelidium spinosum	Gelidium		NOT_MATCHED
Genista januensis Viv.	Genista januensis	Genista		NOT_MATCHED
Genista ovata Waldst. &amp; Kit.	Genista ovata	Genista		NOT_MATCHED
Genista sylvestris Scop.	Genista sylvestris	Genista		NOT_MATCHED
Gentiana cruciata L.	Gentiana cruciata	Gentiana		NOT_MATCHED
Gentiana favratii Rittener ex Favrat	Gentiana favratii	Gentiana		NOT_MATCHED
Gentiana froelichii Jan ex Rchb. [s.l.]	Gentiana froelichii	Gentiana	18, 25	NOT_MATCHED
Gentiana pannonica Scop.	Gentiana pannonica	Gentiana	18, 25, 26	NOT_MATCHED
Gentiana pumila Jacq.	Gentiana pumila	Gentiana		NOT_MATCHED
Gentiana terglouensis Hacq.	Gentiana terglouensis	Gentiana		NOT_MATCHED
Gentiana utriculosa L.	Gentiana utriculosa	Gentiana		NOT_MATCHED
Gentianella liburnica E. Mayer &amp; Kunz	Gentianella liburnica	Gentianella	14	NOT_MATCHED
Gentianella tenella (Rottb.) Börner	Gentianella tenella	Gentianella	14	NOT_MATCHED
Geranium macrorrhizum L.	Geranium macrorrhizum	Geranium		NOT_MATCHED
Geranium nodosum L.	Geranium nodosum	Geranium		NOT_MATCHED
Geranium palustre L.	Geranium palustre	Geranium		NOT_MATCHED
Geranium thunbergii Lindl. &amp; Paxton	Geranium thunbergii	Geranium		NOT_MATCHED
Gladiolus illyricus Koch	Gladiolus illyricus	Gladiolus	13, 25, 27	NOT_MATCHED
Gladiolus imbricatus L.	Gladiolus imbricatus	Gladiolus	14, 25, 27	NOT_MATCHED
Gladiolus italicus Mill.	Gladiolus italicus	Gladiolus	13, 25, 27	NOT_MATCHED
Gladiolus palustris Gaudin	Gladiolus palustris	Gladiolus	7, 8, 13, 25, 27, 34, 50	NOT_MATCHED
Globularia cordifolia L.	Globularia cordifolia	Globularia		NOT_MATCHED
Globularia nudicaulis L.	Globularia nudicaulis	Globularia		NOT_MATCHED
Globularia punctata Lapeyr.	Globularia punctata	Globularia		NOT_MATCHED
Gloeocystis vesiculosa Nägeli, 1849	Gloeocystis vesiculosa	Gloeocystis		NOT_MATCHED
Gnaphalium luteoalbum L.	Gnaphalium luteoalbum	Gnaphalium	17	NOT_MATCHED
Gongrosira debaryana Rabenhorst, 1868	Gongrosira debaryana	Gongrosira		NOT_MATCHED
Gracilariopsis longissima (S.G. Gmelin) Steentoft, L.M. Irvine &amp; Farnham, 1995	Gracilariopsis longissima	Gracilariopsis		NOT_MATCHED
Grafia golaka (Hacq.) Rchb.	Grafia golaka	Grafia		NOT_MATCHED
Grimmia crinita Brid.	Grimmia crinita	Grimmia	14	NOT_MATCHED
Grimmia hartmanii Schimp.	Grimmia hartmanii	Grimmia		NOT_MATCHED
Grimmia orbicularis Wilson	Grimmia orbicularis	Grimmia		NOT_MATCHED
Grimmia teretinervis Limpr.	Grimmia teretinervis	Grimmia	14	NOT_MATCHED
Grimmia tergestina Bruch &amp; Schimp.	Grimmia tergestina	Grimmia		NOT_MATCHED
Gulsonia nodulosa (Ercegovic) Feldmann &amp; G. Feldmann, 1967	Gulsonia nodulosa	Gulsonia		NOT_MATCHED
Gymnadenia odoratissima (L.) Rich.	Gymnadenia odoratissima	Gymnadenia	13, 25, 27	NOT_MATCHED
Gymnocladus dioicus (L.) K.Koch	Gymnocladus dioicus	Gymnocladus		NOT_MATCHED
Gypsophila muralis L.	Gypsophila muralis	Gypsophila		NOT_MATCHED
Habrodon perpusillus (De Not.) Lindb.	Habrodon perpusillus	Habrodon	14	NOT_MATCHED
Hacquetia epipactis (Scop.) DC.	Hacquetia epipactis	Hacquetia		NOT_MATCHED
Halopithys incurva (Hudson) Batters, 1902	Halopithys incurva	Halopithys		NOT_MATCHED
Halymenia floresii (Clemente) C. Agardh, 1817	Halymenia floresii	Halymenia		NOT_MATCHED
Haplocladium angustifolium (Hampe &amp; Müll. Hal.) Broth.	Haplocladium angustifolium	Haplocladium	12	NOT_MATCHED
Haplocladium virginianum (Brid.) Broth.	Haplocladium virginianum	Haplocladium	12	NOT_MATCHED
Haplotaenium minutum (Ralfs) Bando, 1988	Haplotaenium minutum	Haplotaenium		NOT_MATCHED
Hariotina reticulata P.A. Dangeard, 1889	Hariotina reticulata	Hariotina		NOT_MATCHED
Hedwigia ciliata (Hedw.) P. Beauv.	Hedwigia ciliata	Hedwigia		NOT_MATCHED
Hedwigia emodica Müll. Hal.	Hedwigia emodica	Hedwigia		NOT_MATCHED
Hedypnois cretica (L.) Dum. Cours.	Hedypnois cretica	Hedypnois	14	NOT_MATCHED
Helianthemum alpestre (Jacq.) DC.	Helianthemum alpestre	Helianthemum		NOT_MATCHED
Helianthemum canum (L.) Baumg.	Helianthemum canum	Helianthemum		NOT_MATCHED
Helianthemum rupifragum Kerner	Helianthemum rupifragum	Helianthemum		NOT_MATCHED
Helianthus rigidus (Cass.) Desf.	Helianthus rigidus	Helianthus		NOT_MATCHED
Helictotrichon parlatorei (Woods) Pilg.	Helictotrichon parlatorei	Helictotrichon		NOT_MATCHED
Helictotrichon petzense H. Melzer	Helictotrichon petzense	Helictotrichon		NOT_MATCHED
Helictotrichon praeustum (Rchb.) Tzvelev	Helictotrichon praeustum	Helictotrichon		NOT_MATCHED
Helictotrichon pratense (L.) Pilger	Helictotrichon pratense	Helictotrichon		NOT_MATCHED
Helictotrichon pubescens (Huds.) Pilg. [s.l.]	Helictotrichon pubescens	Helictotrichon		NOT_MATCHED
Helictotrichon versicolor (Vill.) Pilg.	Helictotrichon versicolor	Helictotrichon	14	NOT_MATCHED
Heliosperma veselskyi Janka	Heliosperma veselskyi	Heliosperma	14	NOT_MATCHED
Helleborus atrorubens Waldst. &amp; Kit.	Helleborus atrorubens	Helleborus	25, 30	NOT_MATCHED
Helleborus dumetorum Waldst. &amp; Kit.	Helleborus dumetorum	Helleborus	25, 30	NOT_MATCHED
Helleborus niger L.	Helleborus niger	Helleborus	25, 30	NOT_MATCHED
Helleborus odorus Waldst. &amp; Kit. ex Willd.	Helleborus odorus	Helleborus	25, 30	NOT_MATCHED
Heracleum austriacum L. [s.l.]	Heracleum austriacum	Heracleum		NOT_MATCHED
Herposiphonia tenella (C. Agardh) Ambronn, 1880	Herposiphonia tenella	Herposiphonia		NOT_MATCHED
Hesperis candida Kit. ex Hayek	Hesperis candida	Hesperis		NOT_MATCHED
Hesperis sylvestris Crantz	Hesperis sylvestris	Hesperis		NOT_MATCHED
Heterocladiella dimorpha Ignatov &amp; Fedosov	Heterocladiella dimorpha	Heterocladiella		NOT_MATCHED
Hieracium amplexicaule L.	Hieracium amplexicaule	Hieracium		NOT_MATCHED
Hieracium aurantiacum L.	Hieracium aurantiacum	Hieracium		NOT_MATCHED
Hieracium austriacum Brittinger	Hieracium austriacum	Hieracium		NOT_MATCHED
Hieracium bauhinii Schult.	Hieracium bauhinii	Hieracium		NOT_MATCHED
Hieracium benzianum Murr &amp; Zahn	Hieracium benzianum	Hieracium		NOT_MATCHED
Hieracium bupleuroides C. C. Gmel.	Hieracium bupleuroides	Hieracium		NOT_MATCHED
Hieracium calcareum Bernh. ex Hornem.	Hieracium calcareum	Hieracium		NOT_MATCHED
Hieracium chondrillifolium Fr.	Hieracium chondrillifolium	Hieracium		NOT_MATCHED
Hieracium ctenodon Nägeli &amp; Peter	Hieracium ctenodon	Hieracium		NOT_MATCHED
Hieracium dentatum Hoppe	Hieracium dentatum	Hieracium		NOT_MATCHED
Hieracium diaphanoides Lindeb.	Hieracium diaphanoides	Hieracium		NOT_MATCHED
Hieracium dollineri Schultz Bip. ex F. W. Schultz	Hieracium dollineri	Hieracium		NOT_MATCHED
Hieracium glabratum Hoppe ex Willd.	Hieracium glabratum	Hieracium		NOT_MATCHED
Hieracium glaucum All.	Hieracium glaucum	Hieracium		NOT_MATCHED
Hieracium humile Jacq.	Hieracium humile	Hieracium		NOT_MATCHED
Hieracium incisum Hoppe	Hieracium incisum	Hieracium		NOT_MATCHED
Hieracium jablonicense Wol.	Hieracium jablonicense	Hieracium		NOT_MATCHED
Hieracium lactucella Wallr.	Hieracium lactucella	Hieracium		NOT_MATCHED
Hieracium lasiophyllum Koch	Hieracium lasiophyllum	Hieracium		NOT_MATCHED
Hieracium latifolium Froel. ex Link	Hieracium latifolium	Hieracium		NOT_MATCHED
Hieracium leicocephalum Bartl. ex Griseb.	Hieracium leicocephalum	Hieracium		NOT_MATCHED
Hieracium maculatum Schrank	Hieracium maculatum	Hieracium		NOT_MATCHED
Hieracium oxyodon Fr. em. Zahn	Hieracium oxyodon	Hieracium		NOT_MATCHED
Hieracium piliferum Hoppe	Hieracium piliferum	Hieracium		NOT_MATCHED
Hieracium pilosella L.	Hieracium pilosella	Hieracium		NOT_MATCHED
Hieracium piloselloides Vill.	Hieracium piloselloides	Hieracium		NOT_MATCHED
Hieracium pilosum Schleich. ex Froel.	Hieracium pilosum	Hieracium		NOT_MATCHED
Hieracium porrifolium L.	Hieracium porrifolium	Hieracium		NOT_MATCHED
Hieracium praealtum Vill. ex Gochnat	Hieracium praealtum	Hieracium		NOT_MATCHED
Hieracium pseudobupleuroides Nägeli &amp; Peter	Hieracium pseudobupleuroides	Hieracium		NOT_MATCHED
Hieracium racemosum Waldst. &amp; Kit. ex Willd.	Hieracium racemosum	Hieracium		NOT_MATCHED
Hieracium rotundatum Kit. ex Schult.	Hieracium rotundatum	Hieracium		NOT_MATCHED
Hieracium sanctoides P. D. Sell &amp; C. West	Hieracium sanctoides	Hieracium	14	NOT_MATCHED
Hieracium saxatile Jacq.	Hieracium saxatile	Hieracium		NOT_MATCHED
Hieracium schultesii F. W. Schultz	Hieracium schultesii	Hieracium		NOT_MATCHED
Hieracium scorzonerifolium Vill.	Hieracium scorzonerifolium	Hieracium		NOT_MATCHED
Hieracium sphaerocephalum Froel.	Hieracium sphaerocephalum	Hieracium		NOT_MATCHED
Hieracium valdepilosum Vill.	Hieracium valdepilosum	Hieracium		NOT_MATCHED
Hieracium villosum Jacq.	Hieracium villosum	Hieracium		NOT_MATCHED
Hieracium wilczekianum Arv.-Touv.	Hieracium wilczekianum	Hieracium		NOT_MATCHED
Hierochloë australis (Schrad.) Roem. &amp; Schult.	Hierochloë australis	Hierochloë		NOT_MATCHED
Hildenbrandia rubra (Sommerfelt) Meneghini, 1841	Hildenbrandia rubra	Hildenbrandia		NOT_MATCHED
Himantoglossum adriaticum H. Baumann	Himantoglossum adriaticum	Himantoglossum	7, 8, 13, 25, 27, 34, 50	NOT_MATCHED
Hippocrepis unisiliquosa L.	Hippocrepis unisiliquosa	Hippocrepis	10	NOT_MATCHED
Hordeum distichon L.	Hordeum distichon	Hordeum		NOT_MATCHED
Hordeum geniculatum All.	Hordeum geniculatum	Hordeum	14	NOT_MATCHED
Hordeum leporinum Link	Hordeum leporinum	Hordeum		NOT_MATCHED
Hornungia alpina (L.) O. Appel	Hornungia alpina	Hornungia		NOT_MATCHED
Hyacinthoides non-scripta (L.) Chouard ex Rothm.	Hyacinthoides non-scripta	Hyacinthoides		NOT_MATCHED
Hyalotheca dissiliens Brébisson ex Ralfs, 1848	Hyalotheca dissiliens	Hyalotheca		NOT_MATCHED
Hydrangea macrophylla (Thunb.) Ser.	Hydrangea macrophylla	Hydrangea		NOT_MATCHED
Hydrolithon boreale (Foslie) Y.M. Chamberlain, 1994	Hydrolithon boreale	Hydrolithon		NOT_MATCHED
Hydrolithon farinosum (J.V. Lamouroux) Penrose &amp; Y.M. Chamberlain, 1993	Hydrolithon farinosum	Hydrolithon		NOT_MATCHED
Hygroamblystegium humile (P. Beauv.) Vanderp., Goffinet &amp; Hedenäs	Hygroamblystegium humile	Hygroamblystegium	13	NOT_MATCHED
Hymenolobus procumbens (L.) Torr. &amp; A. Gray	Hymenolobus procumbens	Hymenolobus		NOT_MATCHED
Hymenoloma compactum (Schwägr.) Ochyra	Hymenoloma compactum	Hymenoloma		NOT_MATCHED
Hyoscyamus albus L.	Hyoscyamus albus	Hyoscyamus		NOT_MATCHED
Hypericum perfoliatum L.	Hypericum perfoliatum	Hypericum		NOT_MATCHED
Hypericum richeri Vill.	Hypericum richeri	Hypericum	14	NOT_MATCHED
Hypnum resupinatum Taylor	Hypnum resupinatum	Hypnum		NOT_MATCHED
Hypochoeris maculata L.	Hypochoeris maculata	Hypochoeris		NOT_MATCHED
Hypochoeris radicata L.	Hypochoeris radicata	Hypochoeris		NOT_MATCHED
Hypochoeris uniflora Vill.	Hypochoeris uniflora	Hypochoeris	14	NOT_MATCHED
Iberis linifolia L. [s.l.]	Iberis linifolia	Iberis		NOT_MATCHED
Iberis pinnata L.	Iberis pinnata	Iberis		NOT_MATCHED
Iberis sempervirens L.	Iberis sempervirens	Iberis		NOT_MATCHED
Imbribryum mildeanum (Jur.) J. R. Spence	Imbribryum mildeanum	Imbribryum		NOT_MATCHED
Inula britannica L.	Inula britannica	Inula		NOT_MATCHED
Inula crithmoides L.	Inula crithmoides	Inula	13	NOT_MATCHED
Inula ensifolia L.	Inula ensifolia	Inula		NOT_MATCHED
Inula hirta L.	Inula hirta	Inula		NOT_MATCHED
Inula spiraeifolia L.	Inula spiraeifolia	Inula		NOT_MATCHED
Iris croatica I. &amp; M. D. Horvat	Iris croatica	Iris	14, 25, 27	NOT_MATCHED
Iris germanica L.	Iris germanica	Iris	25, 27	NOT_MATCHED
Iris graminea L.	Iris graminea	Iris	25, 27	NOT_MATCHED
Isolepis supina (L.) R. Br.	Isolepis supina	Isolepis	12	NOT_MATCHED
Isopyrum thalictroides L.	Isopyrum thalictroides	Isopyrum		NOT_MATCHED
Isothecium myosuroides Brid.	Isothecium myosuroides	Isothecium		NOT_MATCHED
Iva xanthiifolia Nutt.	Iva xanthiifolia	Iva		NOT_MATCHED
Jania rubens (Linnaeus) J.V. Lamouroux, 1816	Jania rubens	Jania		NOT_MATCHED
Jania virgata (Zanardini) Montagne, 1846	Jania virgata	Jania		NOT_MATCHED
Jasminum officinale L.	Jasminum officinale	Jasminum		NOT_MATCHED
Jovibarba arenaria (Koch) Opiz	Jovibarba arenaria	Jovibarba	25	NOT_MATCHED
Jovibarba hirta (L.) Opiz	Jovibarba hirta	Jovibarba	25	NOT_MATCHED
Juglans cinerea L.	Juglans cinerea	Juglans		NOT_MATCHED
Juncus alpino-articulatus Chaix	Juncus alpino-articulatus	Juncus		NOT_MATCHED
Juncus atratus Krock.	Juncus atratus	Juncus	17	NOT_MATCHED
Juncus jacquinii L.	Juncus jacquinii	Juncus		NOT_MATCHED
Juncus littoralis C. A. Mey.	Juncus littoralis	Juncus	12	NOT_MATCHED
Juncus longicornis Van Bast.	Juncus longicornis	Juncus	14	NOT_MATCHED
Juncus monanthos Jacq.	Juncus monanthos	Juncus		NOT_MATCHED
Juncus sphaerocarpus Nees	Juncus sphaerocarpus	Juncus		NOT_MATCHED
Juncus tenageia Ehrh.	Juncus tenageia	Juncus		NOT_MATCHED
Juncus trifidus L. [s.l.]	Juncus trifidus	Juncus	14	NOT_MATCHED
Jungermannia polaris Lindb.	Jungermannia polaris	Jungermannia	14	NOT_MATCHED
Jungermannia pumila With.	Jungermannia pumila	Jungermannia		NOT_MATCHED
Juniperus alpina S. F. Gray	Juniperus alpina	Juniperus		NOT_MATCHED
Jurinea mollis (L.) Rchb.	Jurinea mollis	Jurinea		NOT_MATCHED
Keratococcus bicaudatus (A. Braun ex Rabenhorst) J.B. Petersen, 1928	Keratococcus bicaudatus	Keratococcus		NOT_MATCHED
Keratococcus rhaphidioides (Hansgirg) Pascher, 1915	Keratococcus rhaphidioides	Keratococcus		NOT_MATCHED
Kernera saxatilis (L.) Rchb.	Kernera saxatilis	Kernera		NOT_MATCHED
Klebsormidium flaccidum (Kützing) P.C. Silva, Mattox &amp; W.H. Blackwell, 1972	Klebsormidium flaccidum	Klebsormidium		NOT_MATCHED
Klebsormidium subtile (Kützing) Mikhailyuk, Glaser, Holzinger &amp; Karsten, 2015	Klebsormidium subtile	Klebsormidium		NOT_MATCHED
Knautia fleischmannii (Hladnik ex Rchb.) Pacher	Knautia fleischmannii	Knautia		NOT_MATCHED
Koeleria eriostachya Pančić	Koeleria eriostachya	Koeleria		NOT_MATCHED
Koeleria lobata (M.Bieb.) Roem. &amp; Schult.	Koeleria lobata	Koeleria		NOT_MATCHED
Koeleria pyramidata (Lam.) P. Beauv.	Koeleria pyramidata	Koeleria		NOT_MATCHED
Koliella longiseta (Vischer) Hindák, 1963	Koliella longiseta	Koliella		NOT_MATCHED
Koliella spiculiformis (Vischer) Hindák, 1963	Koliella spiculiformis	Koliella		NOT_MATCHED
Kurzia pauciflora (Dicks.) Grolle	Kurzia pauciflora	Kurzia	12	NOT_MATCHED
Laburnum alschingeri (Vis.) K. Koch	Laburnum alschingeri	Laburnum	17	NOT_MATCHED
Lactuca quercina L.	Lactuca quercina	Lactuca	17	NOT_MATCHED
Lagerstroemia indica L.	Lagerstroemia indica	Lagerstroemia		NOT_MATCHED
Larix kaempferi (Lamb.) Carrière	Larix kaempferi	Larix		NOT_MATCHED
Larix sibirica Ledeb.	Larix sibirica	Larix		NOT_MATCHED
Laser trilobum (L.) Borkh.	Laser trilobum	Laser		NOT_MATCHED
Laserpitium archangelica Wulfen	Laserpitium archangelica	Laserpitium		NOT_MATCHED
Lathyrus annuus L.	Lathyrus annuus	Lathyrus	14	NOT_MATCHED
Lathyrus cicera L.	Lathyrus cicera	Lathyrus		NOT_MATCHED
Lathyrus membranaceus C. Presl	Lathyrus membranaceus	Lathyrus	17	NOT_MATCHED
Lathyrus occidentalis (Fisch. &amp; Meyer) Fritsch	Lathyrus occidentalis	Lathyrus		NOT_MATCHED
Laurencia obtusa (Hudson) J.V. Lamouroux, 1813	Laurencia obtusa	Laurencia		NOT_MATCHED
Lavatera arborea L.	Lavatera arborea	Lavatera		NOT_MATCHED
Lavatera trimestris L.	Lavatera trimestris	Lavatera		NOT_MATCHED
Legousia speculum-veneris (L.) Chaix	Legousia speculum-veneris	Legousia		NOT_MATCHED
Lembotropis nigricans (L.) Griseb.	Lembotropis nigricans	Lembotropis		NOT_MATCHED
Lemna gibba L.	Lemna gibba	Lemna	13	NOT_MATCHED
Lemna minuta Humb., Bonpl. &amp; Kunth	Lemna minuta	Lemna		NOT_MATCHED
Lens culinaris Medik.	Lens culinaris	Lens		NOT_MATCHED
Leontodon berinii (Bartl.) Roth	Leontodon berinii	Leontodon	13	NOT_MATCHED
Leontodon incanus (L.) Schrank [s.l.]	Leontodon incanus	Leontodon		NOT_MATCHED
Leontodon montanus Lam.	Leontodon montanus	Leontodon	14	NOT_MATCHED
Leontodon taraxacoides (Vill.) Mérat	Leontodon taraxacoides	Leontodon		NOT_MATCHED
Leontodon tenuiflorus (Gaud.) Reichenbach	Leontodon tenuiflorus	Leontodon		NOT_MATCHED
Leontodon tuberosus L.	Leontodon tuberosus	Leontodon		NOT_MATCHED
Leonurus marrubiastrum L.	Leonurus marrubiastrum	Leonurus		NOT_MATCHED
Lescuraea plicata (F. Weber &amp; D. Mohr) Lindb.	Lescuraea plicata	Lescuraea		NOT_MATCHED
Lescuraea saviana (De Not.) E. Lawton	Lescuraea saviana	Lescuraea		NOT_MATCHED
Leucanthemum adustum (Koch) Gremli	Leucanthemum adustum	Leucanthemum		NOT_MATCHED
Leucanthemum heterophyllum (Willd.) DC.	Leucanthemum heterophyllum	Leucanthemum		NOT_MATCHED
Leucanthemum ircutianum (Turcz.) DC.	Leucanthemum ircutianum	Leucanthemum		NOT_MATCHED
Leucanthemum leucolepis (Briq. &amp; Cavill.) Horvatić	Leucanthemum leucolepis	Leucanthemum		NOT_MATCHED
Leucanthemum lithopolitanicum (E. Mayer) Polatschek	Leucanthemum lithopolitanicum	Leucanthemum	14	NOT_MATCHED
Leucanthemum platylepis Borbás	Leucanthemum platylepis	Leucanthemum		NOT_MATCHED
Leucojum vernum L.	Leucojum vernum	Leucojum	25, 29	NOT_MATCHED
Lewinskya acuminata (H. Philib.) F. Lara, Garilleti &amp; Goffinet	Lewinskya acuminata	Lewinskya		NOT_MATCHED
Libanotis daucifolia (Scop.) Rchb.	Libanotis daucifolia	Libanotis		NOT_MATCHED
Ligusticum mutellina (L.) Crantz	Ligusticum mutellina	Ligusticum		NOT_MATCHED
Ligusticum seguieri (Jacq.) Koch	Ligusticum seguieri	Ligusticum		NOT_MATCHED
Ligustrum sinensis Lour.	Ligustrum sinensis	Ligustrum		NOT_MATCHED
Limonium angustifolium (Tausch) Degen	Limonium angustifolium	Limonium	13	NOT_MATCHED
Linum flavum L.	Linum flavum	Linum		NOT_MATCHED
Linum hirsutum L.	Linum hirsutum	Linum		NOT_MATCHED
Linum julicum Hayek	Linum julicum	Linum		NOT_MATCHED
Linum liburnicum Scop.	Linum liburnicum	Linum		NOT_MATCHED
Linum maritimum L.	Linum maritimum	Linum	12	NOT_MATCHED
Linum narbonense L.	Linum narbonense	Linum		NOT_MATCHED
Linum nodiflorum L.	Linum nodiflorum	Linum	14	NOT_MATCHED
Linum tenuifolium L.	Linum tenuifolium	Linum		NOT_MATCHED
Linum tommasinii Rchb.	Linum tommasinii	Linum	12	NOT_MATCHED
Linum viscosum L.	Linum viscosum	Linum		NOT_MATCHED
Liochlaena subulata (A. Evans) Schljakov	Liochlaena subulata	Liochlaena	12	NOT_MATCHED
Listera cordata (L.) R. Br.	Listera cordata	Listera	13, 25, 27	NOT_MATCHED
Listera ovata (L.) R. Br.	Listera ovata	Listera	25, 27	NOT_MATCHED
Lithophyllum cystoseirae (Hauck) Heydrich, 1897	Lithophyllum cystoseirae	Lithophyllum		NOT_MATCHED
Lithophyllum decussatum (J. Ellis &amp; Solander) Philippi, 1837	Lithophyllum decussatum	Lithophyllum		NOT_MATCHED
Lithophyllum incrustans Philippi, 1837	Lithophyllum incrustans	Lithophyllum		NOT_MATCHED
Lithophyllum racemus (Lamarck) Foslie, 1901	Lithophyllum racemus	Lithophyllum		NOT_MATCHED
Lithothamnion minervae Basso, 1995	Lithothamnion minervae	Lithothamnion		NOT_MATCHED
Lloydia serotina (L.) Rchb.	Lloydia serotina	Lloydia		NOT_MATCHED
Logfia arvensis (L.) Holub	Logfia arvensis	Logfia		NOT_MATCHED
Loiseleuria procumbens (L.) Desv.	Loiseleuria procumbens	Loiseleuria		NOT_MATCHED
Lolium remotum Schrank	Lolium remotum	Lolium		NOT_MATCHED
Lophozia guttulata (Lindb. &amp; Arnell) A. Evans	Lophozia guttulata	Lophozia		NOT_MATCHED
Lotus ornithopodioides L.	Lotus ornithopodioides	Lotus	10	NOT_MATCHED
Lotus uliginosus Schkuhr	Lotus uliginosus	Lotus	13	NOT_MATCHED
Luzula alpina Hoppe	Luzula alpina	Luzula		NOT_MATCHED
Luzula alpinopilosa (Chaix) Breistr.	Luzula alpinopilosa	Luzula	14	NOT_MATCHED
Luzula divulgata Kirschner	Luzula divulgata	Luzula		NOT_MATCHED
Luzula divulgatiformis Bačič &amp; Jogan	Luzula divulgatiformis	Luzula		NOT_MATCHED
Luzula exspectata Bačič &amp; Jogan	Luzula exspectata	Luzula		NOT_MATCHED
Luzula luzulina (Vill.) D. T. &amp; Sarnth.	Luzula luzulina	Luzula		NOT_MATCHED
Luzula nivea (L.) DC.	Luzula nivea	Luzula		NOT_MATCHED
Lychaete echinus (Biasoletto) M.J. Wynne, 2017	Lychaete echinus	Lychaete		NOT_MATCHED
Lychaete pellucida (Hudson) M.J. Wynne, 2017	Lychaete pellucida	Lychaete		NOT_MATCHED
Lychnis coronaria (L.) Desr.	Lychnis coronaria	Lychnis		NOT_MATCHED
Lychnis flos-cuculi L.	Lychnis flos-cuculi	Lychnis		NOT_MATCHED
Lycopsis variegata L.	Lycopsis variegata	Lycopsis	17	NOT_MATCHED
Lygia passerina (L.) Fasano	Lygia passerina	Lygia	13	NOT_MATCHED
Lythrum virgatum L.	Lythrum virgatum	Lythrum	17	NOT_MATCHED
Magnolia grandiflora L.	Magnolia grandiflora	Magnolia		NOT_MATCHED
Magnolia kobus DC.	Magnolia kobus	Magnolia		NOT_MATCHED
Magnolia obovata Thunb.	Magnolia obovata	Magnolia		NOT_MATCHED
Magnolia yulan Desf.	Magnolia yulan	Magnolia		NOT_MATCHED
Mahonia bealei (Fortune) Carrière	Mahonia bealei	Mahonia		NOT_MATCHED
Malus dasyphylla Borkh.	Malus dasyphylla	Malus		NOT_MATCHED
Malva mauritiana L.	Malva mauritiana	Malva	17	NOT_MATCHED
Mannia fragrans (Balb.) Frye &amp; L. Clark	Mannia fragrans	Mannia		NOT_MATCHED
Marrubium incanum Desr.	Marrubium incanum	Marrubium		NOT_MATCHED
Marsilea quadrifolia L.	Marsilea quadrifolia	Marsilea	7, 8, 13, 25, 27, 34, 50, 51	NOT_MATCHED
Matricaria perforata Mérat	Matricaria perforata	Matricaria		NOT_MATCHED
Medicago carstiensis Jacq.	Medicago carstiensis	Medicago		NOT_MATCHED
Medicago orbicularis (L.) Bartal.	Medicago orbicularis	Medicago		NOT_MATCHED
Medicago rigidula (L.) All.	Medicago rigidula	Medicago		NOT_MATCHED
Medicago truncatula Gaertn.	Medicago truncatula	Medicago	10	NOT_MATCHED
Melampyrum arvense L. [s.l.]	Melampyrum arvense	Melampyrum		NOT_MATCHED
Melampyrum barbatum Willd.	Melampyrum barbatum	Melampyrum		NOT_MATCHED
Melampyrum fimbriatum Vandas	Melampyrum fimbriatum	Melampyrum	17	NOT_MATCHED
Melampyrum velebiticum Borbás [s.l.]	Melampyrum velebiticum	Melampyrum		NOT_MATCHED
Melica picta K. Koch	Melica picta	Melica	14	NOT_MATCHED
Melilotus italicus (L.) Lam.	Melilotus italicus	Melilotus		NOT_MATCHED
Mentha microphylla C. Koch	Mentha microphylla	Mentha		NOT_MATCHED
Mesophyllum expansum (Philippi) Cabioch &amp; M.L. Mendoza, 2003	Mesophyllum expansum	Mesophyllum		NOT_MATCHED
Mesophyllum philippii (Foslie) Adey, 1970	Mesophyllum philippii	Mesophyllum		NOT_MATCHED
Mesoptychia collaris (Nees) L. Söderstr. &amp; Váňa	Mesoptychia collaris	Mesoptychia		NOT_MATCHED
Mespilus germanica L.	Mespilus germanica	Mespilus		NOT_MATCHED
Metasequoia glyptostroboides Hu &amp; Cheng	Metasequoia glyptostroboides	Metasequoia		NOT_MATCHED
Metzgeria pubescens (Schrank) Raddi	Metzgeria pubescens	Metzgeria		NOT_MATCHED
Metzgeria simplex Müll. Frib.	Metzgeria simplex	Metzgeria		NOT_MATCHED
Micrasterias thomasiana W. Archer, 1862	Micrasterias thomasiana	Micrasterias		NOT_MATCHED
Micrasterias truncata Brébisson ex Ralfs, 1848	Micrasterias truncata	Micrasterias		NOT_MATCHED
Microbryum starckeanum (Hedw.) R.H. Zander	Microbryum starckeanum	Microbryum	13	NOT_MATCHED
Microhypnum sauteri (Schimp.) Jan Kučera &amp; Ignatov	Microhypnum sauteri	Microhypnum		NOT_MATCHED
Micromeria thymifolia (Scop.) Fritsch	Micromeria thymifolia	Micromeria		NOT_MATCHED
Microrrhinum litorale (Bernh. ex Willd.) Speta	Microrrhinum litorale	Microrrhinum		NOT_MATCHED
Microrrhinum minus (L.) Fourr.	Microrrhinum minus	Microrrhinum		NOT_MATCHED
Microspora abbreviata (Rabenhorst) Lagerheim, 1887	Microspora abbreviata	Microspora		NOT_MATCHED
Microspora amoena (Kützing) Rabenhorst, 1868	Microspora amoena	Microspora		NOT_MATCHED
Microspora floccosa (Vaucher) Thuret, 1850	Microspora floccosa	Microspora		NOT_MATCHED
Microspora pachyderma (Wille) Lagerheim, 1887	Microspora pachyderma	Microspora		NOT_MATCHED
Microspora palustris Wichmann, 1937	Microspora palustris	Microspora		NOT_MATCHED
Microspora quadrata Hazen, 1902	Microspora quadrata	Microspora		NOT_MATCHED
Microspora tumidula Hazen, 1902	Microspora tumidula	Microspora		NOT_MATCHED
Microthamnion kuetzingianum Nägeli ex Kützing, 1849	Microthamnion kuetzingianum	Microthamnion		NOT_MATCHED
Mimulus guttatus DC.	Mimulus guttatus	Mimulus		NOT_MATCHED
Mimulus moschatus Douglas ex Lindl.	Mimulus moschatus	Mimulus		NOT_MATCHED
Minuartia capillacea (All.) Graebn.	Minuartia capillacea	Minuartia		NOT_MATCHED
Minuartia cherlerioides (Hoppe) Bech.	Minuartia cherlerioides	Minuartia		NOT_MATCHED
Minuartia gerardii (Willd.) Hayek	Minuartia gerardii	Minuartia		NOT_MATCHED
Minuartia glaucina Dvořáková	Minuartia glaucina	Minuartia		NOT_MATCHED
Minuartia hybrida (Vill.) Schischk.	Minuartia hybrida	Minuartia		NOT_MATCHED
Minuartia rupestris (Scop.) Schinz &amp; Thell.	Minuartia rupestris	Minuartia	14	NOT_MATCHED
Minuartia sedoides (L.) Hiern	Minuartia sedoides	Minuartia		NOT_MATCHED
Moehringia bavarica (L.) Gren.	Moehringia bavarica	Moehringia	14	NOT_MATCHED
Moehringia ciliata (Scop.) Dalla Torre	Moehringia ciliata	Moehringia		NOT_MATCHED
Moehringia tommasinii Marches.	Moehringia tommasinii	Moehringia	7, 8, 14, 25, 27, 34, 50, 51	NOT_MATCHED
Moehringia villosa (Wulfen) Fenzl	Moehringia villosa	Moehringia	7, 8, 14, 25, 27, 34, 50	NOT_MATCHED
Moenchia mantica (L.) Bartl.	Moenchia mantica	Moenchia		NOT_MATCHED
Molopospermum peloponnesiacum (L.) Koch [s.l.]	Molopospermum peloponnesiacum	Molopospermum		NOT_MATCHED
Monactinus simplex (Meyen) Corda, 1839	Monactinus simplex	Monactinus		NOT_MATCHED
Monotropa hypophegea Wallr.	Monotropa hypophegea	Monotropa		NOT_MATCHED
Monotropa hypopitys L. [s.str.]	Monotropa hypopitys	Monotropa		NOT_MATCHED
Montia minor C. C. Gmel.	Montia minor	Montia	14	NOT_MATCHED
Mougeotia angusta (Hassall) Czurda, 1932	Mougeotia angusta	Mougeotia		NOT_MATCHED
Mougeotia scalaris Hassall, 1842	Mougeotia scalaris	Mougeotia		NOT_MATCHED
Muscari comosum (L.) Mill.	Muscari comosum	Muscari	13	NOT_MATCHED
Muscari tenuiflorum Tausch	Muscari tenuiflorum	Muscari		NOT_MATCHED
Mylia taylori (Hook.) Gray	Mylia taylori	Mylia		NOT_MATCHED
Myosotis decumbens Host.	Myosotis decumbens	Myosotis	17	NOT_MATCHED
Myosotis nemorosa Besser	Myosotis nemorosa	Myosotis		NOT_MATCHED
Myosotis sparsiflora J. C. Mikan ex Pohl	Myosotis sparsiflora	Myosotis		NOT_MATCHED
Myosoton aquaticum (L.) Moench	Myosoton aquaticum	Myosoton		NOT_MATCHED
Neglectella solitaria (Wittrock) Stenclová &amp; Kastovsky, 2017	Neglectella solitaria	Neglectella		NOT_MATCHED
Nemalion elminthoides (Velley) Batters, 1902	Nemalion elminthoides	Nemalion		NOT_MATCHED
Neogoniolithon brassica-florida (Harvey) Setchell &amp; L.R. Mason, 1943	Neogoniolithon brassica-florida	Neogoniolithon		NOT_MATCHED
Neogoniolithon hauckii (Rothpletz) R.A. Townsend &amp; Huisman, 2018	Neogoniolithon hauckii	Neogoniolithon		NOT_MATCHED
Neotinea tridentata (Scop.) R.M. Bateman, Pridgeon &amp; M.W. Chase	Neotinea tridentata	Neotinea	13, 25, 27	NOT_MATCHED
Nepeta nuda L.	Nepeta nuda	Nepeta		NOT_MATCHED
Netrium digitus (Brébisson ex Ralfs) Itzigsohn &amp; Rothe, 1856	Netrium digitus	Netrium		NOT_MATCHED
Netrium oblongum (De Bary) Lütkemüller, 1902	Netrium oblongum	Netrium		NOT_MATCHED
Nigritella carniolica W. Foelsche, G. Foelsche, R. Wüest, E.Merz, C. Kreutz &amp; Kreutz	Nigritella carniolica	Nigritella	25, 27	NOT_MATCHED
Nigritella karawankarum W. Foelsche,  R. Wüest,  E. Merz, M. Gerbaud &amp; O. Gerbaud	Nigritella karawankarum	Nigritella	25, 27	NOT_MATCHED
Nigritella kossutensis W. Foelsche, R. Wüest, Dolinar, Daksk. &amp; Paušič	Nigritella kossutensis	Nigritella	25, 27	NOT_MATCHED
Nigritella lithopolitanica Ravnik	Nigritella lithopolitanica	Nigritella	14, 25, 27	NOT_MATCHED
Nigritella nigra (L.) Rchb. f. [s.l.]	Nigritella nigra	Nigritella	25, 27	NOT_MATCHED
Nigritella ravnikii W. Foelsche, R. Wüest, Dolinar, Daksk. &amp; Paušič	Nigritella ravnikii	Nigritella	25, 27	NOT_MATCHED
Nigritella rhellicani Teppner &amp; Klein	Nigritella rhellicani	Nigritella	14, 25, 27	NOT_MATCHED
Nigritella rubra (Wettst.) Richt.	Nigritella rubra	Nigritella	14, 25, 27	NOT_MATCHED
Nitellopsis obtusa (Desv.) Groves	Nitellopsis obtusa	Nitellopsis		NOT_MATCHED
Nitophyllum punctatum (Stackhouse) Greville, 1830	Nitophyllum punctatum	Nitophyllum		NOT_MATCHED
Noccaea praecox Moench	Noccaea praecox	Noccaea		NOT_MATCHED
Nonea pulla (L.) DC.	Nonea pulla	Nonea		NOT_MATCHED
Nycandra physalodes (L.) Gaertn.	Nycandra physalodes	Nycandra		NOT_MATCHED
Nyholmiella gymnostoma (Brid.) Holmen &amp; E. Warncke	Nyholmiella gymnostoma	Nyholmiella	12	NOT_MATCHED
Odontites luteus (L.) Clairv.	Odontites luteus	Odontites		NOT_MATCHED
Oedogonium borisianum Wittrock ex Hirn, 1900	Oedogonium borisianum	Oedogonium		NOT_MATCHED
Oedogonium murense Lazar, 1965	Oedogonium murense	Oedogonium		NOT_MATCHED
Oedogonium plagiostomum Wittrock ex Hirn, 1900	Oedogonium plagiostomum	Oedogonium		NOT_MATCHED
Oedogonium pringsheimii C.E. Cramer ex Hirn, 1900	Oedogonium pringsheimii	Oedogonium		NOT_MATCHED
Oedogonium varians Wittrock &amp; Lundell ex Hirn, 1900	Oedogonium varians	Oedogonium		NOT_MATCHED
Oedogonium vochinense Lazar, 1954	Oedogonium vochinense	Oedogonium		NOT_MATCHED
Oenothera canovirens Steele	Oenothera canovirens	Oenothera		NOT_MATCHED
Oenothera pycnocarpa Atkinson &amp; Bartlett	Oenothera pycnocarpa	Oenothera		NOT_MATCHED
Olea sativa Hoffmanns. &amp; Link	Olea sativa	Olea		NOT_MATCHED
Omalotheca hoppeana (Koch) Sch. Bip. &amp; F. W. Schultz	Omalotheca hoppeana	Omalotheca		NOT_MATCHED
Omphalodes scorpioides (Haenke) Schrank	Omphalodes scorpioides	Omphalodes	14	NOT_MATCHED
Omphalodes verna Moench	Omphalodes verna	Omphalodes		NOT_MATCHED
Oncophorus virens (Hedw.) Brid.	Oncophorus virens	Oncophorus		NOT_MATCHED
Onobrychis alba (Waldst. &amp; Kit.) Desv.	Onobrychis alba	Onobrychis		NOT_MATCHED
Onobrychis arenaria (Kit.) DC.	Onobrychis arenaria	Onobrychis		NOT_MATCHED
Onobrychis caput-galli (L.) Lam.	Onobrychis caput-galli	Onobrychis		NOT_MATCHED
Onobrychis tommasinii Jord.	Onobrychis tommasinii	Onobrychis		NOT_MATCHED
Ononis antiquorum L.	Ononis antiquorum	Ononis		NOT_MATCHED
Ononis austriaca Beck	Ononis austriaca	Ononis	17	NOT_MATCHED
Ononis procurrens Wallr.	Ononis procurrens	Ononis		NOT_MATCHED
Ononis pusilla L.	Ononis pusilla	Ononis		NOT_MATCHED
Onopordum illyricum L.	Onopordum illyricum	Onopordum	17	NOT_MATCHED
Onosma arenaria Waldst. &amp; Kit.	Onosma arenaria	Onosma		NOT_MATCHED
Onosma echioides L.	Onosma echioides	Onosma		NOT_MATCHED
Onosma helvetica Boiss. em. Teppner	Onosma helvetica	Onosma		NOT_MATCHED
Oocystis naegelii A .Braun, 1855	Oocystis naegelii	Oocystis		NOT_MATCHED
Ophioglossum vulgatum L.	Ophioglossum vulgatum	Ophioglossum	13	NOT_MATCHED
Ophrys tommasinii Vis.	Ophrys tommasinii	Ophrys	13, 25, 27	NOT_MATCHED
Opopanax chironium (L.) Koch	Opopanax chironium	Opopanax	17	NOT_MATCHED
Orchis pallens L.	Orchis pallens	Orchis	13, 25, 27	NOT_MATCHED
Orchis provincialis Balb.	Orchis provincialis	Orchis	11, 25, 27, 51	NOT_MATCHED
Orchis simia Lam.	Orchis simia	Orchis	13, 25, 27	NOT_MATCHED
Orlaya daucoides (L.) Greuter	Orlaya daucoides	Orlaya	17	NOT_MATCHED
Orlaya daucorlaya Murb.	Orlaya daucorlaya	Orlaya		NOT_MATCHED
Ornithogalum comosum L.	Ornithogalum comosum	Ornithogalum		NOT_MATCHED
Ornithogalum divergens Boreau	Ornithogalum divergens	Ornithogalum		NOT_MATCHED
Ornithogalum pyramidale L.	Ornithogalum pyramidale	Ornithogalum		NOT_MATCHED
Ornithogalum sphaerocarpum Kern. [s.str.]	Ornithogalum sphaerocarpum	Ornithogalum		NOT_MATCHED
Ornithogalum umbellatum L.	Ornithogalum umbellatum	Ornithogalum		NOT_MATCHED
Orobanche alsatica Kirschl.	Orobanche alsatica	Orobanche		NOT_MATCHED
Orobanche artemisiae-campestris Gaudin	Orobanche artemisiae-campestris	Orobanche	17	NOT_MATCHED
Orobanche laserpitii-sileris Reut. ex Jord.	Orobanche laserpitii-sileris	Orobanche		NOT_MATCHED
Orobanche ramosa L.	Orobanche ramosa	Orobanche		NOT_MATCHED
Orthothecium chryseon (Schwägr.) Schimp.	Orthothecium chryseon	Orthothecium		NOT_MATCHED
Orthotrichum microcarpum De Not.	Orthotrichum microcarpum	Orthotrichum		NOT_MATCHED
Orthotrichum pallens Brid.	Orthotrichum pallens	Orthotrichum		NOT_MATCHED
Orthotrichum patens Brid.	Orthotrichum patens	Orthotrichum		NOT_MATCHED
Orthotrichum pulchellum Brunt.	Orthotrichum pulchellum	Orthotrichum	13	NOT_MATCHED
Orthotrichum pumilum Schimp.	Orthotrichum pumilum	Orthotrichum		NOT_MATCHED
Orthotrichum scanicum Grönvall	Orthotrichum scanicum	Orthotrichum		NOT_MATCHED
Orthotrichum schimperi Hammar	Orthotrichum schimperi	Orthotrichum		NOT_MATCHED
Oxalis articulata Savign.	Oxalis articulata	Oxalis		NOT_MATCHED
Oxalis fontana Bunge	Oxalis fontana	Oxalis		NOT_MATCHED
Oxycoccus microcarpus Turcz. ex Rupr.	Oxycoccus microcarpus	Oxycoccus	13	NOT_MATCHED
Oxycoccus palustris Pers.	Oxycoccus palustris	Oxycoccus	13	NOT_MATCHED
Oxyrrhynchium schleicheri (R. Hedw.) Röll	Oxyrrhynchium schleicheri	Oxyrrhynchium		NOT_MATCHED
Oxytropis neglecta J. Gay ex Ten.	Oxytropis neglecta	Oxytropis		NOT_MATCHED
Paederota bonarota (L.) L.	Paederota bonarota	Paederota		NOT_MATCHED
Paederota lutea Scop.	Paederota lutea	Paederota		NOT_MATCHED
Paeonia mascula (L.) Mill.	Paeonia mascula	Paeonia	13, 25, 27	NOT_MATCHED
Palisada paniculata (Kützing) J.N. Norris, 2014	Palisada paniculata	Palisada		NOT_MATCHED
Paliurus spina-christi Mill.	Paliurus spina-christi	Paliurus		NOT_MATCHED
Palmodictyon varium (Nägeli) Lemmermann, 1915	Palmodictyon varium	Palmodictyon		NOT_MATCHED
Palmogloea protuberans (Smith) Kützing, 1843	Palmogloea protuberans	Palmogloea		NOT_MATCHED
Pandorina morum (O.F. Müller) Bory, 1826	Pandorina morum	Pandorina		NOT_MATCHED
Panicum riparium H. Scholz	Panicum riparium	Panicum		NOT_MATCHED
Papaver apulum Ten.	Papaver apulum	Papaver		NOT_MATCHED
Papaver argemone L.	Papaver argemone	Papaver		NOT_MATCHED
Paraleucobryum sauteri (Bruch &amp; Schimp.) Loeske	Paraleucobryum sauteri	Paraleucobryum		NOT_MATCHED
Parapholis strigosa (Dumort.) C. E. Hubb.	Parapholis strigosa	Parapholis	14	NOT_MATCHED
Parietaria officinalis L.	Parietaria officinalis	Parietaria		NOT_MATCHED
Paronychia kapela (Hacq.) A.Kern.	Paronychia kapela	Paronychia		NOT_MATCHED
Parrotia persica (DC.) C.A. Mey.	Parrotia persica	Parrotia		NOT_MATCHED
Paulownia tomentosa (Thunb.) Siebold &amp; Zucc.	Paulownia tomentosa	Paulownia		NOT_MATCHED
Pediastrum boryanum (Turpin) E.Hegewald, 2005	Pediastrum boryanum	Pediastrum		NOT_MATCHED
Pedicularis acaulis Scop.	Pedicularis acaulis	Pedicularis		NOT_MATCHED
Pedicularis comosa L.	Pedicularis comosa	Pedicularis	14	NOT_MATCHED
Pedicularis elongata Kern. [s.l.]	Pedicularis elongata	Pedicularis	13	NOT_MATCHED
Pedicularis friderici-augusti Tomm.	Pedicularis friderici-augusti	Pedicularis	12	NOT_MATCHED
Pedicularis hacquetii Graf	Pedicularis hacquetii	Pedicularis		NOT_MATCHED
Pedicularis hoermanniana K. Malý	Pedicularis hoermanniana	Pedicularis		NOT_MATCHED
Pedicularis rosea Wulfen	Pedicularis rosea	Pedicularis		NOT_MATCHED
Pedicularis rostratocapitata Crantz [s.l.]	Pedicularis rostratocapitata	Pedicularis		NOT_MATCHED
Pedicularis rostratospicata Crantz [s.l.]	Pedicularis rostratospicata	Pedicularis		NOT_MATCHED
Pelekium minutulum (Hedw.) Touw	Pelekium minutulum	Pelekium		NOT_MATCHED
Peltolepis quadrata (Saut.) Müll. Frib.	Peltolepis quadrata	Peltolepis	14	NOT_MATCHED
Penium cylindrus Brébisson ex Ralfs, 1848	Penium cylindrus	Penium		NOT_MATCHED
Penium margaritaceum Brébisson, 1848	Penium margaritaceum	Penium		NOT_MATCHED
Penium polymorphum (Perty) Perty, 1852	Penium polymorphum	Penium		NOT_MATCHED
Penium spirostriolatum J. Barker, 1869	Penium spirostriolatum	Penium		NOT_MATCHED
Peplis portula L.	Peplis portula	Peplis	13	NOT_MATCHED
Persicaria vivipara (L.) Ronse Decr.	Persicaria vivipara	Persicaria		NOT_MATCHED
Petasites paradoxus (Retz.) Baumg.	Petasites paradoxus	Petasites		NOT_MATCHED
Peucedanum alsaticum L.	Peucedanum alsaticum	Peucedanum		NOT_MATCHED
Peucedanum austriacum (Jacq.) Koch	Peucedanum austriacum	Peucedanum		NOT_MATCHED
Peucedanum carvifolia Vill.	Peucedanum carvifolia	Peucedanum		NOT_MATCHED
Peucedanum cervaria (L.) Lapeyr.	Peucedanum cervaria	Peucedanum		NOT_MATCHED
Peucedanum coriaceum Rchb.	Peucedanum coriaceum	Peucedanum		NOT_MATCHED
Peucedanum oreoselinum (L.) Moench	Peucedanum oreoselinum	Peucedanum		NOT_MATCHED
Peucedanum ostruthium (L.) Koch	Peucedanum ostruthium	Peucedanum		NOT_MATCHED
Peucedanum palustre (L.) Moench	Peucedanum palustre	Peucedanum		NOT_MATCHED
Peucedanum venetum (Spreng.) Koch	Peucedanum venetum	Peucedanum		NOT_MATCHED
Peucedanum verticillare (L.) Koch	Peucedanum verticillare	Peucedanum		NOT_MATCHED
Peyssonnelia heteromorpha (Zanardini) Athanasiadis, 2016	Peyssonnelia heteromorpha	Peyssonnelia		NOT_MATCHED
Peyssonnelia squamaria (S.G. Gmelin) Decaisne ex J. Agardh, 1842	Peyssonnelia squamaria	Peyssonnelia		NOT_MATCHED
Phaeoceros carolinianus (Michx.) Prosk.	Phaeoceros carolinianus	Phaeoceros		NOT_MATCHED
Phedimus kamtschaticus (Fisch.) &#x27;t Hart	Phedimus kamtschaticus	Phedimus		NOT_MATCHED
Phleum hirsutum Honck.	Phleum hirsutum	Phleum		NOT_MATCHED
Phleum paniculatum Huds.	Phleum paniculatum	Phleum	14	NOT_MATCHED
Phleum rhaeticum (Humphries) Rauschert	Phleum rhaeticum	Phleum		NOT_MATCHED
Phleum subulatum (Savi) Asch. &amp; Graebn.	Phleum subulatum	Phleum	11	NOT_MATCHED
Phoenix canariensis Hort.	Phoenix canariensis	Phoenix		NOT_MATCHED
Phoenix dactylifera L.	Phoenix dactylifera	Phoenix		NOT_MATCHED
Photinia serratifolia (Desf.) Kalkman	Photinia serratifolia	Photinia		NOT_MATCHED
Photinia villosa (Thunb.) DC.	Photinia villosa	Photinia		NOT_MATCHED
Phyllitis scolopendrium (L.) Newman	Phyllitis scolopendrium	Phyllitis		NOT_MATCHED
Phyllostachys bambusoides Sieber &amp; Zucc.	Phyllostachys bambusoides	Phyllostachys		NOT_MATCHED
Phyllostachys nigra (Lodd.) Munro	Phyllostachys nigra	Phyllostachys		NOT_MATCHED
Phymatolithon lenormandii (J.E. Areschoug) W.H. Adey, 1966	Phymatolithon lenormandii	Phymatolithon		NOT_MATCHED
Physalis alkekengi L.	Physalis alkekengi	Physalis		NOT_MATCHED
Physcomitrium eurystomum Sendtn.	Physcomitrium eurystomum	Physcomitrium	11	NOT_MATCHED
Phyteuma scheuchzeri All. [s.l.]	Phyteuma scheuchzeri	Phyteuma		NOT_MATCHED
Phyteuma zahlbruckneri Vest	Phyteuma zahlbruckneri	Phyteuma		NOT_MATCHED
Picea omorika (Pančić) Purk.	Picea omorika	Picea		NOT_MATCHED
Picea orientalis (L.) Peterm.	Picea orientalis	Picea		NOT_MATCHED
Picris echioides L.	Picris echioides	Picris		NOT_MATCHED
Picris hispidissima (Bartl.) Koch	Picris hispidissima	Picris	17	NOT_MATCHED
Pimpinella alpina Host	Pimpinella alpina	Pimpinella		NOT_MATCHED
Pinus brutia Ten.	Pinus brutia	Pinus		NOT_MATCHED
Pinus heldreichii H. Christ	Pinus heldreichii	Pinus		NOT_MATCHED
Piptatherum miliaceum (L.) Coss. [s.l.]	Piptatherum miliaceum	Piptatherum	14	NOT_MATCHED
Pistia stratiotes L.	Pistia stratiotes	Pistia	5	NOT_MATCHED
Pisum arvense L.	Pisum arvense	Pisum		NOT_MATCHED
Pisum elatius Stev.	Pisum elatius	Pisum		NOT_MATCHED
Plagiopus oederianus (Sw.) H. A. Crum &amp; L. E. Anderson	Plagiopus oederianus	Plagiopus		NOT_MATCHED
Plantago altissima L.	Plantago altissima	Plantago		NOT_MATCHED
Plantago argentea Chaix [s.l.]	Plantago argentea	Plantago		NOT_MATCHED
Plantago atrata Hoppe	Plantago atrata	Plantago		NOT_MATCHED
Plantago cornuti Gouan	Plantago cornuti	Plantago	13	NOT_MATCHED
Plantago holosteum Scop.	Plantago holosteum	Plantago		NOT_MATCHED
Pleurococcus vulgaris (Greville) Meneghini, 1842	Pleurococcus vulgaris	Pleurococcus		NOT_MATCHED
Pleurotaenium trabecula Nägeli, 1849	Pleurotaenium trabecula	Pleurotaenium		NOT_MATCHED
Pneophyllum confervicola (Kützing) Y.M. Chamberlain, 1983	Pneophyllum confervicola	Pneophyllum		NOT_MATCHED
Pneophyllum fragile Kützing, 1843	Pneophyllum fragile	Pneophyllum		NOT_MATCHED
Poa carniolica (Hladnik &amp; Graf ex Mutel) Kerg.	Poa carniolica	Poa		NOT_MATCHED
Poa cenisia All.	Poa cenisia	Poa	14	NOT_MATCHED
Poa minor Gaudin	Poa minor	Poa		NOT_MATCHED
Poa molineri Balb.	Poa molineri	Poa	14	NOT_MATCHED
Poa pumila Host	Poa pumila	Poa		NOT_MATCHED
Poa sylvicola Guss.	Poa sylvicola	Poa		NOT_MATCHED
Poa variegata Lam.	Poa variegata	Poa		NOT_MATCHED
Podohedra bicaudata Geitler, 1965	Podohedra bicaudata	Podohedra		NOT_MATCHED
Podohedriella falcata (Duringer) Hindák, 1988	Podohedriella falcata	Podohedriella		NOT_MATCHED
Pogonatum aloides (Hedw.) P. Beauv.	Pogonatum aloides	Pogonatum		NOT_MATCHED
Pogonatum nanum (Hedw.) P. Beauv.	Pogonatum nanum	Pogonatum		NOT_MATCHED
Pohlia lutescens (Limpr.) H. Lindb.	Pohlia lutescens	Pohlia	14	NOT_MATCHED
Pohlia melanodon (Brid.) A. J. Shaw	Pohlia melanodon	Pohlia		NOT_MATCHED
Pohlia sphagnicola (Bruch &amp; Schimp.) Broth.	Pohlia sphagnicola	Pohlia		NOT_MATCHED
Poloidion didymos Pascher, 1944	Poloidion didymos	Poloidion		NOT_MATCHED
Polycnemum arvense L.	Polycnemum arvense	Polycnemum	11	NOT_MATCHED
Polygala alpestris Rchb.	Polygala alpestris	Polygala		NOT_MATCHED
Polygala amara L. [s.l.]	Polygala amara	Polygala		NOT_MATCHED
Polygala croatica Chodat	Polygala croatica	Polygala	14	NOT_MATCHED
Polygala nicaeensis Risso ex Koch [s.l.]	Polygala nicaeensis	Polygala		NOT_MATCHED
Polygonatum latifolium (Jacq.) Desf.	Polygonatum latifolium	Polygonatum	17	NOT_MATCHED
Polygonum amphibium L.	Polygonum amphibium	Polygonum	13	NOT_MATCHED
Polygonum hydropiper L.	Polygonum hydropiper	Polygonum		NOT_MATCHED
Polygonum lapathifolium L. [s.l.]	Polygonum lapathifolium	Polygonum		NOT_MATCHED
Polygonum minus Huds.	Polygonum minus	Polygonum		NOT_MATCHED
Polygonum mite Schrank	Polygonum mite	Polygonum		NOT_MATCHED
Polygonum orientale L.	Polygonum orientale	Polygonum		NOT_MATCHED
Polypodium australe Fée	Polypodium australe	Polypodium		NOT_MATCHED
Polypodium interjectum Shivas	Polypodium interjectum	Polypodium		NOT_MATCHED
Polysiphonia polyspora (C. Agardh) Montagne, 1840	Polysiphonia polyspora	Polysiphonia		NOT_MATCHED
Polysiphonia sertularioides (Grateloup) J. Agardh, 1863	Polysiphonia sertularioides	Polysiphonia		NOT_MATCHED
Polystichum aculeatum (L.) Roth	Polystichum aculeatum	Polystichum		NOT_MATCHED
Polystichum braunii (Spenn.) Fée	Polystichum braunii	Polystichum		NOT_MATCHED
Polystichum setiferum (Forssk.) Woyn.	Polystichum setiferum	Polystichum		NOT_MATCHED
Polytrichum pallidisetum Funck	Polytrichum pallidisetum	Polytrichum		NOT_MATCHED
Polytrichum perigoniale Michx.	Polytrichum perigoniale	Polytrichum		NOT_MATCHED
Porella baueri (Schiffn.) C.E.O. Jensen	Porella baueri	Porella		NOT_MATCHED
Posidonia oceanica (L.) Delile	Posidonia oceanica	Posidonia	14, 25, 27, 51	NOT_MATCHED
Potamogeton filiformis Pers.	Potamogeton filiformis	Potamogeton	13	NOT_MATCHED
Potamogeton pectinatus L.	Potamogeton pectinatus	Potamogeton		NOT_MATCHED
Potentilla arenaria Borkh.	Potentilla arenaria	Potentilla		NOT_MATCHED
Potentilla aurea L.	Potentilla aurea	Potentilla		NOT_MATCHED
Potentilla australis Krašan	Potentilla australis	Potentilla		NOT_MATCHED
Potentilla brauneana Hoppe ex Nestl.	Potentilla brauneana	Potentilla		NOT_MATCHED
Potentilla carniolica A. Kern.	Potentilla carniolica	Potentilla		NOT_MATCHED
Potentilla clusiana Jacq.	Potentilla clusiana	Potentilla		NOT_MATCHED
Potentilla fruticosa L.	Potentilla fruticosa	Potentilla		NOT_MATCHED
Potentilla heptaphylla L. [s.str.]	Potentilla heptaphylla	Potentilla		NOT_MATCHED
Potentilla hirta L.	Potentilla hirta	Potentilla		NOT_MATCHED
Potentilla neglecta Baumg.	Potentilla neglecta	Potentilla		NOT_MATCHED
Potentilla nitida L.	Potentilla nitida	Potentilla		NOT_MATCHED
Potentilla palustris (L.) Scop.	Potentilla palustris	Potentilla	13	NOT_MATCHED
Potentilla pusilla Host	Potentilla pusilla	Potentilla		NOT_MATCHED
Potentilla rupestris L.	Potentilla rupestris	Potentilla		NOT_MATCHED
Potentilla tommasiniana F. W. Schultz	Potentilla tommasiniana	Potentilla		NOT_MATCHED
Primula auricula L.	Primula auricula	Primula	18, 25	NOT_MATCHED
Primula carniolica Jacq.	Primula carniolica	Primula	7, 8, 18, 25, 27, 34, 50	NOT_MATCHED
Primula minima L.	Primula minima	Primula	14	NOT_MATCHED
Primula villosa Wulfen	Primula villosa	Primula	14	NOT_MATCHED
Primula wulfeniana Schott	Primula wulfeniana	Primula		NOT_MATCHED
Prospero elisae Speta	Prospero elisae	Prospero	12	NOT_MATCHED
Protoderma viride Kützing, 1843	Protoderma viride	Protoderma		NOT_MATCHED
Prunella grandiflora (L.) Scholler	Prunella grandiflora	Prunella		NOT_MATCHED
Prunus dulcis (Mill.) D. A. Webb	Prunus dulcis	Prunus		NOT_MATCHED
Prunus insititia L.	Prunus insititia	Prunus		NOT_MATCHED
Pseudanomodon attenuatus (Hedw.) Ignatov &amp; Fedosov	Pseudanomodon attenuatus	Pseudanomodon		NOT_MATCHED
Pseudofumaria alba (Mill.) Lidén	Pseudofumaria alba	Pseudofumaria		NOT_MATCHED
Pseudoleskeella catenulata (Schrad.) Kindb.	Pseudoleskeella catenulata	Pseudoleskeella		NOT_MATCHED
Pseudoleskeopsis artariae (Thér.) Thér.	Pseudoleskeopsis artariae	Pseudoleskeopsis	12	NOT_MATCHED
Pseudostellaria europaea Schaeftl.	Pseudostellaria europaea	Pseudostellaria	13	NOT_MATCHED
Psilurus incurvus (Gouan) Schinz &amp; Thell.	Psilurus incurvus	Psilurus	14	NOT_MATCHED
Pterocarya fraxinifolia (Lam.) Spach	Pterocarya fraxinifolia	Pterocarya		NOT_MATCHED
Pterocladiella capillacea (S.G. Gmelin) Santelices &amp; Hommersand, 1997	Pterocladiella capillacea	Pterocladiella		NOT_MATCHED
Ptychostomum capillare (Hedw.) Holyoak &amp; N. Pedersen	Ptychostomum capillare	Ptychostomum		NOT_MATCHED
Ptychostomum demissum (Hook.) Holyoak &amp; N. Pedersen	Ptychostomum demissum	Ptychostomum	14	NOT_MATCHED
Ptychostomum elegans (Brid.) D. Bell &amp; Holyoak	Ptychostomum elegans	Ptychostomum	14	NOT_MATCHED
Ptychostomum funkii (Schwägr.) J. R. Spence	Ptychostomum funkii	Ptychostomum		NOT_MATCHED
Ptychostomum intermedium (Brid.) J. R. Spence	Ptychostomum intermedium	Ptychostomum		NOT_MATCHED
Ptychostomum kunzei (Hornsch.) J. R. Spence	Ptychostomum kunzei	Ptychostomum		NOT_MATCHED
Ptychostomum rubens (Mitt.) Holyoak &amp; N. Pedersen	Ptychostomum rubens	Ptychostomum		NOT_MATCHED
Ptychostomum torquescens (Bruch &amp; Schimp.) Ros &amp; Mazimpaka	Ptychostomum torquescens	Ptychostomum		NOT_MATCHED
Ptychostomum turbinatum (Hedw.) J. R. Spence	Ptychostomum turbinatum	Ptychostomum		NOT_MATCHED
Ptychostomum zieri (Hedw.) Holyoak &amp; N. Pedersen	Ptychostomum zieri	Ptychostomum		NOT_MATCHED
Puccinellia palustris (Seen.) Podp.	Puccinellia palustris	Puccinellia	13	NOT_MATCHED
Pulmonaria australis (Murr) Sauer	Pulmonaria australis	Pulmonaria		NOT_MATCHED
Pulmonaria carnica Sauer	Pulmonaria carnica	Pulmonaria		NOT_MATCHED
Pulmonaria dacica Simonk.	Pulmonaria dacica	Pulmonaria	14	NOT_MATCHED
Pulmonaria mollis Wolff.	Pulmonaria mollis	Pulmonaria		NOT_MATCHED
Pulmonaria stiriaca Kerner	Pulmonaria stiriaca	Pulmonaria		NOT_MATCHED
Pulsatilla alpina (L.) Delarbre	Pulsatilla alpina	Pulsatilla	25, 27	NOT_MATCHED
Pulsatilla grandis Wender.	Pulsatilla grandis	Pulsatilla	7, 8, 12, 25, 27, 34, 50, 51	NOT_MATCHED
Pulsatilla montana (Hoppe) Rchb.	Pulsatilla montana	Pulsatilla	13, 25, 27	NOT_MATCHED
Pulsatilla nigricans Störck	Pulsatilla nigricans	Pulsatilla	13, 25, 27	NOT_MATCHED
Pyropia leucosticta (Thuret) Neefus &amp; J. Brodie, 2011	Pyropia leucosticta	Pyropia		NOT_MATCHED
Pyrus amygdaliformis Vill.	Pyrus amygdaliformis	Pyrus	14	NOT_MATCHED
Pyrus austriaca Kern.	Pyrus austriaca	Pyrus		NOT_MATCHED
Pyrus nivalis Jacq.	Pyrus nivalis	Pyrus	17	NOT_MATCHED
Quercus crenata Lam.	Quercus crenata	Quercus	14	NOT_MATCHED
Quercus virgiliana (Ten.) Ten.	Quercus virgiliana	Quercus	14	NOT_MATCHED
Racomitrium aciculare (Hedw.) Brid.	Racomitrium aciculare	Racomitrium	13	NOT_MATCHED
Racomitrium affine (F. Weber &amp; D. Mohr) Lindb.	Racomitrium affine	Racomitrium		NOT_MATCHED
Racomitrium aquaticum (Schrad.) Brid.	Racomitrium aquaticum	Racomitrium	13	NOT_MATCHED
Racomitrium canescens (Hedw.) Brid.	Racomitrium canescens	Racomitrium		NOT_MATCHED
Racomitrium elongatum Frisvoll	Racomitrium elongatum	Racomitrium		NOT_MATCHED
Racomitrium ericoides (Brid.) Brid.	Racomitrium ericoides	Racomitrium	13	NOT_MATCHED
Racomitrium fasciculare (Hedw.) Brid.	Racomitrium fasciculare	Racomitrium	13	NOT_MATCHED
Racomitrium heterostichum (Hedw.) Brid.	Racomitrium heterostichum	Racomitrium		NOT_MATCHED
Racomitrium microcarpon (Hedw.) Brid.	Racomitrium microcarpon	Racomitrium	14	NOT_MATCHED
Racomitrium sudeticum (Funck) Bruch &amp; Schimp.	Racomitrium sudeticum	Racomitrium	14	NOT_MATCHED
Radula lindenbergiana C. Hartm.	Radula lindenbergiana	Radula	14	NOT_MATCHED
Ranunculus aesontinus Pignatti	Ranunculus aesontinus	Ranunculus	14	NOT_MATCHED
Ranunculus breyninus Crantz	Ranunculus breyninus	Ranunculus		NOT_MATCHED
Ranunculus carinthiacus Hoppe	Ranunculus carinthiacus	Ranunculus		NOT_MATCHED
Ranunculus cassubicifolius W. Koch	Ranunculus cassubicifolius	Ranunculus		NOT_MATCHED
Ranunculus cassubicus L.	Ranunculus cassubicus	Ranunculus	14	NOT_MATCHED
Ranunculus chius DC.	Ranunculus chius	Ranunculus	10	NOT_MATCHED
Ranunculus ficaria L. [s. l.]	Ranunculus ficaria	Ranunculus		NOT_MATCHED
Ranunculus fluitans Lam.	Ranunculus fluitans	Ranunculus	13	NOT_MATCHED
Ranunculus hybridus Biria	Ranunculus hybridus	Ranunculus		NOT_MATCHED
Ranunculus illyricus L.	Ranunculus illyricus	Ranunculus	14	NOT_MATCHED
Ranunculus montanus Willd. [s. s.]	Ranunculus montanus	Ranunculus		NOT_MATCHED
Ranunculus nemorosus DC.	Ranunculus nemorosus	Ranunculus		NOT_MATCHED
Ranunculus polyanthemophyllus W. Koch &amp; H. Hess	Ranunculus polyanthemophyllus	Ranunculus		NOT_MATCHED
Ranunculus pospichalii Pignatti	Ranunculus pospichalii	Ranunculus	14	NOT_MATCHED
Ranunculus pseudopimus Schwarz	Ranunculus pseudopimus	Ranunculus		NOT_MATCHED
Ranunculus puberulus W. Koch	Ranunculus puberulus	Ranunculus		NOT_MATCHED
Ranunculus seguieri Vill.	Ranunculus seguieri	Ranunculus	14	NOT_MATCHED
Ranunculus strigulosus Schur	Ranunculus strigulosus	Ranunculus		NOT_MATCHED
Ranunculus thora L.	Ranunculus thora	Ranunculus		NOT_MATCHED
Ranunculus traunfellneri Hoppe	Ranunculus traunfellneri	Ranunculus		NOT_MATCHED
Ranunculus wraberi Pignatti	Ranunculus wraberi	Ranunculus	14	NOT_MATCHED
Rhabdoweisia crenulata (Mitt.) H. Jameson	Rhabdoweisia crenulata	Rhabdoweisia		NOT_MATCHED
Rhabdoweisia fugax (Hedw.) Bruch &amp; Schimp.	Rhabdoweisia fugax	Rhabdoweisia		NOT_MATCHED
Rhamnus catharticus L.	Rhamnus catharticus	Rhamnus		NOT_MATCHED
Rhamnus fallax Boiss.	Rhamnus fallax	Rhamnus		NOT_MATCHED
Rhamnus pumila Turra	Rhamnus pumila	Rhamnus		NOT_MATCHED
Rhamnus saxatilis Jacq.	Rhamnus saxatilis	Rhamnus		NOT_MATCHED
Rhinanthus angustifolius C. C. Gmel. [s.l.]	Rhinanthus angustifolius	Rhinanthus		NOT_MATCHED
Rhinanthus freynii (Kerner ex Sterneck) Fiori [s.l.]	Rhinanthus freynii	Rhinanthus		NOT_MATCHED
Rhinanthus glacialis Personnat [s.l.]	Rhinanthus glacialis	Rhinanthus		NOT_MATCHED
Rhinanthus mediterraneus (Sterneck) Adamović [s.l.]	Rhinanthus mediterraneus	Rhinanthus		NOT_MATCHED
Rhinanthus pampaninii Chabert [s.l.]	Rhinanthus pampaninii	Rhinanthus		NOT_MATCHED
Rhinanthus pulcher Opiz [s.l.]	Rhinanthus pulcher	Rhinanthus		NOT_MATCHED
Rhinanthus rumelicus Velen. [s.l.]	Rhinanthus rumelicus	Rhinanthus		NOT_MATCHED
Rhizoclonium hieroglyphicum (C. Agardh) Kützing, 1845	Rhizoclonium hieroglyphicum	Rhizoclonium		NOT_MATCHED
Rhizoclonium pachydermum Kjellman, 1877	Rhizoclonium pachydermum	Rhizoclonium		NOT_MATCHED
Rhizoclonium tortuosum (Dillwyn) Kützing, 1845	Rhizoclonium tortuosum	Rhizoclonium		NOT_MATCHED
Rhododendron ferrugineum L.	Rhododendron ferrugineum	Rhododendron	18	NOT_MATCHED
Rhododendron hirsutum L.	Rhododendron hirsutum	Rhododendron		NOT_MATCHED
Rhododendron luteum Sweet	Rhododendron luteum	Rhododendron	7, 8, 13, 25, 27, 34, 50	NOT_MATCHED
Rhodothamnus chamaecistus (L.) Rchb.	Rhodothamnus chamaecistus	Rhodothamnus		NOT_MATCHED
Rhodymenia ardissonei (Kuntze) Feldmann, 1937	Rhodymenia ardissonei	Rhodymenia		NOT_MATCHED
Rhus radicans L.	Rhus radicans	Rhus		NOT_MATCHED
Rhynchostegiella curviseta (Brid.) Limpr.	Rhynchostegiella curviseta	Rhynchostegiella	14	NOT_MATCHED
Rhynchostegiella teneriffae (Mont.) Dirkse &amp; Bouman	Rhynchostegiella teneriffae	Rhynchostegiella	14	NOT_MATCHED
Rhynchostegium rotundifolium (Brid.) Schimp.	Rhynchostegium rotundifolium	Rhynchostegium		NOT_MATCHED
Ribes alpinum L.	Ribes alpinum	Ribes		NOT_MATCHED
Ribes petraeum Wulfen	Ribes petraeum	Ribes		NOT_MATCHED
Riccardia chamaedryfolia (With.) Grolle	Riccardia chamaedryfolia	Riccardia	14	NOT_MATCHED
Riccia canaliculata Hoffm.	Riccia canaliculata	Riccia		NOT_MATCHED
Riccia cavernosa Hoffm.	Riccia cavernosa	Riccia		NOT_MATCHED
Riccia ciliata Hoffm.	Riccia ciliata	Riccia	12	NOT_MATCHED
Ricciocarpos natans (L.) Corda	Ricciocarpos natans	Ricciocarpos		NOT_MATCHED
Roaldia dolomitica (Milde) Hedenäs, Schlesak &amp; D. Quandt	Roaldia dolomitica	Roaldia		NOT_MATCHED
Romulea bulbocodium (L.) Sebast. &amp; Mauri	Romulea bulbocodium	Romulea		NOT_MATCHED
Rorippa lippizensis (Wulfen) Rchb.	Rorippa lippizensis	Rorippa		NOT_MATCHED
Rorippa prostrata (J. P. Bergeret) Schinz &amp; Thell.	Rorippa prostrata	Rorippa		NOT_MATCHED
Rorippa pyrenaica (Lam.) Rchb.	Rorippa pyrenaica	Rorippa		NOT_MATCHED
Rosa andegavensis Van Bast.	Rosa andegavensis	Rosa		NOT_MATCHED
Rosa blondaeana Rip. ex Déségl.	Rosa blondaeana	Rosa		NOT_MATCHED
Rosa elliptica Tausch	Rosa elliptica	Rosa		NOT_MATCHED
Rosa jundzillii Besser	Rosa jundzillii	Rosa		NOT_MATCHED
Rosa pendulina L.	Rosa pendulina	Rosa		NOT_MATCHED
Rosa pimpinellifolia L.	Rosa pimpinellifolia	Rosa		NOT_MATCHED
Rosa squarrosa (Rau) Boreau	Rosa squarrosa	Rosa		NOT_MATCHED
Rosa vosagiaca Desp.	Rosa vosagiaca	Rosa		NOT_MATCHED
Rosmarinus officinalis L.	Rosmarinus officinalis	Rosmarinus		NOT_MATCHED
Rubus bertramii G. Braun	Rubus bertramii	Rubus		NOT_MATCHED
Rubus bregutiensis Focke	Rubus bregutiensis	Rubus		NOT_MATCHED
Rubus brunneri W. Maurer	Rubus brunneri	Rubus		NOT_MATCHED
Rubus chloocladus W. C. R. Watson	Rubus chloocladus	Rubus		NOT_MATCHED
Rubus constrictus P. J. Müll. &amp; Lefèv.	Rubus constrictus	Rubus		NOT_MATCHED
Rubus dalmaticus Tratt. ex Focke	Rubus dalmaticus	Rubus		NOT_MATCHED
Rubus discolor Weihe &amp; Nees	Rubus discolor	Rubus		NOT_MATCHED
Rubus glandulosus Bellardi	Rubus glandulosus	Rubus		NOT_MATCHED
Rubus graecensis W. Maurer	Rubus graecensis	Rubus		NOT_MATCHED
Rubus gremlii Focke	Rubus gremlii	Rubus		NOT_MATCHED
Rubus guentheri Weihe	Rubus guentheri	Rubus		NOT_MATCHED
Rubus hirtus Waldst. &amp; Kit. [s.l.]	Rubus hirtus	Rubus		NOT_MATCHED
Rubus juennensis Leute &amp; W. Maurer	Rubus juennensis	Rubus		NOT_MATCHED
Rubus koehleri Weihe	Rubus koehleri	Rubus		NOT_MATCHED
Rubus macrophyllus Weihe &amp; Nees	Rubus macrophyllus	Rubus		NOT_MATCHED
Rubus montanus Lib. ex Lej.	Rubus montanus	Rubus		NOT_MATCHED
Rubus pilocarpus Gremli	Rubus pilocarpus	Rubus		NOT_MATCHED
Rubus rudis Weihe	Rubus rudis	Rubus		NOT_MATCHED
Rubus salzmannii W. Maurer	Rubus salzmannii	Rubus		NOT_MATCHED
Rubus scaber Weihe &amp; Nees	Rubus scaber	Rubus		NOT_MATCHED
Rubus schleicheri Weihe ex Tratt.	Rubus schleicheri	Rubus		NOT_MATCHED
Rubus solvensis W. Maurer	Rubus solvensis	Rubus		NOT_MATCHED
Rubus styriacus Halácsy	Rubus styriacus	Rubus		NOT_MATCHED
Rubus thyrsiflorus Weihe	Rubus thyrsiflorus	Rubus		NOT_MATCHED
Rubus venosus W. Maurer	Rubus venosus	Rubus		NOT_MATCHED
Rubus villicaulis Köhler ex Weihe &amp; Nees	Rubus villicaulis	Rubus		NOT_MATCHED
Rubus weizensis W. Maurer	Rubus weizensis	Rubus		NOT_MATCHED
Rudbeckia triloba L.	Rudbeckia triloba	Rudbeckia		NOT_MATCHED
Rumex hydrolapathum Huds.	Rumex hydrolapathum	Rumex		NOT_MATCHED
Rumex kerneri Borbás	Rumex kerneri	Rumex		NOT_MATCHED
Rumex nivalis Hegetschw.	Rumex nivalis	Rumex		NOT_MATCHED
Rumex palustris Sm.	Rumex palustris	Rumex	13	NOT_MATCHED
Rumex patientia L.	Rumex patientia	Rumex		NOT_MATCHED
Rumex pulcher L.	Rumex pulcher	Rumex		NOT_MATCHED
Rumex scutatus L.	Rumex scutatus	Rumex		NOT_MATCHED
Ruscus hypoglossum L.	Ruscus hypoglossum	Ruscus	18, 25, 29	NOT_MATCHED
Ruta divaricata Ten.	Ruta divaricata	Ruta		NOT_MATCHED
Ruta patavina L.	Ruta patavina	Ruta	14	NOT_MATCHED
Rytiphlaea tinctoria (Clemente) C.  Agardh, 1824	Rytiphlaea tinctoria	Rytiphlaea		NOT_MATCHED
Saelania glaucescens (Hedw.) Broth.	Saelania glaucescens	Saelania		NOT_MATCHED
Sagina subulata (Sw.) C. Presl	Sagina subulata	Sagina	14	NOT_MATCHED
Salix alpina Scop.	Salix alpina	Salix		NOT_MATCHED
Salix appendiculata Vill.	Salix appendiculata	Salix		NOT_MATCHED
Salix eleagnos Scop.	Salix eleagnos	Salix		NOT_MATCHED
Salix fragilis L.	Salix fragilis	Salix		NOT_MATCHED
Salix glabra Scop.	Salix glabra	Salix		NOT_MATCHED
Salix retusa L.	Salix retusa	Salix		NOT_MATCHED
Salix serpyllifolia Scop.	Salix serpyllifolia	Salix		NOT_MATCHED
Salix waldsteiniana Willd.	Salix waldsteiniana	Salix		NOT_MATCHED
Salsola soda L.	Salsola soda	Salsola	13	NOT_MATCHED
Salvia austriaca Jacq.	Salvia austriaca	Salvia		NOT_MATCHED
Salvia glutinosa L.	Salvia glutinosa	Salvia		NOT_MATCHED
Salvia sylvestris L.	Salvia sylvestris	Salvia		NOT_MATCHED
Salvinia natans (L.) All.	Salvinia natans	Salvinia	13, 51	NOT_MATCHED
Sanguisorba muricata Gremli	Sanguisorba muricata	Sanguisorba		NOT_MATCHED
Sanionia unicinata (Hedw.) Loeske	Sanionia unicinata	Sanionia		NOT_MATCHED
Sarcocornia fruticosa (L.) A. J. Scott	Sarcocornia fruticosa	Sarcocornia	13	NOT_MATCHED
Sarmentypnum exannulatum (Schimp.) Hedenäs	Sarmentypnum exannulatum	Sarmentypnum		NOT_MATCHED
Sarmentypnum sarmentosum (Wahlenb.) Tuom. &amp; T. J. Kop.	Sarmentypnum sarmentosum	Sarmentypnum	12	NOT_MATCHED
Sarothamnus scoparius (L.) Koch	Sarothamnus scoparius	Sarothamnus		NOT_MATCHED
Satureja hortensis L.	Satureja hortensis	Satureja		NOT_MATCHED
Satureja subspicata Bartl. ex Vis. [s.l.]	Satureja subspicata	Satureja		NOT_MATCHED
Saussurea discolor (Willd.) DC.	Saussurea discolor	Saussurea		NOT_MATCHED
Saussurea pygmaea (Jacq.) Spreng.	Saussurea pygmaea	Saussurea		NOT_MATCHED
Sauteria alpina (Nees) Nees	Sauteria alpina	Sauteria		NOT_MATCHED
Saxifraga androsacea L.	Saxifraga androsacea	Saxifraga		NOT_MATCHED
Saxifraga bulbifera L.	Saxifraga bulbifera	Saxifraga	14	NOT_MATCHED
Saxifraga burseriana L.	Saxifraga burseriana	Saxifraga		NOT_MATCHED
Saxifraga caesia L.	Saxifraga caesia	Saxifraga		NOT_MATCHED
Saxifraga crustata Vest	Saxifraga crustata	Saxifraga		NOT_MATCHED
Saxifraga exarata Vill. [s.l.]	Saxifraga exarata	Saxifraga		NOT_MATCHED
Saxifraga hohenwartii Sternb.	Saxifraga hohenwartii	Saxifraga		NOT_MATCHED
Saxifraga hostii Tausch	Saxifraga hostii	Saxifraga		NOT_MATCHED
Saxifraga mutata L.	Saxifraga mutata	Saxifraga	14	NOT_MATCHED
Saxifraga paradoxa Sternb.	Saxifraga paradoxa	Saxifraga	14	NOT_MATCHED
Saxifraga petraea L.	Saxifraga petraea	Saxifraga		NOT_MATCHED
Saxifraga sedoides L.	Saxifraga sedoides	Saxifraga		NOT_MATCHED
Saxifraga squarrosa Sieber	Saxifraga squarrosa	Saxifraga		NOT_MATCHED
Saxifraga tenella Wulfen	Saxifraga tenella	Saxifraga		NOT_MATCHED
Scabiosa graminifolia L.	Scabiosa graminifolia	Scabiosa		NOT_MATCHED
Scabiosa hladnikiana Host	Scabiosa hladnikiana	Scabiosa		NOT_MATCHED
Scabiosa lucida Vill. [s.l.]	Scabiosa lucida	Scabiosa		NOT_MATCHED
Scabiosa ochroleuca L.	Scabiosa ochroleuca	Scabiosa		NOT_MATCHED
Scabiosa silenifolia Waldst. &amp; Kit.	Scabiosa silenifolia	Scabiosa	14	NOT_MATCHED
Scabiosa triandra L.	Scabiosa triandra	Scabiosa		NOT_MATCHED
Scenedesmus ecornis (Ehrenberg) Chodat, 1926	Scenedesmus ecornis	Scenedesmus		NOT_MATCHED
Scenedesmus obtusus Meyen, 1829	Scenedesmus obtusus	Scenedesmus		NOT_MATCHED
Scenedesmus velitaris Komárek, 1984	Scenedesmus velitaris	Scenedesmus		NOT_MATCHED
Schistidium brunnescens Limpr.	Schistidium brunnescens	Schistidium		NOT_MATCHED
Schistidium helveticum (Schkuhr) Deguchi	Schistidium helveticum	Schistidium		NOT_MATCHED
Schistostega pennata (Hedw.) F. Weber &amp; D. Mohr	Schistostega pennata	Schistostega	14	NOT_MATCHED
Schoenoplectus mucronatus (L.) Palla	Schoenoplectus mucronatus	Schoenoplectus	13	NOT_MATCHED
Scilla bifolia L. [s.l.]	Scilla bifolia	Scilla		NOT_MATCHED
Scilla drunensis (Speta) Speta	Scilla drunensis	Scilla		NOT_MATCHED
Scilla litardierei Breistr. ex Speta	Scilla litardierei	Scilla	7, 8, 13, 25, 27, 34, 50	NOT_MATCHED
Scleranthus polycarpos L.	Scleranthus polycarpos	Scleranthus		NOT_MATCHED
Scopelophila ligulata (Spruce) Spruce	Scopelophila ligulata	Scopelophila	12	NOT_MATCHED
Scorpiurium sendtneri (Schimp.) M. Fleisch.	Scorpiurium sendtneri	Scorpiurium		NOT_MATCHED
Scorpiurus subvillosus L.	Scorpiurus subvillosus	Scorpiurus	14	NOT_MATCHED
Scorzonera rosea Waldst. &amp; Kit.	Scorzonera rosea	Scorzonera	13	NOT_MATCHED
Scorzoneroides helvetica (Mérat) Holub	Scorzoneroides helvetica	Scorzoneroides		NOT_MATCHED
Scrophularia canina L.	Scrophularia canina	Scrophularia		NOT_MATCHED
Scrophularia juratensis Schleich.	Scrophularia juratensis	Scrophularia		NOT_MATCHED
Scrophularia laciniata Waldst. &amp; Kit.	Scrophularia laciniata	Scrophularia	14	NOT_MATCHED
Scrophularia scopolii Hoppe	Scrophularia scopolii	Scrophularia		NOT_MATCHED
Scutellaria altissima L.	Scutellaria altissima	Scutellaria	17	NOT_MATCHED
Secale cereale L.	Secale cereale	Secale		NOT_MATCHED
Securigera securidaca (L.) Degen &amp; Dörfl.	Securigera securidaca	Securigera		NOT_MATCHED
Sedum alpestre Vill.	Sedum alpestre	Sedum	17	NOT_MATCHED
Sedum atratum L.	Sedum atratum	Sedum		NOT_MATCHED
Sedum dasyphyllum L.	Sedum dasyphyllum	Sedum		NOT_MATCHED
Sedum maximum (L.) Hoffm.	Sedum maximum	Sedum	25	NOT_MATCHED
Sedum ochroleucum Chaix	Sedum ochroleucum	Sedum		NOT_MATCHED
Sedum reflexum L.	Sedum reflexum	Sedum		NOT_MATCHED
Sedum spurium M. Bieb.	Sedum spurium	Sedum		NOT_MATCHED
Selaginella helvetica (L.) Spring	Selaginella helvetica	Selaginella		NOT_MATCHED
Seligeria carniolica (Breidl. &amp; Beck) Nyholm	Seligeria carniolica	Seligeria	12	NOT_MATCHED
Seligeria irrigata (H.K.G. Paul) Ochyra &amp; Gos	Seligeria irrigata	Seligeria		NOT_MATCHED
Seligeria patula (Lindb.) I. Hagen	Seligeria patula	Seligeria		NOT_MATCHED
Seligeria trifaria (Brid.) Lindb.	Seligeria trifaria	Seligeria		NOT_MATCHED
Sempervivum juvanii Strgar	Sempervivum juvanii	Sempervivum	13, 25	NOT_MATCHED
Senecio abrotanifolius L.	Senecio abrotanifolius	Senecio		NOT_MATCHED
Senecio aquaticus Hill	Senecio aquaticus	Senecio		NOT_MATCHED
Senecio barbareifolius Krock.	Senecio barbareifolius	Senecio		NOT_MATCHED
Senecio cacaliaster Lam.	Senecio cacaliaster	Senecio		NOT_MATCHED
Senecio germanicus Wallr.	Senecio germanicus	Senecio		NOT_MATCHED
Senecio hercynicus Herborg	Senecio hercynicus	Senecio		NOT_MATCHED
Senecio incanus L. [s.l.]	Senecio incanus	Senecio		NOT_MATCHED
Senecio jacobaea L.	Senecio jacobaea	Senecio		NOT_MATCHED
Senecio ovatus (Gaertn., Mey. &amp; Scherb.) Willd.	Senecio ovatus	Senecio		NOT_MATCHED
Senecio paludosus L.	Senecio paludosus	Senecio	13	NOT_MATCHED
Senecio scopolii Hoppe &amp; Hornsch. ex Bluff &amp; Fingerh.	Senecio scopolii	Senecio		NOT_MATCHED
Senecio subalpinus Koch	Senecio subalpinus	Senecio	14	NOT_MATCHED
Sequoia sempervirens (D.Don) Endl.	Sequoia sempervirens	Sequoia		NOT_MATCHED
Serapias vomeracea (Burm. f.) Briq.	Serapias vomeracea	Serapias	13, 25, 27	NOT_MATCHED
Serpoleskea confervoides (Brid.) Loeske	Serpoleskea confervoides	Serpoleskea		NOT_MATCHED
Serratula radiata (Waldst. &amp; Kit.) M.Bieb. [s.l.]	Serratula radiata	Serratula	14	NOT_MATCHED
Seseli annuum L.	Seseli annuum	Seseli		NOT_MATCHED
Seseli austriacum (Beck) Wohlf.	Seseli austriacum	Seseli		NOT_MATCHED
Seseli gouanii Koch	Seseli gouanii	Seseli		NOT_MATCHED
Seseli malyi A. Kern.	Seseli malyi	Seseli	14	NOT_MATCHED
Seseli tommasinii Rchb. f.	Seseli tommasinii	Seseli	14	NOT_MATCHED
Seseli varium Trevis.	Seseli varium	Seseli	17	NOT_MATCHED
Sesleria autumnalis (Scop.) F. W. Schultz	Sesleria autumnalis	Sesleria		NOT_MATCHED
Sesleria juncifolia Suffren [s.l.]	Sesleria juncifolia	Sesleria		NOT_MATCHED
Sesleria ovata (Hoppe) Kern.	Sesleria ovata	Sesleria		NOT_MATCHED
Sesleria sphaerocephala Ard.	Sesleria sphaerocephala	Sesleria		NOT_MATCHED
Setaria macrocarpa Luchnik	Setaria macrocarpa	Setaria		NOT_MATCHED
Setaria verticilliformis Dumort.	Setaria verticilliformis	Setaria		NOT_MATCHED
Sheathia boryana (Sirodot) Salomaki &amp; M.L. Vis, 2014	Sheathia boryana	Sheathia		NOT_MATCHED
Sideritis montana L.	Sideritis montana	Sideritis	12	NOT_MATCHED
Silene cretica L.	Silene cretica	Silene		NOT_MATCHED
Silene hayekiana Hand.-Mazz. &amp; Janch.	Silene hayekiana	Silene		NOT_MATCHED
Sisyrinchium bermudiana L. [s.l.]	Sisyrinchium bermudiana	Sisyrinchium		NOT_MATCHED
Smilax aspera L.	Smilax aspera	Smilax	13	NOT_MATCHED
Solanum luteum Mill. [s.l.]	Solanum luteum	Solanum		NOT_MATCHED
Solenostoma hyalinum (Lyell) Mitt.	Solenostoma hyalinum	Solenostoma		NOT_MATCHED
Solenostoma obovatum (Nees) C. Massal.	Solenostoma obovatum	Solenostoma		NOT_MATCHED
Sorbus austriaca (Beck) Hedl. [s.l.]	Sorbus austriaca	Sorbus		NOT_MATCHED
Sorbus carniolica Kárpáti	Sorbus carniolica	Sorbus		NOT_MATCHED
Sorbus carpatica Borbás	Sorbus carpatica	Sorbus		NOT_MATCHED
Sorbus chamaemespilus (L.) Crantz	Sorbus chamaemespilus	Sorbus		NOT_MATCHED
Sorbus domestica L.	Sorbus domestica	Sorbus		NOT_MATCHED
Sorbus graeca (Spach) Loddiges ex Schauer	Sorbus graeca	Sorbus		NOT_MATCHED
Sorbus hungarica (Bornm.) Kárpáti	Sorbus hungarica	Sorbus		NOT_MATCHED
Sorbus istriaca Kárpáti	Sorbus istriaca	Sorbus		NOT_MATCHED
Sorbus mougeotii Soy.-Will. &amp; Godr.	Sorbus mougeotii	Sorbus		NOT_MATCHED
Sorbus pannonica Kárpáti	Sorbus pannonica	Sorbus		NOT_MATCHED
Sorbus slavnicensis Kárpáti	Sorbus slavnicensis	Sorbus		NOT_MATCHED
Sorghum saccharatum (L.) Moench [s.l.]	Sorghum saccharatum	Sorghum		NOT_MATCHED
Sparganium microcarpum (Neuman) Čelak.	Sparganium microcarpum	Sparganium		NOT_MATCHED
Sparganium neglectum Beeby	Sparganium neglectum	Sparganium		NOT_MATCHED
Sparganium oocarpum (Čelak.) Fritsch	Sparganium oocarpum	Sparganium	14	NOT_MATCHED
Spartina maritima (Curtis) Fernald	Spartina maritima	Spartina	14	NOT_MATCHED
Sphaerococcus coronopifolius Stackhouse, 1797	Sphaerococcus coronopifolius	Sphaerococcus		NOT_MATCHED
Sphaerocystis schroeteri Chodat, 1897	Sphaerocystis schroeteri	Sphaerocystis		NOT_MATCHED
Sphagnum affine Renauld &amp; Cardot	Sphagnum affine	Sphagnum	9, 25, 27	NOT_MATCHED
Sphagnum auriculatum Schimp.	Sphagnum auriculatum	Sphagnum	9, 25, 27	NOT_MATCHED
Sphagnum flexuosum Dozy &amp; Molk.	Sphagnum flexuosum	Sphagnum	9, 25, 27	NOT_MATCHED
Sphagnum platyphyllum (Braithw.) Warnst.	Sphagnum platyphyllum	Sphagnum	9, 13, 25, 27	NOT_MATCHED
Sphagnum quinquefarium (Braithw.) Warnst.	Sphagnum quinquefarium	Sphagnum	9, 25, 27	NOT_MATCHED
Sphagnum subnitens Russow &amp; Warnst.	Sphagnum subnitens	Sphagnum	9, 25, 27	NOT_MATCHED
Sphagnum teres (Schimp.) Ångstr.	Sphagnum teres	Sphagnum	9, 12, 25, 27	NOT_MATCHED
Sphagnum warnstorfii Russow	Sphagnum warnstorfii	Sphagnum	9, 13, 25, 27	NOT_MATCHED
Spiraea decumbens Koch.	Spiraea decumbens	Spiraea	14	NOT_MATCHED
Spiraea douglasii Hook.	Spiraea douglasii	Spiraea		NOT_MATCHED
Spiraea tomentosa L.	Spiraea tomentosa	Spiraea		NOT_MATCHED
Spiranthes aestivalis (Poir.) Rich.	Spiranthes aestivalis	Spiranthes	8, 12, 25, 27, 34, 51	NOT_MATCHED
Spirogyra communis (Hassall) Kützing, 1849	Spirogyra communis	Spirogyra		NOT_MATCHED
Spirogyra gracilis Kützing, 1849	Spirogyra gracilis	Spirogyra		NOT_MATCHED
Spirogyra neglecta (Hassall) Kützing, 1849	Spirogyra neglecta	Spirogyra		NOT_MATCHED
Spirogyra nitida (O.F. Müller) Dumortier, 1822	Spirogyra nitida	Spirogyra		NOT_MATCHED
Spirogyra rivularis (Hassall) Rabenhorst, 1868	Spirogyra rivularis	Spirogyra		NOT_MATCHED
Splachnum ampullaceum Hedw.	Splachnum ampullaceum	Splachnum	12	NOT_MATCHED
Spondylosium pulchellum (W.Archer) W. Archer, 1861	Spondylosium pulchellum	Spondylosium		NOT_MATCHED
Spondylosium tetragonum West &amp; G.S. West, 1892	Spondylosium tetragonum	Spondylosium		NOT_MATCHED
Spyridia filamentosa (Wulfen) Harvey, 1833	Spyridia filamentosa	Spyridia		NOT_MATCHED
Stachys annua (L.) L.	Stachys annua	Stachys		NOT_MATCHED
Stachys labiosa Bertol.	Stachys labiosa	Stachys		NOT_MATCHED
Stachys recta L.	Stachys recta	Stachys		NOT_MATCHED
Stachys salviifolia Ten.	Stachys salviifolia	Stachys	17	NOT_MATCHED
Stachys subcrenata Vis.	Stachys subcrenata	Stachys		NOT_MATCHED
Staurastrum brachiatum Ralfs ex Ralfs, 1848	Staurastrum brachiatum	Staurastrum		NOT_MATCHED
Staurastrum echinatum Brébisson ex Ralfs, 1848	Staurastrum echinatum	Staurastrum		NOT_MATCHED
Staurastrum furcatum Brébisson, 1856	Staurastrum furcatum	Staurastrum		NOT_MATCHED
Staurastrum julicum Pevalek. 1925	Staurastrum julicum	Staurastrum		NOT_MATCHED
Staurastrum margaritaceum Meneghini ex Ralfs, 1848	Staurastrum margaritaceum	Staurastrum		NOT_MATCHED
Staurastrum pokljukense Pevalek, 1925	Staurastrum pokljukense	Staurastrum		NOT_MATCHED
Staurastrum subbrebissonii Schmidle, 1894	Staurastrum subbrebissonii	Staurastrum		NOT_MATCHED
Stauridium tetras (Ehrenberg) E. Hegewald, 2005	Stauridium tetras	Stauridium		NOT_MATCHED
Staurocarteria crucifera (Korshikov) Y.L. Chen &amp; G.X. Liu, 2024	Staurocarteria crucifera	Staurocarteria		NOT_MATCHED
Staurodesmus extensus (O.F. Andersson) Teiling, 1948	Staurodesmus extensus	Staurodesmus		NOT_MATCHED
Staurodesmus triangularis (Lagerheim) Teiling, 1948	Staurodesmus triangularis	Staurodesmus		NOT_MATCHED
Stellaria holostea L.	Stellaria holostea	Stellaria		NOT_MATCHED
Stellaria montana Pierrat	Stellaria montana	Stellaria		NOT_MATCHED
Stemmacantha rhapontica (L.) Dittrich [s.l.]	Stemmacantha rhapontica	Stemmacantha	14	NOT_MATCHED
Stigeoclonium tenue (C. Agardh) Kützing, 1843	Stigeoclonium tenue	Stigeoclonium		NOT_MATCHED
Stipa eriocaulis Borbás [s.l.]	Stipa eriocaulis	Stipa	25	NOT_MATCHED
Stipa joannis Čelak.	Stipa joannis	Stipa	11, 25	NOT_MATCHED
Stipa pulcherrima K. Koch	Stipa pulcherrima	Stipa	25	NOT_MATCHED
Stirkia codii (H. Richards) Barros-Barreto &amp; Maggs, 2023	Stirkia codii	Stirkia		NOT_MATCHED
Stylonema alsidii (Zanardini) K.M. Drew, 1956	Stylonema alsidii	Stylonema		NOT_MATCHED
Symphyotrichum lanceolatus Willd.) G.L. Nesom	Symphyotrichum lanceolatus	Symphyotrichum		NOT_MATCHED
Symphyotrichum squamatum (Spreng.) G.L. Nesom	Symphyotrichum squamatum	Symphyotrichum		NOT_MATCHED
Syntrichia fragilis (Taylor) Ochyra	Syntrichia fragilis	Syntrichia	13	NOT_MATCHED
Syntrichia sinensis (Müll. Hal.) Ochyra	Syntrichia sinensis	Syntrichia	12	NOT_MATCHED
Syntrichia virescens (De Not.) Ochyra	Syntrichia virescens	Syntrichia	12	NOT_MATCHED
Tagetes minuta L.	Tagetes minuta	Tagetes		NOT_MATCHED
Tagetes patula L.	Tagetes patula	Tagetes		NOT_MATCHED
Tagetes tenuifolia Cav.	Tagetes tenuifolia	Tagetes		NOT_MATCHED
Tamarix dalmatica Baum.	Tamarix dalmatica	Tamarix		NOT_MATCHED
Tamus communis L.	Tamus communis	Tamus		NOT_MATCHED
Taraxacum illyricum Dahlst. &amp; Van Soest	Taraxacum illyricum	Taraxacum		NOT_MATCHED
Tayloria froelichiana (Hedw.) Broth.	Tayloria froelichiana	Tayloria	13	NOT_MATCHED
Tayloria lingulata (Dicks.) Lindb.	Tayloria lingulata	Tayloria	11	NOT_MATCHED
Tayloria serrata (Hedw.) Bruch &amp; Schimp.	Tayloria serrata	Tayloria	12	NOT_MATCHED
Tayloria splachnoides (Schwägr.) Hook.	Tayloria splachnoides	Tayloria	11	NOT_MATCHED
Tayloria tenuis (Dicks.) Schimp.	Tayloria tenuis	Tayloria		NOT_MATCHED
Tephroseris aurantiaca (Hoppe ex Willd.) Griess. &amp; Schenk	Tephroseris aurantiaca	Tephroseris		NOT_MATCHED
Tephroseris helenitis (L.) Nord.	Tephroseris helenitis	Tephroseris		NOT_MATCHED
Tephroseris longifolia (Jacq.) Griseb. &amp; Schenk	Tephroseris longifolia	Tephroseris		NOT_MATCHED
Tephroseris pseudocrispa (Fiori) Holub	Tephroseris pseudocrispa	Tephroseris		NOT_MATCHED
Tetmemorus brebissonii Ralfs, 1848	Tetmemorus brebissonii	Tetmemorus		NOT_MATCHED
Tetmemorus laevis Ralfs ex Ralfs, 1848	Tetmemorus laevis	Tetmemorus		NOT_MATCHED
Tetradesmus obliquus (Turpin) M.J. Wynne, 2016	Tetradesmus obliquus	Tetradesmus		NOT_MATCHED
Tetragonolobus maritimus (L.) Roth	Tetragonolobus maritimus	Tetragonolobus	13	NOT_MATCHED
Tetraspora gelatinosa (Vaucher) Desvaux, 1818	Tetraspora gelatinosa	Tetraspora		NOT_MATCHED
Teucrium flavum L.	Teucrium flavum	Teucrium		NOT_MATCHED
Thelypteris limbosperma (All.) H. P. Fuchs	Thelypteris limbosperma	Thelypteris		NOT_MATCHED
Thesium bavarum Schrank	Thesium bavarum	Thesium		NOT_MATCHED
Thesium divaricatum Jan ex Mert. &amp; Koch	Thesium divaricatum	Thesium		NOT_MATCHED
Thesium linophyllon L.	Thesium linophyllon	Thesium		NOT_MATCHED
Thesium pyrenaicum Pourr. [s.l.]	Thesium pyrenaicum	Thesium		NOT_MATCHED
Thesium rostratum Mert. &amp; Koch	Thesium rostratum	Thesium	14	NOT_MATCHED
Thlaspi alliaceum L.	Thlaspi alliaceum	Thlaspi		NOT_MATCHED
Thlaspi cepaeifolium (Wulfen) Koch [s.l.]	Thlaspi cepaeifolium	Thlaspi		NOT_MATCHED
Thlaspi minimum Ard.	Thlaspi minimum	Thlaspi		NOT_MATCHED
Thlaspi perfoliatum L.	Thlaspi perfoliatum	Thlaspi		NOT_MATCHED
Thlaspi sylvestre Jord.	Thlaspi sylvestre	Thlaspi		NOT_MATCHED
Thuja orientalis L.	Thuja orientalis	Thuja		NOT_MATCHED
Thymus longicaulis C. Presl	Thymus longicaulis	Thymus		NOT_MATCHED
Thymus pannonicus All.	Thymus pannonicus	Thymus		NOT_MATCHED
Tilia tomentosa Moench	Tilia tomentosa	Tilia		NOT_MATCHED
Timmia austriaca Hedw.	Timmia austriaca	Timmia		NOT_MATCHED
Titanoderma pustulatum (J.V. Lamouroux) Nägeli, 1858	Titanoderma pustulatum	Titanoderma		NOT_MATCHED
Tofieldia calyculata (L.) Wahlenb.	Tofieldia calyculata	Tofieldia		NOT_MATCHED
Tomentypnum involutum (Limpr.) Hedenäs &amp; Ignatov	Tomentypnum involutum	Tomentypnum		NOT_MATCHED
Tordylium officinale L.	Tordylium officinale	Tordylium	17	NOT_MATCHED
Tortella squarrosa (Brid.) Limpr.	Tortella squarrosa	Tortella		NOT_MATCHED
Tradescantia virginica L.	Tradescantia virginica	Tradescantia		NOT_MATCHED
Tragopogon tommasinii Sch. Bip.	Tragopogon tommasinii	Tragopogon		NOT_MATCHED
Traunsteinera globosa (L.) Rchb.	Traunsteinera globosa	Traunsteinera	13, 25, 27	NOT_MATCHED
Trematodon ambiguus (Hedw.) Hornsch.	Trematodon ambiguus	Trematodon	13	NOT_MATCHED
Trentepohlia annulata F. Brand, 1902	Trentepohlia annulata	Trentepohlia		NOT_MATCHED
Trentepohlia aurea (Linnaeus) C. Martius, 1817	Trentepohlia aurea	Trentepohlia		NOT_MATCHED
Trifolium badium Schreb.	Trifolium badium	Trifolium		NOT_MATCHED
Trifolium dalmaticum Vis.	Trifolium dalmaticum	Trifolium		NOT_MATCHED
Trifolium elegans Savi	Trifolium elegans	Trifolium		NOT_MATCHED
Trifolium lappaceum L.	Trifolium lappaceum	Trifolium	17	NOT_MATCHED
Trifolium nigrescens Viv.	Trifolium nigrescens	Trifolium		NOT_MATCHED
Trifolium noricum Wulfen	Trifolium noricum	Trifolium		NOT_MATCHED
Trifolium pallescens Schreb.	Trifolium pallescens	Trifolium		NOT_MATCHED
Trifolium pallidum Waldst. &amp; Kit.	Trifolium pallidum	Trifolium		NOT_MATCHED
Trifolium patens Schreb.	Trifolium patens	Trifolium		NOT_MATCHED
Trifolium retusum L.	Trifolium retusum	Trifolium		NOT_MATCHED
Trifolium rubens L.	Trifolium rubens	Trifolium		NOT_MATCHED
Trifolium squarrosum L.	Trifolium squarrosum	Trifolium	17	NOT_MATCHED
Trifolium stellatum L.	Trifolium stellatum	Trifolium	10	NOT_MATCHED
Trifolium suaveolens Willd.	Trifolium suaveolens	Trifolium		NOT_MATCHED
Trifolium thalii Vill.	Trifolium thalii	Trifolium	14	NOT_MATCHED
Trifolium velebiticum Degen	Trifolium velebiticum	Trifolium		NOT_MATCHED
Triglochin maritimum L.	Triglochin maritimum	Triglochin	12	NOT_MATCHED
Triglochin palustre L.	Triglochin palustre	Triglochin	13	NOT_MATCHED
Trigonella corniculata (L.) L.	Trigonella corniculata	Trigonella		NOT_MATCHED
Trigonella gladiata Steven ex M. Bieb.	Trigonella gladiata	Trigonella		NOT_MATCHED
Trigonella procumbens (Besser) Rchb.	Trigonella procumbens	Trigonella		NOT_MATCHED
Trinia carniolica A. Kern.	Trinia carniolica	Trinia	14	NOT_MATCHED
Trisetum alpestre (Host) P. Beauv.	Trisetum alpestre	Trisetum		NOT_MATCHED
Trisetum argenteum (Willd.) Roem. &amp; Schult.	Trisetum argenteum	Trisetum		NOT_MATCHED
Trisetum distichophyllum auct., non (Vill.) P. Beauv.	Trisetum distichophyllum	Trisetum		NOT_MATCHED
Triticum dicoccon (Schrank) Scheubl.	Triticum dicoccon	Triticum		NOT_MATCHED
Triticum durum Desf.	Triticum durum	Triticum		NOT_MATCHED
Triticum spelta L.	Triticum spelta	Triticum		NOT_MATCHED
Typha angustifolia L.	Typha angustifolia	Typha		NOT_MATCHED
Typha laxmannii Lepech.	Typha laxmannii	Typha	12	NOT_MATCHED
Typha minima Hoppe	Typha minima	Typha	14, 51	NOT_MATCHED
Typha shuttleworthii Koch &amp; Sond.	Typha shuttleworthii	Typha	13, 51	NOT_MATCHED
Ulmus canescens Melville	Ulmus canescens	Ulmus		NOT_MATCHED
Ulota bruchii Brid.	Ulota bruchii	Ulota		NOT_MATCHED
Ulota hutchinsiae (Sm.) Hammar	Ulota hutchinsiae	Ulota		NOT_MATCHED
Ulota intermedia Schimp.	Ulota intermedia	Ulota		NOT_MATCHED
Ulothrix tenerrima (Kützing) Kützing, 1843	Ulothrix tenerrima	Ulothrix		NOT_MATCHED
Uronema elongatum Hodgetts, 1918	Uronema elongatum	Uronema		NOT_MATCHED
Urtica galeopsifolia Wierzb. ex Opiz	Urtica galeopsifolia	Urtica		NOT_MATCHED
Utricularia bremii Heer	Utricularia bremii	Utricularia	10	NOT_MATCHED
Vaccaria grandiflora (Ser.) Jaub. &amp; Spach	Vaccaria grandiflora	Vaccaria	17	NOT_MATCHED
Vaccaria pyramidata Medik.	Vaccaria pyramidata	Vaccaria		NOT_MATCHED
Vaccinium gaultherioides Bigelow	Vaccinium gaultherioides	Vaccinium		NOT_MATCHED
Valeriana collina Wallr.	Valeriana collina	Valeriana		NOT_MATCHED
Valeriana elongata Jacq.	Valeriana elongata	Valeriana		NOT_MATCHED
Valeriana montana L.	Valeriana montana	Valeriana		NOT_MATCHED
Valeriana nemorensis Turk	Valeriana nemorensis	Valeriana		NOT_MATCHED
Valeriana pratensis (Dierb.) E. Walther	Valeriana pratensis	Valeriana		NOT_MATCHED
Valeriana sambucifolia Pohl	Valeriana sambucifolia	Valeriana	17	NOT_MATCHED
Valeriana saxatilis L.	Valeriana saxatilis	Valeriana		NOT_MATCHED
Valeriana supina Ard.	Valeriana supina	Valeriana		NOT_MATCHED
Valeriana tripteris L.	Valeriana tripteris	Valeriana		NOT_MATCHED
Valeriana tuberosa L.	Valeriana tuberosa	Valeriana	14	NOT_MATCHED
Valerianella eriocarpa Desv.	Valerianella eriocarpa	Valerianella	17	NOT_MATCHED
Valonia utricularis (Roth) C. Agardh, 1823	Valonia utricularis	Valonia		NOT_MATCHED
Verbascum alpinum Turra	Verbascum alpinum	Verbascum		NOT_MATCHED
Verbascum austriacum Schott ex Roem. &amp; Schult.	Verbascum austriacum	Verbascum		NOT_MATCHED
Verbascum chaixii Vill. [s.str.]	Verbascum chaixii	Verbascum		NOT_MATCHED
Verbascum densiflorum Bertol.	Verbascum densiflorum	Verbascum		NOT_MATCHED
Verbascum lychnitis L.	Verbascum lychnitis	Verbascum		NOT_MATCHED
Verbascum sinuatum L.	Verbascum sinuatum	Verbascum	14	NOT_MATCHED
Verbascum speciosum Schrad.	Verbascum speciosum	Verbascum	17	NOT_MATCHED
Veronica acinifolia L.	Veronica acinifolia	Veronica		NOT_MATCHED
Veronica anagalloides Guss.	Veronica anagalloides	Veronica	13	NOT_MATCHED
Veronica aphylla L.	Veronica aphylla	Veronica		NOT_MATCHED
Veronica barrelieri Schott ex Roem. &amp; Schult.	Veronica barrelieri	Veronica		NOT_MATCHED
Veronica fruticulosa L.	Veronica fruticulosa	Veronica		NOT_MATCHED
Veronica jacquinii Baumg.	Veronica jacquinii	Veronica		NOT_MATCHED
Veronica maritima L.	Veronica maritima	Veronica		NOT_MATCHED
Veronica orchidea Crantz	Veronica orchidea	Veronica	14	NOT_MATCHED
Veronica prostrata L.	Veronica prostrata	Veronica		NOT_MATCHED
Veronica sublobata M.A. Fisch.	Veronica sublobata	Veronica		NOT_MATCHED
Veronica teucrium L.	Veronica teucrium	Veronica		NOT_MATCHED
Veronica urticifolia Jacq.	Veronica urticifolia	Veronica		NOT_MATCHED
Vertebrata furcellata (C. Agardh) Kuntze, 1891	Vertebrata furcellata	Vertebrata		NOT_MATCHED
Vicia angustifolia L.	Vicia angustifolia	Vicia		NOT_MATCHED
Vicia cordata Hoppe	Vicia cordata	Vicia		NOT_MATCHED
Vicia dalmatica A. Kern.	Vicia dalmatica	Vicia		NOT_MATCHED
Vicia dasycarpa Ten.	Vicia dasycarpa	Vicia		NOT_MATCHED
Vicia hybrida L.	Vicia hybrida	Vicia		NOT_MATCHED
Vicia loiseleurii (M.Bieb.) Litv.	Vicia loiseleurii	Vicia	14	NOT_MATCHED
Vicia macrocarpa (Moris) Bertol.	Vicia macrocarpa	Vicia		NOT_MATCHED
Vicia narbonensis L.	Vicia narbonensis	Vicia	14	NOT_MATCHED
Vicia oroboides Wulfen	Vicia oroboides	Vicia		NOT_MATCHED
Vicia serratifolia Jacq.	Vicia serratifolia	Vicia		NOT_MATCHED
Vicia striata M. Bieb.	Vicia striata	Vicia		NOT_MATCHED
Viola adriatica Freyn	Viola adriatica	Viola		NOT_MATCHED
Viola cornuta L.	Viola cornuta	Viola		NOT_MATCHED
Viola elatior Fr.	Viola elatior	Viola	13	NOT_MATCHED
Viola zoysii Wulfen	Viola zoysii	Viola	14	NOT_MATCHED
Viscum abietis (Wiesb.) Fritsch	Viscum abietis	Viscum		NOT_MATCHED
Vitex agnus-castus L.	Vitex agnus-castus	Vitex	14	NOT_MATCHED
Volvox globator Linnaeus, 1758	Volvox globator	Volvox		NOT_MATCHED
Vulpia bromoides (L.) Gray	Vulpia bromoides	Vulpia	14	NOT_MATCHED
Vulpia ciliata Dumort.	Vulpia ciliata	Vulpia		NOT_MATCHED
Vulpia fasciculata (Forsk.) Samp.	Vulpia fasciculata	Vulpia	10	NOT_MATCHED
Vulpia ligustica (All.) Link	Vulpia ligustica	Vulpia		NOT_MATCHED
Vulpia myuros (L.) C. C. Gmel.	Vulpia myuros	Vulpia		NOT_MATCHED
Waldsteinia trifolia Rochel. ex Koch	Waldsteinia trifolia	Waldsteinia	14	NOT_MATCHED
Washingtonia robusta H. Wendl.	Washingtonia robusta	Washingtonia		NOT_MATCHED
Wolffia arrhiza (L.) Horkel ex Wimm.	Wolffia arrhiza	Wolffia	12	NOT_MATCHED
Woodsia pulchella Bertol.	Woodsia pulchella	Woodsia	14	NOT_MATCHED
Wrangelia penicillata (C. Agardh) C. Agardh, 1828	Wrangelia penicillata	Wrangelia		NOT_MATCHED
Xanthium italicum Moretti	Xanthium italicum	Xanthium		NOT_MATCHED
Zanthoxylum simulans Hance	Zanthoxylum simulans	Zanthoxylum		NOT_MATCHED
Zostera noltii Hornem.	Zostera noltii	Zostera	14	NOT_MATCHED
Zygodon rupestris Lorentz	Zygodon rupestris	Zygodon	13	NOT_MATCHED
Zygodon viridissimus (Dicks.) Brid.	Zygodon viridissimus	Zygodon		NOT_MATCHED
