ASV_ID,Kingdom,Kingdom_confidence,Phylum,Phylum_confidence,Class,Class_confidence,Order,Order_confidence,Family,Family_confidence,Genus,Genus_confidence,Species,Species_confidence,Strand,Deepest_rank,Deepest_taxon,Accepted_taxonomy
ASV103,Fungi,1.00,Ascomycota,1.00,Dothideomycetes,0.82,Pleosporales,0.82,Pleosporales_incertae_sedis,0.82,Coniothyrium,0.82,Coniothyrium_fuckelii,0.82,+,Species,Coniothyrium_fuckelii,"k:Fungi,p:Ascomycota,c:Dothideomycetes,o:Pleosporales,f:Pleosporales_incertae_sedis,g:Coniothyrium,s:Coniothyrium_fuckelii"
ASV102,Fungi,1.00,,,,,,,,,,,,,+,Kingdom,Fungi,k:Fungi
ASV10,Fungi,1.00,Ascomycota,1.00,Sordariomycetes,0.97,Sordariales,0.97,Lasiosphaeriaceae,0.84,,,,,+,Family,Lasiosphaeriaceae,"k:Fungi,p:Ascomycota,c:Sordariomycetes,o:Sordariales,f:Lasiosphaeriaceae"
ASV105,Fungi,1.00,Basidiomycota,1.00,Tremellomycetes,1.00,Cystofilobasidiales,1.00,,,Cystofilobasidium,1.00,Cystofilobasidium_capitatum,1.00,-,Species,Cystofilobasidium_capitatum,"k:Fungi,p:Basidiomycota,c:Tremellomycetes,o:Cystofilobasidiales,g:Cystofilobasidium,s:Cystofilobasidium_capitatum"
ASV1,Fungi,1.00,Ascomycota,1.00,Leotiomycetes,0.87,Thelebolales,0.87,Thelebolaceae,0.87,,,,,+,Family,Thelebolaceae,"k:Fungi,p:Ascomycota,c:Leotiomycetes,o:Thelebolales,f:Thelebolaceae"
ASV101,Fungi,1.00,Ascomycota,1.00,Eurotiomycetes,1.00,Eurotiales,1.00,Trichocomaceae,1.00,Penicillium,1.00,Penicillium_chrysogenum,0.96,+,Species,Penicillium_chrysogenum,"k:Fungi,p:Ascomycota,c:Eurotiomycetes,o:Eurotiales,f:Trichocomaceae,g:Penicillium,s:Penicillium_chrysogenum"
ASV109,Fungi,1.00,Ascomycota,1.00,Pezizomycetes,1.00,Pezizales,1.00,,,,,,,+,Order,Pezizales,"k:Fungi,p:Ascomycota,c:Pezizomycetes,o:Pezizales"
ASV108,Fungi,1.00,Ascomycota,1.00,Sordariomycetes,0.86,,,,,,,,,+,Class,Sordariomycetes,"k:Fungi,p:Ascomycota,c:Sordariomycetes"
ASV11,Fungi,1.00,Ascomycota,1.00,Sordariomycetes,0.97,Sordariales,0.96,,,,,,,+,Order,Sordariales,"k:Fungi,p:Ascomycota,c:Sordariomycetes,o:Sordariales"
ASV110,Fungi,1.00,Ascomycota,1.00,Sordariomycetes,1.00,Xylariales,1.00,Diatrypaceae,1.00,,,,,+,Family,Diatrypaceae,"k:Fungi,p:Ascomycota,c:Sordariomycetes,o:Xylariales,f:Diatrypaceae"
ASV107,Fungi,1.00,Ascomycota,1.00,Sordariomycetes,0.99,Microascales,0.99,Microascaceae,0.99,,,,,+,Family,Microascaceae,"k:Fungi,p:Ascomycota,c:Sordariomycetes,o:Microascales,f:Microascaceae"
ASV100,Fungi,1.00,Basidiomycota,1.00,Cystobasidiomycetes,1.00,Cystobasidiales,1.00,Cystobasidiaceae,1.00,Cystobasidium,1.00,,,-,Genus,Cystobasidium,"k:Fungi,p:Basidiomycota,c:Cystobasidiomycetes,o:Cystobasidiales,f:Cystobasidiaceae,g:Cystobasidium"
ASV112,Fungi,1.00,Ascomycota,1.00,Sordariomycetes,1.00,Microascales,1.00,Microascaceae,1.00,,,,,+,Family,Microascaceae,"k:Fungi,p:Ascomycota,c:Sordariomycetes,o:Microascales,f:Microascaceae"
ASV114,Fungi,1.00,Ascomycota,1.00,Ascomycota_class_incertae_sedis,1.00,Ascomycota_order_incertae_sedis,1.00,Cephalothecaceae,1.00,,,,,+,Family,Cephalothecaceae,"k:Fungi,p:Ascomycota,c:Ascomycota_class_incertae_sedis,o:Ascomycota_order_incertae_sedis,f:Cephalothecaceae"
ASV115,Fungi,1.00,,,,,,,,,,,,,+,Kingdom,Fungi,k:Fungi
ASV116,Fungi,1.00,Basidiomycota,1.00,Agaricomycetes,1.00,Phallales,1.00,Phallaceae,1.00,Phallus,1.00,Phallus_impudicus,1.00,+,Species,Phallus_impudicus,"k:Fungi,p:Basidiomycota,c:Agaricomycetes,o:Phallales,f:Phallaceae,g:Phallus,s:Phallus_impudicus"
ASV111,Fungi,1.00,,,,,,,,,,,,,+,Kingdom,Fungi,k:Fungi
ASV118,Fungi,1.00,Ascomycota,1.00,Dothideomycetes,1.00,Pleosporales,1.00,,,Phoma,0.94,Phoma_macrostoma,0.94,+,Species,Phoma_macrostoma,"k:Fungi,p:Ascomycota,c:Dothideomycetes,o:Pleosporales,g:Phoma,s:Phoma_macrostoma"
ASV120,Fungi,1.00,Ascomycota,1.00,,,,,,,,,,,+,Phylum,Ascomycota,"k:Fungi,p:Ascomycota"
ASV121,Fungi,1.00,Ascomycota,1.00,Dothideomycetes,1.00,Capnodiales,1.00,Davidiellaceae,1.00,Cladosporium,1.00,Cladosporium_variabile,0.82,+,Species,Cladosporium_variabile,"k:Fungi,p:Ascomycota,c:Dothideomycetes,o:Capnodiales,f:Davidiellaceae,g:Cladosporium,s:Cladosporium_variabile"
ASV122,Fungi,1.00,Ascomycota,1.00,Eurotiomycetes,1.00,Eurotiales,1.00,Trichocomaceae,1.00,Penicillium,0.95,Penicillium_concentricum,0.80,+,Species,Penicillium_concentricum,"k:Fungi,p:Ascomycota,c:Eurotiomycetes,o:Eurotiales,f:Trichocomaceae,g:Penicillium,s:Penicillium_concentricum"
ASV123,Fungi,1.00,Ascomycota,0.98,,,,,,,,,,,+,Phylum,Ascomycota,"k:Fungi,p:Ascomycota"
ASV126,Fungi,1.00,Ascomycota,0.95,Saccharomycetes,0.91,Saccharomycetales,0.91,Saccharomycetaceae,0.90,Pichia,0.90,Pichia_fermentans,0.90,+,Species,Pichia_fermentans,"k:Fungi,p:Ascomycota,c:Saccharomycetes,o:Saccharomycetales,f:Saccharomycetaceae,g:Pichia,s:Pichia_fermentans"
ASV119,Fungi,1.00,Mucoromycota,1.00,Mucoromycetes,1.00,Mucorales,1.00,Pilobolaceae,1.00,Pilobolus,1.00,Pilobolus_crystallinus,1.00,+,Species,Pilobolus_crystallinus,"k:Fungi,p:Mucoromycota,c:Mucoromycetes,o:Mucorales,f:Pilobolaceae,g:Pilobolus,s:Pilobolus_crystallinus"
ASV127,Fungi,1.00,,,,,,,,,,,,,+,Kingdom,Fungi,k:Fungi
ASV12,Fungi,1.00,Basidiomycota,1.00,Agaricomycetes,1.00,Agaricales,1.00,Psathyrellaceae,0.83,Coprinopsis,0.80,,,+,Genus,Coprinopsis,"k:Fungi,p:Basidiomycota,c:Agaricomycetes,o:Agaricales,f:Psathyrellaceae,g:Coprinopsis"
ASV125,Fungi,1.00,,,,,,,,,,,,,+,Kingdom,Fungi,k:Fungi
ASV128,Fungi,1.00,Ascomycota,1.00,Ascomycota_class_incertae_sedis,1.00,Ascomycota_order_incertae_sedis,1.00,Pseudeurotiaceae,1.00,Pseudogymnoascus,1.00,,,+,Genus,Pseudogymnoascus,"k:Fungi,p:Ascomycota,c:Ascomycota_class_incertae_sedis,o:Ascomycota_order_incertae_sedis,f:Pseudeurotiaceae,g:Pseudogymnoascus"
ASV130,Fungi,1.00,,,,,,,,,,,,,+,Kingdom,Fungi,k:Fungi
ASV129,Fungi,1.00,Ascomycota,0.87,Saccharomycetes,0.85,Saccharomycetales,0.85,Dipodascaceae,0.84,,,,,+,Family,Dipodascaceae,"k:Fungi,p:Ascomycota,c:Saccharomycetes,o:Saccharomycetales,f:Dipodascaceae"
ASV13,Fungi,1.00,Ascomycota,1.00,,,,,,,,,,,+,Phylum,Ascomycota,"k:Fungi,p:Ascomycota"
ASV132,Fungi,1.00,Basidiomycota,1.00,Tremellomycetes,1.00,Filobasidiales,0.96,Filobasidiaceae,0.96,Naganishia,0.96,Naganishia_albida,0.96,+,Species,Naganishia_albida,"k:Fungi,p:Basidiomycota,c:Tremellomycetes,o:Filobasidiales,f:Filobasidiaceae,g:Naganishia,s:Naganishia_albida"
ASV134,Fungi,1.00,Ascomycota,0.95,Saccharomycetes,0.94,Saccharomycetales,0.94,Dipodascaceae,0.94,Geotrichum,0.85,Geotrichum_candidum,0.85,+,Species,Geotrichum_candidum,"k:Fungi,p:Ascomycota,c:Saccharomycetes,o:Saccharomycetales,f:Dipodascaceae,g:Geotrichum,s:Geotrichum_candidum"
ASV135,Fungi,1.00,Ascomycota,1.00,Sordariomycetes,1.00,Diaporthales,1.00,Valsaceae,1.00,Cytospora,0.81,,,+,Genus,Cytospora,"k:Fungi,p:Ascomycota,c:Sordariomycetes,o:Diaporthales,f:Valsaceae,g:Cytospora"
ASV136,Fungi,1.00,Ascomycota,1.00,,,,,,,,,,,+,Phylum,Ascomycota,"k:Fungi,p:Ascomycota"
ASV137,Fungi,1.00,,,,,,,,,,,,,+,Kingdom,Fungi,k:Fungi
ASV138,Fungi,1.00,Ascomycota,1.00,Sordariomycetes,0.97,Sordariales,0.96,Lasiosphaeriaceae,0.84,,,,,+,Family,Lasiosphaeriaceae,"k:Fungi,p:Ascomycota,c:Sordariomycetes,o:Sordariales,f:Lasiosphaeriaceae"
ASV139,Fungi,1.00,Basidiomycota,1.00,Agaricomycetes,1.00,Boletales,1.00,Melanogastraceae,1.00,Melanogaster,1.00,,,+,Genus,Melanogaster,"k:Fungi,p:Basidiomycota,c:Agaricomycetes,o:Boletales,f:Melanogastraceae,g:Melanogaster"
ASV131,Fungi,1.00,,,,,,,,,,,,,+,Kingdom,Fungi,k:Fungi
ASV133,Fungi,1.00,Ascomycota,1.00,Pezizomycetes,1.00,Pezizales,1.00,,,,,,,+,Order,Pezizales,"k:Fungi,p:Ascomycota,c:Pezizomycetes,o:Pezizales"
ASV14,Fungi,1.00,Ascomycota,1.00,Sordariomycetes,1.00,Sordariales,1.00,Lasiosphaeriaceae,0.99,,,,,+,Family,Lasiosphaeriaceae,"k:Fungi,p:Ascomycota,c:Sordariomycetes,o:Sordariales,f:Lasiosphaeriaceae"
ASV141,Fungi,1.00,Ascomycota,0.99,Sordariomycetes,0.95,Hypocreales,0.94,,,,,,,+,Order,Hypocreales,"k:Fungi,p:Ascomycota,c:Sordariomycetes,o:Hypocreales"
ASV142,Fungi,1.00,,,,,,,,,,,,,+,Kingdom,Fungi,k:Fungi
ASV143,Fungi,1.00,Ascomycota,0.93,,,,,,,,,,,+,Phylum,Ascomycota,"k:Fungi,p:Ascomycota"
ASV144,Fungi,1.00,Ascomycota,1.00,Dothideomycetes,0.98,Capnodiales,0.98,Davidiellaceae,0.98,Cladosporium,0.98,,,+,Genus,Cladosporium,"k:Fungi,p:Ascomycota,c:Dothideomycetes,o:Capnodiales,f:Davidiellaceae,g:Cladosporium"
ASV145,Fungi,1.00,,,,,,,,,,,,,+,Kingdom,Fungi,k:Fungi
ASV148,Fungi,1.00,Ascomycota,1.00,Leotiomycetes,0.97,Thelebolales,0.97,Thelebolaceae,0.97,,,,,+,Family,Thelebolaceae,"k:Fungi,p:Ascomycota,c:Leotiomycetes,o:Thelebolales,f:Thelebolaceae"
ASV149,Fungi,1.00,Ascomycota,1.00,Sordariomycetes,1.00,Hypocreales,1.00,,,,,,,+,Order,Hypocreales,"k:Fungi,p:Ascomycota,c:Sordariomycetes,o:Hypocreales"
ASV150,Fungi,1.00,Ascomycota,1.00,,,,,,,,,,,+,Phylum,Ascomycota,"k:Fungi,p:Ascomycota"
ASV151,Fungi,1.00,Ascomycota,1.00,Sordariomycetes,0.99,Sordariales,0.98,,,,,,,+,Order,Sordariales,"k:Fungi,p:Ascomycota,c:Sordariomycetes,o:Sordariales"
ASV152,Fungi,1.00,Ascomycota,1.00,Sordariomycetes,1.00,Hypocreales,1.00,Nectriaceae,1.00,Fusarium,0.99,,,+,Genus,Fusarium,"k:Fungi,p:Ascomycota,c:Sordariomycetes,o:Hypocreales,f:Nectriaceae,g:Fusarium"
ASV154,Fungi,1.00,,,,,,,,,,,,,+,Kingdom,Fungi,k:Fungi
ASV146,Fungi,1.00,Basidiomycota,1.00,,,,,,,,,,,+,Phylum,Basidiomycota,"k:Fungi,p:Basidiomycota"
ASV147,Fungi,1.00,Basidiomycota,0.99,Agaricomycetes,0.99,Geastrales,0.81,,,,,,,+,Order,Geastrales,"k:Fungi,p:Basidiomycota,c:Agaricomycetes,o:Geastrales"
ASV156,Fungi,1.00,Basidiomycota,1.00,Microbotryomycetes,1.00,Leucosporidiales,1.00,,,,,,,+,Order,Leucosporidiales,"k:Fungi,p:Basidiomycota,c:Microbotryomycetes,o:Leucosporidiales"
ASV157,Fungi,1.00,Ascomycota,1.00,Sordariomycetes,1.00,Sordariales,0.99,Lasiosphaeriaceae,0.91,,,,,+,Family,Lasiosphaeriaceae,"k:Fungi,p:Ascomycota,c:Sordariomycetes,o:Sordariales,f:Lasiosphaeriaceae"
ASV159,Fungi,1.00,,,,,,,,,,,,,+,Kingdom,Fungi,k:Fungi
ASV16,Fungi,1.00,Ascomycota,1.00,Sordariomycetes,1.00,Microascales,1.00,Microascaceae,0.83,Doratomyces,0.81,,,+,Genus,Doratomyces,"k:Fungi,p:Ascomycota,c:Sordariomycetes,o:Microascales,f:Microascaceae,g:Doratomyces"
ASV162,Fungi,1.00,Ascomycota,1.00,Sordariomycetes,1.00,Lulworthiales,1.00,,,,,,,+,Order,Lulworthiales,"k:Fungi,p:Ascomycota,c:Sordariomycetes,o:Lulworthiales"
ASV164,Fungi,1.00,Ascomycota,1.00,,,,,,,,,,,+,Phylum,Ascomycota,"k:Fungi,p:Ascomycota"
ASV169,Fungi,1.00,Ascomycota,1.00,Sordariomycetes,1.00,Hypocreales,1.00,Bionectriaceae,0.99,Bionectria,0.99,Bionectria_sp.,0.99,+,Species,Bionectria_sp.,"k:Fungi,p:Ascomycota,c:Sordariomycetes,o:Hypocreales,f:Bionectriaceae,g:Bionectria,s:Bionectria_sp."
ASV17,Fungi,1.00,Ascomycota,1.00,Sordariomycetes,0.98,Sordariales,0.98,,,,,,,+,Order,Sordariales,"k:Fungi,p:Ascomycota,c:Sordariomycetes,o:Sordariales"
ASV170,Fungi,1.00,Ascomycota,1.00,Sordariomycetes,1.00,Hypocreales,0.97,Nectriaceae,0.96,Nectria,0.96,,,+,Genus,Nectria,"k:Fungi,p:Ascomycota,c:Sordariomycetes,o:Hypocreales,f:Nectriaceae,g:Nectria"
ASV172,Fungi,1.00,Ascomycota,1.00,Sordariomycetes,1.00,Hypocreales,1.00,Nectriaceae,1.00,Fusarium,1.00,Fusarium_oxysporum,0.88,+,Species,Fusarium_oxysporum,"k:Fungi,p:Ascomycota,c:Sordariomycetes,o:Hypocreales,f:Nectriaceae,g:Fusarium,s:Fusarium_oxysporum"
ASV173,Fungi,1.00,Ascomycota,0.98,Saccharomycetes,0.95,Saccharomycetales,0.95,Saccharomycetaceae,0.95,Pichia,0.92,Pichia_fermentans,0.91,+,Species,Pichia_fermentans,"k:Fungi,p:Ascomycota,c:Saccharomycetes,o:Saccharomycetales,f:Saccharomycetaceae,g:Pichia,s:Pichia_fermentans"
ASV174,Fungi,1.00,Ascomycota,0.99,,,,,,,,,,,+,Phylum,Ascomycota,"k:Fungi,p:Ascomycota"
ASV166,Fungi,1.00,Ascomycota,0.97,,,,,,,,,,,+,Phylum,Ascomycota,"k:Fungi,p:Ascomycota"
ASV177,Fungi,1.00,Ascomycota,1.00,Pezizomycetes,1.00,Pezizales,1.00,,,,,,,+,Order,Pezizales,"k:Fungi,p:Ascomycota,c:Pezizomycetes,o:Pezizales"
ASV168,Fungi,1.00,,,,,,,,,,,,,+,Kingdom,Fungi,k:Fungi
ASV178,Fungi,1.00,Ascomycota,1.00,Dothideomycetes,0.84,Pleosporales,0.84,,,,,,,+,Order,Pleosporales,"k:Fungi,p:Ascomycota,c:Dothideomycetes,o:Pleosporales"
ASV179,Fungi,1.00,Ascomycota,1.00,Pezizomycetes,1.00,Pezizales,1.00,,,,,,,+,Order,Pezizales,"k:Fungi,p:Ascomycota,c:Pezizomycetes,o:Pezizales"
ASV180,Fungi,1.00,,,,,,,,,,,,,+,Kingdom,Fungi,k:Fungi
ASV183,Fungi,1.00,,,,,,,,,,,,,+,Kingdom,Fungi,k:Fungi
ASV18,Fungi,1.00,Basidiomycota,1.00,Tremellomycetes,1.00,Trichosporonales,1.00,Trichosporonaceae,1.00,,,,,+,Family,Trichosporonaceae,"k:Fungi,p:Basidiomycota,c:Tremellomycetes,o:Trichosporonales,f:Trichosporonaceae"
ASV185,Fungi,1.00,Ascomycota,1.00,Dothideomycetes,0.95,Pleosporales,0.95,Phaeosphaeriaceae,0.95,Sclerostagonospora,0.95,Sclerostagonospora_sp.,0.95,+,Species,Sclerostagonospora_sp.,"k:Fungi,p:Ascomycota,c:Dothideomycetes,o:Pleosporales,f:Phaeosphaeriaceae,g:Sclerostagonospora,s:Sclerostagonospora_sp."
ASV187,Fungi,1.00,Basidiomycota,1.00,Agaricomycetes,1.00,Agaricales,1.00,Strophariaceae,1.00,Hypholoma,1.00,Hypholoma_sublateritium,1.00,+,Species,Hypholoma_sublateritium,"k:Fungi,p:Basidiomycota,c:Agaricomycetes,o:Agaricales,f:Strophariaceae,g:Hypholoma,s:Hypholoma_sublateritium"
ASV188,Fungi,1.00,Ascomycota,0.99,,,,,,,,,,,+,Phylum,Ascomycota,"k:Fungi,p:Ascomycota"
ASV189,Fungi,1.00,Ascomycota,0.92,,,,,,,,,,,+,Phylum,Ascomycota,"k:Fungi,p:Ascomycota"
ASV19,Fungi,1.00,Ascomycota,1.00,Sordariomycetes,1.00,Sordariales,0.99,Sordariaceae,0.86,Sordaria,0.86,Sordaria_araneosa,0.86,+,Species,Sordaria_araneosa,"k:Fungi,p:Ascomycota,c:Sordariomycetes,o:Sordariales,f:Sordariaceae,g:Sordaria,s:Sordaria_araneosa"
ASV191,Fungi,1.00,Ascomycota,1.00,Eurotiomycetes,0.99,Chaetothyriales,0.99,Chaetothyriaceae,0.99,Cyphellophora,0.99,Cyphellophora_sessilis,0.99,+,Species,Cyphellophora_sessilis,"k:Fungi,p:Ascomycota,c:Eurotiomycetes,o:Chaetothyriales,f:Chaetothyriaceae,g:Cyphellophora,s:Cyphellophora_sessilis"
ASV192,Fungi,1.00,Basidiomycota,1.00,Agaricomycetes,1.00,Boletales,1.00,Melanogastraceae,1.00,Melanogaster,1.00,,,+,Genus,Melanogaster,"k:Fungi,p:Basidiomycota,c:Agaricomycetes,o:Boletales,f:Melanogastraceae,g:Melanogaster"
ASV184,Fungi,1.00,Ascomycota,1.00,Sordariomycetes,1.00,Diaporthales,1.00,Valsaceae,1.00,Cytospora,0.97,Cytospora_predappioensis,0.94,+,Species,Cytospora_predappioensis,"k:Fungi,p:Ascomycota,c:Sordariomycetes,o:Diaporthales,f:Valsaceae,g:Cytospora,s:Cytospora_predappioensis"
ASV186,Fungi,1.00,Ascomycota,1.00,Dothideomycetes,0.99,,,,,,,,,+,Class,Dothideomycetes,"k:Fungi,p:Ascomycota,c:Dothideomycetes"
ASV193,Fungi,1.00,Basidiomycota,1.00,Agaricomycetes,1.00,Agaricales,1.00,Strophariaceae,1.00,Hypholoma,1.00,Hypholoma_capnoides,1.00,+,Species,Hypholoma_capnoides,"k:Fungi,p:Basidiomycota,c:Agaricomycetes,o:Agaricales,f:Strophariaceae,g:Hypholoma,s:Hypholoma_capnoides"
ASV194,Fungi,1.00,Ascomycota,1.00,Sordariomycetes,1.00,Hypocreales,1.00,Nectriaceae,1.00,,,,,+,Family,Nectriaceae,"k:Fungi,p:Ascomycota,c:Sordariomycetes,o:Hypocreales,f:Nectriaceae"
ASV197,Fungi,1.00,Ascomycota,1.00,Sordariomycetes,1.00,Hypocreales,1.00,Nectriaceae,1.00,Fusarium,1.00,,,+,Genus,Fusarium,"k:Fungi,p:Ascomycota,c:Sordariomycetes,o:Hypocreales,f:Nectriaceae,g:Fusarium"
ASV198,Fungi,1.00,Basidiomycota,0.98,Tremellomycetes,0.96,Tremellales,0.94,,,,,,,+,Order,Tremellales,"k:Fungi,p:Basidiomycota,c:Tremellomycetes,o:Tremellales"
ASV199,Fungi,1.00,Ascomycota,1.00,Sordariomycetes,1.00,Xylariales,0.97,Xylariaceae,0.97,Nemania,0.97,Nemania_maritima,0.97,+,Species,Nemania_maritima,"k:Fungi,p:Ascomycota,c:Sordariomycetes,o:Xylariales,f:Xylariaceae,g:Nemania,s:Nemania_maritima"
ASV2,Fungi,1.00,Ascomycota,1.00,Leotiomycetes,0.93,Thelebolales,0.93,Thelebolaceae,0.93,,,,,+,Family,Thelebolaceae,"k:Fungi,p:Ascomycota,c:Leotiomycetes,o:Thelebolales,f:Thelebolaceae"
ASV202,Fungi,1.00,Ascomycota,1.00,Eurotiomycetes,1.00,Eurotiales,1.00,Trichocomaceae,1.00,Penicillium,1.00,,,+,Genus,Penicillium,"k:Fungi,p:Ascomycota,c:Eurotiomycetes,o:Eurotiales,f:Trichocomaceae,g:Penicillium"
ASV204,Fungi,1.00,Ascomycota,1.00,Sordariomycetes,1.00,Xylariales,1.00,Xylariaceae,1.00,Xylaria,1.00,Xylaria_longipes,0.98,+,Species,Xylaria_longipes,"k:Fungi,p:Ascomycota,c:Sordariomycetes,o:Xylariales,f:Xylariaceae,g:Xylaria,s:Xylaria_longipes"
ASV206,Fungi,1.00,,,,,,,,,,,,,+,Kingdom,Fungi,k:Fungi
ASV208,Fungi,1.00,Basidiomycota,0.99,Tremellomycetes,0.99,Tremellales,0.92,Tremellaceae,0.83,,,,,+,Family,Tremellaceae,"k:Fungi,p:Basidiomycota,c:Tremellomycetes,o:Tremellales,f:Tremellaceae"
ASV21,Fungi,1.00,Ascomycota,1.00,Leotiomycetes,0.95,Thelebolales,0.95,Thelebolaceae,0.95,,,,,+,Family,Thelebolaceae,"k:Fungi,p:Ascomycota,c:Leotiomycetes,o:Thelebolales,f:Thelebolaceae"
ASV210,Fungi,1.00,Ascomycota,1.00,,,,,,,,,,,+,Phylum,Ascomycota,"k:Fungi,p:Ascomycota"
ASV212,Fungi,1.00,Basidiomycota,1.00,Tremellomycetes,1.00,Trichosporonales,1.00,Trichosporonaceae,1.00,,,,,+,Family,Trichosporonaceae,"k:Fungi,p:Basidiomycota,c:Tremellomycetes,o:Trichosporonales,f:Trichosporonaceae"
ASV200,Fungi,1.00,Ascomycota,1.00,Sordariomycetes,1.00,Hypocreales,0.99,,,,,,,+,Order,Hypocreales,"k:Fungi,p:Ascomycota,c:Sordariomycetes,o:Hypocreales"
ASV213,Fungi,1.00,Ascomycota,1.00,Dothideomycetes,0.99,Pleosporales,0.99,,,,,,,+,Order,Pleosporales,"k:Fungi,p:Ascomycota,c:Dothideomycetes,o:Pleosporales"
ASV214,Fungi,1.00,Ascomycota,1.00,Sordariomycetes,1.00,Hypocreales,1.00,,,,,,,+,Order,Hypocreales,"k:Fungi,p:Ascomycota,c:Sordariomycetes,o:Hypocreales"
ASV215,Fungi,1.00,Ascomycota,1.00,Dothideomycetes,1.00,Pleosporales,0.87,,,,,,,+,Order,Pleosporales,"k:Fungi,p:Ascomycota,c:Dothideomycetes,o:Pleosporales"
ASV216,Fungi,1.00,Basidiomycota,1.00,Agaricomycetes,1.00,Agaricales,1.00,Psathyrellaceae,1.00,Coprinopsis,1.00,Coprinopsis_semitalis,1.00,+,Species,Coprinopsis_semitalis,"k:Fungi,p:Basidiomycota,c:Agaricomycetes,o:Agaricales,f:Psathyrellaceae,g:Coprinopsis,s:Coprinopsis_semitalis"
ASV201,Fungi,1.00,Ascomycota,1.00,,,,,,,,,,,+,Phylum,Ascomycota,"k:Fungi,p:Ascomycota"
ASV217,Fungi,1.00,,,,,,,,,,,,,+,Kingdom,Fungi,k:Fungi
ASV218,Fungi,1.00,Ascomycota,1.00,Dothideomycetes,0.91,,,,,,,,,+,Class,Dothideomycetes,"k:Fungi,p:Ascomycota,c:Dothideomycetes"
ASV22,Fungi,1.00,Ascomycota,1.00,Pezizomycetes,1.00,Pezizales,1.00,Ascobolaceae,1.00,Ascobolus,1.00,Ascobolus_sp._CA01,0.99,+,Species,Ascobolus_sp._CA01,"k:Fungi,p:Ascomycota,c:Pezizomycetes,o:Pezizales,f:Ascobolaceae,g:Ascobolus,s:Ascobolus_sp._CA01"
ASV221,Fungi,1.00,Basidiomycota,0.98,Tremellomycetes,0.80,,,,,,,,,+,Class,Tremellomycetes,"k:Fungi,p:Basidiomycota,c:Tremellomycetes"
ASV223,Fungi,1.00,Ascomycota,1.00,Pezizomycetes,1.00,Pezizales,1.00,Pyronemataceae,1.00,Cheilymenia,1.00,Cheilymenia_stercorea,1.00,+,Species,Cheilymenia_stercorea,"k:Fungi,p:Ascomycota,c:Pezizomycetes,o:Pezizales,f:Pyronemataceae,g:Cheilymenia,s:Cheilymenia_stercorea"
ASV228,Fungi,1.00,Ascomycota,1.00,Dothideomycetes,0.95,Pleosporales,0.95,Leptosphaeriaceae,0.95,,,,,+,Family,Leptosphaeriaceae,"k:Fungi,p:Ascomycota,c:Dothideomycetes,o:Pleosporales,f:Leptosphaeriaceae"
ASV231,Fungi,1.00,Ascomycota,1.00,Leotiomycetes,0.88,,,,,,,,,+,Class,Leotiomycetes,"k:Fungi,p:Ascomycota,c:Leotiomycetes"
ASV232,Fungi,1.00,Ascomycota,1.00,Eurotiomycetes,1.00,Chaetothyriales,1.00,,,,,,,+,Order,Chaetothyriales,"k:Fungi,p:Ascomycota,c:Eurotiomycetes,o:Chaetothyriales"
ASV233,Fungi,1.00,Ascomycota,1.00,Leotiomycetes,1.00,Helotiales,1.00,,,Pilidium,1.00,Pilidium_concavum,1.00,+,Species,Pilidium_concavum,"k:Fungi,p:Ascomycota,c:Leotiomycetes,o:Helotiales,g:Pilidium,s:Pilidium_concavum"
ASV234,Fungi,1.00,Ascomycota,1.00,Dothideomycetes,0.95,,,,,,,,,+,Class,Dothideomycetes,"k:Fungi,p:Ascomycota,c:Dothideomycetes"
ASV219,Fungi,1.00,Ascomycota,0.96,Sordariomycetes,0.93,Hypocreales,0.93,,,,,,,+,Order,Hypocreales,"k:Fungi,p:Ascomycota,c:Sordariomycetes,o:Hypocreales"
ASV235,Fungi,1.00,Ascomycota,1.00,Dothideomycetes,1.00,Pleosporales,1.00,Phaeosphaeriaceae,1.00,,,,,+,Family,Phaeosphaeriaceae,"k:Fungi,p:Ascomycota,c:Dothideomycetes,o:Pleosporales,f:Phaeosphaeriaceae"
ASV236,Fungi,1.00,Ascomycota,0.96,Saccharomycetes,0.94,Saccharomycetales,0.94,Dipodascaceae,0.93,Galactomyces,0.92,,,+,Genus,Galactomyces,"k:Fungi,p:Ascomycota,c:Saccharomycetes,o:Saccharomycetales,f:Dipodascaceae,g:Galactomyces"
ASV238,Fungi,1.00,Ascomycota,1.00,Sordariomycetes,1.00,Microascales,0.97,Microascaceae,0.97,,,,,+,Family,Microascaceae,"k:Fungi,p:Ascomycota,c:Sordariomycetes,o:Microascales,f:Microascaceae"
ASV23,Fungi,1.00,Ascomycota,1.00,Dothideomycetes,1.00,Pleosporales,1.00,,,Peyronellaea,0.95,,,+,Genus,Peyronellaea,"k:Fungi,p:Ascomycota,c:Dothideomycetes,o:Pleosporales,g:Peyronellaea"
ASV239,Fungi,1.00,Basidiomycota,1.00,Tremellomycetes,1.00,,,,,,,,,+,Class,Tremellomycetes,"k:Fungi,p:Basidiomycota,c:Tremellomycetes"
ASV24,Fungi,1.00,Ascomycota,0.99,,,,,,,,,,,+,Phylum,Ascomycota,"k:Fungi,p:Ascomycota"
ASV241,Fungi,1.00,,,,,,,,,,,,,+,Kingdom,Fungi,k:Fungi
ASV244,Fungi,1.00,Ascomycota,0.99,Dothideomycetes,0.97,Pleosporales,0.97,Phaeosphaeriaceae,0.97,Sclerostagonospora,0.97,Sclerostagonospora_sp.,0.97,+,Species,Sclerostagonospora_sp.,"k:Fungi,p:Ascomycota,c:Dothideomycetes,o:Pleosporales,f:Phaeosphaeriaceae,g:Sclerostagonospora,s:Sclerostagonospora_sp."
ASV245,Fungi,1.00,Basidiomycota,1.00,Agaricomycetes,1.00,Agaricales,1.00,Psathyrellaceae,0.98,Coprinellus,0.98,Coprinellus_micaceus,0.94,+,Species,Coprinellus_micaceus,"k:Fungi,p:Basidiomycota,c:Agaricomycetes,o:Agaricales,f:Psathyrellaceae,g:Coprinellus,s:Coprinellus_micaceus"
ASV248,Fungi,1.00,Ascomycota,1.00,Dothideomycetes,1.00,Pleosporales,1.00,Pleosporales_incertae_sedis,0.96,Coniothyrium,0.96,Coniothyrium_fuckelii,0.96,+,Species,Coniothyrium_fuckelii,"k:Fungi,p:Ascomycota,c:Dothideomycetes,o:Pleosporales,f:Pleosporales_incertae_sedis,g:Coniothyrium,s:Coniothyrium_fuckelii"
ASV250,Fungi,1.00,Basidiomycota,1.00,Cystobasidiomycetes,0.99,Cystobasidiales,0.99,Cystobasidiaceae,0.99,Cystobasidium,0.99,Cystobasidium_slooffiae,0.99,+,Species,Cystobasidium_slooffiae,"k:Fungi,p:Basidiomycota,c:Cystobasidiomycetes,o:Cystobasidiales,f:Cystobasidiaceae,g:Cystobasidium,s:Cystobasidium_slooffiae"
ASV253,Fungi,1.00,Ascomycota,1.00,Dothideomycetes,1.00,Pleosporales,1.00,,,Peyronellaea,0.89,Peyronellaea_glomerata,0.83,+,Species,Peyronellaea_glomerata,"k:Fungi,p:Ascomycota,c:Dothideomycetes,o:Pleosporales,g:Peyronellaea,s:Peyronellaea_glomerata"
ASV252,Fungi,1.00,Ascomycota,1.00,Ascomycota_class_incertae_sedis,0.98,Ascomycota_order_incertae_sedis,0.98,Ascomycota_family_incertae_sedis,0.98,Trichocladium,0.92,Trichocladium_asperum,0.92,+,Species,Trichocladium_asperum,"k:Fungi,p:Ascomycota,c:Ascomycota_class_incertae_sedis,o:Ascomycota_order_incertae_sedis,f:Ascomycota_family_incertae_sedis,g:Trichocladium,s:Trichocladium_asperum"
ASV255,Fungi,1.00,Ascomycota,1.00,Ascomycota_class_incertae_sedis,1.00,Ascomycota_order_incertae_sedis,1.00,Ascomycota_family_incertae_sedis,1.00,Preussia,1.00,,,+,Genus,Preussia,"k:Fungi,p:Ascomycota,c:Ascomycota_class_incertae_sedis,o:Ascomycota_order_incertae_sedis,f:Ascomycota_family_incertae_sedis,g:Preussia"
ASV257,Fungi,1.00,Ascomycota,1.00,Sordariomycetes,1.00,Diaporthales,1.00,Valsaceae,1.00,Valsa,0.98,,,+,Genus,Valsa,"k:Fungi,p:Ascomycota,c:Sordariomycetes,o:Diaporthales,f:Valsaceae,g:Valsa"
ASV259,Fungi,1.00,,,,,,,,,,,,,+,Kingdom,Fungi,k:Fungi
ASV243,Fungi,1.00,Basidiomycota,1.00,Agaricomycetes,1.00,Agaricales,1.00,Psathyrellaceae,0.94,Coprinellus,0.93,,,+,Genus,Coprinellus,"k:Fungi,p:Basidiomycota,c:Agaricomycetes,o:Agaricales,f:Psathyrellaceae,g:Coprinellus"
ASV25,Fungi,1.00,Ascomycota,1.00,Pezizomycetes,1.00,Pezizales,1.00,,,Trichobolus,0.99,Trichobolus_sp._zukalii-CA01,0.99,+,Species,Trichobolus_sp._zukalii-CA01,"k:Fungi,p:Ascomycota,c:Pezizomycetes,o:Pezizales,g:Trichobolus,s:Trichobolus_sp._zukalii-CA01"
ASV263,Fungi,1.00,Ascomycota,1.00,,,,,,,,,,,+,Phylum,Ascomycota,"k:Fungi,p:Ascomycota"
ASV264,Fungi,1.00,Basidiomycota,1.00,Agaricomycetes,1.00,Polyporales,1.00,Polyporaceae,0.83,Trametes,0.83,Trametes_versicolor,0.83,+,Species,Trametes_versicolor,"k:Fungi,p:Basidiomycota,c:Agaricomycetes,o:Polyporales,f:Polyporaceae,g:Trametes,s:Trametes_versicolor"
ASV265,Fungi,1.00,Basidiomycota,1.00,Agaricomycetes,1.00,Agaricales,1.00,Physalacriaceae,0.99,Armillaria,0.99,,,+,Genus,Armillaria,"k:Fungi,p:Basidiomycota,c:Agaricomycetes,o:Agaricales,f:Physalacriaceae,g:Armillaria"
ASV267,Fungi,1.00,Ascomycota,0.82,,,,,,,,,,,+,Phylum,Ascomycota,"k:Fungi,p:Ascomycota"
ASV269,Fungi,1.00,Ascomycota,1.00,Taphrinomycetes,1.00,Taphrinales,1.00,Taphrinaceae,1.00,Lalaria,0.98,,,+,Genus,Lalaria,"k:Fungi,p:Ascomycota,c:Taphrinomycetes,o:Taphrinales,f:Taphrinaceae,g:Lalaria"
ASV27,Fungi,1.00,Basidiomycota,1.00,Agaricomycetes,1.00,Phallales,1.00,Phallaceae,1.00,Phallus,1.00,Phallus_impudicus,1.00,+,Species,Phallus_impudicus,"k:Fungi,p:Basidiomycota,c:Agaricomycetes,o:Phallales,f:Phallaceae,g:Phallus,s:Phallus_impudicus"
ASV273,Fungi,1.00,,,,,,,,,,,,,+,Kingdom,Fungi,k:Fungi
ASV276,Fungi,1.00,,,,,,,,,,,,,+,Kingdom,Fungi,k:Fungi
ASV274,Fungi,1.00,Ascomycota,1.00,Leotiomycetes,0.99,Thelebolales,0.99,Thelebolaceae,0.99,,,,,+,Family,Thelebolaceae,"k:Fungi,p:Ascomycota,c:Leotiomycetes,o:Thelebolales,f:Thelebolaceae"
ASV277,Fungi,1.00,Ascomycota,0.89,Saccharomycetes,0.83,Saccharomycetales,0.83,,,,,,,+,Order,Saccharomycetales,"k:Fungi,p:Ascomycota,c:Saccharomycetes,o:Saccharomycetales"
ASV278,Fungi,1.00,Ascomycota,1.00,Sordariomycetes,1.00,Hypocreales,1.00,Flammocladiellaceae,0.89,Flammocladiella,0.89,Flammocladiella_decora,0.89,+,Species,Flammocladiella_decora,"k:Fungi,p:Ascomycota,c:Sordariomycetes,o:Hypocreales,f:Flammocladiellaceae,g:Flammocladiella,s:Flammocladiella_decora"
ASV279,Fungi,1.00,,,,,,,,,,,,,+,Kingdom,Fungi,k:Fungi
ASV271,Fungi,1.00,Ascomycota,1.00,Sordariomycetes,1.00,Chaetosphaeriales,1.00,Chaetosphaeriaceae,1.00,Chaetosphaeria,1.00,Chaetosphaeria_ovoidea,0.99,+,Species,Chaetosphaeria_ovoidea,"k:Fungi,p:Ascomycota,c:Sordariomycetes,o:Chaetosphaeriales,f:Chaetosphaeriaceae,g:Chaetosphaeria,s:Chaetosphaeria_ovoidea"
ASV28,Fungi,1.00,Basidiomycota,0.96,Agaricomycetes,0.96,Agaricales,0.95,Bolbitiaceae,0.85,Conocybe,0.83,,,+,Genus,Conocybe,"k:Fungi,p:Basidiomycota,c:Agaricomycetes,o:Agaricales,f:Bolbitiaceae,g:Conocybe"
ASV272,Fungi,1.00,Basidiomycota,0.95,Tremellomycetes,0.95,Tremellales,0.92,,,,,,,+,Order,Tremellales,"k:Fungi,p:Basidiomycota,c:Tremellomycetes,o:Tremellales"
ASV280,Fungi,1.00,Basidiomycota,1.00,Agaricomycetes,1.00,Corticiales,1.00,Corticiaceae,0.99,Vuilleminia,0.99,Vuilleminia_comedens,0.99,+,Species,Vuilleminia_comedens,"k:Fungi,p:Basidiomycota,c:Agaricomycetes,o:Corticiales,f:Corticiaceae,g:Vuilleminia,s:Vuilleminia_comedens"
ASV282,Fungi,1.00,Ascomycota,1.00,Sordariomycetes,1.00,Sordariales,1.00,Lasiosphaeriaceae,1.00,Podospora,1.00,Podospora_pyriformis,1.00,+,Species,Podospora_pyriformis,"k:Fungi,p:Ascomycota,c:Sordariomycetes,o:Sordariales,f:Lasiosphaeriaceae,g:Podospora,s:Podospora_pyriformis"
ASV284,Fungi,1.00,,,,,,,,,,,,,+,Kingdom,Fungi,k:Fungi
ASV285,Fungi,1.00,Ascomycota,1.00,Sordariomycetes,0.99,Coniochaetales,0.90,Coniochaetaceae,0.90,,,,,+,Family,Coniochaetaceae,"k:Fungi,p:Ascomycota,c:Sordariomycetes,o:Coniochaetales,f:Coniochaetaceae"
ASV288,Fungi,1.00,Ascomycota,0.99,Leotiomycetes,0.99,Helotiales,0.99,Hyaloscyphaceae,0.99,Lachnellula,0.99,,,+,Genus,Lachnellula,"k:Fungi,p:Ascomycota,c:Leotiomycetes,o:Helotiales,f:Hyaloscyphaceae,g:Lachnellula"
ASV292,Fungi,1.00,Ascomycota,1.00,Eurotiomycetes,1.00,Chaetothyriales,1.00,,,,,,,+,Order,Chaetothyriales,"k:Fungi,p:Ascomycota,c:Eurotiomycetes,o:Chaetothyriales"
ASV29,Fungi,1.00,Ascomycota,1.00,Pezizomycetes,1.00,Pezizales,1.00,Ascobolaceae,1.00,Ascobolus,1.00,Ascobolus_sp._CA01,1.00,+,Species,Ascobolus_sp._CA01,"k:Fungi,p:Ascomycota,c:Pezizomycetes,o:Pezizales,f:Ascobolaceae,g:Ascobolus,s:Ascobolus_sp._CA01"
ASV297,Fungi,1.00,Ascomycota,1.00,Sordariomycetes,1.00,Xylariales,1.00,Xylariaceae,1.00,,,,,+,Family,Xylariaceae,"k:Fungi,p:Ascomycota,c:Sordariomycetes,o:Xylariales,f:Xylariaceae"
ASV293,Fungi,1.00,Ascomycota,1.00,Dothideomycetes,0.99,Pleosporales,0.99,,,,,,,+,Order,Pleosporales,"k:Fungi,p:Ascomycota,c:Dothideomycetes,o:Pleosporales"
ASV296,Fungi,1.00,Ascomycota,0.98,,,,,,,,,,,+,Phylum,Ascomycota,"k:Fungi,p:Ascomycota"
ASV295,Fungi,1.00,Basidiomycota,1.00,,,,,,,,,,,+,Phylum,Basidiomycota,"k:Fungi,p:Basidiomycota"
ASV289,Fungi,1.00,Basidiomycota,1.00,Microbotryomycetes,1.00,Sporidiobolales,1.00,Sporidiobolaceae,1.00,Rhodotorula,1.00,,,+,Genus,Rhodotorula,"k:Fungi,p:Basidiomycota,c:Microbotryomycetes,o:Sporidiobolales,f:Sporidiobolaceae,g:Rhodotorula"
ASV3,Fungi,1.00,Ascomycota,1.00,,,,,,,,,,,+,Phylum,Ascomycota,"k:Fungi,p:Ascomycota"
ASV30,Fungi,1.00,Ascomycota,1.00,Pezizomycetes,1.00,Pezizales,1.00,,,Trichobolus,1.00,Trichobolus_sp._zukalii-CA01,1.00,+,Species,Trichobolus_sp._zukalii-CA01,"k:Fungi,p:Ascomycota,c:Pezizomycetes,o:Pezizales,g:Trichobolus,s:Trichobolus_sp._zukalii-CA01"
ASV302,Fungi,1.00,,,,,,,,,,,,,+,Kingdom,Fungi,k:Fungi
ASV300,Fungi,1.00,Ascomycota,1.00,Dothideomycetes,0.80,Pleosporales,0.80,,,,,,,+,Order,Pleosporales,"k:Fungi,p:Ascomycota,c:Dothideomycetes,o:Pleosporales"
ASV290,Fungi,1.00,Ascomycota,1.00,Dothideomycetes,1.00,Mycosphaerellales,0.91,Mycosphaerellaceae,0.91,Ramularia,0.91,Ramularia_vizellae,0.90,+,Species,Ramularia_vizellae,"k:Fungi,p:Ascomycota,c:Dothideomycetes,o:Mycosphaerellales,f:Mycosphaerellaceae,g:Ramularia,s:Ramularia_vizellae"
ASV301,Fungi,1.00,Basidiomycota,1.00,Pucciniomycetes,0.83,Pucciniales,0.83,Uropyxidaceae,0.83,Ochropsora,0.83,Ochropsora_ariae,0.83,+,Species,Ochropsora_ariae,"k:Fungi,p:Basidiomycota,c:Pucciniomycetes,o:Pucciniales,f:Uropyxidaceae,g:Ochropsora,s:Ochropsora_ariae"
ASV303,Fungi,1.00,Basidiomycota,1.00,Tremellomycetes,1.00,Tremellales,1.00,Tremellaceae,1.00,Papiliotrema,0.97,Papiliotrema_flavescens,0.97,+,Species,Papiliotrema_flavescens,"k:Fungi,p:Basidiomycota,c:Tremellomycetes,o:Tremellales,f:Tremellaceae,g:Papiliotrema,s:Papiliotrema_flavescens"
ASV306,Fungi,1.00,Ascomycota,1.00,Sordariomycetes,1.00,Hypocreales,1.00,Hypocreaceae,1.00,Trichoderma,1.00,Trichoderma_sp._GD25b,0.87,+,Species,Trichoderma_sp._GD25b,"k:Fungi,p:Ascomycota,c:Sordariomycetes,o:Hypocreales,f:Hypocreaceae,g:Trichoderma,s:Trichoderma_sp._GD25b"
ASV307,Fungi,1.00,Ascomycota,1.00,Sordariomycetes,1.00,Xylariales,1.00,Xylariaceae,1.00,Lopadostoma,1.00,,,+,Genus,Lopadostoma,"k:Fungi,p:Ascomycota,c:Sordariomycetes,o:Xylariales,f:Xylariaceae,g:Lopadostoma"
ASV31,Fungi,1.00,Basidiomycota,1.00,Agaricomycetes,1.00,Agaricales,1.00,Psathyrellaceae,1.00,Coprinopsis,1.00,Coprinopsis_semitalis,1.00,+,Species,Coprinopsis_semitalis,"k:Fungi,p:Basidiomycota,c:Agaricomycetes,o:Agaricales,f:Psathyrellaceae,g:Coprinopsis,s:Coprinopsis_semitalis"
ASV308,Fungi,1.00,Basidiomycota,1.00,Agaricomycetes,1.00,Agaricales,1.00,Strophariaceae,1.00,Hypholoma,1.00,,,+,Genus,Hypholoma,"k:Fungi,p:Basidiomycota,c:Agaricomycetes,o:Agaricales,f:Strophariaceae,g:Hypholoma"
ASV311,Fungi,1.00,Ascomycota,1.00,Dothideomycetes,1.00,Pleosporales,1.00,Pleosporaceae,1.00,Pyrenochaeta,0.99,Pyrenochaeta_cava,0.99,+,Species,Pyrenochaeta_cava,"k:Fungi,p:Ascomycota,c:Dothideomycetes,o:Pleosporales,f:Pleosporaceae,g:Pyrenochaeta,s:Pyrenochaeta_cava"
ASV312,Fungi,1.00,Ascomycota,1.00,Sordariomycetes,0.97,Hypocreales,0.96,,,,,,,+,Order,Hypocreales,"k:Fungi,p:Ascomycota,c:Sordariomycetes,o:Hypocreales"
ASV313,Fungi,1.00,Basidiomycota,0.99,Tremellomycetes,0.99,Tremellales,0.99,Tremellaceae,0.99,Bulleribasidium,0.99,Bulleribasidium_oberjochense,0.99,+,Species,Bulleribasidium_oberjochense,"k:Fungi,p:Basidiomycota,c:Tremellomycetes,o:Tremellales,f:Tremellaceae,g:Bulleribasidium,s:Bulleribasidium_oberjochense"
ASV314,Fungi,1.00,Ascomycota,1.00,Sordariomycetes,1.00,Xylariales,1.00,Diatrypaceae,1.00,,,,,+,Family,Diatrypaceae,"k:Fungi,p:Ascomycota,c:Sordariomycetes,o:Xylariales,f:Diatrypaceae"
ASV316,Fungi,1.00,,,,,,,,,,,,,+,Kingdom,Fungi,k:Fungi
ASV304,Fungi,1.00,Ascomycota,1.00,Sordariomycetes,0.84,,,,,,,,,+,Class,Sordariomycetes,"k:Fungi,p:Ascomycota,c:Sordariomycetes"
ASV317,Fungi,1.00,Ascomycota,1.00,Dothideomycetes,1.00,Pleosporales,1.00,,,,,,,+,Order,Pleosporales,"k:Fungi,p:Ascomycota,c:Dothideomycetes,o:Pleosporales"
ASV319,Fungi,1.00,Ascomycota,0.85,,,,,,,,,,,+,Phylum,Ascomycota,"k:Fungi,p:Ascomycota"
ASV310,Fungi,1.00,,,,,,,,,,,,,+,Kingdom,Fungi,k:Fungi
ASV32,Fungi,1.00,Ascomycota,1.00,Leotiomycetes,1.00,Helotiales,1.00,,,Pilidium,1.00,Pilidium_concavum,1.00,+,Species,Pilidium_concavum,"k:Fungi,p:Ascomycota,c:Leotiomycetes,o:Helotiales,g:Pilidium,s:Pilidium_concavum"
ASV322,Fungi,1.00,Ascomycota,1.00,Dothideomycetes,1.00,Pleosporales,1.00,Pleosporales_incertae_sedis,0.97,Paraconiothyrium,0.91,Paraconiothyrium_sporulosum,0.91,+,Species,Paraconiothyrium_sporulosum,"k:Fungi,p:Ascomycota,c:Dothideomycetes,o:Pleosporales,f:Pleosporales_incertae_sedis,g:Paraconiothyrium,s:Paraconiothyrium_sporulosum"
ASV324,Fungi,1.00,Basidiomycota,1.00,Tremellomycetes,1.00,Cystofilobasidiales,1.00,,,Mrakia,1.00,Mrakia_aquatica,1.00,+,Species,Mrakia_aquatica,"k:Fungi,p:Basidiomycota,c:Tremellomycetes,o:Cystofilobasidiales,g:Mrakia,s:Mrakia_aquatica"
ASV325,Fungi,1.00,Basidiomycota,1.00,Agaricomycetes,1.00,Boletales,1.00,Boletaceae,1.00,Leccinellum,0.98,,,+,Genus,Leccinellum,"k:Fungi,p:Basidiomycota,c:Agaricomycetes,o:Boletales,f:Boletaceae,g:Leccinellum"
ASV327,Fungi,1.00,,,,,,,,,,,,,+,Kingdom,Fungi,k:Fungi
ASV328,Fungi,1.00,Ascomycota,1.00,Sordariomycetes,1.00,Trichosphaeriales,1.00,,,,,,,+,Order,Trichosphaeriales,"k:Fungi,p:Ascomycota,c:Sordariomycetes,o:Trichosphaeriales"
ASV33,Fungi,1.00,Ascomycota,1.00,Pezizomycetes,1.00,Pezizales,1.00,,,Trichobolus,1.00,Trichobolus_zukalii,1.00,+,Species,Trichobolus_zukalii,"k:Fungi,p:Ascomycota,c:Pezizomycetes,o:Pezizales,g:Trichobolus,s:Trichobolus_zukalii"
ASV330,Fungi,1.00,Ascomycota,1.00,Eurotiomycetes,1.00,Onygenales,1.00,,,,,,,+,Order,Onygenales,"k:Fungi,p:Ascomycota,c:Eurotiomycetes,o:Onygenales"
ASV331,Fungi,1.00,Ascomycota,1.00,Ascomycota_class_incertae_sedis,0.99,Ascomycota_order_incertae_sedis,0.99,Ascomycota_family_incertae_sedis,0.99,Preussia,0.99,,,+,Genus,Preussia,"k:Fungi,p:Ascomycota,c:Ascomycota_class_incertae_sedis,o:Ascomycota_order_incertae_sedis,f:Ascomycota_family_incertae_sedis,g:Preussia"
ASV334,Fungi,1.00,Ascomycota,1.00,Eurotiomycetes,0.99,Chaetothyriales,0.99,,,,,,,+,Order,Chaetothyriales,"k:Fungi,p:Ascomycota,c:Eurotiomycetes,o:Chaetothyriales"
ASV335,Fungi,1.00,Ascomycota,1.00,Sordariomycetes,1.00,Sordariales,1.00,Lasiosphaeriaceae,0.95,,,,,+,Family,Lasiosphaeriaceae,"k:Fungi,p:Ascomycota,c:Sordariomycetes,o:Sordariales,f:Lasiosphaeriaceae"
ASV336,Fungi,1.00,Basidiomycota,1.00,Tremellomycetes,1.00,Trichosporonales,1.00,Trichosporonaceae,1.00,,,,,+,Family,Trichosporonaceae,"k:Fungi,p:Basidiomycota,c:Tremellomycetes,o:Trichosporonales,f:Trichosporonaceae"
ASV337,Fungi,1.00,Ascomycota,0.99,,,,,,,,,,,+,Phylum,Ascomycota,"k:Fungi,p:Ascomycota"
ASV326,Fungi,1.00,Ascomycota,1.00,Sordariomycetes,1.00,Hypocreales,1.00,Cordycipitaceae,1.00,Beauveria,1.00,Beauveria_bassiana,1.00,+,Species,Beauveria_bassiana,"k:Fungi,p:Ascomycota,c:Sordariomycetes,o:Hypocreales,f:Cordycipitaceae,g:Beauveria,s:Beauveria_bassiana"
ASV329,Fungi,1.00,Ascomycota,0.98,Dothideomycetes,0.91,Mycosphaerellales,0.88,,,,,,,+,Order,Mycosphaerellales,"k:Fungi,p:Ascomycota,c:Dothideomycetes,o:Mycosphaerellales"
ASV340,Fungi,1.00,Basidiomycota,1.00,Microbotryomycetes,0.95,Sporidiobolales,0.95,Sporidiobolaceae,0.95,Rhodotorula,0.95,Rhodotorula_sp.,0.93,+,Species,Rhodotorula_sp.,"k:Fungi,p:Basidiomycota,c:Microbotryomycetes,o:Sporidiobolales,f:Sporidiobolaceae,g:Rhodotorula,s:Rhodotorula_sp."
ASV339,Fungi,1.00,Ascomycota,0.99,Sordariomycetes,0.98,Sordariales,0.95,Lasiosphaeriaceae,0.93,Podospora,0.88,,,+,Genus,Podospora,"k:Fungi,p:Ascomycota,c:Sordariomycetes,o:Sordariales,f:Lasiosphaeriaceae,g:Podospora"
ASV341,Fungi,1.00,Ascomycota,1.00,Sordariomycetes,0.99,,,,,,,,,+,Class,Sordariomycetes,"k:Fungi,p:Ascomycota,c:Sordariomycetes"
ASV342,Fungi,1.00,Ascomycota,1.00,Dothideomycetes,1.00,Pleosporales,1.00,,,,,,,+,Order,Pleosporales,"k:Fungi,p:Ascomycota,c:Dothideomycetes,o:Pleosporales"
ASV345,Fungi,1.00,Ascomycota,1.00,Dothideomycetes,0.84,Pleosporales,0.84,,,,,,,+,Order,Pleosporales,"k:Fungi,p:Ascomycota,c:Dothideomycetes,o:Pleosporales"
ASV346,Fungi,1.00,,,,,,,,,,,,,+,Kingdom,Fungi,k:Fungi
ASV349,Fungi,1.00,Ascomycota,1.00,Leotiomycetes,1.00,Helotiales,1.00,,,Pilidium,1.00,,,+,Genus,Pilidium,"k:Fungi,p:Ascomycota,c:Leotiomycetes,o:Helotiales,g:Pilidium"
ASV351,Fungi,1.00,Ascomycota,1.00,,,,,,,,,,,+,Phylum,Ascomycota,"k:Fungi,p:Ascomycota"
ASV35,Fungi,1.00,Ascomycota,1.00,Sordariomycetes,1.00,,,,,,,,,+,Class,Sordariomycetes,"k:Fungi,p:Ascomycota,c:Sordariomycetes"
ASV352,Fungi,1.00,Basidiomycota,1.00,Agaricomycetes,1.00,Corticiales,0.89,Corticiaceae,0.89,Sistotrema,0.89,,,+,Genus,Sistotrema,"k:Fungi,p:Basidiomycota,c:Agaricomycetes,o:Corticiales,f:Corticiaceae,g:Sistotrema"
ASV354,Fungi,1.00,,,,,,,,,,,,,+,Kingdom,Fungi,k:Fungi
ASV353,Fungi,1.00,Basidiomycota,1.00,Agaricomycetes,1.00,Russulales,1.00,Russulaceae,1.00,Lactarius,1.00,Lactarius_salmonicolor,1.00,+,Species,Lactarius_salmonicolor,"k:Fungi,p:Basidiomycota,c:Agaricomycetes,o:Russulales,f:Russulaceae,g:Lactarius,s:Lactarius_salmonicolor"
ASV347,Fungi,1.00,Ascomycota,1.00,Dothideomycetes,1.00,Pleosporales,0.95,Lophiostomataceae,0.84,Lophiostoma,0.84,Lophiostoma_corticola,0.84,+,Species,Lophiostoma_corticola,"k:Fungi,p:Ascomycota,c:Dothideomycetes,o:Pleosporales,f:Lophiostomataceae,g:Lophiostoma,s:Lophiostoma_corticola"
ASV348,Fungi,1.00,,,,,,,,,,,,,+,Kingdom,Fungi,k:Fungi
ASV355,Fungi,1.00,Basidiomycota,1.00,Agaricomycetes,1.00,Agaricales,1.00,Agaricaceae,1.00,Lycoperdon,1.00,Lycoperdon_perlatum,0.98,+,Species,Lycoperdon_perlatum,"k:Fungi,p:Basidiomycota,c:Agaricomycetes,o:Agaricales,f:Agaricaceae,g:Lycoperdon,s:Lycoperdon_perlatum"
ASV356,Fungi,1.00,Basidiomycota,1.00,Cystobasidiomycetes,1.00,Cystobasidiales,1.00,Cystobasidiaceae,1.00,Cystobasidium,1.00,,,-,Genus,Cystobasidium,"k:Fungi,p:Basidiomycota,c:Cystobasidiomycetes,o:Cystobasidiales,f:Cystobasidiaceae,g:Cystobasidium"
ASV357,Fungi,1.00,Basidiomycota,1.00,Agaricomycetes,1.00,Agaricales,1.00,Tricholomataceae,1.00,Lepista,0.98,Lepista_glaucocana,0.97,+,Species,Lepista_glaucocana,"k:Fungi,p:Basidiomycota,c:Agaricomycetes,o:Agaricales,f:Tricholomataceae,g:Lepista,s:Lepista_glaucocana"
ASV358,Fungi,1.00,Ascomycota,1.00,,,,,,,,,,,+,Phylum,Ascomycota,"k:Fungi,p:Ascomycota"
ASV36,Fungi,1.00,Ascomycota,1.00,Sordariomycetes,1.00,Hypocreales,1.00,Hypocreaceae,1.00,Trichoderma,0.97,Trichoderma_minutisporum,0.91,+,Species,Trichoderma_minutisporum,"k:Fungi,p:Ascomycota,c:Sordariomycetes,o:Hypocreales,f:Hypocreaceae,g:Trichoderma,s:Trichoderma_minutisporum"
ASV360,Fungi,1.00,Ascomycota,1.00,Dothideomycetes,0.94,Mycosphaerellales,0.80,,,,,,,+,Order,Mycosphaerellales,"k:Fungi,p:Ascomycota,c:Dothideomycetes,o:Mycosphaerellales"
ASV364,Fungi,1.00,Basidiomycota,1.00,Tremellomycetes,1.00,Tremellales,1.00,Tremellaceae,1.00,Cryptococcus,0.99,Cryptococcus_wisconsinensis,0.99,-,Species,Cryptococcus_wisconsinensis,"k:Fungi,p:Basidiomycota,c:Tremellomycetes,o:Tremellales,f:Tremellaceae,g:Cryptococcus,s:Cryptococcus_wisconsinensis"
ASV366,Fungi,1.00,Basidiomycota,1.00,Agaricomycetes,1.00,Agaricales,0.99,Psathyrellaceae,0.99,Coprinellus,0.99,Coprinellus_disseminatus,0.99,+,Species,Coprinellus_disseminatus,"k:Fungi,p:Basidiomycota,c:Agaricomycetes,o:Agaricales,f:Psathyrellaceae,g:Coprinellus,s:Coprinellus_disseminatus"
ASV371,Fungi,1.00,Ascomycota,1.00,Sordariomycetes,1.00,,,,,,,,,+,Class,Sordariomycetes,"k:Fungi,p:Ascomycota,c:Sordariomycetes"
ASV370,Fungi,1.00,Ascomycota,1.00,Dothideomycetes,1.00,Dothideales,1.00,Dothioraceae,1.00,Aureobasidium,1.00,Aureobasidium_pullulans,0.98,+,Species,Aureobasidium_pullulans,"k:Fungi,p:Ascomycota,c:Dothideomycetes,o:Dothideales,f:Dothioraceae,g:Aureobasidium,s:Aureobasidium_pullulans"
ASV372,Fungi,1.00,Ascomycota,1.00,,,,,,,,,,,+,Phylum,Ascomycota,"k:Fungi,p:Ascomycota"
ASV373,Fungi,1.00,Ascomycota,1.00,Dothideomycetes,0.93,Pleosporales,0.93,,,,,,,+,Order,Pleosporales,"k:Fungi,p:Ascomycota,c:Dothideomycetes,o:Pleosporales"
ASV361,Fungi,1.00,Ascomycota,1.00,,,,,,,,,,,+,Phylum,Ascomycota,"k:Fungi,p:Ascomycota"
ASV375,Fungi,1.00,Basidiomycota,1.00,Agaricomycetes,1.00,Polyporales,1.00,Meruliaceae,1.00,Phlebia,1.00,Phlebia_livida,1.00,+,Species,Phlebia_livida,"k:Fungi,p:Basidiomycota,c:Agaricomycetes,o:Polyporales,f:Meruliaceae,g:Phlebia,s:Phlebia_livida"
ASV374,Fungi,1.00,Ascomycota,1.00,,,,,,,,,,,+,Phylum,Ascomycota,"k:Fungi,p:Ascomycota"
ASV363,Fungi,1.00,Ascomycota,1.00,Dothideomycetes,0.97,,,,,,,,,+,Class,Dothideomycetes,"k:Fungi,p:Ascomycota,c:Dothideomycetes"
ASV377,Fungi,1.00,,,,,,,,,,,,,+,Kingdom,Fungi,k:Fungi
ASV378,Fungi,1.00,Ascomycota,1.00,Eurotiomycetes,1.00,Chaetothyriales,1.00,,,,,,,+,Order,Chaetothyriales,"k:Fungi,p:Ascomycota,c:Eurotiomycetes,o:Chaetothyriales"
ASV376,Fungi,1.00,Ascomycota,1.00,Eurotiomycetes,0.98,Eurotiales,0.98,Trichocomaceae,0.98,,,,,+,Family,Trichocomaceae,"k:Fungi,p:Ascomycota,c:Eurotiomycetes,o:Eurotiales,f:Trichocomaceae"
ASV379,Fungi,1.00,Basidiomycota,1.00,Agaricomycetes,1.00,Agaricales,1.00,Cortinariaceae,1.00,Cortinarius,1.00,Cortinarius_odorifer,1.00,+,Species,Cortinarius_odorifer,"k:Fungi,p:Basidiomycota,c:Agaricomycetes,o:Agaricales,f:Cortinariaceae,g:Cortinarius,s:Cortinarius_odorifer"
ASV380,Fungi,1.00,Mucoromycota,1.00,Mucoromycetes,1.00,Mucorales,1.00,Pilobolaceae,1.00,Pilobolus,1.00,Pilobolus_crystallinus,0.94,+,Species,Pilobolus_crystallinus,"k:Fungi,p:Mucoromycota,c:Mucoromycetes,o:Mucorales,f:Pilobolaceae,g:Pilobolus,s:Pilobolus_crystallinus"
ASV381,Fungi,1.00,Basidiomycota,1.00,Agaricomycetes,1.00,Boletales,1.00,Melanogastraceae,1.00,Melanogaster,1.00,,,+,Genus,Melanogaster,"k:Fungi,p:Basidiomycota,c:Agaricomycetes,o:Boletales,f:Melanogastraceae,g:Melanogaster"
ASV383,Fungi,1.00,,,,,,,,,,,,,+,Kingdom,Fungi,k:Fungi
ASV386,Fungi,1.00,Ascomycota,1.00,Eurotiomycetes,1.00,Chaetothyriales,1.00,,,,,,,+,Order,Chaetothyriales,"k:Fungi,p:Ascomycota,c:Eurotiomycetes,o:Chaetothyriales"
ASV385,Fungi,1.00,Ascomycota,1.00,Dothideomycetes,1.00,Capnodiales,0.98,Davidiellaceae,0.98,Devriesia,0.97,,,+,Genus,Devriesia,"k:Fungi,p:Ascomycota,c:Dothideomycetes,o:Capnodiales,f:Davidiellaceae,g:Devriesia"
ASV387,Fungi,1.00,Ascomycota,1.00,Dothideomycetes,1.00,Venturiales,1.00,Venturiaceae,1.00,Rhizosphaera,1.00,,,+,Genus,Rhizosphaera,"k:Fungi,p:Ascomycota,c:Dothideomycetes,o:Venturiales,f:Venturiaceae,g:Rhizosphaera"
ASV38,Fungi,1.00,Basidiomycota,1.00,Agaricomycetes,1.00,Agaricales,1.00,Psathyrellaceae,1.00,Coprinellus,1.00,Coprinellus_micaceus,0.94,+,Species,Coprinellus_micaceus,"k:Fungi,p:Basidiomycota,c:Agaricomycetes,o:Agaricales,f:Psathyrellaceae,g:Coprinellus,s:Coprinellus_micaceus"
ASV389,Fungi,1.00,Ascomycota,1.00,Leotiomycetes,1.00,Thelebolales,1.00,Thelebolaceae,1.00,Antarctomyces,0.99,Antarctomyces_psychrotrophicus,0.99,+,Species,Antarctomyces_psychrotrophicus,"k:Fungi,p:Ascomycota,c:Leotiomycetes,o:Thelebolales,f:Thelebolaceae,g:Antarctomyces,s:Antarctomyces_psychrotrophicus"
ASV390,Fungi,1.00,Ascomycota,1.00,Sordariomycetes,1.00,Hypocreales,1.00,Nectriaceae,1.00,Pleonectria,1.00,Pleonectria_sinopica,1.00,+,Species,Pleonectria_sinopica,"k:Fungi,p:Ascomycota,c:Sordariomycetes,o:Hypocreales,f:Nectriaceae,g:Pleonectria,s:Pleonectria_sinopica"
ASV391,Fungi,1.00,Ascomycota,1.00,Dothideomycetes,1.00,Mycosphaerellales,0.91,Mycosphaerellaceae,0.91,Pseudocercosporella,0.91,Pseudocercosporella_fraxini,0.91,+,Species,Pseudocercosporella_fraxini,"k:Fungi,p:Ascomycota,c:Dothideomycetes,o:Mycosphaerellales,f:Mycosphaerellaceae,g:Pseudocercosporella,s:Pseudocercosporella_fraxini"
ASV394,Fungi,1.00,Basidiomycota,1.00,Agaricomycetes,1.00,Polyporales,1.00,Meruliaceae,1.00,Phlebia,1.00,Phlebia_livida,1.00,+,Species,Phlebia_livida,"k:Fungi,p:Basidiomycota,c:Agaricomycetes,o:Polyporales,f:Meruliaceae,g:Phlebia,s:Phlebia_livida"
ASV392,Fungi,1.00,Basidiomycota,1.00,Agaricomycetes,1.00,Agaricales,1.00,Cortinariaceae,0.99,,,,,+,Family,Cortinariaceae,"k:Fungi,p:Basidiomycota,c:Agaricomycetes,o:Agaricales,f:Cortinariaceae"
ASV382,Fungi,1.00,Ascomycota,1.00,Leotiomycetes,0.97,Thelebolales,0.97,Thelebolaceae,0.97,,,,,-,Family,Thelebolaceae,"k:Fungi,p:Ascomycota,c:Leotiomycetes,o:Thelebolales,f:Thelebolaceae"
ASV396,Fungi,1.00,Basidiomycota,1.00,Agaricomycetes,1.00,Agaricales,1.00,Cortinariaceae,1.00,Cortinarius,1.00,Cortinarius_maculatocaespitosus,0.91,+,Species,Cortinarius_maculatocaespitosus,"k:Fungi,p:Basidiomycota,c:Agaricomycetes,o:Agaricales,f:Cortinariaceae,g:Cortinarius,s:Cortinarius_maculatocaespitosus"
ASV398,Fungi,1.00,Ascomycota,1.00,Dothideomycetes,1.00,Mycosphaerellales,0.91,Mycosphaerellaceae,0.85,,,,,+,Family,Mycosphaerellaceae,"k:Fungi,p:Ascomycota,c:Dothideomycetes,o:Mycosphaerellales,f:Mycosphaerellaceae"
ASV399,Fungi,1.00,Basidiomycota,1.00,Agaricomycetes,1.00,Agaricales,1.00,Psathyrellaceae,1.00,Coprinopsis,1.00,,,+,Genus,Coprinopsis,"k:Fungi,p:Basidiomycota,c:Agaricomycetes,o:Agaricales,f:Psathyrellaceae,g:Coprinopsis"
ASV4,Fungi,1.00,Ascomycota,1.00,Sordariomycetes,1.00,Hypocreales,1.00,Flammocladiellaceae,0.90,Flammocladiella,0.90,Flammocladiella_decora,0.90,+,Species,Flammocladiella_decora,"k:Fungi,p:Ascomycota,c:Sordariomycetes,o:Hypocreales,f:Flammocladiellaceae,g:Flammocladiella,s:Flammocladiella_decora"
ASV40,Fungi,1.00,Basidiomycota,1.00,Cystobasidiomycetes,0.99,Cystobasidiales,0.99,Cystobasidiaceae,0.99,Cystobasidium,0.99,,,+,Genus,Cystobasidium,"k:Fungi,p:Basidiomycota,c:Cystobasidiomycetes,o:Cystobasidiales,f:Cystobasidiaceae,g:Cystobasidium"
ASV400,Fungi,1.00,Ascomycota,1.00,Dothideomycetes,0.93,,,,,,,,,+,Class,Dothideomycetes,"k:Fungi,p:Ascomycota,c:Dothideomycetes"
ASV402,Fungi,1.00,Basidiomycota,1.00,,,,,,,,,,,+,Phylum,Basidiomycota,"k:Fungi,p:Basidiomycota"
ASV405,Fungi,1.00,,,,,,,,,,,,,+,Kingdom,Fungi,k:Fungi
ASV404,Fungi,1.00,Basidiomycota,0.99,Tremellomycetes,0.97,Tremellales,0.97,,,Dioszegia,0.96,,,+,Genus,Dioszegia,"k:Fungi,p:Basidiomycota,c:Tremellomycetes,o:Tremellales,g:Dioszegia"
ASV397,Fungi,1.00,Ascomycota,1.00,,,,,,,,,,,+,Phylum,Ascomycota,"k:Fungi,p:Ascomycota"
ASV406,Fungi,1.00,Basidiomycota,1.00,Agaricomycetes,1.00,Geastrales,1.00,,,Sphaerobolus,1.00,Sphaerobolus_ingoldii,1.00,+,Species,Sphaerobolus_ingoldii,"k:Fungi,p:Basidiomycota,c:Agaricomycetes,o:Geastrales,g:Sphaerobolus,s:Sphaerobolus_ingoldii"
ASV407,Fungi,1.00,Ascomycota,0.92,,,,,,,,,,,+,Phylum,Ascomycota,"k:Fungi,p:Ascomycota"
ASV408,Fungi,1.00,Basidiomycota,1.00,Cystobasidiomycetes,0.88,Erythrobasidiales,0.83,,,Erythrobasidium,0.83,Erythrobasidium_sp.,0.83,+,Species,Erythrobasidium_sp.,"k:Fungi,p:Basidiomycota,c:Cystobasidiomycetes,o:Erythrobasidiales,g:Erythrobasidium,s:Erythrobasidium_sp."
ASV409,Fungi,1.00,Basidiomycota,1.00,Tremellomycetes,1.00,Tremellales,1.00,Tremellaceae,1.00,Papiliotrema,0.98,Papiliotrema_perniciosa,0.95,+,Species,Papiliotrema_perniciosa,"k:Fungi,p:Basidiomycota,c:Tremellomycetes,o:Tremellales,f:Tremellaceae,g:Papiliotrema,s:Papiliotrema_perniciosa"
ASV401,Fungi,1.00,Ascomycota,1.00,Dothideomycetes,0.98,,,,,,,,,+,Class,Dothideomycetes,"k:Fungi,p:Ascomycota,c:Dothideomycetes"
ASV41,Fungi,1.00,Basidiomycota,1.00,Cystobasidiomycetes,0.95,Cystobasidiales,0.94,Cystobasidiaceae,0.94,Cystobasidium,0.94,,,+,Genus,Cystobasidium,"k:Fungi,p:Basidiomycota,c:Cystobasidiomycetes,o:Cystobasidiales,f:Cystobasidiaceae,g:Cystobasidium"
ASV410,Fungi,1.00,Ascomycota,1.00,Dothideomycetes,1.00,Mycosphaerellales,1.00,Mycosphaerellaceae,1.00,Ramularia,0.86,,,+,Genus,Ramularia,"k:Fungi,p:Ascomycota,c:Dothideomycetes,o:Mycosphaerellales,f:Mycosphaerellaceae,g:Ramularia"
ASV414,Fungi,1.00,Ascomycota,1.00,Dothideomycetes,1.00,,,,,,,,,+,Class,Dothideomycetes,"k:Fungi,p:Ascomycota,c:Dothideomycetes"
ASV416,Fungi,1.00,Basidiomycota,0.83,,,,,,,,,,,+,Phylum,Basidiomycota,"k:Fungi,p:Basidiomycota"
ASV417,Fungi,1.00,Basidiomycota,1.00,Tremellomycetes,1.00,Tremellales,1.00,,,Dioszegia,1.00,Dioszegia_zsoltii,0.96,+,Species,Dioszegia_zsoltii,"k:Fungi,p:Basidiomycota,c:Tremellomycetes,o:Tremellales,g:Dioszegia,s:Dioszegia_zsoltii"
ASV418,Fungi,1.00,Ascomycota,1.00,,,,,,,,,,,+,Phylum,Ascomycota,"k:Fungi,p:Ascomycota"
ASV42,Fungi,1.00,Ascomycota,1.00,Dothideomycetes,0.99,Pleosporales,0.99,,,,,,,+,Order,Pleosporales,"k:Fungi,p:Ascomycota,c:Dothideomycetes,o:Pleosporales"
ASV421,Fungi,1.00,Basidiomycota,1.00,Cystobasidiomycetes,0.80,,,Symmetrosporaceae,0.80,Symmetrospora,0.80,,,+,Genus,Symmetrospora,"k:Fungi,p:Basidiomycota,c:Cystobasidiomycetes,f:Symmetrosporaceae,g:Symmetrospora"
ASV413,Fungi,1.00,Ascomycota,1.00,Sordariomycetes,1.00,Hypocreales,1.00,,,,,,,+,Order,Hypocreales,"k:Fungi,p:Ascomycota,c:Sordariomycetes,o:Hypocreales"
ASV423,Fungi,1.00,Ascomycota,1.00,Sordariomycetes,1.00,,,,,,,,,+,Class,Sordariomycetes,"k:Fungi,p:Ascomycota,c:Sordariomycetes"
ASV424,Fungi,1.00,Ascomycota,1.00,Dothideomycetes,0.99,,,,,,,,,+,Class,Dothideomycetes,"k:Fungi,p:Ascomycota,c:Dothideomycetes"
ASV425,Fungi,1.00,Basidiomycota,1.00,Tremellomycetes,1.00,Tremellales,1.00,Bulleribasidiaceae,1.00,Vishniacozyma,1.00,Vishniacozyma_carnescens,1.00,-,Species,Vishniacozyma_carnescens,"k:Fungi,p:Basidiomycota,c:Tremellomycetes,o:Tremellales,f:Bulleribasidiaceae,g:Vishniacozyma,s:Vishniacozyma_carnescens"
ASV426,Fungi,1.00,Basidiomycota,1.00,Tremellomycetes,0.82,,,,,,,,,+,Class,Tremellomycetes,"k:Fungi,p:Basidiomycota,c:Tremellomycetes"
ASV419,Fungi,1.00,Basidiomycota,0.89,,,,,,,,,,,+,Phylum,Basidiomycota,"k:Fungi,p:Basidiomycota"
ASV428,Fungi,1.00,Ascomycota,1.00,Dothideomycetes,1.00,Mycosphaerellales,0.99,Mycosphaerellaceae,0.92,,,,,+,Family,Mycosphaerellaceae,"k:Fungi,p:Ascomycota,c:Dothideomycetes,o:Mycosphaerellales,f:Mycosphaerellaceae"
ASV429,Fungi,1.00,Ascomycota,1.00,Ascomycota_class_incertae_sedis,0.88,Ascomycota_order_incertae_sedis,0.88,Ascomycota_family_incertae_sedis,0.88,Preussia,0.88,,,+,Genus,Preussia,"k:Fungi,p:Ascomycota,c:Ascomycota_class_incertae_sedis,o:Ascomycota_order_incertae_sedis,f:Ascomycota_family_incertae_sedis,g:Preussia"
ASV433,Fungi,1.00,Ascomycota,0.96,Sordariomycetes,0.87,,,,,,,,,+,Class,Sordariomycetes,"k:Fungi,p:Ascomycota,c:Sordariomycetes"
ASV434,Fungi,1.00,Ascomycota,1.00,,,,,,,,,,,+,Phylum,Ascomycota,"k:Fungi,p:Ascomycota"
ASV438,Fungi,1.00,,,,,,,,,,,,,+,Kingdom,Fungi,k:Fungi
ASV435,Fungi,1.00,Ascomycota,1.00,Dothideomycetes,1.00,Pleosporales,1.00,,,,,,,+,Order,Pleosporales,"k:Fungi,p:Ascomycota,c:Dothideomycetes,o:Pleosporales"
ASV44,Fungi,1.00,Ascomycota,1.00,Sordariomycetes,0.89,Sordariales,0.82,,,,,,,+,Order,Sordariales,"k:Fungi,p:Ascomycota,c:Sordariomycetes,o:Sordariales"
ASV440,Fungi,1.00,Ascomycota,1.00,Dothideomycetes,1.00,Botryosphaeriales,0.82,Botryosphaeriaceae,0.82,Dothiora,0.82,,,+,Genus,Dothiora,"k:Fungi,p:Ascomycota,c:Dothideomycetes,o:Botryosphaeriales,f:Botryosphaeriaceae,g:Dothiora"
ASV441,Fungi,1.00,Ascomycota,0.92,,,,,,,,,,,+,Phylum,Ascomycota,"k:Fungi,p:Ascomycota"
ASV442,Fungi,1.00,Ascomycota,1.00,,,,,,,,,,,+,Phylum,Ascomycota,"k:Fungi,p:Ascomycota"
ASV432,Fungi,1.00,Ascomycota,1.00,Dothideomycetes,1.00,Mycosphaerellales,1.00,Mycosphaerellaceae,1.00,Pseudocercospora,1.00,Pseudocercospora_norchiensis,0.97,+,Species,Pseudocercospora_norchiensis,"k:Fungi,p:Ascomycota,c:Dothideomycetes,o:Mycosphaerellales,f:Mycosphaerellaceae,g:Pseudocercospora,s:Pseudocercospora_norchiensis"
ASV443,Fungi,1.00,Ascomycota,0.99,,,,,,,,,,,+,Phylum,Ascomycota,"k:Fungi,p:Ascomycota"
ASV444,Fungi,1.00,Ascomycota,0.98,,,,,,,,,,,+,Phylum,Ascomycota,"k:Fungi,p:Ascomycota"
ASV439,Fungi,1.00,Basidiomycota,1.00,Agaricomycetes,1.00,Thelephorales,1.00,Thelephoraceae,1.00,Tomentella,1.00,Tomentella_sp.,0.99,+,Species,Tomentella_sp.,"k:Fungi,p:Basidiomycota,c:Agaricomycetes,o:Thelephorales,f:Thelephoraceae,g:Tomentella,s:Tomentella_sp."
ASV445,Fungi,1.00,Ascomycota,1.00,Sordariomycetes,0.97,Sordariales,0.97,Lasiosphaeriaceae,0.97,Podospora,0.95,Podospora_glutinans,0.92,+,Species,Podospora_glutinans,"k:Fungi,p:Ascomycota,c:Sordariomycetes,o:Sordariales,f:Lasiosphaeriaceae,g:Podospora,s:Podospora_glutinans"
ASV446,Fungi,1.00,Ascomycota,1.00,Eurotiomycetes,1.00,Chaetothyriales,1.00,,,,,,,+,Order,Chaetothyriales,"k:Fungi,p:Ascomycota,c:Eurotiomycetes,o:Chaetothyriales"
ASV447,Fungi,1.00,,,,,,,,,,,,,+,Kingdom,Fungi,k:Fungi
ASV449,Fungi,1.00,Ascomycota,1.00,Sordariomycetes,1.00,Diaporthales,1.00,Valsaceae,1.00,Cytospora,1.00,,,+,Genus,Cytospora,"k:Fungi,p:Ascomycota,c:Sordariomycetes,o:Diaporthales,f:Valsaceae,g:Cytospora"
ASV450,Fungi,1.00,Ascomycota,1.00,Dothideomycetes,1.00,Mycosphaerellales,1.00,Mycosphaerellaceae,1.00,,,,,+,Family,Mycosphaerellaceae,"k:Fungi,p:Ascomycota,c:Dothideomycetes,o:Mycosphaerellales,f:Mycosphaerellaceae"
ASV451,Fungi,1.00,,,,,,,,,,,,,+,Kingdom,Fungi,k:Fungi
ASV453,Fungi,1.00,Ascomycota,1.00,Sordariomycetes,1.00,Microascales,1.00,Microascaceae,1.00,,,,,+,Family,Microascaceae,"k:Fungi,p:Ascomycota,c:Sordariomycetes,o:Microascales,f:Microascaceae"
ASV454,Fungi,1.00,Basidiomycota,1.00,Tremellomycetes,0.93,Cystofilobasidiales,0.93,,,Cystofilobasidium,0.93,Cystofilobasidium_macerans,0.93,+,Species,Cystofilobasidium_macerans,"k:Fungi,p:Basidiomycota,c:Tremellomycetes,o:Cystofilobasidiales,g:Cystofilobasidium,s:Cystofilobasidium_macerans"
ASV455,Fungi,1.00,Basidiomycota,1.00,Exobasidiomycetes,0.99,Exobasidiales,0.99,Exobasidiaceae,0.99,Exobasidium,0.99,,,+,Genus,Exobasidium,"k:Fungi,p:Basidiomycota,c:Exobasidiomycetes,o:Exobasidiales,f:Exobasidiaceae,g:Exobasidium"
ASV457,Fungi,1.00,Basidiomycota,0.99,,,,,,,,,,,+,Phylum,Basidiomycota,"k:Fungi,p:Basidiomycota"
ASV46,Fungi,1.00,Ascomycota,1.00,Pezizomycetes,1.00,Pezizales,1.00,,,,,,,+,Order,Pezizales,"k:Fungi,p:Ascomycota,c:Pezizomycetes,o:Pezizales"
ASV460,Fungi,1.00,,,,,,,,,,,,,+,Kingdom,Fungi,k:Fungi
ASV45,Fungi,1.00,Ascomycota,1.00,Dothideomycetes,0.82,Pleosporales,0.82,Sporormiaceae,0.81,,,,,+,Family,Sporormiaceae,"k:Fungi,p:Ascomycota,c:Dothideomycetes,o:Pleosporales,f:Sporormiaceae"
ASV462,Fungi,1.00,Ascomycota,0.83,,,,,,,,,,,+,Phylum,Ascomycota,"k:Fungi,p:Ascomycota"
ASV463,Fungi,1.00,Basidiomycota,1.00,Cystobasidiomycetes,0.86,Erythrobasidiales,0.86,,,Erythrobasidium,0.83,Erythrobasidium_yunnanense,0.81,+,Species,Erythrobasidium_yunnanense,"k:Fungi,p:Basidiomycota,c:Cystobasidiomycetes,o:Erythrobasidiales,g:Erythrobasidium,s:Erythrobasidium_yunnanense"
ASV452,Fungi,1.00,Basidiomycota,1.00,Tremellomycetes,1.00,Tremellales,1.00,Tremellaceae,1.00,Papiliotrema,1.00,Papiliotrema_fuscus,1.00,-,Species,Papiliotrema_fuscus,"k:Fungi,p:Basidiomycota,c:Tremellomycetes,o:Tremellales,f:Tremellaceae,g:Papiliotrema,s:Papiliotrema_fuscus"
ASV464,Fungi,1.00,Basidiomycota,0.98,Agaricomycetes,0.98,,,,,,,,,+,Class,Agaricomycetes,"k:Fungi,p:Basidiomycota,c:Agaricomycetes"
ASV466,Fungi,1.00,Ascomycota,1.00,Pezizomycetes,1.00,Pezizales,1.00,,,,,,,+,Order,Pezizales,"k:Fungi,p:Ascomycota,c:Pezizomycetes,o:Pezizales"
ASV467,Fungi,1.00,,,,,,,,,,,,,+,Kingdom,Fungi,k:Fungi
ASV468,Fungi,1.00,Basidiomycota,0.96,Tremellomycetes,0.96,Tremellales,0.90,,,,,,,+,Order,Tremellales,"k:Fungi,p:Basidiomycota,c:Tremellomycetes,o:Tremellales"
ASV47,Fungi,1.00,Ascomycota,1.00,Dothideomycetes,0.99,Capnodiales,0.99,Davidiellaceae,0.99,Cladosporium,0.99,,,+,Genus,Cladosporium,"k:Fungi,p:Ascomycota,c:Dothideomycetes,o:Capnodiales,f:Davidiellaceae,g:Cladosporium"
ASV470,Fungi,1.00,Ascomycota,1.00,Leotiomycetes,1.00,Thelebolales,1.00,Thelebolaceae,1.00,,,,,-,Family,Thelebolaceae,"k:Fungi,p:Ascomycota,c:Leotiomycetes,o:Thelebolales,f:Thelebolaceae"
ASV472,Fungi,1.00,Ascomycota,1.00,Dothideomycetes,0.93,Pleosporales,0.93,,,,,,,+,Order,Pleosporales,"k:Fungi,p:Ascomycota,c:Dothideomycetes,o:Pleosporales"
ASV473,Fungi,1.00,Ascomycota,1.00,Eurotiomycetes,1.00,Chaetothyriales,1.00,,,,,,,+,Order,Chaetothyriales,"k:Fungi,p:Ascomycota,c:Eurotiomycetes,o:Chaetothyriales"
ASV474,Fungi,1.00,Glomeromycota,0.98,Glomeromycetes,0.98,Glomerales,0.98,Glomeraceae,0.98,Glomus,0.98,,,+,Genus,Glomus,"k:Fungi,p:Glomeromycota,c:Glomeromycetes,o:Glomerales,f:Glomeraceae,g:Glomus"
ASV475,Fungi,1.00,Ascomycota,1.00,Dothideomycetes,1.00,Venturiales,1.00,Venturiaceae,1.00,Rhizosphaera,1.00,Rhizosphaera_oudemansii,1.00,+,Species,Rhizosphaera_oudemansii,"k:Fungi,p:Ascomycota,c:Dothideomycetes,o:Venturiales,f:Venturiaceae,g:Rhizosphaera,s:Rhizosphaera_oudemansii"
ASV476,Fungi,1.00,Basidiomycota,0.87,,,,,,,,,,,+,Phylum,Basidiomycota,"k:Fungi,p:Basidiomycota"
ASV469,Fungi,1.00,Ascomycota,1.00,Leotiomycetes,0.90,Helotiales,0.88,,,,,,,+,Order,Helotiales,"k:Fungi,p:Ascomycota,c:Leotiomycetes,o:Helotiales"
ASV477,Fungi,1.00,Ascomycota,1.00,Dothideomycetes,0.93,Pleosporales,0.92,,,,,,,+,Order,Pleosporales,"k:Fungi,p:Ascomycota,c:Dothideomycetes,o:Pleosporales"
ASV479,Fungi,1.00,Ascomycota,1.00,Dothideomycetes,0.90,,,,,,,,,+,Class,Dothideomycetes,"k:Fungi,p:Ascomycota,c:Dothideomycetes"
ASV471,Fungi,1.00,Ascomycota,1.00,,,,,,,,,,,+,Phylum,Ascomycota,"k:Fungi,p:Ascomycota"
ASV48,Fungi,1.00,Ascomycota,1.00,Dothideomycetes,1.00,Mycosphaerellales,1.00,Mycosphaerellaceae,1.00,Ramularia,0.90,,,+,Genus,Ramularia,"k:Fungi,p:Ascomycota,c:Dothideomycetes,o:Mycosphaerellales,f:Mycosphaerellaceae,g:Ramularia"
ASV480,Fungi,1.00,Basidiomycota,1.00,Agaricomycetes,1.00,Phallales,1.00,Phallaceae,1.00,Mutinus,1.00,Mutinus_caninus,1.00,+,Species,Mutinus_caninus,"k:Fungi,p:Basidiomycota,c:Agaricomycetes,o:Phallales,f:Phallaceae,g:Mutinus,s:Mutinus_caninus"
ASV483,Fungi,1.00,Ascomycota,1.00,Sordariomycetes,1.00,,,,,,,,,+,Class,Sordariomycetes,"k:Fungi,p:Ascomycota,c:Sordariomycetes"
ASV484,Fungi,1.00,Basidiomycota,1.00,Tremellomycetes,1.00,Tremellales,0.99,Cryptococcaceae,0.95,Teunia,0.95,Teunia_betulae,0.87,-,Species,Teunia_betulae,"k:Fungi,p:Basidiomycota,c:Tremellomycetes,o:Tremellales,f:Cryptococcaceae,g:Teunia,s:Teunia_betulae"
ASV486,Fungi,1.00,Ascomycota,1.00,Dothideomycetes,1.00,Pleosporales,1.00,,,,,,,+,Order,Pleosporales,"k:Fungi,p:Ascomycota,c:Dothideomycetes,o:Pleosporales"
ASV487,Fungi,1.00,Basidiomycota,1.00,Agaricomycetes,1.00,Geastrales,1.00,Geastraceae,1.00,Geastrum,1.00,Geastrum_sp.,0.97,+,Species,Geastrum_sp.,"k:Fungi,p:Basidiomycota,c:Agaricomycetes,o:Geastrales,f:Geastraceae,g:Geastrum,s:Geastrum_sp."
ASV489,Fungi,1.00,Basidiomycota,1.00,Agaricomycetes,1.00,Agaricales,1.00,Agaricaceae,1.00,Lycoperdon,1.00,Lycoperdon_pratense,0.97,+,Species,Lycoperdon_pratense,"k:Fungi,p:Basidiomycota,c:Agaricomycetes,o:Agaricales,f:Agaricaceae,g:Lycoperdon,s:Lycoperdon_pratense"
ASV490,Fungi,1.00,Ascomycota,1.00,,,,,,,,,,,+,Phylum,Ascomycota,"k:Fungi,p:Ascomycota"
ASV491,Fungi,1.00,Ascomycota,1.00,Dothideomycetes,1.00,Microthyriales,1.00,Leptopeltidaceae,1.00,Dothiopeltis,1.00,Dothiopeltis_n._sp.,1.00,+,Species,Dothiopeltis_n._sp.,"k:Fungi,p:Ascomycota,c:Dothideomycetes,o:Microthyriales,f:Leptopeltidaceae,g:Dothiopeltis,s:Dothiopeltis_n._sp."
ASV492,Fungi,1.00,Chytridiomycota,0.99,Chytridiomycetes,0.99,Rhizophydiales,0.89,,,,,,,-,Order,Rhizophydiales,"k:Fungi,p:Chytridiomycota,c:Chytridiomycetes,o:Rhizophydiales"
ASV493,Fungi,1.00,Ascomycota,1.00,Sordariomycetes,1.00,Hypocreales,1.00,,,,,,,+,Order,Hypocreales,"k:Fungi,p:Ascomycota,c:Sordariomycetes,o:Hypocreales"
ASV485,Fungi,1.00,Ascomycota,1.00,,,,,,,,,,,+,Phylum,Ascomycota,"k:Fungi,p:Ascomycota"
ASV494,Fungi,1.00,,,,,,,,,,,,,+,Kingdom,Fungi,k:Fungi
ASV495,Fungi,1.00,Ascomycota,1.00,Eurotiomycetes,1.00,Eurotiales,1.00,Trichocomaceae,1.00,Penicillium,1.00,,,+,Genus,Penicillium,"k:Fungi,p:Ascomycota,c:Eurotiomycetes,o:Eurotiales,f:Trichocomaceae,g:Penicillium"
ASV488,Fungi,1.00,Basidiomycota,0.94,,,,,,,,,,,+,Phylum,Basidiomycota,"k:Fungi,p:Basidiomycota"
ASV496,Fungi,1.00,Ascomycota,1.00,,,,,,,,,,,+,Phylum,Ascomycota,"k:Fungi,p:Ascomycota"
ASV497,Fungi,1.00,Basidiomycota,1.00,Agaricomycetes,1.00,Corticiales,1.00,Corticiaceae,1.00,Sistotrema,1.00,Sistotrema_octosporum,0.93,+,Species,Sistotrema_octosporum,"k:Fungi,p:Basidiomycota,c:Agaricomycetes,o:Corticiales,f:Corticiaceae,g:Sistotrema,s:Sistotrema_octosporum"
ASV498,Fungi,1.00,Basidiomycota,0.86,,,,,,,,,,,+,Phylum,Basidiomycota,"k:Fungi,p:Basidiomycota"
ASV499,Fungi,1.00,Ascomycota,1.00,Eurotiomycetes,0.90,Chaetothyriales,0.87,,,,,,,+,Order,Chaetothyriales,"k:Fungi,p:Ascomycota,c:Eurotiomycetes,o:Chaetothyriales"
ASV50,Fungi,1.00,Ascomycota,1.00,Sordariomycetes,1.00,Hypocreales,1.00,Nectriaceae,1.00,Nectria,1.00,,,+,Genus,Nectria,"k:Fungi,p:Ascomycota,c:Sordariomycetes,o:Hypocreales,f:Nectriaceae,g:Nectria"
ASV500,Fungi,1.00,Ascomycota,1.00,Eurotiomycetes,1.00,Chaetothyriales,1.00,,,,,,,+,Order,Chaetothyriales,"k:Fungi,p:Ascomycota,c:Eurotiomycetes,o:Chaetothyriales"
ASV502,Fungi,1.00,Ascomycota,1.00,Sordariomycetes,1.00,Hypocreales,0.99,Cordycipitaceae,0.97,Elaphocordyceps,0.97,Elaphocordyceps_sp._20124794d,0.97,+,Species,Elaphocordyceps_sp._20124794d,"k:Fungi,p:Ascomycota,c:Sordariomycetes,o:Hypocreales,f:Cordycipitaceae,g:Elaphocordyceps,s:Elaphocordyceps_sp._20124794d"
ASV503,Fungi,1.00,Basidiomycota,0.97,,,,,,,,,,,+,Phylum,Basidiomycota,"k:Fungi,p:Basidiomycota"
ASV507,Fungi,1.00,Ascomycota,1.00,Sordariomycetes,1.00,Diaporthales,1.00,Melanconidaceae,1.00,,,,,+,Family,Melanconidaceae,"k:Fungi,p:Ascomycota,c:Sordariomycetes,o:Diaporthales,f:Melanconidaceae"
ASV506,Fungi,1.00,Ascomycota,1.00,Dothideomycetes,1.00,Mycosphaerellales,1.00,Mycosphaerellaceae,1.00,,,,,+,Family,Mycosphaerellaceae,"k:Fungi,p:Ascomycota,c:Dothideomycetes,o:Mycosphaerellales,f:Mycosphaerellaceae"
ASV508,Fungi,1.00,Ascomycota,1.00,Leotiomycetes,0.96,Helotiales,0.92,,,,,,,+,Order,Helotiales,"k:Fungi,p:Ascomycota,c:Leotiomycetes,o:Helotiales"
ASV509,Fungi,1.00,Ascomycota,1.00,Dothideomycetes,1.00,Botryosphaeriales,1.00,Botryosphaeriaceae,1.00,Phaeobotryosphaeria,1.00,Phaeobotryosphaeria_visci,1.00,+,Species,Phaeobotryosphaeria_visci,"k:Fungi,p:Ascomycota,c:Dothideomycetes,o:Botryosphaeriales,f:Botryosphaeriaceae,g:Phaeobotryosphaeria,s:Phaeobotryosphaeria_visci"
ASV5,Fungi,1.00,Ascomycota,1.00,Leotiomycetes,0.96,Thelebolales,0.96,Thelebolaceae,0.96,,,,,+,Family,Thelebolaceae,"k:Fungi,p:Ascomycota,c:Leotiomycetes,o:Thelebolales,f:Thelebolaceae"
ASV51,Fungi,1.00,Ascomycota,1.00,,,,,,,,,,,+,Phylum,Ascomycota,"k:Fungi,p:Ascomycota"
ASV501,Fungi,1.00,Ascomycota,0.93,,,,,,,,,,,+,Phylum,Ascomycota,"k:Fungi,p:Ascomycota"
ASV510,Fungi,1.00,Basidiomycota,1.00,Agaricomycetes,1.00,Polyporales,1.00,Fomitopsidaceae,1.00,Postia,1.00,Postia_subcaesia,0.99,+,Species,Postia_subcaesia,"k:Fungi,p:Basidiomycota,c:Agaricomycetes,o:Polyporales,f:Fomitopsidaceae,g:Postia,s:Postia_subcaesia"
ASV511,Fungi,1.00,Ascomycota,1.00,Sordariomycetes,0.92,Diaporthales,0.86,,,,,,,+,Order,Diaporthales,"k:Fungi,p:Ascomycota,c:Sordariomycetes,o:Diaporthales"
ASV512,Fungi,1.00,Basidiomycota,1.00,Agaricomycetes,0.97,,,,,,,,,+,Class,Agaricomycetes,"k:Fungi,p:Basidiomycota,c:Agaricomycetes"
ASV513,Fungi,1.00,Basidiomycota,1.00,Agaricostilbomycetes,1.00,Agaricostilbales,1.00,,,,,,,+,Order,Agaricostilbales,"k:Fungi,p:Basidiomycota,c:Agaricostilbomycetes,o:Agaricostilbales"
ASV514,Fungi,1.00,Ascomycota,1.00,Sordariomycetes,1.00,Hypocreales,0.99,Nectriaceae,0.99,Nectria,0.92,Nectria_coryli,0.92,+,Species,Nectria_coryli,"k:Fungi,p:Ascomycota,c:Sordariomycetes,o:Hypocreales,f:Nectriaceae,g:Nectria,s:Nectria_coryli"
ASV517,Fungi,1.00,Ascomycota,1.00,Sordariomycetes,1.00,Coniochaetales,1.00,Coniochaetaceae,1.00,,,,,+,Family,Coniochaetaceae,"k:Fungi,p:Ascomycota,c:Sordariomycetes,o:Coniochaetales,f:Coniochaetaceae"
ASV519,Fungi,1.00,Basidiomycota,1.00,Agaricomycetes,1.00,Agaricales,1.00,Hymenogastraceae,1.00,Hebeloma,1.00,Hebeloma_sinapizans,0.97,+,Species,Hebeloma_sinapizans,"k:Fungi,p:Basidiomycota,c:Agaricomycetes,o:Agaricales,f:Hymenogastraceae,g:Hebeloma,s:Hebeloma_sinapizans"
ASV52,Fungi,1.00,Ascomycota,1.00,Sordariomycetes,0.88,Hypocreales,0.85,,,,,,,+,Order,Hypocreales,"k:Fungi,p:Ascomycota,c:Sordariomycetes,o:Hypocreales"
ASV520,Fungi,1.00,Basidiomycota,1.00,Agaricomycetes,1.00,Agaricales,1.00,Physalacriaceae,0.99,Armillaria,0.99,,,+,Genus,Armillaria,"k:Fungi,p:Basidiomycota,c:Agaricomycetes,o:Agaricales,f:Physalacriaceae,g:Armillaria"
ASV521,Fungi,1.00,Basidiomycota,0.99,Tremellomycetes,0.94,Tremellales,0.92,,,,,,,+,Order,Tremellales,"k:Fungi,p:Basidiomycota,c:Tremellomycetes,o:Tremellales"
ASV522,Fungi,1.00,Ascomycota,1.00,Sordariomycetes,1.00,Xylariales,1.00,Diatrypaceae,1.00,,,,,+,Family,Diatrypaceae,"k:Fungi,p:Ascomycota,c:Sordariomycetes,o:Xylariales,f:Diatrypaceae"
ASV523,Fungi,1.00,,,,,,,,,,,,,+,Kingdom,Fungi,k:Fungi
ASV515,Fungi,1.00,Ascomycota,1.00,Sordariomycetes,1.00,Chaetosphaeriales,1.00,,,Dendrophoma,1.00,Dendrophoma_cytisporoides,1.00,+,Species,Dendrophoma_cytisporoides,"k:Fungi,p:Ascomycota,c:Sordariomycetes,o:Chaetosphaeriales,g:Dendrophoma,s:Dendrophoma_cytisporoides"
ASV524,Fungi,1.00,Ascomycota,1.00,,,,,,,,,,,+,Phylum,Ascomycota,"k:Fungi,p:Ascomycota"
ASV525,Fungi,1.00,Basidiomycota,1.00,Agaricomycetes,1.00,Polyporales,1.00,Polyporaceae,1.00,Lentinus,1.00,Lentinus_brumalis,1.00,+,Species,Lentinus_brumalis,"k:Fungi,p:Basidiomycota,c:Agaricomycetes,o:Polyporales,f:Polyporaceae,g:Lentinus,s:Lentinus_brumalis"
ASV518,Fungi,1.00,Basidiomycota,0.90,,,,,,,,,,,+,Phylum,Basidiomycota,"k:Fungi,p:Basidiomycota"
ASV526,Fungi,1.00,Ascomycota,1.00,,,,,,,,,,,+,Phylum,Ascomycota,"k:Fungi,p:Ascomycota"
ASV527,Fungi,1.00,Ascomycota,1.00,,,,,,,,,,,+,Phylum,Ascomycota,"k:Fungi,p:Ascomycota"
ASV528,Fungi,1.00,Ascomycota,0.98,,,,,,,,,,,+,Phylum,Ascomycota,"k:Fungi,p:Ascomycota"
ASV529,Fungi,1.00,Mucoromycota,1.00,Mucoromycetes,1.00,Mucorales,1.00,Mucoraceae,1.00,Mucor,1.00,,,+,Genus,Mucor,"k:Fungi,p:Mucoromycota,c:Mucoromycetes,o:Mucorales,f:Mucoraceae,g:Mucor"
ASV530,Fungi,1.00,Ascomycota,1.00,Pezizomycetes,1.00,Pezizales,1.00,Pyronemataceae,1.00,Scutellinia,1.00,,,+,Genus,Scutellinia,"k:Fungi,p:Ascomycota,c:Pezizomycetes,o:Pezizales,f:Pyronemataceae,g:Scutellinia"
ASV531,Fungi,1.00,,,,,,,,,,,,,+,Kingdom,Fungi,k:Fungi
ASV533,Fungi,1.00,Basidiomycota,0.91,,,,,,,,,,,+,Phylum,Basidiomycota,"k:Fungi,p:Basidiomycota"
ASV534,Fungi,1.00,,,,,,,,,,,,,-,Kingdom,Fungi,k:Fungi
ASV535,Fungi,1.00,Ascomycota,1.00,Sordariomycetes,1.00,Coniochaetales,0.92,Coniochaetaceae,0.92,,,,,+,Family,Coniochaetaceae,"k:Fungi,p:Ascomycota,c:Sordariomycetes,o:Coniochaetales,f:Coniochaetaceae"
ASV536,Fungi,1.00,Basidiomycota,1.00,,,,,,,,,,,+,Phylum,Basidiomycota,"k:Fungi,p:Basidiomycota"
ASV53,Fungi,1.00,Ascomycota,1.00,Sordariomycetes,1.00,Microascales,1.00,Microascaceae,0.97,Doratomyces,0.91,,,+,Genus,Doratomyces,"k:Fungi,p:Ascomycota,c:Sordariomycetes,o:Microascales,f:Microascaceae,g:Doratomyces"
ASV537,Fungi,1.00,Mucoromycota,1.00,Mucoromycetes,1.00,Mucorales,1.00,Umbelopsidaceae,1.00,Umbelopsis,1.00,Umbelopsis_isabellina,0.97,+,Species,Umbelopsis_isabellina,"k:Fungi,p:Mucoromycota,c:Mucoromycetes,o:Mucorales,f:Umbelopsidaceae,g:Umbelopsis,s:Umbelopsis_isabellina"
ASV538,Fungi,1.00,Ascomycota,1.00,Dothideomycetes,0.99,Mycosphaerellales,0.98,Mycosphaerellaceae,0.97,Ramularia,0.81,,,+,Genus,Ramularia,"k:Fungi,p:Ascomycota,c:Dothideomycetes,o:Mycosphaerellales,f:Mycosphaerellaceae,g:Ramularia"
ASV539,Fungi,1.00,,,,,,,,,,,,,+,Kingdom,Fungi,k:Fungi
ASV532,Fungi,1.00,Ascomycota,0.98,,,,,,,,,,,+,Phylum,Ascomycota,"k:Fungi,p:Ascomycota"
ASV54,Fungi,1.00,Mucoromycota,1.00,Mucoromycetes,1.00,Mucorales,1.00,Pilobolaceae,1.00,Pilobolus,1.00,Pilobolus_crystallinus,1.00,+,Species,Pilobolus_crystallinus,"k:Fungi,p:Mucoromycota,c:Mucoromycetes,o:Mucorales,f:Pilobolaceae,g:Pilobolus,s:Pilobolus_crystallinus"
ASV540,Fungi,1.00,,,,,,,,,,,,,+,Kingdom,Fungi,k:Fungi
ASV541,Fungi,1.00,,,,,,,,,,,,,+,Kingdom,Fungi,k:Fungi
ASV543,Fungi,1.00,Basidiomycota,0.94,,,,,,,,,,,+,Phylum,Basidiomycota,"k:Fungi,p:Basidiomycota"
ASV544,Fungi,1.00,Basidiomycota,0.92,,,,,,,,,,,+,Phylum,Basidiomycota,"k:Fungi,p:Basidiomycota"
ASV545,Fungi,1.00,Basidiomycota,1.00,,,,,,,,,,,+,Phylum,Basidiomycota,"k:Fungi,p:Basidiomycota"
ASV547,Fungi,1.00,Ascomycota,1.00,,,,,,,,,,,+,Phylum,Ascomycota,"k:Fungi,p:Ascomycota"
ASV548,Fungi,1.00,Basidiomycota,0.99,Tremellomycetes,0.83,Tremellales,0.82,,,,,,,+,Order,Tremellales,"k:Fungi,p:Basidiomycota,c:Tremellomycetes,o:Tremellales"
ASV549,Fungi,1.00,Ascomycota,1.00,Eurotiomycetes,1.00,Chaetothyriales,1.00,,,,,,,+,Order,Chaetothyriales,"k:Fungi,p:Ascomycota,c:Eurotiomycetes,o:Chaetothyriales"
ASV542,Fungi,1.00,,,,,,,,,,,,,+,Kingdom,Fungi,k:Fungi
ASV550,Fungi,1.00,Ascomycota,0.95,,,,,,,,,,,+,Phylum,Ascomycota,"k:Fungi,p:Ascomycota"
ASV55,Fungi,1.00,Ascomycota,1.00,Sordariomycetes,1.00,Sordariales,1.00,Lasiosphaeriaceae,1.00,Cercophora,1.00,Cercophora_areolata,1.00,+,Species,Cercophora_areolata,"k:Fungi,p:Ascomycota,c:Sordariomycetes,o:Sordariales,f:Lasiosphaeriaceae,g:Cercophora,s:Cercophora_areolata"
ASV551,Fungi,1.00,Basidiomycota,1.00,Microbotryomycetes,1.00,Leucosporidiales,1.00,,,Leucosporidium,0.93,Leucosporidium_scottii,0.93,+,Species,Leucosporidium_scottii,"k:Fungi,p:Basidiomycota,c:Microbotryomycetes,o:Leucosporidiales,g:Leucosporidium,s:Leucosporidium_scottii"
ASV546,Fungi,1.00,Basidiomycota,1.00,Tremellomycetes,0.98,Tremellales,0.98,,,,,,,+,Order,Tremellales,"k:Fungi,p:Basidiomycota,c:Tremellomycetes,o:Tremellales"
ASV552,Fungi,1.00,Ascomycota,1.00,Eurotiomycetes,1.00,Chaetothyriales,1.00,,,,,,,+,Order,Chaetothyriales,"k:Fungi,p:Ascomycota,c:Eurotiomycetes,o:Chaetothyriales"
ASV553,Fungi,1.00,Ascomycota,1.00,Sordariomycetes,1.00,Hypocreales,1.00,Hypocreaceae,0.87,,,,,+,Family,Hypocreaceae,"k:Fungi,p:Ascomycota,c:Sordariomycetes,o:Hypocreales,f:Hypocreaceae"
ASV554,Fungi,1.00,Ascomycota,0.99,Sordariomycetes,0.89,,,,,,,,,+,Class,Sordariomycetes,"k:Fungi,p:Ascomycota,c:Sordariomycetes"
ASV556,Fungi,1.00,Basidiomycota,1.00,Tremellomycetes,0.99,Tremellales,0.99,Tremellaceae,0.99,Papiliotrema,0.94,Papiliotrema_flavescens,0.94,+,Species,Papiliotrema_flavescens,"k:Fungi,p:Basidiomycota,c:Tremellomycetes,o:Tremellales,f:Tremellaceae,g:Papiliotrema,s:Papiliotrema_flavescens"
ASV557,Fungi,1.00,Ascomycota,1.00,Sordariomycetes,0.98,Hypocreales,0.98,Nectriaceae,0.98,Fusarium,0.90,,,+,Genus,Fusarium,"k:Fungi,p:Ascomycota,c:Sordariomycetes,o:Hypocreales,f:Nectriaceae,g:Fusarium"
ASV558,Fungi,1.00,Basidiomycota,1.00,Microbotryomycetes,0.90,Sporidiobolales,0.90,Sporidiobolaceae,0.90,Rhodotorula,0.90,Rhodotorula_sp._CCFEE_5628,0.82,+,Species,Rhodotorula_sp._CCFEE_5628,"k:Fungi,p:Basidiomycota,c:Microbotryomycetes,o:Sporidiobolales,f:Sporidiobolaceae,g:Rhodotorula,s:Rhodotorula_sp._CCFEE_5628"
ASV560,Fungi,1.00,Basidiomycota,0.88,,,,,,,,,,,+,Phylum,Basidiomycota,"k:Fungi,p:Basidiomycota"
ASV56,Fungi,1.00,Basidiomycota,1.00,Cystobasidiomycetes,0.99,Cystobasidiales,0.99,Cystobasidiaceae,0.99,Cystobasidium,0.99,,,+,Genus,Cystobasidium,"k:Fungi,p:Basidiomycota,c:Cystobasidiomycetes,o:Cystobasidiales,f:Cystobasidiaceae,g:Cystobasidium"
ASV561,Fungi,1.00,Ascomycota,0.96,,,,,,,,,,,+,Phylum,Ascomycota,"k:Fungi,p:Ascomycota"
ASV555,Fungi,1.00,Ascomycota,1.00,Dothideomycetes,1.00,Mycosphaerellales,1.00,Mycosphaerellaceae,1.00,Septoria,0.94,Septoria_lycopersici_var._lycopersici,0.93,+,Species,Septoria_lycopersici_var._lycopersici,"k:Fungi,p:Ascomycota,c:Dothideomycetes,o:Mycosphaerellales,f:Mycosphaerellaceae,g:Septoria,s:Septoria_lycopersici_var._lycopersici"
ASV562,Fungi,1.00,Basidiomycota,0.88,,,,,,,,,,,+,Phylum,Basidiomycota,"k:Fungi,p:Basidiomycota"
ASV563,Fungi,1.00,Ascomycota,1.00,Leotiomycetes,1.00,Helotiales,1.00,Sclerotiniaceae,1.00,,,,,+,Family,Sclerotiniaceae,"k:Fungi,p:Ascomycota,c:Leotiomycetes,o:Helotiales,f:Sclerotiniaceae"
ASV564,Fungi,1.00,Ascomycota,0.88,,,,,,,,,,,+,Phylum,Ascomycota,"k:Fungi,p:Ascomycota"
ASV559,Fungi,1.00,Mucoromycota,1.00,Mucoromycetes,1.00,Mucorales,1.00,Lichtheimiaceae,1.00,Rhizomucor,1.00,Rhizomucor_pusillus,1.00,+,Species,Rhizomucor_pusillus,"k:Fungi,p:Mucoromycota,c:Mucoromycetes,o:Mucorales,f:Lichtheimiaceae,g:Rhizomucor,s:Rhizomucor_pusillus"
ASV565,Fungi,1.00,,,,,,,,,,,,,+,Kingdom,Fungi,k:Fungi
ASV566,Fungi,1.00,Basidiomycota,1.00,,,,,,,,,,,+,Phylum,Basidiomycota,"k:Fungi,p:Basidiomycota"
ASV567,Fungi,1.00,Basidiomycota,1.00,Agaricomycetes,1.00,Agaricales,1.00,Cortinariaceae,1.00,Cortinarius,1.00,Cortinarius_percomis,1.00,+,Species,Cortinarius_percomis,"k:Fungi,p:Basidiomycota,c:Agaricomycetes,o:Agaricales,f:Cortinariaceae,g:Cortinarius,s:Cortinarius_percomis"
ASV569,Fungi,1.00,Ascomycota,0.99,,,,,,,,,,,+,Phylum,Ascomycota,"k:Fungi,p:Ascomycota"
ASV570,Fungi,1.00,Basidiomycota,0.89,,,,,,,,,,,+,Phylum,Basidiomycota,"k:Fungi,p:Basidiomycota"
ASV57,Fungi,1.00,Ascomycota,1.00,Sordariomycetes,1.00,Hypocreales,0.99,,,,,,,+,Order,Hypocreales,"k:Fungi,p:Ascomycota,c:Sordariomycetes,o:Hypocreales"
ASV573,Fungi,1.00,,,,,,,,,,,,,+,Kingdom,Fungi,k:Fungi
ASV572,Fungi,1.00,Basidiomycota,1.00,Tremellomycetes,1.00,,,,,,,,,+,Class,Tremellomycetes,"k:Fungi,p:Basidiomycota,c:Tremellomycetes"
ASV574,Fungi,1.00,Ascomycota,1.00,Dothideomycetes,0.88,Mycosphaerellales,0.82,,,,,,,+,Order,Mycosphaerellales,"k:Fungi,p:Ascomycota,c:Dothideomycetes,o:Mycosphaerellales"
ASV575,Fungi,1.00,Basidiomycota,1.00,Agaricomycetes,1.00,Russulales,1.00,Auriscalpiaceae,1.00,Lentinellus,1.00,,,+,Genus,Lentinellus,"k:Fungi,p:Basidiomycota,c:Agaricomycetes,o:Russulales,f:Auriscalpiaceae,g:Lentinellus"
ASV576,Fungi,1.00,Ascomycota,1.00,Eurotiomycetes,0.99,Chaetothyriales,0.99,Herpotrichiellaceae,0.99,Phaeococcomyces,0.99,,,+,Genus,Phaeococcomyces,"k:Fungi,p:Ascomycota,c:Eurotiomycetes,o:Chaetothyriales,f:Herpotrichiellaceae,g:Phaeococcomyces"
ASV577,Fungi,1.00,Ascomycota,0.91,,,,,,,,,,,+,Phylum,Ascomycota,"k:Fungi,p:Ascomycota"
ASV568,Fungi,1.00,Ascomycota,1.00,Dothideomycetes,1.00,,,,,,,,,+,Class,Dothideomycetes,"k:Fungi,p:Ascomycota,c:Dothideomycetes"
ASV578,Fungi,1.00,Ascomycota,1.00,Dothideomycetes,1.00,Pleosporales,0.96,Lophiostomataceae,0.89,Lophiostoma,0.89,Lophiostoma_corticola,0.89,+,Species,Lophiostoma_corticola,"k:Fungi,p:Ascomycota,c:Dothideomycetes,o:Pleosporales,f:Lophiostomataceae,g:Lophiostoma,s:Lophiostoma_corticola"
ASV579,Fungi,1.00,Ascomycota,1.00,Sordariomycetes,1.00,Xylariales,0.97,Diatrypaceae,0.90,,,,,+,Family,Diatrypaceae,"k:Fungi,p:Ascomycota,c:Sordariomycetes,o:Xylariales,f:Diatrypaceae"
ASV58,Fungi,1.00,,,,,,,,,,,,,+,Kingdom,Fungi,k:Fungi
ASV571,Fungi,1.00,Ascomycota,0.87,,,,,,,,,,,+,Phylum,Ascomycota,"k:Fungi,p:Ascomycota"
ASV580,Fungi,1.00,Ascomycota,1.00,Sordariomycetes,0.84,Diaporthales,0.84,Diaporthaceae,0.84,Diaporthe,0.84,Diaporthe_eres,0.84,+,Species,Diaporthe_eres,"k:Fungi,p:Ascomycota,c:Sordariomycetes,o:Diaporthales,f:Diaporthaceae,g:Diaporthe,s:Diaporthe_eres"
ASV581,Fungi,1.00,Ascomycota,1.00,Eurotiomycetes,1.00,Eurotiales,1.00,Trichocomaceae,1.00,Penicillium,1.00,,,+,Genus,Penicillium,"k:Fungi,p:Ascomycota,c:Eurotiomycetes,o:Eurotiales,f:Trichocomaceae,g:Penicillium"
ASV583,Fungi,1.00,Ascomycota,1.00,Saccharomycetes,1.00,Saccharomycetales,1.00,Saccharomycetaceae,0.97,Candida,0.97,Candida_sake,0.97,-,Species,Candida_sake,"k:Fungi,p:Ascomycota,c:Saccharomycetes,o:Saccharomycetales,f:Saccharomycetaceae,g:Candida,s:Candida_sake"
ASV586,Fungi,1.00,Basidiomycota,1.00,Agaricostilbomycetes,0.84,Spiculogloeales,0.84,Spiculogloeaceae,0.84,Phyllozyma,0.84,Phyllozyma_aceris,0.84,+,Species,Phyllozyma_aceris,"k:Fungi,p:Basidiomycota,c:Agaricostilbomycetes,o:Spiculogloeales,f:Spiculogloeaceae,g:Phyllozyma,s:Phyllozyma_aceris"
ASV585,Fungi,1.00,Basidiomycota,0.98,Agaricostilbomycetes,0.96,Agaricostilbales,0.96,Chionosphaeraceae,0.94,Kurtzmanomyces,0.91,Kurtzmanomyces_sp._CBS_12709,0.83,+,Species,Kurtzmanomyces_sp._CBS_12709,"k:Fungi,p:Basidiomycota,c:Agaricostilbomycetes,o:Agaricostilbales,f:Chionosphaeraceae,g:Kurtzmanomyces,s:Kurtzmanomyces_sp._CBS_12709"
ASV587,Fungi,1.00,Ascomycota,1.00,Sordariomycetes,1.00,Hypocreales,1.00,Hypocreaceae,1.00,Hypocrea,1.00,Hypocrea_gelatinosa,1.00,+,Species,Hypocrea_gelatinosa,"k:Fungi,p:Ascomycota,c:Sordariomycetes,o:Hypocreales,f:Hypocreaceae,g:Hypocrea,s:Hypocrea_gelatinosa"
ASV589,Fungi,1.00,Basidiomycota,1.00,Agaricomycetes,1.00,Boletales,1.00,Boletaceae,1.00,,,,,+,Family,Boletaceae,"k:Fungi,p:Basidiomycota,c:Agaricomycetes,o:Boletales,f:Boletaceae"
ASV59,Fungi,1.00,Ascomycota,1.00,Ascomycota_class_incertae_sedis,1.00,Ascomycota_order_incertae_sedis,1.00,Pseudeurotiaceae,1.00,Pseudogymnoascus,1.00,Pseudogymnoascus_pannorum,1.00,+,Species,Pseudogymnoascus_pannorum,"k:Fungi,p:Ascomycota,c:Ascomycota_class_incertae_sedis,o:Ascomycota_order_incertae_sedis,f:Pseudeurotiaceae,g:Pseudogymnoascus,s:Pseudogymnoascus_pannorum"
ASV590,Fungi,1.00,Basidiomycota,1.00,Agaricomycetes,1.00,Agaricales,1.00,Psathyrellaceae,1.00,Coprinellus,1.00,Coprinellus_xanthothrix,0.99,+,Species,Coprinellus_xanthothrix,"k:Fungi,p:Basidiomycota,c:Agaricomycetes,o:Agaricales,f:Psathyrellaceae,g:Coprinellus,s:Coprinellus_xanthothrix"
ASV584,Fungi,1.00,Ascomycota,1.00,Dothideomycetes,0.94,Pleosporales,0.94,Pleosporales_incertae_sedis,0.94,Paraconiothyrium,0.87,,,+,Genus,Paraconiothyrium,"k:Fungi,p:Ascomycota,c:Dothideomycetes,o:Pleosporales,f:Pleosporales_incertae_sedis,g:Paraconiothyrium"
ASV591,Fungi,1.00,Basidiomycota,1.00,Agaricomycetes,1.00,Agaricales,1.00,,,,,,,+,Order,Agaricales,"k:Fungi,p:Basidiomycota,c:Agaricomycetes,o:Agaricales"
ASV592,Fungi,1.00,Basidiomycota,1.00,Agaricomycetes,1.00,Thelephorales,1.00,Thelephoraceae,1.00,Tomentella,1.00,Tomentella_sp.,1.00,+,Species,Tomentella_sp.,"k:Fungi,p:Basidiomycota,c:Agaricomycetes,o:Thelephorales,f:Thelephoraceae,g:Tomentella,s:Tomentella_sp."
ASV593,Fungi,1.00,,,,,,,,,,,,,+,Kingdom,Fungi,k:Fungi
ASV588,Fungi,1.00,,,,,,,,,,,,,+,Kingdom,Fungi,k:Fungi
ASV594,Fungi,1.00,Ascomycota,0.99,,,,,,,,,,,+,Phylum,Ascomycota,"k:Fungi,p:Ascomycota"
ASV595,Fungi,1.00,Ascomycota,0.97,,,,,,,,,,,+,Phylum,Ascomycota,"k:Fungi,p:Ascomycota"
ASV596,Fungi,1.00,Basidiomycota,1.00,Agaricomycetes,1.00,Polyporales,1.00,Sistotremataceae,1.00,Trechispora,1.00,Trechispora_sp.,0.83,+,Species,Trechispora_sp.,"k:Fungi,p:Basidiomycota,c:Agaricomycetes,o:Polyporales,f:Sistotremataceae,g:Trechispora,s:Trechispora_sp."
ASV598,Fungi,1.00,Ascomycota,1.00,Eurotiomycetes,1.00,Chaetothyriales,1.00,,,,,,,+,Order,Chaetothyriales,"k:Fungi,p:Ascomycota,c:Eurotiomycetes,o:Chaetothyriales"
ASV599,Fungi,1.00,Ascomycota,0.99,Ascomycota_class_incertae_sedis,0.96,Ascomycota_order_incertae_sedis,0.96,Ascomycota_family_incertae_sedis,0.96,Dendryphion,0.96,,,+,Genus,Dendryphion,"k:Fungi,p:Ascomycota,c:Ascomycota_class_incertae_sedis,o:Ascomycota_order_incertae_sedis,f:Ascomycota_family_incertae_sedis,g:Dendryphion"
ASV6,Fungi,1.00,Basidiomycota,1.00,Tremellomycetes,1.00,Cystofilobasidiales,1.00,Mrakiaceae,1.00,Tausonia,1.00,Tausonia_pullulans,1.00,+,Species,Tausonia_pullulans,"k:Fungi,p:Basidiomycota,c:Tremellomycetes,o:Cystofilobasidiales,f:Mrakiaceae,g:Tausonia,s:Tausonia_pullulans"
ASV600,Fungi,1.00,Basidiomycota,1.00,Tremellomycetes,0.94,Tremellales,0.94,,,,,,,+,Order,Tremellales,"k:Fungi,p:Basidiomycota,c:Tremellomycetes,o:Tremellales"
ASV601,Fungi,1.00,Ascomycota,0.94,Sordariomycetes,0.85,,,,,,,,,+,Class,Sordariomycetes,"k:Fungi,p:Ascomycota,c:Sordariomycetes"
ASV602,Fungi,1.00,Ascomycota,1.00,Sordariomycetes,0.80,Diaporthales,0.80,Diaporthaceae,0.80,Diaporthe,0.80,Diaporthe_cf._nobilis,0.80,+,Species,Diaporthe_cf._nobilis,"k:Fungi,p:Ascomycota,c:Sordariomycetes,o:Diaporthales,f:Diaporthaceae,g:Diaporthe,s:Diaporthe_cf._nobilis"
ASV597,Fungi,1.00,Basidiomycota,1.00,Tremellomycetes,0.99,Tremellales,0.99,Tremellaceae,0.98,Bulleribasidium,0.98,Bulleribasidium_oberjochense,0.98,+,Species,Bulleribasidium_oberjochense,"k:Fungi,p:Basidiomycota,c:Tremellomycetes,o:Tremellales,f:Tremellaceae,g:Bulleribasidium,s:Bulleribasidium_oberjochense"
ASV603,Fungi,1.00,Basidiomycota,1.00,Agaricomycetes,1.00,Agaricales,1.00,Strophariaceae,1.00,Stropharia,1.00,Stropharia_aeruginosa,0.83,+,Species,Stropharia_aeruginosa,"k:Fungi,p:Basidiomycota,c:Agaricomycetes,o:Agaricales,f:Strophariaceae,g:Stropharia,s:Stropharia_aeruginosa"
ASV604,Fungi,1.00,Ascomycota,0.89,,,,,,,,,,,+,Phylum,Ascomycota,"k:Fungi,p:Ascomycota"
ASV605,Fungi,1.00,Basidiomycota,1.00,,,,,,,,,,,+,Phylum,Basidiomycota,"k:Fungi,p:Basidiomycota"
ASV60,Fungi,1.00,Ascomycota,1.00,Sordariomycetes,1.00,Sordariales,1.00,Lasiosphaeriaceae,1.00,Podospora,1.00,Podospora_longicollis,1.00,+,Species,Podospora_longicollis,"k:Fungi,p:Ascomycota,c:Sordariomycetes,o:Sordariales,f:Lasiosphaeriaceae,g:Podospora,s:Podospora_longicollis"
ASV606,Fungi,1.00,Basidiomycota,1.00,Agaricomycetes,1.00,Agaricales,1.00,Physalacriaceae,0.99,Armillaria,0.99,,,+,Genus,Armillaria,"k:Fungi,p:Basidiomycota,c:Agaricomycetes,o:Agaricales,f:Physalacriaceae,g:Armillaria"
ASV607,Fungi,1.00,Basidiomycota,1.00,Tremellomycetes,1.00,Tremellales,1.00,Tremellaceae,0.98,,,,,+,Family,Tremellaceae,"k:Fungi,p:Basidiomycota,c:Tremellomycetes,o:Tremellales,f:Tremellaceae"
ASV609,Fungi,1.00,Ascomycota,1.00,Pezizomycetes,0.97,Pezizales,0.97,,,,,,,+,Order,Pezizales,"k:Fungi,p:Ascomycota,c:Pezizomycetes,o:Pezizales"
ASV611,Fungi,1.00,Ascomycota,1.00,Sordariomycetes,0.99,Xylariales,0.97,Diatrypaceae,0.91,,,,,+,Family,Diatrypaceae,"k:Fungi,p:Ascomycota,c:Sordariomycetes,o:Xylariales,f:Diatrypaceae"
ASV610,Fungi,1.00,Basidiomycota,1.00,,,,,,,,,,,+,Phylum,Basidiomycota,"k:Fungi,p:Basidiomycota"
ASV612,Fungi,1.00,Basidiomycota,1.00,Agaricomycetes,1.00,Agaricales,1.00,Agaricaceae,1.00,Coprinus,1.00,Coprinus_foetidellus,1.00,+,Species,Coprinus_foetidellus,"k:Fungi,p:Basidiomycota,c:Agaricomycetes,o:Agaricales,f:Agaricaceae,g:Coprinus,s:Coprinus_foetidellus"
ASV614,Fungi,1.00,Ascomycota,1.00,,,,,,,,,,,+,Phylum,Ascomycota,"k:Fungi,p:Ascomycota"
ASV615,Fungi,1.00,Basidiomycota,1.00,Tremellomycetes,1.00,Filobasidiales,1.00,Piskurozymaceae,1.00,Piskurozyma,1.00,,,-,Genus,Piskurozyma,"k:Fungi,p:Basidiomycota,c:Tremellomycetes,o:Filobasidiales,f:Piskurozymaceae,g:Piskurozyma"
ASV616,Fungi,1.00,,,,,,,,,,,,,+,Kingdom,Fungi,k:Fungi
ASV61,Fungi,1.00,Basidiomycota,1.00,Agaricomycetes,1.00,Agaricales,1.00,Psathyrellaceae,1.00,Coprinopsis,1.00,Coprinopsis_stercorea,0.94,+,Species,Coprinopsis_stercorea,"k:Fungi,p:Basidiomycota,c:Agaricomycetes,o:Agaricales,f:Psathyrellaceae,g:Coprinopsis,s:Coprinopsis_stercorea"
ASV619,Fungi,1.00,,,,,,,,,,,,,+,Kingdom,Fungi,k:Fungi
ASV618,Fungi,1.00,Basidiomycota,1.00,Agaricomycetes,1.00,Agaricales,1.00,Cortinariaceae,0.99,,,,,+,Family,Cortinariaceae,"k:Fungi,p:Basidiomycota,c:Agaricomycetes,o:Agaricales,f:Cortinariaceae"
ASV617,Fungi,1.00,Ascomycota,0.99,,,,,,,,,,,+,Phylum,Ascomycota,"k:Fungi,p:Ascomycota"
ASV62,Fungi,1.00,,,,,,,,,,,,,+,Kingdom,Fungi,k:Fungi
ASV613,Fungi,1.00,Basidiomycota,1.00,Agaricomycetes,1.00,Polyporales,1.00,Ganodermataceae,1.00,Ganoderma,1.00,Ganoderma_applanatum,0.97,+,Species,Ganoderma_applanatum,"k:Fungi,p:Basidiomycota,c:Agaricomycetes,o:Polyporales,f:Ganodermataceae,g:Ganoderma,s:Ganoderma_applanatum"
ASV620,Fungi,1.00,Ascomycota,1.00,Dothideomycetes,1.00,,,,,,,,,+,Class,Dothideomycetes,"k:Fungi,p:Ascomycota,c:Dothideomycetes"
ASV621,Fungi,1.00,Basidiomycota,1.00,Agaricomycetes,1.00,Geastrales,1.00,,,Sphaerobolus,1.00,Sphaerobolus_ingoldii,1.00,+,Species,Sphaerobolus_ingoldii,"k:Fungi,p:Basidiomycota,c:Agaricomycetes,o:Geastrales,g:Sphaerobolus,s:Sphaerobolus_ingoldii"
ASV623,Fungi,1.00,Ascomycota,1.00,Leotiomycetes,1.00,Helotiales,1.00,,,Pilidium,1.00,Pilidium_acerinum,0.85,+,Species,Pilidium_acerinum,"k:Fungi,p:Ascomycota,c:Leotiomycetes,o:Helotiales,g:Pilidium,s:Pilidium_acerinum"
ASV624,Fungi,1.00,Basidiomycota,1.00,Agaricomycetes,1.00,Agaricales,1.00,Physalacriaceae,1.00,Armillaria,1.00,,,+,Genus,Armillaria,"k:Fungi,p:Basidiomycota,c:Agaricomycetes,o:Agaricales,f:Physalacriaceae,g:Armillaria"
ASV625,Fungi,1.00,Ascomycota,1.00,Dothideomycetes,1.00,Pleosporales,0.99,,,Pseudorobillarda,0.99,,,+,Genus,Pseudorobillarda,"k:Fungi,p:Ascomycota,c:Dothideomycetes,o:Pleosporales,g:Pseudorobillarda"
ASV626,Fungi,1.00,Ascomycota,1.00,Sordariomycetes,1.00,Xylariales,1.00,Xylariaceae,1.00,Biscogniauxia,1.00,Biscogniauxia_mediterranea,0.99,+,Species,Biscogniauxia_mediterranea,"k:Fungi,p:Ascomycota,c:Sordariomycetes,o:Xylariales,f:Xylariaceae,g:Biscogniauxia,s:Biscogniauxia_mediterranea"
ASV628,Fungi,1.00,Basidiomycota,1.00,Agaricomycetes,1.00,Polyporales,1.00,Ganodermataceae,1.00,Ganoderma,1.00,Ganoderma_applanatum,0.91,+,Species,Ganoderma_applanatum,"k:Fungi,p:Basidiomycota,c:Agaricomycetes,o:Polyporales,f:Ganodermataceae,g:Ganoderma,s:Ganoderma_applanatum"
ASV629,Fungi,1.00,Ascomycota,1.00,Sordariomycetes,0.94,Sordariales,0.90,,,,,,,+,Order,Sordariales,"k:Fungi,p:Ascomycota,c:Sordariomycetes,o:Sordariales"
ASV630,Fungi,1.00,Basidiomycota,0.99,Tremellomycetes,0.99,Tremellales,0.99,,,Dioszegia,0.99,Dioszegia_crocea,0.98,+,Species,Dioszegia_crocea,"k:Fungi,p:Basidiomycota,c:Tremellomycetes,o:Tremellales,g:Dioszegia,s:Dioszegia_crocea"
ASV63,Fungi,1.00,Basidiomycota,1.00,Agaricomycetes,1.00,Agaricales,1.00,Psathyrellaceae,1.00,Coprinopsis,1.00,,,+,Genus,Coprinopsis,"k:Fungi,p:Basidiomycota,c:Agaricomycetes,o:Agaricales,f:Psathyrellaceae,g:Coprinopsis"
ASV631,Fungi,1.00,Basidiomycota,1.00,,,,,,,,,,,+,Phylum,Basidiomycota,"k:Fungi,p:Basidiomycota"
ASV622,Fungi,1.00,Basidiomycota,1.00,Tremellomycetes,1.00,Tremellales,1.00,Tremellaceae,1.00,Cryptococcus,0.99,Cryptococcus_wisconsinensis,0.99,-,Species,Cryptococcus_wisconsinensis,"k:Fungi,p:Basidiomycota,c:Tremellomycetes,o:Tremellales,f:Tremellaceae,g:Cryptococcus,s:Cryptococcus_wisconsinensis"
ASV632,Fungi,1.00,,,,,,,,,,,,,+,Kingdom,Fungi,k:Fungi
ASV627,Fungi,1.00,Basidiomycota,1.00,Agaricomycetes,1.00,Agaricales,1.00,Agaricaceae,1.00,Cystolepiota,1.00,Cystolepiota_bucknallii,1.00,+,Species,Cystolepiota_bucknallii,"k:Fungi,p:Basidiomycota,c:Agaricomycetes,o:Agaricales,f:Agaricaceae,g:Cystolepiota,s:Cystolepiota_bucknallii"
ASV633,Fungi,1.00,Basidiomycota,1.00,Tremellomycetes,0.82,Tremellales,0.80,,,,,,,+,Order,Tremellales,"k:Fungi,p:Basidiomycota,c:Tremellomycetes,o:Tremellales"
ASV634,Fungi,1.00,Ascomycota,1.00,,,,,,,,,,,+,Phylum,Ascomycota,"k:Fungi,p:Ascomycota"
ASV636,Fungi,1.00,Ascomycota,1.00,Sordariomycetes,1.00,Xylariales,1.00,Xylariaceae,1.00,Hypoxylon,1.00,Hypoxylon_howeanum,1.00,+,Species,Hypoxylon_howeanum,"k:Fungi,p:Ascomycota,c:Sordariomycetes,o:Xylariales,f:Xylariaceae,g:Hypoxylon,s:Hypoxylon_howeanum"
ASV635,Fungi,1.00,Ascomycota,1.00,Dothideomycetes,0.89,Pleosporales,0.89,,,,,,,+,Order,Pleosporales,"k:Fungi,p:Ascomycota,c:Dothideomycetes,o:Pleosporales"
ASV637,Fungi,1.00,Ascomycota,0.98,Dothideomycetes,0.91,Pleosporales,0.90,,,,,,,+,Order,Pleosporales,"k:Fungi,p:Ascomycota,c:Dothideomycetes,o:Pleosporales"
ASV639,Fungi,1.00,Ascomycota,1.00,Dothideomycetes,1.00,Microthyriales,1.00,Leptopeltidaceae,1.00,Dothiopeltis,1.00,Dothiopeltis_n._sp.,1.00,+,Species,Dothiopeltis_n._sp.,"k:Fungi,p:Ascomycota,c:Dothideomycetes,o:Microthyriales,f:Leptopeltidaceae,g:Dothiopeltis,s:Dothiopeltis_n._sp."
ASV640,Fungi,1.00,Ascomycota,1.00,Ascomycota_class_incertae_sedis,0.97,Ascomycota_order_incertae_sedis,0.97,Ascomycota_family_incertae_sedis,0.97,Plectosphaerella,0.97,Plectosphaerella_cucumerina,0.87,+,Species,Plectosphaerella_cucumerina,"k:Fungi,p:Ascomycota,c:Ascomycota_class_incertae_sedis,o:Ascomycota_order_incertae_sedis,f:Ascomycota_family_incertae_sedis,g:Plectosphaerella,s:Plectosphaerella_cucumerina"
ASV641,Fungi,1.00,Basidiomycota,1.00,Ustilaginomycetes,1.00,Ustilaginales,1.00,,,Farysizyma,1.00,Farysizyma_itapuensis,1.00,+,Species,Farysizyma_itapuensis,"k:Fungi,p:Basidiomycota,c:Ustilaginomycetes,o:Ustilaginales,g:Farysizyma,s:Farysizyma_itapuensis"
ASV642,Fungi,1.00,,,,,,,,,,,,,+,Kingdom,Fungi,k:Fungi
ASV644,Fungi,1.00,Mucoromycota,1.00,Mucoromycetes,1.00,Mucorales,1.00,Pilobolaceae,1.00,Pilobolus,1.00,Pilobolus_crystallinus,1.00,+,Species,Pilobolus_crystallinus,"k:Fungi,p:Mucoromycota,c:Mucoromycetes,o:Mucorales,f:Pilobolaceae,g:Pilobolus,s:Pilobolus_crystallinus"
ASV643,Fungi,1.00,Ascomycota,0.84,,,,,,,,,,,+,Phylum,Ascomycota,"k:Fungi,p:Ascomycota"
ASV645,Fungi,1.00,Ascomycota,1.00,Sordariomycetes,1.00,Xylariales,1.00,Xylariales_incertae_sedis,1.00,Microdochium,1.00,Microdochium_phragmitis,0.99,+,Species,Microdochium_phragmitis,"k:Fungi,p:Ascomycota,c:Sordariomycetes,o:Xylariales,f:Xylariales_incertae_sedis,g:Microdochium,s:Microdochium_phragmitis"
ASV638,Fungi,1.00,Basidiomycota,1.00,Tremellomycetes,1.00,Tremellales,1.00,Bulleribasidiaceae,1.00,Vishniacozyma,1.00,Vishniacozyma_carnescens,1.00,-,Species,Vishniacozyma_carnescens,"k:Fungi,p:Basidiomycota,c:Tremellomycetes,o:Tremellales,f:Bulleribasidiaceae,g:Vishniacozyma,s:Vishniacozyma_carnescens"
ASV646,Fungi,1.00,,,,,,,,,,,,,+,Kingdom,Fungi,k:Fungi
ASV647,Fungi,1.00,Basidiomycota,1.00,Agaricomycetes,1.00,Agaricales,1.00,Agaricaceae,1.00,Cyathus,1.00,Cyathus_striatus,1.00,+,Species,Cyathus_striatus,"k:Fungi,p:Basidiomycota,c:Agaricomycetes,o:Agaricales,f:Agaricaceae,g:Cyathus,s:Cyathus_striatus"
ASV64,Fungi,1.00,Ascomycota,1.00,Eurotiomycetes,1.00,Eurotiales,1.00,Trichocomaceae,1.00,Penicillium,1.00,,,+,Genus,Penicillium,"k:Fungi,p:Ascomycota,c:Eurotiomycetes,o:Eurotiales,f:Trichocomaceae,g:Penicillium"
ASV648,Fungi,1.00,Basidiomycota,1.00,Agaricomycetes,1.00,,,,,,,,,+,Class,Agaricomycetes,"k:Fungi,p:Basidiomycota,c:Agaricomycetes"
ASV65,Fungi,1.00,Basidiomycota,1.00,Agaricomycetes,1.00,Agaricales,1.00,Psathyrellaceae,1.00,Coprinellus,1.00,,,+,Genus,Coprinellus,"k:Fungi,p:Basidiomycota,c:Agaricomycetes,o:Agaricales,f:Psathyrellaceae,g:Coprinellus"
ASV649,Fungi,1.00,,,,,,,,,,,,,+,Kingdom,Fungi,k:Fungi
ASV650,Fungi,1.00,Ascomycota,1.00,Sordariomycetes,0.82,,,,,,,,,+,Class,Sordariomycetes,"k:Fungi,p:Ascomycota,c:Sordariomycetes"
ASV652,Fungi,1.00,Ascomycota,1.00,Dothideomycetes,1.00,Pleosporales,1.00,,,,,,,+,Order,Pleosporales,"k:Fungi,p:Ascomycota,c:Dothideomycetes,o:Pleosporales"
ASV653,Fungi,1.00,Basidiomycota,1.00,Agaricomycetes,1.00,Agaricales,1.00,Agaricaceae,1.00,Lycoperdon,1.00,Lycoperdon_pyriforme,0.94,+,Species,Lycoperdon_pyriforme,"k:Fungi,p:Basidiomycota,c:Agaricomycetes,o:Agaricales,f:Agaricaceae,g:Lycoperdon,s:Lycoperdon_pyriforme"
ASV655,Fungi,1.00,Ascomycota,1.00,,,,,,,,,,,+,Phylum,Ascomycota,"k:Fungi,p:Ascomycota"
ASV656,Fungi,1.00,Ascomycota,1.00,Dothideomycetes,1.00,Pleosporales,1.00,,,,,,,+,Order,Pleosporales,"k:Fungi,p:Ascomycota,c:Dothideomycetes,o:Pleosporales"
ASV657,Fungi,1.00,Ascomycota,1.00,,,,,,,,,,,+,Phylum,Ascomycota,"k:Fungi,p:Ascomycota"
ASV658,Fungi,1.00,Ascomycota,1.00,Sordariomycetes,0.89,Coniochaetales,0.87,Coniochaetaceae,0.87,,,,,+,Family,Coniochaetaceae,"k:Fungi,p:Ascomycota,c:Sordariomycetes,o:Coniochaetales,f:Coniochaetaceae"
ASV651,Fungi,1.00,Ascomycota,1.00,Sordariomycetes,0.82,Hypocreales,0.82,Bionectriaceae,0.82,Myrothecium,0.82,,,+,Genus,Myrothecium,"k:Fungi,p:Ascomycota,c:Sordariomycetes,o:Hypocreales,f:Bionectriaceae,g:Myrothecium"
ASV659,Fungi,1.00,Basidiomycota,0.99,Agaricostilbomycetes,0.99,Spiculogloeales,0.99,Spiculogloeaceae,0.99,Phyllozyma,0.99,Phyllozyma_coprosmicola,0.99,-,Species,Phyllozyma_coprosmicola,"k:Fungi,p:Basidiomycota,c:Agaricostilbomycetes,o:Spiculogloeales,f:Spiculogloeaceae,g:Phyllozyma,s:Phyllozyma_coprosmicola"
ASV66,Fungi,1.00,Basidiomycota,1.00,Agaricomycetes,1.00,Geastrales,1.00,,,Sphaerobolus,1.00,Sphaerobolus_iowensis,1.00,+,Species,Sphaerobolus_iowensis,"k:Fungi,p:Basidiomycota,c:Agaricomycetes,o:Geastrales,g:Sphaerobolus,s:Sphaerobolus_iowensis"
ASV654,Fungi,1.00,Ascomycota,0.98,,,,,,,,,,,+,Phylum,Ascomycota,"k:Fungi,p:Ascomycota"
ASV660,Fungi,1.00,Ascomycota,1.00,Sordariomycetes,1.00,Hypocreales,1.00,Bionectriaceae,1.00,Stachybotrys,1.00,Stachybotrys_chartarum,0.94,+,Species,Stachybotrys_chartarum,"k:Fungi,p:Ascomycota,c:Sordariomycetes,o:Hypocreales,f:Bionectriaceae,g:Stachybotrys,s:Stachybotrys_chartarum"
ASV661,Fungi,1.00,Basidiomycota,1.00,,,,,,,,,,,+,Phylum,Basidiomycota,"k:Fungi,p:Basidiomycota"
ASV662,Fungi,1.00,Ascomycota,0.99,,,,,,,,,,,+,Phylum,Ascomycota,"k:Fungi,p:Ascomycota"
ASV663,Fungi,1.00,Basidiomycota,0.99,Tremellomycetes,0.98,Tremellales,0.98,Tremellales_incertae_sedis,0.96,Hannaella,0.96,Hannaella_oryzae,0.95,+,Species,Hannaella_oryzae,"k:Fungi,p:Basidiomycota,c:Tremellomycetes,o:Tremellales,f:Tremellales_incertae_sedis,g:Hannaella,s:Hannaella_oryzae"
ASV665,Fungi,1.00,Basidiomycota,1.00,Microbotryomycetes,1.00,Sporidiobolales,1.00,Sporidiobolaceae,1.00,Rhodosporidiobolus,0.96,Rhodosporidiobolus_colostri,0.96,+,Species,Rhodosporidiobolus_colostri,"k:Fungi,p:Basidiomycota,c:Microbotryomycetes,o:Sporidiobolales,f:Sporidiobolaceae,g:Rhodosporidiobolus,s:Rhodosporidiobolus_colostri"
ASV666,Fungi,1.00,Ascomycota,1.00,Dothideomycetes,0.90,Pleosporales,0.90,,,,,,,+,Order,Pleosporales,"k:Fungi,p:Ascomycota,c:Dothideomycetes,o:Pleosporales"
ASV668,Fungi,1.00,Ascomycota,1.00,Dothideomycetes,0.82,Pleosporales,0.82,Pleosporales_incertae_sedis,0.82,Epicoccum,0.82,,,+,Genus,Epicoccum,"k:Fungi,p:Ascomycota,c:Dothideomycetes,o:Pleosporales,f:Pleosporales_incertae_sedis,g:Epicoccum"
ASV669,Fungi,1.00,Ascomycota,1.00,,,,,,,,,,,+,Phylum,Ascomycota,"k:Fungi,p:Ascomycota"
ASV67,Fungi,1.00,Ascomycota,1.00,Dothideomycetes,1.00,Botryosphaeriales,0.96,Botryosphaeriaceae,0.96,Microdiplodia,0.96,Microdiplodia_sp._A18,0.96,+,Species,Microdiplodia_sp._A18,"k:Fungi,p:Ascomycota,c:Dothideomycetes,o:Botryosphaeriales,f:Botryosphaeriaceae,g:Microdiplodia,s:Microdiplodia_sp._A18"
ASV670,Fungi,1.00,Basidiomycota,1.00,Agaricomycetes,1.00,Thelephorales,1.00,Thelephoraceae,1.00,Tomentella,1.00,Tomentella_bryophila,0.99,+,Species,Tomentella_bryophila,"k:Fungi,p:Basidiomycota,c:Agaricomycetes,o:Thelephorales,f:Thelephoraceae,g:Tomentella,s:Tomentella_bryophila"
ASV671,Fungi,1.00,Basidiomycota,1.00,Agaricomycetes,1.00,Boletales,1.00,Paxillaceae,1.00,Paxillus,1.00,Paxillus_involutus,0.99,+,Species,Paxillus_involutus,"k:Fungi,p:Basidiomycota,c:Agaricomycetes,o:Boletales,f:Paxillaceae,g:Paxillus,s:Paxillus_involutus"
ASV664,Fungi,1.00,Ascomycota,1.00,Leotiomycetes,1.00,Helotiales,1.00,,,Pilidium,1.00,Pilidium_concavum,1.00,+,Species,Pilidium_concavum,"k:Fungi,p:Ascomycota,c:Leotiomycetes,o:Helotiales,g:Pilidium,s:Pilidium_concavum"
ASV672,Fungi,1.00,Basidiomycota,0.99,Tremellomycetes,0.99,Tremellales,0.99,Trimorphomycetaceae,0.99,Carlosrosaea,0.99,Carlosrosaea_foliicola,0.99,-,Species,Carlosrosaea_foliicola,"k:Fungi,p:Basidiomycota,c:Tremellomycetes,o:Tremellales,f:Trimorphomycetaceae,g:Carlosrosaea,s:Carlosrosaea_foliicola"
ASV674,Fungi,1.00,,,,,,,,,,,,,+,Kingdom,Fungi,k:Fungi
ASV673,Fungi,1.00,Ascomycota,1.00,Eurotiomycetes,1.00,Chaetothyriales,1.00,,,,,,,+,Order,Chaetothyriales,"k:Fungi,p:Ascomycota,c:Eurotiomycetes,o:Chaetothyriales"
ASV667,Fungi,1.00,,,,,,,,,,,,,+,Kingdom,Fungi,k:Fungi
ASV675,Fungi,1.00,Basidiomycota,1.00,Cystobasidiomycetes,1.00,Cystobasidiales,1.00,Cystobasidiaceae,1.00,Cystobasidium,1.00,Cystobasidium_raffinophilum,0.83,-,Species,Cystobasidium_raffinophilum,"k:Fungi,p:Basidiomycota,c:Cystobasidiomycetes,o:Cystobasidiales,f:Cystobasidiaceae,g:Cystobasidium,s:Cystobasidium_raffinophilum"
ASV676,Fungi,1.00,Ascomycota,1.00,Dothideomycetes,0.88,Pleosporales,0.88,,,,,,,+,Order,Pleosporales,"k:Fungi,p:Ascomycota,c:Dothideomycetes,o:Pleosporales"
ASV677,Fungi,1.00,Basidiomycota,1.00,Agaricomycetes,0.98,Polyporales,0.98,Polyporaceae,0.98,Trametes,0.98,Trametes_hirsuta,0.98,+,Species,Trametes_hirsuta,"k:Fungi,p:Basidiomycota,c:Agaricomycetes,o:Polyporales,f:Polyporaceae,g:Trametes,s:Trametes_hirsuta"
ASV679,Fungi,1.00,Ascomycota,1.00,,,,,,,,,,,+,Phylum,Ascomycota,"k:Fungi,p:Ascomycota"
ASV68,Fungi,1.00,Ascomycota,1.00,Ascomycota_class_incertae_sedis,0.94,Ascomycota_order_incertae_sedis,0.94,Cephalothecaceae,0.94,,,,,+,Family,Cephalothecaceae,"k:Fungi,p:Ascomycota,c:Ascomycota_class_incertae_sedis,o:Ascomycota_order_incertae_sedis,f:Cephalothecaceae"
ASV680,Fungi,1.00,Ascomycota,1.00,Dothideomycetes,1.00,Pleosporales,1.00,,,,,,,+,Order,Pleosporales,"k:Fungi,p:Ascomycota,c:Dothideomycetes,o:Pleosporales"
ASV682,Fungi,1.00,Basidiomycota,1.00,Agaricomycetes,1.00,Agaricales,1.00,Cortinariaceae,1.00,Cortinarius,0.99,,,+,Genus,Cortinarius,"k:Fungi,p:Basidiomycota,c:Agaricomycetes,o:Agaricales,f:Cortinariaceae,g:Cortinarius"
ASV683,Fungi,1.00,Ascomycota,0.93,,,,,,,,,,,+,Phylum,Ascomycota,"k:Fungi,p:Ascomycota"
ASV684,Fungi,1.00,Basidiomycota,0.99,,,,,,,,,,,-,Phylum,Basidiomycota,"k:Fungi,p:Basidiomycota"
ASV678,Fungi,1.00,Ascomycota,1.00,Sordariomycetes,1.00,Hypocreales,1.00,Hypocreaceae,1.00,Trichoderma,1.00,Trichoderma_harzianum,0.94,+,Species,Trichoderma_harzianum,"k:Fungi,p:Ascomycota,c:Sordariomycetes,o:Hypocreales,f:Hypocreaceae,g:Trichoderma,s:Trichoderma_harzianum"
ASV685,Fungi,1.00,Basidiomycota,1.00,Agaricomycetes,1.00,Thelephorales,1.00,Thelephoraceae,1.00,Tomentella,0.96,,,+,Genus,Tomentella,"k:Fungi,p:Basidiomycota,c:Agaricomycetes,o:Thelephorales,f:Thelephoraceae,g:Tomentella"
ASV687,Fungi,1.00,Ascomycota,1.00,Dothideomycetes,1.00,Pleosporales,1.00,Thyridariaceae,1.00,Thyridaria,1.00,Thyridaria_rubronotata,1.00,+,Species,Thyridaria_rubronotata,"k:Fungi,p:Ascomycota,c:Dothideomycetes,o:Pleosporales,f:Thyridariaceae,g:Thyridaria,s:Thyridaria_rubronotata"
ASV686,Fungi,1.00,Ascomycota,1.00,Dothideomycetes,1.00,Mycosphaerellales,0.94,Mycosphaerellaceae,0.94,Pseudocercosporella,0.94,Pseudocercosporella_fraxini,0.94,+,Species,Pseudocercosporella_fraxini,"k:Fungi,p:Ascomycota,c:Dothideomycetes,o:Mycosphaerellales,f:Mycosphaerellaceae,g:Pseudocercosporella,s:Pseudocercosporella_fraxini"
ASV688,Fungi,1.00,Ascomycota,0.84,,,,,,,,,,,+,Phylum,Ascomycota,"k:Fungi,p:Ascomycota"
ASV689,Fungi,1.00,Ascomycota,1.00,,,,,,,,,,,+,Phylum,Ascomycota,"k:Fungi,p:Ascomycota"
ASV681,Fungi,1.00,Basidiomycota,1.00,,,,,,,,,,,+,Phylum,Basidiomycota,"k:Fungi,p:Basidiomycota"
ASV69,Fungi,1.00,Ascomycota,1.00,Dothideomycetes,1.00,Pleosporales,1.00,,,,,,,+,Order,Pleosporales,"k:Fungi,p:Ascomycota,c:Dothideomycetes,o:Pleosporales"
ASV691,Fungi,1.00,Ascomycota,1.00,Sordariomycetes,0.99,Hypocreales,0.99,Nectriaceae,0.99,,,,,+,Family,Nectriaceae,"k:Fungi,p:Ascomycota,c:Sordariomycetes,o:Hypocreales,f:Nectriaceae"
ASV692,Fungi,1.00,Ascomycota,1.00,Sordariomycetes,1.00,Diaporthales,1.00,,,Sirococcus,0.99,Sirococcus_conigenus,0.99,+,Species,Sirococcus_conigenus,"k:Fungi,p:Ascomycota,c:Sordariomycetes,o:Diaporthales,g:Sirococcus,s:Sirococcus_conigenus"
ASV693,Fungi,1.00,Ascomycota,0.94,Leotiomycetes,0.89,Helotiales,0.89,Hyaloscyphaceae,0.87,Capitotricha,0.87,Capitotricha_sp.,0.87,+,Species,Capitotricha_sp.,"k:Fungi,p:Ascomycota,c:Leotiomycetes,o:Helotiales,f:Hyaloscyphaceae,g:Capitotricha,s:Capitotricha_sp."
ASV694,Fungi,1.00,Ascomycota,1.00,,,,,,,,,,,+,Phylum,Ascomycota,"k:Fungi,p:Ascomycota"
ASV695,Fungi,1.00,Basidiomycota,1.00,Agaricomycetes,1.00,Thelephorales,1.00,Thelephoraceae,1.00,,,,,+,Family,Thelephoraceae,"k:Fungi,p:Basidiomycota,c:Agaricomycetes,o:Thelephorales,f:Thelephoraceae"
ASV697,Fungi,1.00,Basidiomycota,1.00,Microbotryomycetes,1.00,Microbotryomycetes_incertae_sedis,0.99,Chrysozymaceae,0.99,Fellozyma,0.99,Fellozyma_inositophila,0.99,+,Species,Fellozyma_inositophila,"k:Fungi,p:Basidiomycota,c:Microbotryomycetes,o:Microbotryomycetes_incertae_sedis,f:Chrysozymaceae,g:Fellozyma,s:Fellozyma_inositophila"
ASV698,Fungi,1.00,Basidiomycota,0.88,,,,,,,,,,,+,Phylum,Basidiomycota,"k:Fungi,p:Basidiomycota"
ASV690,Fungi,1.00,Ascomycota,1.00,Sordariomycetes,1.00,Hypocreales,1.00,Hypocreaceae,1.00,,,,,+,Family,Hypocreaceae,"k:Fungi,p:Ascomycota,c:Sordariomycetes,o:Hypocreales,f:Hypocreaceae"
ASV699,Fungi,1.00,Ascomycota,1.00,Sordariomycetes,1.00,,,,,,,,,+,Class,Sordariomycetes,"k:Fungi,p:Ascomycota,c:Sordariomycetes"
ASV7,Fungi,1.00,Ascomycota,1.00,Eurotiomycetes,1.00,Eurotiales,1.00,Trichocomaceae,1.00,Penicillium,1.00,,,+,Genus,Penicillium,"k:Fungi,p:Ascomycota,c:Eurotiomycetes,o:Eurotiales,f:Trichocomaceae,g:Penicillium"
ASV701,Fungi,1.00,Ascomycota,1.00,,,,,,,,,,,+,Phylum,Ascomycota,"k:Fungi,p:Ascomycota"
ASV700,Fungi,1.00,Ascomycota,1.00,Sordariomycetes,1.00,Diaporthales,1.00,Diaporthales_incertae_sedis,1.00,Valsaria,1.00,,,+,Genus,Valsaria,"k:Fungi,p:Ascomycota,c:Sordariomycetes,o:Diaporthales,f:Diaporthales_incertae_sedis,g:Valsaria"
ASV696,Fungi,1.00,Ascomycota,0.91,Leotiomycetes,0.90,Leotiomycetes_order_Incertae_sedis,0.84,Leotiomycetes_family_incertae_sedis,0.84,Dendrostilbella,0.84,Dendrostilbella_mycophila,0.84,+,Species,Dendrostilbella_mycophila,"k:Fungi,p:Ascomycota,c:Leotiomycetes,o:Leotiomycetes_order_Incertae_sedis,f:Leotiomycetes_family_incertae_sedis,g:Dendrostilbella,s:Dendrostilbella_mycophila"
ASV702,Fungi,1.00,Ascomycota,1.00,,,,,,,,,,,+,Phylum,Ascomycota,"k:Fungi,p:Ascomycota"
ASV705,Fungi,1.00,,,,,,,,,,,,,+,Kingdom,Fungi,k:Fungi
ASV703,Fungi,1.00,Basidiomycota,0.97,Agaricomycetes,0.97,,,,,,,,,+,Class,Agaricomycetes,"k:Fungi,p:Basidiomycota,c:Agaricomycetes"
ASV706,Fungi,1.00,Basidiomycota,0.94,,,,,,,,,,,+,Phylum,Basidiomycota,"k:Fungi,p:Basidiomycota"
ASV707,Fungi,1.00,Basidiomycota,1.00,Microbotryomycetes,1.00,Sporidiobolales,1.00,,,Sporobolomyces,0.97,Sporobolomyces_symmetricus,0.83,+,Species,Sporobolomyces_symmetricus,"k:Fungi,p:Basidiomycota,c:Microbotryomycetes,o:Sporidiobolales,g:Sporobolomyces,s:Sporobolomyces_symmetricus"
ASV708,Fungi,1.00,Ascomycota,0.99,,,,,,,,,,,+,Phylum,Ascomycota,"k:Fungi,p:Ascomycota"
ASV71,Fungi,1.00,Basidiomycota,1.00,Tremellomycetes,1.00,Tremellales,1.00,Bulleribasidiaceae,0.90,Vishniacozyma,0.90,,,+,Genus,Vishniacozyma,"k:Fungi,p:Basidiomycota,c:Tremellomycetes,o:Tremellales,f:Bulleribasidiaceae,g:Vishniacozyma"
ASV710,Fungi,1.00,Basidiomycota,1.00,Agaricomycetes,1.00,Agaricales,1.00,Cortinariaceae,1.00,Cortinarius,1.00,Cortinarius_anserinus,0.99,+,Species,Cortinarius_anserinus,"k:Fungi,p:Basidiomycota,c:Agaricomycetes,o:Agaricales,f:Cortinariaceae,g:Cortinarius,s:Cortinarius_anserinus"
ASV711,Fungi,1.00,Ascomycota,1.00,Dothideomycetes,0.96,,,,,,,,,+,Class,Dothideomycetes,"k:Fungi,p:Ascomycota,c:Dothideomycetes"
ASV712,Fungi,1.00,Basidiomycota,1.00,Microbotryomycetes,0.99,Sporidiobolales,0.99,,,Ballistosporomyces,0.94,,,+,Genus,Ballistosporomyces,"k:Fungi,p:Basidiomycota,c:Microbotryomycetes,o:Sporidiobolales,g:Ballistosporomyces"
ASV714,Fungi,1.00,Ascomycota,0.92,,,,,,,,,,,+,Phylum,Ascomycota,"k:Fungi,p:Ascomycota"
ASV704,Fungi,1.00,Basidiomycota,1.00,,,,,,,,,,,+,Phylum,Basidiomycota,"k:Fungi,p:Basidiomycota"
ASV713,Fungi,1.00,Ascomycota,1.00,Leotiomycetes,0.92,Thelebolales,0.89,Thelebolaceae,0.89,,,,,+,Family,Thelebolaceae,"k:Fungi,p:Ascomycota,c:Leotiomycetes,o:Thelebolales,f:Thelebolaceae"
ASV715,Fungi,1.00,Basidiomycota,1.00,Agaricomycetes,1.00,Agaricales,1.00,Psathyrellaceae,1.00,Psathyrella,1.00,Psathyrella_gossypina,1.00,+,Species,Psathyrella_gossypina,"k:Fungi,p:Basidiomycota,c:Agaricomycetes,o:Agaricales,f:Psathyrellaceae,g:Psathyrella,s:Psathyrella_gossypina"
ASV709,Fungi,1.00,Basidiomycota,0.99,Agaricomycetes,0.99,Polyporales,0.99,Xenasmataceae,0.99,Xenasma,0.99,,,+,Genus,Xenasma,"k:Fungi,p:Basidiomycota,c:Agaricomycetes,o:Polyporales,f:Xenasmataceae,g:Xenasma"
ASV716,Fungi,1.00,Basidiomycota,0.82,,,,,,,,,,,-,Phylum,Basidiomycota,"k:Fungi,p:Basidiomycota"
ASV717,Fungi,1.00,Ascomycota,1.00,Dothideomycetes,0.90,,,,,,,,,+,Class,Dothideomycetes,"k:Fungi,p:Ascomycota,c:Dothideomycetes"
ASV718,Fungi,1.00,,,,,,,,,,,,,+,Kingdom,Fungi,k:Fungi
ASV719,Fungi,1.00,Mucoromycota,1.00,Mucoromycetes,1.00,Mucorales,1.00,Umbelopsidaceae,1.00,Umbelopsis,1.00,Umbelopsis_nana,0.81,+,Species,Umbelopsis_nana,"k:Fungi,p:Mucoromycota,c:Mucoromycetes,o:Mucorales,f:Umbelopsidaceae,g:Umbelopsis,s:Umbelopsis_nana"
ASV721,Fungi,1.00,Ascomycota,0.98,Leotiomycetes,0.82,,,,,,,,,+,Class,Leotiomycetes,"k:Fungi,p:Ascomycota,c:Leotiomycetes"
ASV722,Fungi,1.00,Ascomycota,1.00,Sordariomycetes,1.00,Hypocreales,1.00,Nectriaceae,1.00,Stylonectria,1.00,Stylonectria_norvegica,0.92,+,Species,Stylonectria_norvegica,"k:Fungi,p:Ascomycota,c:Sordariomycetes,o:Hypocreales,f:Nectriaceae,g:Stylonectria,s:Stylonectria_norvegica"
ASV724,Fungi,1.00,Basidiomycota,1.00,Agaricomycetes,1.00,Russulales,1.00,Russulaceae,1.00,,,,,+,Family,Russulaceae,"k:Fungi,p:Basidiomycota,c:Agaricomycetes,o:Russulales,f:Russulaceae"
ASV725,Fungi,1.00,Ascomycota,0.81,,,,,,,,,,,+,Phylum,Ascomycota,"k:Fungi,p:Ascomycota"
ASV726,Fungi,1.00,Ascomycota,1.00,Sordariomycetes,0.96,Hypocreales,0.96,,,,,,,+,Order,Hypocreales,"k:Fungi,p:Ascomycota,c:Sordariomycetes,o:Hypocreales"
ASV728,Fungi,1.00,,,,,,,,,,,,,+,Kingdom,Fungi,k:Fungi
ASV727,Fungi,1.00,Basidiomycota,1.00,Tremellomycetes,1.00,Tremellales,1.00,Bulleraceae,0.80,Genolevuria,0.80,Genolevuria_amylolytica,0.80,+,Species,Genolevuria_amylolytica,"k:Fungi,p:Basidiomycota,c:Tremellomycetes,o:Tremellales,f:Bulleraceae,g:Genolevuria,s:Genolevuria_amylolytica"
ASV729,Fungi,1.00,Ascomycota,1.00,Sordariomycetes,1.00,Hypocreales,1.00,Bionectriaceae,1.00,Acremonium,1.00,,,+,Genus,Acremonium,"k:Fungi,p:Ascomycota,c:Sordariomycetes,o:Hypocreales,f:Bionectriaceae,g:Acremonium"
ASV720,Fungi,1.00,Ascomycota,1.00,Dothideomycetes,1.00,Botryosphaeriales,1.00,Botryosphaeriaceae,1.00,,,,,+,Family,Botryosphaeriaceae,"k:Fungi,p:Ascomycota,c:Dothideomycetes,o:Botryosphaeriales,f:Botryosphaeriaceae"
ASV723,Fungi,1.00,Basidiomycota,1.00,Microbotryomycetes,1.00,Sporidiobolales,1.00,Sporidiobolaceae,1.00,Rhodotorula,1.00,Rhodotorula_sp._KBP_3844,0.98,+,Species,Rhodotorula_sp._KBP_3844,"k:Fungi,p:Basidiomycota,c:Microbotryomycetes,o:Sporidiobolales,f:Sporidiobolaceae,g:Rhodotorula,s:Rhodotorula_sp._KBP_3844"
ASV73,Fungi,1.00,Basidiomycota,1.00,Tremellomycetes,1.00,Cystofilobasidiales,1.00,,,Mrakia,1.00,Mrakia_fibulata,0.90,+,Species,Mrakia_fibulata,"k:Fungi,p:Basidiomycota,c:Tremellomycetes,o:Cystofilobasidiales,g:Mrakia,s:Mrakia_fibulata"
ASV730,Fungi,1.00,Ascomycota,0.99,Leotiomycetes,0.99,Helotiales,0.99,,,,,,,+,Order,Helotiales,"k:Fungi,p:Ascomycota,c:Leotiomycetes,o:Helotiales"
ASV731,Fungi,1.00,Basidiomycota,0.84,,,,,,,,,,,+,Phylum,Basidiomycota,"k:Fungi,p:Basidiomycota"
ASV732,Fungi,1.00,Ascomycota,1.00,Sordariomycetes,1.00,Xylariales,1.00,Xylariales_incertae_sedis,1.00,Microdochium,1.00,Microdochium_phragmitis,0.98,+,Species,Microdochium_phragmitis,"k:Fungi,p:Ascomycota,c:Sordariomycetes,o:Xylariales,f:Xylariales_incertae_sedis,g:Microdochium,s:Microdochium_phragmitis"
ASV733,Fungi,1.00,Ascomycota,1.00,,,,,,,,,,,+,Phylum,Ascomycota,"k:Fungi,p:Ascomycota"
ASV734,Fungi,1.00,Basidiomycota,0.90,Tremellomycetes,0.83,Tremellales,0.83,,,,,,,+,Order,Tremellales,"k:Fungi,p:Basidiomycota,c:Tremellomycetes,o:Tremellales"
ASV738,Fungi,1.00,Ascomycota,0.89,,,,,,,,,,,+,Phylum,Ascomycota,"k:Fungi,p:Ascomycota"
ASV739,Fungi,1.00,Ascomycota,0.94,Sordariomycetes,0.90,Hypocreales,0.87,,,,,,,+,Order,Hypocreales,"k:Fungi,p:Ascomycota,c:Sordariomycetes,o:Hypocreales"
ASV740,Fungi,1.00,Ascomycota,0.99,,,,,,,,,,,+,Phylum,Ascomycota,"k:Fungi,p:Ascomycota"
ASV741,Fungi,1.00,Ascomycota,1.00,Dothideomycetes,0.81,,,,,,,,,+,Class,Dothideomycetes,"k:Fungi,p:Ascomycota,c:Dothideomycetes"
ASV742,Fungi,1.00,Basidiomycota,1.00,Agaricomycetes,1.00,Nidulariales,0.87,Nidulariaceae,0.87,Crucibulum,0.87,,,+,Genus,Crucibulum,"k:Fungi,p:Basidiomycota,c:Agaricomycetes,o:Nidulariales,f:Nidulariaceae,g:Crucibulum"
ASV743,Fungi,1.00,Ascomycota,1.00,Lecanoromycetes,0.81,,,,,,,,,+,Class,Lecanoromycetes,"k:Fungi,p:Ascomycota,c:Lecanoromycetes"
ASV736,Fungi,1.00,Basidiomycota,1.00,Agaricomycetes,1.00,Hymenochaetales,1.00,Hymenochaetaceae,1.00,Inonotus,0.85,Inonotus_sp.,0.85,+,Species,Inonotus_sp.,"k:Fungi,p:Basidiomycota,c:Agaricomycetes,o:Hymenochaetales,f:Hymenochaetaceae,g:Inonotus,s:Inonotus_sp."
ASV737,Fungi,1.00,Basidiomycota,1.00,Agaricomycetes,1.00,Thelephorales,1.00,Thelephoraceae,1.00,,,,,+,Family,Thelephoraceae,"k:Fungi,p:Basidiomycota,c:Agaricomycetes,o:Thelephorales,f:Thelephoraceae"
ASV744,Fungi,1.00,Ascomycota,1.00,Sordariomycetes,1.00,Xylariales,1.00,Xylariaceae,1.00,Rosellinia,1.00,Rosellinia_corticium,0.99,+,Species,Rosellinia_corticium,"k:Fungi,p:Ascomycota,c:Sordariomycetes,o:Xylariales,f:Xylariaceae,g:Rosellinia,s:Rosellinia_corticium"
ASV745,Fungi,1.00,Ascomycota,1.00,Ascomycota_class_incertae_sedis,1.00,Ascomycota_order_incertae_sedis,1.00,Pseudeurotiaceae,1.00,,,,,+,Family,Pseudeurotiaceae,"k:Fungi,p:Ascomycota,c:Ascomycota_class_incertae_sedis,o:Ascomycota_order_incertae_sedis,f:Pseudeurotiaceae"
ASV746,Fungi,1.00,Basidiomycota,0.98,,,,,,,,,,,+,Phylum,Basidiomycota,"k:Fungi,p:Basidiomycota"
ASV747,Fungi,1.00,Ascomycota,0.89,Leotiomycetes,0.89,Helotiales,0.89,,,,,,,+,Order,Helotiales,"k:Fungi,p:Ascomycota,c:Leotiomycetes,o:Helotiales"
ASV748,Fungi,1.00,Basidiomycota,0.95,,,,,,,,,,,+,Phylum,Basidiomycota,"k:Fungi,p:Basidiomycota"
ASV749,Fungi,1.00,Basidiomycota,1.00,Agaricomycetes,1.00,,,,,,,,,+,Class,Agaricomycetes,"k:Fungi,p:Basidiomycota,c:Agaricomycetes"
ASV752,Fungi,1.00,Ascomycota,1.00,Eurotiomycetes,1.00,Chaetothyriales,1.00,,,,,,,+,Order,Chaetothyriales,"k:Fungi,p:Ascomycota,c:Eurotiomycetes,o:Chaetothyriales"
ASV753,Fungi,1.00,Basidiomycota,0.82,,,,,,,,,,,+,Phylum,Basidiomycota,"k:Fungi,p:Basidiomycota"
ASV754,Fungi,1.00,Ascomycota,1.00,,,,,,,,,,,+,Phylum,Ascomycota,"k:Fungi,p:Ascomycota"
ASV755,Fungi,1.00,Ascomycota,1.00,,,,,,,,,,,+,Phylum,Ascomycota,"k:Fungi,p:Ascomycota"
ASV757,Fungi,1.00,Basidiomycota,1.00,Agaricomycetes,1.00,Agaricales,1.00,Agaricaceae,1.00,Coprinus,1.00,Coprinus_comatus,1.00,+,Species,Coprinus_comatus,"k:Fungi,p:Basidiomycota,c:Agaricomycetes,o:Agaricales,f:Agaricaceae,g:Coprinus,s:Coprinus_comatus"
ASV758,Fungi,1.00,Basidiomycota,1.00,Agaricomycetes,1.00,Agaricales,1.00,Psathyrellaceae,0.99,Coprinellus,0.99,Coprinellus_radicellus,0.93,+,Species,Coprinellus_radicellus,"k:Fungi,p:Basidiomycota,c:Agaricomycetes,o:Agaricales,f:Psathyrellaceae,g:Coprinellus,s:Coprinellus_radicellus"
ASV750,Fungi,1.00,Ascomycota,1.00,Pezizomycetes,1.00,Pezizales,1.00,Sarcosomataceae,1.00,Plectania,1.00,Plectania_melastoma,1.00,+,Species,Plectania_melastoma,"k:Fungi,p:Ascomycota,c:Pezizomycetes,o:Pezizales,f:Sarcosomataceae,g:Plectania,s:Plectania_melastoma"
ASV751,Fungi,1.00,Basidiomycota,1.00,Tremellomycetes,1.00,Tremellales,1.00,Tremellaceae,1.00,Cryptococcus,1.00,Cryptococcus_sp.,1.00,+,Species,Cryptococcus_sp.,"k:Fungi,p:Basidiomycota,c:Tremellomycetes,o:Tremellales,f:Tremellaceae,g:Cryptococcus,s:Cryptococcus_sp."
ASV759,Fungi,1.00,,,,,,,,,,,,,-,Kingdom,Fungi,k:Fungi
ASV76,Fungi,1.00,Ascomycota,1.00,Sordariomycetes,0.98,Sordariales,0.97,Lasiosphaeriaceae,0.84,,,,,+,Family,Lasiosphaeriaceae,"k:Fungi,p:Ascomycota,c:Sordariomycetes,o:Sordariales,f:Lasiosphaeriaceae"
ASV761,Fungi,1.00,Ascomycota,1.00,Eurotiomycetes,1.00,Chaetothyriales,1.00,,,,,,,+,Order,Chaetothyriales,"k:Fungi,p:Ascomycota,c:Eurotiomycetes,o:Chaetothyriales"
ASV760,Fungi,1.00,Ascomycota,1.00,Eurotiomycetes,1.00,Eurotiales,1.00,Trichocomaceae,1.00,Penicillium,1.00,,,-,Genus,Penicillium,"k:Fungi,p:Ascomycota,c:Eurotiomycetes,o:Eurotiales,f:Trichocomaceae,g:Penicillium"
ASV762,Fungi,1.00,Basidiomycota,1.00,Microbotryomycetes,1.00,Sporidiobolales,1.00,Sporidiobolaceae,1.00,Rhodosporidiobolus,1.00,Rhodosporidiobolus_colostri,1.00,+,Species,Rhodosporidiobolus_colostri,"k:Fungi,p:Basidiomycota,c:Microbotryomycetes,o:Sporidiobolales,f:Sporidiobolaceae,g:Rhodosporidiobolus,s:Rhodosporidiobolus_colostri"
ASV763,Fungi,1.00,Basidiomycota,0.95,Tremellomycetes,0.92,Tremellales,0.90,,,,,,,+,Order,Tremellales,"k:Fungi,p:Basidiomycota,c:Tremellomycetes,o:Tremellales"
ASV766,Fungi,1.00,Ascomycota,1.00,Dothideomycetes,0.84,Pleosporales,0.84,,,,,,,+,Order,Pleosporales,"k:Fungi,p:Ascomycota,c:Dothideomycetes,o:Pleosporales"
ASV767,Fungi,1.00,Basidiomycota,0.99,Tremellomycetes,0.98,Tremellales,0.98,Trimorphomycetaceae,0.98,Carlosrosaea,0.98,Carlosrosaea_foliicola,0.98,-,Species,Carlosrosaea_foliicola,"k:Fungi,p:Basidiomycota,c:Tremellomycetes,o:Tremellales,f:Trimorphomycetaceae,g:Carlosrosaea,s:Carlosrosaea_foliicola"
ASV768,Fungi,1.00,Basidiomycota,1.00,Agaricomycetes,1.00,Agaricales,1.00,Psathyrellaceae,1.00,,,,,+,Family,Psathyrellaceae,"k:Fungi,p:Basidiomycota,c:Agaricomycetes,o:Agaricales,f:Psathyrellaceae"
ASV769,Fungi,1.00,Basidiomycota,1.00,Agaricomycetes,1.00,Polyporales,1.00,Sistotremataceae,1.00,Trechispora,1.00,Trechispora_microspora,1.00,+,Species,Trechispora_microspora,"k:Fungi,p:Basidiomycota,c:Agaricomycetes,o:Polyporales,f:Sistotremataceae,g:Trechispora,s:Trechispora_microspora"
ASV77,Fungi,1.00,Ascomycota,1.00,Sordariomycetes,1.00,Hypocreales,1.00,Nectriaceae,1.00,Fusarium,1.00,,,+,Genus,Fusarium,"k:Fungi,p:Ascomycota,c:Sordariomycetes,o:Hypocreales,f:Nectriaceae,g:Fusarium"
ASV770,Fungi,1.00,Ascomycota,1.00,Taphrinomycetes,0.99,Taphrinales,0.99,Taphrinaceae,0.99,Taphrina,0.99,Taphrina_sp.,0.95,+,Species,Taphrina_sp.,"k:Fungi,p:Ascomycota,c:Taphrinomycetes,o:Taphrinales,f:Taphrinaceae,g:Taphrina,s:Taphrina_sp."
ASV764,Fungi,1.00,Basidiomycota,0.97,,,,,,,,,,,+,Phylum,Basidiomycota,"k:Fungi,p:Basidiomycota"
ASV771,Fungi,1.00,Ascomycota,1.00,Lecanoromycetes,0.85,,,,,,,,,+,Class,Lecanoromycetes,"k:Fungi,p:Ascomycota,c:Lecanoromycetes"
ASV765,Fungi,1.00,Basidiomycota,1.00,Tremellomycetes,1.00,Tremellales,1.00,,,Dioszegia,1.00,Dioszegia_takashimae,1.00,+,Species,Dioszegia_takashimae,"k:Fungi,p:Basidiomycota,c:Tremellomycetes,o:Tremellales,g:Dioszegia,s:Dioszegia_takashimae"
ASV772,Fungi,1.00,Ascomycota,0.98,Lecanoromycetes,0.82,,,,,,,,,+,Class,Lecanoromycetes,"k:Fungi,p:Ascomycota,c:Lecanoromycetes"
ASV773,Fungi,1.00,Ascomycota,1.00,Dothideomycetes,1.00,Mycosphaerellales,1.00,Mycosphaerellaceae,1.00,,,,,+,Family,Mycosphaerellaceae,"k:Fungi,p:Ascomycota,c:Dothideomycetes,o:Mycosphaerellales,f:Mycosphaerellaceae"
ASV774,Fungi,1.00,,,,,,,,,,,,,+,Kingdom,Fungi,k:Fungi
ASV775,Fungi,1.00,Basidiomycota,0.90,,,,,,,,,,,+,Phylum,Basidiomycota,"k:Fungi,p:Basidiomycota"
ASV776,Fungi,1.00,Basidiomycota,1.00,Agaricostilbomycetes,1.00,Agaricostilbales,1.00,Agaricostilbaceae,1.00,Bensingtonia,1.00,Bensingtonia_sp._AS_2.2601,1.00,+,Species,Bensingtonia_sp._AS_2.2601,"k:Fungi,p:Basidiomycota,c:Agaricostilbomycetes,o:Agaricostilbales,f:Agaricostilbaceae,g:Bensingtonia,s:Bensingtonia_sp._AS_2.2601"
ASV778,Fungi,1.00,Ascomycota,0.99,Leotiomycetes,0.99,Helotiales,0.99,,,,,,,+,Order,Helotiales,"k:Fungi,p:Ascomycota,c:Leotiomycetes,o:Helotiales"
ASV78,Fungi,1.00,Basidiomycota,1.00,Microbotryomycetes,1.00,Sporidiobolales,1.00,Sporidiobolaceae,1.00,Rhodotorula,1.00,Rhodotorula_sp._CCFEE_5628,1.00,+,Species,Rhodotorula_sp._CCFEE_5628,"k:Fungi,p:Basidiomycota,c:Microbotryomycetes,o:Sporidiobolales,f:Sporidiobolaceae,g:Rhodotorula,s:Rhodotorula_sp._CCFEE_5628"
ASV781,Fungi,1.00,Ascomycota,1.00,Sordariomycetes,0.94,Xylariales,0.94,Xylariaceae,0.94,Hypoxylon,0.91,Hypoxylon_fuscum,0.91,+,Species,Hypoxylon_fuscum,"k:Fungi,p:Ascomycota,c:Sordariomycetes,o:Xylariales,f:Xylariaceae,g:Hypoxylon,s:Hypoxylon_fuscum"
ASV780,Fungi,1.00,Ascomycota,1.00,,,,,,,,,,,+,Phylum,Ascomycota,"k:Fungi,p:Ascomycota"
ASV782,Fungi,1.00,Basidiomycota,1.00,Agaricomycetes,1.00,Agaricales,1.00,Tricholomataceae,1.00,Paralepista,1.00,,,+,Genus,Paralepista,"k:Fungi,p:Basidiomycota,c:Agaricomycetes,o:Agaricales,f:Tricholomataceae,g:Paralepista"
ASV783,Fungi,1.00,Ascomycota,1.00,Sordariomycetes,0.98,Hypocreales,0.95,,,,,,,+,Order,Hypocreales,"k:Fungi,p:Ascomycota,c:Sordariomycetes,o:Hypocreales"
ASV777,Fungi,1.00,,,,,,,,,,,,,+,Kingdom,Fungi,k:Fungi
ASV784,Fungi,1.00,Ascomycota,1.00,Sordariomycetes,1.00,Xylariales,0.94,,,,,,,+,Order,Xylariales,"k:Fungi,p:Ascomycota,c:Sordariomycetes,o:Xylariales"
ASV785,Fungi,1.00,Ascomycota,1.00,Ascomycota_class_incertae_sedis,0.86,Ascomycota_order_incertae_sedis,0.86,Ascomycota_family_incertae_sedis,0.86,Preussia,0.86,Preussia_africana,0.84,+,Species,Preussia_africana,"k:Fungi,p:Ascomycota,c:Ascomycota_class_incertae_sedis,o:Ascomycota_order_incertae_sedis,f:Ascomycota_family_incertae_sedis,g:Preussia,s:Preussia_africana"
ASV786,Fungi,1.00,Basidiomycota,1.00,Agaricomycetes,1.00,Agaricales,1.00,Entolomataceae,1.00,Entoloma,0.96,,,+,Genus,Entoloma,"k:Fungi,p:Basidiomycota,c:Agaricomycetes,o:Agaricales,f:Entolomataceae,g:Entoloma"
ASV787,Fungi,1.00,Mucoromycota,1.00,Mucoromycetes,1.00,Mucorales,1.00,Umbelopsidaceae,1.00,Umbelopsis,1.00,,,+,Genus,Umbelopsis,"k:Fungi,p:Mucoromycota,c:Mucoromycetes,o:Mucorales,f:Umbelopsidaceae,g:Umbelopsis"
ASV779,Fungi,1.00,Ascomycota,0.99,Leotiomycetes,0.99,Helotiales,0.99,Hyaloscyphaceae,0.99,Lachnellula,0.98,,,+,Genus,Lachnellula,"k:Fungi,p:Ascomycota,c:Leotiomycetes,o:Helotiales,f:Hyaloscyphaceae,g:Lachnellula"
ASV788,Fungi,1.00,Basidiomycota,0.98,Tremellomycetes,0.93,Tremellales,0.92,,,,,,,+,Order,Tremellales,"k:Fungi,p:Basidiomycota,c:Tremellomycetes,o:Tremellales"
ASV789,Fungi,1.00,Ascomycota,1.00,Dothideomycetes,1.00,Mycosphaerellales,0.99,Mycosphaerellaceae,0.86,,,,,+,Family,Mycosphaerellaceae,"k:Fungi,p:Ascomycota,c:Dothideomycetes,o:Mycosphaerellales,f:Mycosphaerellaceae"
ASV790,Fungi,1.00,Ascomycota,1.00,,,,,,,,,,,+,Phylum,Ascomycota,"k:Fungi,p:Ascomycota"
ASV792,Fungi,1.00,Ascomycota,1.00,Leotiomycetes,1.00,Helotiales,1.00,Hyaloscyphaceae,1.00,Lachnellula,1.00,Lachnellula_subtilissima,0.96,+,Species,Lachnellula_subtilissima,"k:Fungi,p:Ascomycota,c:Leotiomycetes,o:Helotiales,f:Hyaloscyphaceae,g:Lachnellula,s:Lachnellula_subtilissima"
ASV793,Fungi,1.00,Ascomycota,1.00,,,,,,,,,,,+,Phylum,Ascomycota,"k:Fungi,p:Ascomycota"
ASV794,Fungi,1.00,,,,,,,,,,,,,+,Kingdom,Fungi,k:Fungi
ASV796,Fungi,1.00,,,,,,,,,,,,,+,Kingdom,Fungi,k:Fungi
ASV797,Fungi,1.00,,,,,,,,,,,,,+,Kingdom,Fungi,k:Fungi
ASV79,Fungi,1.00,Ascomycota,1.00,Dothideomycetes,0.93,Pleosporales,0.93,Leptosphaeriaceae,0.93,,,,,+,Family,Leptosphaeriaceae,"k:Fungi,p:Ascomycota,c:Dothideomycetes,o:Pleosporales,f:Leptosphaeriaceae"
ASV798,Fungi,1.00,Ascomycota,1.00,Lecanoromycetes,1.00,Agyriales,1.00,Agyriaceae,1.00,Sarea,1.00,,,+,Genus,Sarea,"k:Fungi,p:Ascomycota,c:Lecanoromycetes,o:Agyriales,f:Agyriaceae,g:Sarea"
ASV80,Fungi,1.00,,,,,,,,,,,,,+,Kingdom,Fungi,k:Fungi
ASV799,Fungi,1.00,Ascomycota,1.00,Dothideomycetes,0.94,Pleosporales,0.92,,,,,,,+,Order,Pleosporales,"k:Fungi,p:Ascomycota,c:Dothideomycetes,o:Pleosporales"
ASV8,Fungi,1.00,Ascomycota,1.00,Leotiomycetes,0.96,Thelebolales,0.96,Thelebolaceae,0.96,,,,,+,Family,Thelebolaceae,"k:Fungi,p:Ascomycota,c:Leotiomycetes,o:Thelebolales,f:Thelebolaceae"
ASV800,Fungi,1.00,Basidiomycota,1.00,Tremellomycetes,1.00,Tremellales,1.00,,,Dioszegia,1.00,,,+,Genus,Dioszegia,"k:Fungi,p:Basidiomycota,c:Tremellomycetes,o:Tremellales,g:Dioszegia"
ASV795,Fungi,1.00,Ascomycota,1.00,Sordariomycetes,1.00,Hypocreales,1.00,,,,,,,-,Order,Hypocreales,"k:Fungi,p:Ascomycota,c:Sordariomycetes,o:Hypocreales"
ASV801,Fungi,1.00,,,,,,,,,,,,,+,Kingdom,Fungi,k:Fungi
ASV803,Fungi,1.00,Basidiomycota,1.00,Agaricomycetes,1.00,Agaricales,1.00,Bolbitiaceae,1.00,Conocybe,1.00,Conocybe_pilosella,1.00,+,Species,Conocybe_pilosella,"k:Fungi,p:Basidiomycota,c:Agaricomycetes,o:Agaricales,f:Bolbitiaceae,g:Conocybe,s:Conocybe_pilosella"
ASV804,Fungi,1.00,Ascomycota,1.00,Sordariomycetes,1.00,Hypocreales,1.00,,,,,,,+,Order,Hypocreales,"k:Fungi,p:Ascomycota,c:Sordariomycetes,o:Hypocreales"
ASV805,Fungi,1.00,Ascomycota,1.00,,,,,,,,,,,+,Phylum,Ascomycota,"k:Fungi,p:Ascomycota"
ASV806,Fungi,1.00,Ascomycota,0.97,,,,,,,,,,,+,Phylum,Ascomycota,"k:Fungi,p:Ascomycota"
ASV807,Fungi,1.00,Basidiomycota,1.00,Agaricomycetes,1.00,Agaricales,1.00,Agaricaceae,1.00,Macrolepiota,0.93,Macrolepiota_procera,0.93,+,Species,Macrolepiota_procera,"k:Fungi,p:Basidiomycota,c:Agaricomycetes,o:Agaricales,f:Agaricaceae,g:Macrolepiota,s:Macrolepiota_procera"
ASV809,Fungi,1.00,Basidiomycota,1.00,Agaricomycetes,1.00,Agaricales,1.00,Strophariaceae,1.00,Deconica,0.97,Deconica_inquilina,0.87,+,Species,Deconica_inquilina,"k:Fungi,p:Basidiomycota,c:Agaricomycetes,o:Agaricales,f:Strophariaceae,g:Deconica,s:Deconica_inquilina"
ASV802,Fungi,1.00,Ascomycota,0.85,,,,,,,,,,,+,Phylum,Ascomycota,"k:Fungi,p:Ascomycota"
ASV811,Fungi,1.00,Ascomycota,0.99,Sordariomycetes,0.88,Coniochaetales,0.88,Coniochaetaceae,0.88,Lecythophora,0.88,Lecythophora_sp.,0.88,+,Species,Lecythophora_sp.,"k:Fungi,p:Ascomycota,c:Sordariomycetes,o:Coniochaetales,f:Coniochaetaceae,g:Lecythophora,s:Lecythophora_sp."
ASV810,Fungi,1.00,Ascomycota,1.00,Dothideomycetes,1.00,Pleosporales,1.00,Massarinaceae,0.99,Massarina,0.99,Massarina_sp._MUT_4323,0.95,+,Species,Massarina_sp._MUT_4323,"k:Fungi,p:Ascomycota,c:Dothideomycetes,o:Pleosporales,f:Massarinaceae,g:Massarina,s:Massarina_sp._MUT_4323"
ASV812,Fungi,1.00,Ascomycota,0.96,,,,,,,,,,,+,Phylum,Ascomycota,"k:Fungi,p:Ascomycota"
ASV813,Fungi,1.00,Ascomycota,1.00,Leotiomycetes,1.00,Helotiales,1.00,,,Cadophora,1.00,Cadophora_malorum,1.00,+,Species,Cadophora_malorum,"k:Fungi,p:Ascomycota,c:Leotiomycetes,o:Helotiales,g:Cadophora,s:Cadophora_malorum"
ASV814,Fungi,1.00,Basidiomycota,0.86,,,,,,,,,,,+,Phylum,Basidiomycota,"k:Fungi,p:Basidiomycota"
ASV815,Fungi,1.00,Basidiomycota,1.00,Agaricomycetes,1.00,Agaricales,1.00,Agaricaceae,1.00,Lepiota,1.00,Lepiota_rhodorhiza,1.00,+,Species,Lepiota_rhodorhiza,"k:Fungi,p:Basidiomycota,c:Agaricomycetes,o:Agaricales,f:Agaricaceae,g:Lepiota,s:Lepiota_rhodorhiza"
ASV808,Fungi,1.00,Ascomycota,1.00,Eurotiomycetes,0.96,Chaetothyriales,0.95,Herpotrichiellaceae,0.93,Capronia,0.91,,,+,Genus,Capronia,"k:Fungi,p:Ascomycota,c:Eurotiomycetes,o:Chaetothyriales,f:Herpotrichiellaceae,g:Capronia"
ASV817,Fungi,1.00,Ascomycota,1.00,Taphrinomycetes,1.00,Taphrinales,1.00,Taphrinaceae,1.00,,,,,+,Family,Taphrinaceae,"k:Fungi,p:Ascomycota,c:Taphrinomycetes,o:Taphrinales,f:Taphrinaceae"
ASV818,Fungi,1.00,Basidiomycota,1.00,Agaricostilbomycetes,1.00,Agaricostilbales,1.00,Kondoaceae,1.00,Kondoa,1.00,Kondoa_gutianensis,1.00,-,Species,Kondoa_gutianensis,"k:Fungi,p:Basidiomycota,c:Agaricostilbomycetes,o:Agaricostilbales,f:Kondoaceae,g:Kondoa,s:Kondoa_gutianensis"
ASV819,Fungi,1.00,Basidiomycota,1.00,Agaricomycetes,1.00,Geastrales,1.00,Geastraceae,1.00,Geastrum,1.00,Geastrum_rufescens,1.00,+,Species,Geastrum_rufescens,"k:Fungi,p:Basidiomycota,c:Agaricomycetes,o:Geastrales,f:Geastraceae,g:Geastrum,s:Geastrum_rufescens"
ASV82,Fungi,1.00,Ascomycota,1.00,Eurotiomycetes,1.00,Onygenales,1.00,Onygenaceae,1.00,Chrysosporium,1.00,Chrysosporium_carmichaelii,1.00,+,Species,Chrysosporium_carmichaelii,"k:Fungi,p:Ascomycota,c:Eurotiomycetes,o:Onygenales,f:Onygenaceae,g:Chrysosporium,s:Chrysosporium_carmichaelii"
ASV820,Fungi,1.00,Ascomycota,1.00,Eurotiomycetes,1.00,Chaetothyriales,1.00,Herpotrichiellaceae,1.00,,,,,+,Family,Herpotrichiellaceae,"k:Fungi,p:Ascomycota,c:Eurotiomycetes,o:Chaetothyriales,f:Herpotrichiellaceae"
ASV821,Fungi,1.00,Ascomycota,0.98,Dothideomycetes,0.86,Pleosporales,0.80,,,,,,,+,Order,Pleosporales,"k:Fungi,p:Ascomycota,c:Dothideomycetes,o:Pleosporales"
ASV823,Fungi,1.00,Ascomycota,1.00,Sordariomycetes,1.00,Xylariales,1.00,Xylariaceae,1.00,Hypoxylon,1.00,Hypoxylon_perforatum,0.94,+,Species,Hypoxylon_perforatum,"k:Fungi,p:Ascomycota,c:Sordariomycetes,o:Xylariales,f:Xylariaceae,g:Hypoxylon,s:Hypoxylon_perforatum"
ASV824,Fungi,1.00,Ascomycota,1.00,Dothideomycetes,0.80,,,,,,,,,+,Class,Dothideomycetes,"k:Fungi,p:Ascomycota,c:Dothideomycetes"
ASV826,Fungi,1.00,,,,,,,,,,,,,+,Kingdom,Fungi,k:Fungi
ASV825,Fungi,1.00,Ascomycota,0.97,,,,,,,,,,,+,Phylum,Ascomycota,"k:Fungi,p:Ascomycota"
ASV816,Fungi,1.00,Ascomycota,1.00,Leotiomycetes,0.98,Thelebolales,0.98,Thelebolaceae,0.98,,,,,-,Family,Thelebolaceae,"k:Fungi,p:Ascomycota,c:Leotiomycetes,o:Thelebolales,f:Thelebolaceae"
ASV827,Fungi,1.00,,,,,,,,,,,,,+,Kingdom,Fungi,k:Fungi
ASV828,Fungi,1.00,Ascomycota,0.99,Sordariomycetes,0.87,,,,,,,,,+,Class,Sordariomycetes,"k:Fungi,p:Ascomycota,c:Sordariomycetes"
ASV822,Fungi,1.00,Ascomycota,1.00,Sordariomycetes,1.00,Xylariales,1.00,Xylariaceae,1.00,Daldinia,1.00,Daldinia_childiae,0.99,+,Species,Daldinia_childiae,"k:Fungi,p:Ascomycota,c:Sordariomycetes,o:Xylariales,f:Xylariaceae,g:Daldinia,s:Daldinia_childiae"
ASV83,Fungi,1.00,Basidiomycota,1.00,Agaricomycetes,1.00,Agaricales,1.00,Psathyrellaceae,1.00,Lacrymaria,1.00,Lacrymaria_lacrymabunda,1.00,+,Species,Lacrymaria_lacrymabunda,"k:Fungi,p:Basidiomycota,c:Agaricomycetes,o:Agaricales,f:Psathyrellaceae,g:Lacrymaria,s:Lacrymaria_lacrymabunda"
ASV830,Fungi,1.00,Basidiomycota,1.00,Agaricomycetes,1.00,Agaricales,1.00,Cortinariaceae,1.00,Cortinarius,1.00,Cortinarius_arcuatorum,0.99,+,Species,Cortinarius_arcuatorum,"k:Fungi,p:Basidiomycota,c:Agaricomycetes,o:Agaricales,f:Cortinariaceae,g:Cortinarius,s:Cortinarius_arcuatorum"
ASV831,Fungi,1.00,Ascomycota,0.83,,,,,,,,,,,+,Phylum,Ascomycota,"k:Fungi,p:Ascomycota"
ASV832,Fungi,1.00,Basidiomycota,1.00,Agaricomycetes,1.00,Thelephorales,1.00,Thelephoraceae,1.00,Tomentella,0.98,,,+,Genus,Tomentella,"k:Fungi,p:Basidiomycota,c:Agaricomycetes,o:Thelephorales,f:Thelephoraceae,g:Tomentella"
ASV834,Fungi,1.00,,,,,,,,,,,,,+,Kingdom,Fungi,k:Fungi
ASV835,Fungi,1.00,Basidiomycota,1.00,Agaricomycetes,1.00,Agaricales,1.00,Lyophyllaceae,0.99,,,,,+,Family,Lyophyllaceae,"k:Fungi,p:Basidiomycota,c:Agaricomycetes,o:Agaricales,f:Lyophyllaceae"
ASV837,Fungi,1.00,Basidiomycota,1.00,Agaricomycetes,1.00,Boletales,1.00,Boletaceae,1.00,Octaviania,0.99,Octaviania_sp.,0.99,+,Species,Octaviania_sp.,"k:Fungi,p:Basidiomycota,c:Agaricomycetes,o:Boletales,f:Boletaceae,g:Octaviania,s:Octaviania_sp."
ASV838,Fungi,1.00,Ascomycota,1.00,Dothideomycetes,1.00,Botryosphaeriales,0.90,Botryosphaeriaceae,0.90,Dothiora,0.90,,,+,Genus,Dothiora,"k:Fungi,p:Ascomycota,c:Dothideomycetes,o:Botryosphaeriales,f:Botryosphaeriaceae,g:Dothiora"
ASV839,Fungi,1.00,Ascomycota,1.00,,,,,,,,,,,+,Phylum,Ascomycota,"k:Fungi,p:Ascomycota"
ASV84,Fungi,1.00,Ascomycota,1.00,Sordariomycetes,1.00,Sordariales,1.00,Lasiosphaeriaceae,0.83,,,,,+,Family,Lasiosphaeriaceae,"k:Fungi,p:Ascomycota,c:Sordariomycetes,o:Sordariales,f:Lasiosphaeriaceae"
ASV840,Fungi,1.00,Ascomycota,1.00,Sordariomycetes,1.00,Diaporthales,1.00,Valsaceae,1.00,Cytospora,0.96,,,+,Genus,Cytospora,"k:Fungi,p:Ascomycota,c:Sordariomycetes,o:Diaporthales,f:Valsaceae,g:Cytospora"
ASV833,Fungi,1.00,Ascomycota,1.00,Ascomycota_class_incertae_sedis,1.00,Ascomycota_order_incertae_sedis,1.00,Ascomycota_family_incertae_sedis,1.00,Chalara,1.00,Chalara_holubovae,1.00,+,Species,Chalara_holubovae,"k:Fungi,p:Ascomycota,c:Ascomycota_class_incertae_sedis,o:Ascomycota_order_incertae_sedis,f:Ascomycota_family_incertae_sedis,g:Chalara,s:Chalara_holubovae"
ASV841,Fungi,1.00,Ascomycota,1.00,,,,,,,,,,,+,Phylum,Ascomycota,"k:Fungi,p:Ascomycota"
ASV836,Fungi,1.00,Ascomycota,1.00,,,,,,,,,,,+,Phylum,Ascomycota,"k:Fungi,p:Ascomycota"
ASV842,Fungi,1.00,Ascomycota,0.99,Dothideomycetes,0.86,Microthyriales,0.85,Leptopeltidaceae,0.85,Dothiopeltis,0.85,Dothiopeltis_n._sp.,0.85,+,Species,Dothiopeltis_n._sp.,"k:Fungi,p:Ascomycota,c:Dothideomycetes,o:Microthyriales,f:Leptopeltidaceae,g:Dothiopeltis,s:Dothiopeltis_n._sp."
ASV843,Fungi,1.00,Ascomycota,0.95,Sordariomycetes,0.94,Hypocreales,0.94,Bionectriaceae,0.83,,,,,+,Family,Bionectriaceae,"k:Fungi,p:Ascomycota,c:Sordariomycetes,o:Hypocreales,f:Bionectriaceae"
ASV844,Fungi,1.00,Ascomycota,1.00,Leotiomycetes,0.95,,,,,,,,,+,Class,Leotiomycetes,"k:Fungi,p:Ascomycota,c:Leotiomycetes"
ASV845,Fungi,1.00,Ascomycota,1.00,Eurotiomycetes,0.96,Chaetothyriales,0.96,Herpotrichiellaceae,0.96,Ramichloridium,0.96,Ramichloridium_apiculatum,0.80,+,Species,Ramichloridium_apiculatum,"k:Fungi,p:Ascomycota,c:Eurotiomycetes,o:Chaetothyriales,f:Herpotrichiellaceae,g:Ramichloridium,s:Ramichloridium_apiculatum"
ASV846,Fungi,1.00,Basidiomycota,1.00,Agaricomycetes,1.00,Corticiales,1.00,Corticiaceae,1.00,Vuilleminia,1.00,Vuilleminia_comedens,0.81,+,Species,Vuilleminia_comedens,"k:Fungi,p:Basidiomycota,c:Agaricomycetes,o:Corticiales,f:Corticiaceae,g:Vuilleminia,s:Vuilleminia_comedens"
ASV848,Fungi,1.00,Ascomycota,1.00,Dothideomycetes,0.94,,,,,,,,,+,Class,Dothideomycetes,"k:Fungi,p:Ascomycota,c:Dothideomycetes"
ASV85,Fungi,1.00,Ascomycota,0.99,Sordariomycetes,0.99,Hypocreales,0.99,Nectriaceae,0.92,,,,,+,Family,Nectriaceae,"k:Fungi,p:Ascomycota,c:Sordariomycetes,o:Hypocreales,f:Nectriaceae"
ASV850,Fungi,1.00,,,,,,,,,,,,,+,Kingdom,Fungi,k:Fungi
ASV851,Fungi,1.00,Ascomycota,1.00,Leotiomycetes,1.00,Leotiales,1.00,Leotiaceae,1.00,Alatospora,1.00,Alatospora_acuminata,1.00,+,Species,Alatospora_acuminata,"k:Fungi,p:Ascomycota,c:Leotiomycetes,o:Leotiales,f:Leotiaceae,g:Alatospora,s:Alatospora_acuminata"
ASV852,Fungi,1.00,Ascomycota,1.00,Leotiomycetes,1.00,Helotiales,1.00,,,,,,,+,Order,Helotiales,"k:Fungi,p:Ascomycota,c:Leotiomycetes,o:Helotiales"
ASV853,Fungi,1.00,Basidiomycota,1.00,Agaricomycetes,1.00,Agaricales,1.00,Tricholomataceae,0.96,,,,,+,Family,Tricholomataceae,"k:Fungi,p:Basidiomycota,c:Agaricomycetes,o:Agaricales,f:Tricholomataceae"
ASV854,Fungi,1.00,Ascomycota,0.99,,,,,,,,,,,+,Phylum,Ascomycota,"k:Fungi,p:Ascomycota"
ASV847,Fungi,1.00,Ascomycota,1.00,Dothideomycetes,0.99,Mycosphaerellales,0.94,Teratosphaeriaceae,0.82,,,,,+,Family,Teratosphaeriaceae,"k:Fungi,p:Ascomycota,c:Dothideomycetes,o:Mycosphaerellales,f:Teratosphaeriaceae"
ASV849,Fungi,1.00,Basidiomycota,1.00,Agaricomycetes,1.00,Agaricales,1.00,Psathyrellaceae,1.00,Lacrymaria,1.00,Lacrymaria_lacrymabunda,1.00,+,Species,Lacrymaria_lacrymabunda,"k:Fungi,p:Basidiomycota,c:Agaricomycetes,o:Agaricales,f:Psathyrellaceae,g:Lacrymaria,s:Lacrymaria_lacrymabunda"
ASV855,Fungi,1.00,Ascomycota,1.00,,,,,,,,,,,+,Phylum,Ascomycota,"k:Fungi,p:Ascomycota"
ASV856,Fungi,1.00,Basidiomycota,1.00,Agaricomycetes,1.00,Agaricales,1.00,Psathyrellaceae,1.00,Coprinellus,1.00,Coprinellus_heptemerus,1.00,+,Species,Coprinellus_heptemerus,"k:Fungi,p:Basidiomycota,c:Agaricomycetes,o:Agaricales,f:Psathyrellaceae,g:Coprinellus,s:Coprinellus_heptemerus"
ASV857,Fungi,1.00,Ascomycota,0.98,Leotiomycetes,0.84,Helotiales,0.82,,,,,,,+,Order,Helotiales,"k:Fungi,p:Ascomycota,c:Leotiomycetes,o:Helotiales"
ASV859,Fungi,1.00,Ascomycota,0.93,,,,,,,,,,,+,Phylum,Ascomycota,"k:Fungi,p:Ascomycota"
ASV858,Fungi,1.00,Ascomycota,1.00,,,,,,,,,,,+,Phylum,Ascomycota,"k:Fungi,p:Ascomycota"
ASV86,Fungi,1.00,,,,,,,,,,,,,+,Kingdom,Fungi,k:Fungi
ASV862,Fungi,1.00,,,,,,,,,,,,,+,Kingdom,Fungi,k:Fungi
ASV863,Fungi,1.00,Basidiomycota,1.00,Tremellomycetes,0.99,Tremellales,0.99,Tremellaceae,0.99,Papiliotrema,0.93,Papiliotrema_flavescens,0.93,+,Species,Papiliotrema_flavescens,"k:Fungi,p:Basidiomycota,c:Tremellomycetes,o:Tremellales,f:Tremellaceae,g:Papiliotrema,s:Papiliotrema_flavescens"
ASV864,Fungi,1.00,Ascomycota,1.00,Sordariomycetes,1.00,Hypocreales,1.00,Nectriaceae,1.00,Fusarium,1.00,,,+,Genus,Fusarium,"k:Fungi,p:Ascomycota,c:Sordariomycetes,o:Hypocreales,f:Nectriaceae,g:Fusarium"
ASV865,Fungi,1.00,Ascomycota,1.00,Eurotiomycetes,1.00,Eurotiales,1.00,Trichocomaceae,1.00,Penicillium,1.00,,,+,Genus,Penicillium,"k:Fungi,p:Ascomycota,c:Eurotiomycetes,o:Eurotiales,f:Trichocomaceae,g:Penicillium"
ASV866,Fungi,1.00,Ascomycota,1.00,Dothideomycetes,0.95,Pleosporales,0.95,Leptosphaeriaceae,0.94,,,,,+,Family,Leptosphaeriaceae,"k:Fungi,p:Ascomycota,c:Dothideomycetes,o:Pleosporales,f:Leptosphaeriaceae"
ASV867,Fungi,1.00,,,,,,,,,,,,,+,Kingdom,Fungi,k:Fungi
ASV860,Fungi,1.00,Ascomycota,1.00,Sordariomycetes,1.00,,,,,,,,,+,Class,Sordariomycetes,"k:Fungi,p:Ascomycota,c:Sordariomycetes"
ASV868,Fungi,1.00,,,,,,,,,,,,,+,Kingdom,Fungi,k:Fungi
ASV861,Fungi,1.00,,,,,,,,,,,,,+,Kingdom,Fungi,k:Fungi
ASV869,Fungi,1.00,Ascomycota,1.00,Leotiomycetes,0.99,Helotiales,0.99,,,,,,,+,Order,Helotiales,"k:Fungi,p:Ascomycota,c:Leotiomycetes,o:Helotiales"
ASV87,Fungi,1.00,Ascomycota,0.95,Saccharomycetes,0.93,Saccharomycetales,0.93,Dipodascaceae,0.91,Galactomyces,0.90,,,+,Genus,Galactomyces,"k:Fungi,p:Ascomycota,c:Saccharomycetes,o:Saccharomycetales,f:Dipodascaceae,g:Galactomyces"
ASV870,Fungi,1.00,,,,,,,,,,,,,+,Kingdom,Fungi,k:Fungi
ASV872,Fungi,1.00,Ascomycota,1.00,Leotiomycetes,1.00,Helotiales,1.00,,,,,,,+,Order,Helotiales,"k:Fungi,p:Ascomycota,c:Leotiomycetes,o:Helotiales"
ASV871,Fungi,1.00,Ascomycota,1.00,Leotiomycetes,0.99,Helotiales,0.99,,,,,,,+,Order,Helotiales,"k:Fungi,p:Ascomycota,c:Leotiomycetes,o:Helotiales"
ASV874,Fungi,1.00,Basidiomycota,1.00,Agaricomycetes,1.00,Agaricales,1.00,Psathyrellaceae,1.00,Coprinopsis,1.00,,,+,Genus,Coprinopsis,"k:Fungi,p:Basidiomycota,c:Agaricomycetes,o:Agaricales,f:Psathyrellaceae,g:Coprinopsis"
ASV876,Fungi,1.00,,,,,,,,,,,,,+,Kingdom,Fungi,k:Fungi
ASV877,Fungi,1.00,Basidiomycota,1.00,Agaricomycetes,1.00,Agaricales,1.00,Tricholomataceae,1.00,Melanoleuca,1.00,,,+,Genus,Melanoleuca,"k:Fungi,p:Basidiomycota,c:Agaricomycetes,o:Agaricales,f:Tricholomataceae,g:Melanoleuca"
ASV879,Fungi,1.00,Basidiomycota,1.00,Exobasidiomycetes,1.00,Exobasidiales,1.00,Exobasidiaceae,1.00,Exobasidium,1.00,,,+,Genus,Exobasidium,"k:Fungi,p:Basidiomycota,c:Exobasidiomycetes,o:Exobasidiales,f:Exobasidiaceae,g:Exobasidium"
ASV880,Fungi,1.00,Basidiomycota,1.00,Agaricostilbomycetes,1.00,Agaricostilbales,1.00,Agaricostilbaceae,1.00,Bensingtonia,1.00,Bensingtonia_naganoensis,1.00,+,Species,Bensingtonia_naganoensis,"k:Fungi,p:Basidiomycota,c:Agaricostilbomycetes,o:Agaricostilbales,f:Agaricostilbaceae,g:Bensingtonia,s:Bensingtonia_naganoensis"
ASV878,Fungi,1.00,,,,,,,,,,,,,-,Kingdom,Fungi,k:Fungi
ASV881,Fungi,1.00,Ascomycota,1.00,Leotiomycetes,1.00,Rhytismatales,1.00,Rhytismataceae,1.00,Lophodermium,1.00,Lophodermium_piceae,1.00,+,Species,Lophodermium_piceae,"k:Fungi,p:Ascomycota,c:Leotiomycetes,o:Rhytismatales,f:Rhytismataceae,g:Lophodermium,s:Lophodermium_piceae"
ASV873,Fungi,1.00,Ascomycota,0.80,,,,,,,,,,,+,Phylum,Ascomycota,"k:Fungi,p:Ascomycota"
ASV882,Fungi,1.00,Basidiomycota,1.00,Agaricomycetes,1.00,Agaricales,1.00,Psathyrellaceae,1.00,Coprinopsis,1.00,Coprinopsis_echinospora,1.00,+,Species,Coprinopsis_echinospora,"k:Fungi,p:Basidiomycota,c:Agaricomycetes,o:Agaricales,f:Psathyrellaceae,g:Coprinopsis,s:Coprinopsis_echinospora"
ASV875,Fungi,1.00,,,,,,,,,,,,,+,Kingdom,Fungi,k:Fungi
ASV884,Fungi,1.00,Basidiomycota,1.00,Cystobasidiomycetes,1.00,Cystobasidiales,0.98,Cystobasidiaceae,0.98,Cystobasidium,0.98,,,-,Genus,Cystobasidium,"k:Fungi,p:Basidiomycota,c:Cystobasidiomycetes,o:Cystobasidiales,f:Cystobasidiaceae,g:Cystobasidium"
ASV886,Fungi,1.00,Ascomycota,1.00,Pezizomycetes,1.00,Pezizales,1.00,,,,,,,+,Order,Pezizales,"k:Fungi,p:Ascomycota,c:Pezizomycetes,o:Pezizales"
ASV885,Fungi,1.00,Ascomycota,1.00,,,,,,,,,,,-,Phylum,Ascomycota,"k:Fungi,p:Ascomycota"
ASV883,Fungi,1.00,Basidiomycota,1.00,Tremellomycetes,0.99,Filobasidiales,0.99,Filobasidiaceae,0.99,Filobasidium,0.99,Filobasidium_globosum,0.99,+,Species,Filobasidium_globosum,"k:Fungi,p:Basidiomycota,c:Tremellomycetes,o:Filobasidiales,f:Filobasidiaceae,g:Filobasidium,s:Filobasidium_globosum"
ASV887,Fungi,1.00,Basidiomycota,1.00,Tremellomycetes,1.00,Filobasidiales,0.95,Filobasidiaceae,0.95,Naganishia,0.95,Naganishia_albida,0.95,+,Species,Naganishia_albida,"k:Fungi,p:Basidiomycota,c:Tremellomycetes,o:Filobasidiales,f:Filobasidiaceae,g:Naganishia,s:Naganishia_albida"
ASV889,Fungi,1.00,Basidiomycota,1.00,Agaricomycetes,1.00,Agaricales,1.00,Cortinariaceae,1.00,Cortinarius,1.00,,,+,Genus,Cortinarius,"k:Fungi,p:Basidiomycota,c:Agaricomycetes,o:Agaricales,f:Cortinariaceae,g:Cortinarius"
ASV890,Fungi,1.00,Ascomycota,1.00,Sordariomycetes,0.94,Hypocreales,0.94,Nectriaceae,0.91,,,,,+,Family,Nectriaceae,"k:Fungi,p:Ascomycota,c:Sordariomycetes,o:Hypocreales,f:Nectriaceae"
ASV891,Fungi,1.00,Basidiomycota,1.00,Agaricomycetes,1.00,Corticiales,1.00,Corticiaceae,1.00,Vuilleminia,1.00,Vuilleminia_comedens,1.00,+,Species,Vuilleminia_comedens,"k:Fungi,p:Basidiomycota,c:Agaricomycetes,o:Corticiales,f:Corticiaceae,g:Vuilleminia,s:Vuilleminia_comedens"
ASV892,Fungi,1.00,Basidiomycota,0.98,,,,,,,,,,,+,Phylum,Basidiomycota,"k:Fungi,p:Basidiomycota"
ASV893,Fungi,1.00,Basidiomycota,1.00,Agaricomycetes,1.00,Agaricales,1.00,Psathyrellaceae,1.00,,,,,+,Family,Psathyrellaceae,"k:Fungi,p:Basidiomycota,c:Agaricomycetes,o:Agaricales,f:Psathyrellaceae"
ASV894,Fungi,1.00,Ascomycota,1.00,Leotiomycetes,1.00,Helotiales,1.00,,,,,,,+,Order,Helotiales,"k:Fungi,p:Ascomycota,c:Leotiomycetes,o:Helotiales"
ASV888,Fungi,1.00,,,,,,,,,,,,,+,Kingdom,Fungi,k:Fungi
ASV896,Fungi,1.00,Ascomycota,1.00,Sordariomycetes,1.00,Xylariales,1.00,Xylariaceae,1.00,Hypoxylon,1.00,Hypoxylon_rubiginosum,1.00,+,Species,Hypoxylon_rubiginosum,"k:Fungi,p:Ascomycota,c:Sordariomycetes,o:Xylariales,f:Xylariaceae,g:Hypoxylon,s:Hypoxylon_rubiginosum"
ASV89,Fungi,1.00,Ascomycota,1.00,Pezizomycetes,1.00,Pezizales,1.00,,,Trichobolus,1.00,Trichobolus_sp._zukalii-CA01,1.00,+,Species,Trichobolus_sp._zukalii-CA01,"k:Fungi,p:Ascomycota,c:Pezizomycetes,o:Pezizales,g:Trichobolus,s:Trichobolus_sp._zukalii-CA01"
ASV897,Fungi,1.00,Basidiomycota,1.00,Agaricostilbomycetes,0.96,Agaricostilbales,0.96,Chionosphaeraceae,0.96,Chionosphaera,0.86,Chionosphaera_cuniculicola,0.86,-,Species,Chionosphaera_cuniculicola,"k:Fungi,p:Basidiomycota,c:Agaricostilbomycetes,o:Agaricostilbales,f:Chionosphaeraceae,g:Chionosphaera,s:Chionosphaera_cuniculicola"
ASV898,Fungi,1.00,Ascomycota,0.97,,,,,,,,,,,+,Phylum,Ascomycota,"k:Fungi,p:Ascomycota"
ASV899,Fungi,1.00,Ascomycota,1.00,Dothideomycetes,0.98,,,,,,,,,+,Class,Dothideomycetes,"k:Fungi,p:Ascomycota,c:Dothideomycetes"
ASV9,Fungi,1.00,Ascomycota,1.00,Sordariomycetes,0.93,Sordariales,0.80,,,,,,,+,Order,Sordariales,"k:Fungi,p:Ascomycota,c:Sordariomycetes,o:Sordariales"
ASV900,Fungi,1.00,Ascomycota,1.00,,,,,,,,,,,+,Phylum,Ascomycota,"k:Fungi,p:Ascomycota"
ASV902,Fungi,1.00,Basidiomycota,0.82,,,,,,,,,,,+,Phylum,Basidiomycota,"k:Fungi,p:Basidiomycota"
ASV904,Fungi,1.00,Ascomycota,1.00,Pezizomycetes,1.00,Pezizales,1.00,,,Trichobolus,0.98,Trichobolus_sp._zukalii-CA01,0.98,+,Species,Trichobolus_sp._zukalii-CA01,"k:Fungi,p:Ascomycota,c:Pezizomycetes,o:Pezizales,g:Trichobolus,s:Trichobolus_sp._zukalii-CA01"
ASV905,Fungi,1.00,Ascomycota,0.97,Dothideomycetes,0.80,Pleosporales,0.80,,,,,,,+,Order,Pleosporales,"k:Fungi,p:Ascomycota,c:Dothideomycetes,o:Pleosporales"
ASV906,Fungi,1.00,Ascomycota,1.00,Sordariomycetes,0.86,,,,,,,,,+,Class,Sordariomycetes,"k:Fungi,p:Ascomycota,c:Sordariomycetes"
ASV907,Fungi,1.00,Ascomycota,0.95,Dothideomycetes,0.95,Pleosporales,0.95,,,,,,,+,Order,Pleosporales,"k:Fungi,p:Ascomycota,c:Dothideomycetes,o:Pleosporales"
ASV908,Fungi,1.00,Ascomycota,0.93,,,,,,,,,,,+,Phylum,Ascomycota,"k:Fungi,p:Ascomycota"
ASV901,Fungi,1.00,Ascomycota,1.00,Sordariomycetes,1.00,Hypocreales,1.00,Hypocreaceae,1.00,Trichoderma,1.00,Trichoderma_citrinoviride,0.90,+,Species,Trichoderma_citrinoviride,"k:Fungi,p:Ascomycota,c:Sordariomycetes,o:Hypocreales,f:Hypocreaceae,g:Trichoderma,s:Trichoderma_citrinoviride"
ASV909,Fungi,1.00,Basidiomycota,1.00,Agaricomycetes,1.00,Agaricales,1.00,Psathyrellaceae,1.00,Coprinopsis,1.00,,,+,Genus,Coprinopsis,"k:Fungi,p:Basidiomycota,c:Agaricomycetes,o:Agaricales,f:Psathyrellaceae,g:Coprinopsis"
ASV91,Fungi,1.00,Ascomycota,1.00,Sordariomycetes,0.99,Microascales,0.99,Microascaceae,0.98,,,,,+,Family,Microascaceae,"k:Fungi,p:Ascomycota,c:Sordariomycetes,o:Microascales,f:Microascaceae"
ASV903,Fungi,1.00,Ascomycota,1.00,Ascomycota_class_incertae_sedis,0.88,Ascomycota_order_incertae_sedis,0.88,Ascomycota_family_incertae_sedis,0.88,,,,,+,Family,Ascomycota_family_incertae_sedis,"k:Fungi,p:Ascomycota,c:Ascomycota_class_incertae_sedis,o:Ascomycota_order_incertae_sedis,f:Ascomycota_family_incertae_sedis"
ASV910,Fungi,1.00,Ascomycota,0.95,Dothideomycetes,0.85,Pleosporales,0.84,,,,,,,+,Order,Pleosporales,"k:Fungi,p:Ascomycota,c:Dothideomycetes,o:Pleosporales"
ASV911,Fungi,1.00,Ascomycota,1.00,Eurotiomycetes,1.00,Chaetothyriales,1.00,,,,,,,+,Order,Chaetothyriales,"k:Fungi,p:Ascomycota,c:Eurotiomycetes,o:Chaetothyriales"
ASV912,Fungi,1.00,Basidiomycota,1.00,Agaricomycetes,1.00,Polyporales,1.00,Sistotremataceae,1.00,Trechispora,1.00,Trechispora_caucasica,1.00,+,Species,Trechispora_caucasica,"k:Fungi,p:Basidiomycota,c:Agaricomycetes,o:Polyporales,f:Sistotremataceae,g:Trechispora,s:Trechispora_caucasica"
ASV913,Fungi,1.00,Ascomycota,1.00,Sordariomycetes,1.00,,,,,Xylomelasma,1.00,Xylomelasma_sp._ZK29/08,1.00,+,Species,Xylomelasma_sp._ZK29/08,"k:Fungi,p:Ascomycota,c:Sordariomycetes,g:Xylomelasma,s:Xylomelasma_sp._ZK29/08"
ASV916,Fungi,1.00,Ascomycota,1.00,Leotiomycetes,1.00,Leotiales,1.00,Leotiaceae,1.00,Alatospora,1.00,Alatospora_acuminata,1.00,+,Species,Alatospora_acuminata,"k:Fungi,p:Ascomycota,c:Leotiomycetes,o:Leotiales,f:Leotiaceae,g:Alatospora,s:Alatospora_acuminata"
ASV917,Fungi,1.00,Ascomycota,1.00,Ascomycota_class_incertae_sedis,0.89,Ascomycota_order_incertae_sedis,0.89,Ascomycota_family_incertae_sedis,0.89,Chalara,0.88,,,+,Genus,Chalara,"k:Fungi,p:Ascomycota,c:Ascomycota_class_incertae_sedis,o:Ascomycota_order_incertae_sedis,f:Ascomycota_family_incertae_sedis,g:Chalara"
ASV919,Fungi,1.00,Basidiomycota,1.00,Microbotryomycetes,1.00,Microbotryomycetes_incertae_sedis,0.98,Chrysozymaceae,0.98,Chrysozyma,0.98,Chrysozyma_griseoflava,0.98,+,Species,Chrysozyma_griseoflava,"k:Fungi,p:Basidiomycota,c:Microbotryomycetes,o:Microbotryomycetes_incertae_sedis,f:Chrysozymaceae,g:Chrysozyma,s:Chrysozyma_griseoflava"
ASV92,Fungi,1.00,,,,,,,,,,,,,+,Kingdom,Fungi,k:Fungi
ASV920,Fungi,1.00,Basidiomycota,0.96,Agaricomycetes,0.96,Agaricales,0.96,Hygrophoraceae,0.96,Hygrocybe,0.96,Hygrocybe_intermedia,0.96,+,Species,Hygrocybe_intermedia,"k:Fungi,p:Basidiomycota,c:Agaricomycetes,o:Agaricales,f:Hygrophoraceae,g:Hygrocybe,s:Hygrocybe_intermedia"
ASV921,Fungi,1.00,Ascomycota,1.00,Sordariomycetes,0.86,Hypocreales,0.86,Cordycipitaceae,0.86,Simplicillium,0.86,Simplicillium_chinense,0.86,+,Species,Simplicillium_chinense,"k:Fungi,p:Ascomycota,c:Sordariomycetes,o:Hypocreales,f:Cordycipitaceae,g:Simplicillium,s:Simplicillium_chinense"
ASV922,Fungi,1.00,Basidiomycota,1.00,Agaricomycetes,1.00,Agaricales,1.00,Strophariaceae,0.97,Agrocybe,0.97,,,+,Genus,Agrocybe,"k:Fungi,p:Basidiomycota,c:Agaricomycetes,o:Agaricales,f:Strophariaceae,g:Agrocybe"
ASV914,Fungi,1.00,Basidiomycota,1.00,Agaricomycetes,1.00,Agaricales,1.00,Hymenogastraceae,1.00,Hebeloma,1.00,,,+,Genus,Hebeloma,"k:Fungi,p:Basidiomycota,c:Agaricomycetes,o:Agaricales,f:Hymenogastraceae,g:Hebeloma"
ASV923,Fungi,1.00,Ascomycota,1.00,,,,,,,,,,,+,Phylum,Ascomycota,"k:Fungi,p:Ascomycota"
ASV924,Fungi,1.00,Basidiomycota,1.00,Tremellomycetes,1.00,Trichosporonales,1.00,Trichosporonaceae,1.00,,,,,-,Family,Trichosporonaceae,"k:Fungi,p:Basidiomycota,c:Tremellomycetes,o:Trichosporonales,f:Trichosporonaceae"
ASV925,Fungi,1.00,,,,,,,,,,,,,+,Kingdom,Fungi,k:Fungi
ASV918,Fungi,1.00,Basidiomycota,0.97,,,,,,,,,,,+,Phylum,Basidiomycota,"k:Fungi,p:Basidiomycota"
ASV926,Fungi,1.00,Basidiomycota,1.00,,,,,,,,,,,+,Phylum,Basidiomycota,"k:Fungi,p:Basidiomycota"
ASV927,Fungi,1.00,Basidiomycota,1.00,Agaricomycetes,1.00,Agaricales,1.00,Psathyrellaceae,0.93,Coprinellus,0.88,,,+,Genus,Coprinellus,"k:Fungi,p:Basidiomycota,c:Agaricomycetes,o:Agaricales,f:Psathyrellaceae,g:Coprinellus"
ASV928,Fungi,1.00,Basidiomycota,1.00,Agaricomycetes,1.00,Agaricales,1.00,Entolomataceae,1.00,Entoloma,1.00,,,+,Genus,Entoloma,"k:Fungi,p:Basidiomycota,c:Agaricomycetes,o:Agaricales,f:Entolomataceae,g:Entoloma"
ASV930,Fungi,1.00,Ascomycota,0.89,,,,,,,,,,,+,Phylum,Ascomycota,"k:Fungi,p:Ascomycota"
ASV93,Fungi,1.00,Ascomycota,1.00,Eurotiomycetes,1.00,Eurotiales,1.00,Trichocomaceae,1.00,Penicillium,1.00,,,+,Genus,Penicillium,"k:Fungi,p:Ascomycota,c:Eurotiomycetes,o:Eurotiales,f:Trichocomaceae,g:Penicillium"
ASV931,Fungi,1.00,Ascomycota,1.00,Dothideomycetes,1.00,Pleosporales,1.00,Phaeosphaeriaceae,1.00,,,,,+,Family,Phaeosphaeriaceae,"k:Fungi,p:Ascomycota,c:Dothideomycetes,o:Pleosporales,f:Phaeosphaeriaceae"
ASV933,Fungi,1.00,,,,,,,,,,,,,+,Kingdom,Fungi,k:Fungi
ASV934,Fungi,1.00,Basidiomycota,1.00,Agaricomycetes,1.00,Boletales,1.00,Coniophoraceae,1.00,Coniophora,1.00,Coniophora_puteana,1.00,+,Species,Coniophora_puteana,"k:Fungi,p:Basidiomycota,c:Agaricomycetes,o:Boletales,f:Coniophoraceae,g:Coniophora,s:Coniophora_puteana"
ASV935,Fungi,1.00,Ascomycota,1.00,,,,,,,,,,,+,Phylum,Ascomycota,"k:Fungi,p:Ascomycota"
ASV936,Fungi,1.00,,,,,,,,,,,,,+,Kingdom,Fungi,k:Fungi
ASV929,Fungi,1.00,Ascomycota,1.00,Dothideomycetes,1.00,Botryosphaeriales,1.00,Botryosphaeriaceae,1.00,,,,,+,Family,Botryosphaeriaceae,"k:Fungi,p:Ascomycota,c:Dothideomycetes,o:Botryosphaeriales,f:Botryosphaeriaceae"
ASV937,Fungi,1.00,Ascomycota,1.00,,,,,,,,,,,+,Phylum,Ascomycota,"k:Fungi,p:Ascomycota"
ASV938,Fungi,1.00,,,,,,,,,,,,,+,Kingdom,Fungi,k:Fungi
ASV94,Fungi,1.00,Ascomycota,1.00,Dothideomycetes,0.99,Botryosphaeriales,0.91,Botryosphaeriaceae,0.91,Microdiplodia,0.91,Microdiplodia_sp._A18,0.86,+,Species,Microdiplodia_sp._A18,"k:Fungi,p:Ascomycota,c:Dothideomycetes,o:Botryosphaeriales,f:Botryosphaeriaceae,g:Microdiplodia,s:Microdiplodia_sp._A18"
ASV932,Fungi,1.00,Ascomycota,1.00,Pezizomycetes,0.84,Pezizales,0.84,,,Trichobolus,0.84,Trichobolus_sp._zukalii-CA01,0.84,+,Species,Trichobolus_sp._zukalii-CA01,"k:Fungi,p:Ascomycota,c:Pezizomycetes,o:Pezizales,g:Trichobolus,s:Trichobolus_sp._zukalii-CA01"
ASV940,Fungi,1.00,Ascomycota,1.00,Leotiomycetes,1.00,Helotiales,1.00,,,,,,,+,Order,Helotiales,"k:Fungi,p:Ascomycota,c:Leotiomycetes,o:Helotiales"
ASV941,Fungi,1.00,Ascomycota,1.00,Leotiomycetes,0.97,Helotiales,0.97,Dermateaceae,0.94,Calloria,0.94,Calloria_neglecta,0.94,+,Species,Calloria_neglecta,"k:Fungi,p:Ascomycota,c:Leotiomycetes,o:Helotiales,f:Dermateaceae,g:Calloria,s:Calloria_neglecta"
ASV942,Fungi,1.00,Basidiomycota,1.00,Agaricomycetes,1.00,Boletales,1.00,Boletaceae,1.00,Leccinellum,0.95,,,+,Genus,Leccinellum,"k:Fungi,p:Basidiomycota,c:Agaricomycetes,o:Boletales,f:Boletaceae,g:Leccinellum"
ASV944,Fungi,1.00,Ascomycota,1.00,Leotiomycetes,1.00,Helotiales,1.00,,,Pilidium,1.00,Pilidium_concavum,1.00,+,Species,Pilidium_concavum,"k:Fungi,p:Ascomycota,c:Leotiomycetes,o:Helotiales,g:Pilidium,s:Pilidium_concavum"
ASV945,Fungi,1.00,,,,,,,,,,,,,+,Kingdom,Fungi,k:Fungi
ASV946,Fungi,1.00,Ascomycota,0.92,,,,,,,,,,,+,Phylum,Ascomycota,"k:Fungi,p:Ascomycota"
ASV948,Fungi,1.00,Ascomycota,1.00,,,,,,,,,,,+,Phylum,Ascomycota,"k:Fungi,p:Ascomycota"
ASV949,Fungi,1.00,Ascomycota,1.00,Leotiomycetes,1.00,Rhytismatales,1.00,Rhytismataceae,1.00,Lophodermium,1.00,Lophodermium_piceae,1.00,+,Species,Lophodermium_piceae,"k:Fungi,p:Ascomycota,c:Leotiomycetes,o:Rhytismatales,f:Rhytismataceae,g:Lophodermium,s:Lophodermium_piceae"
ASV951,Fungi,1.00,,,,,,,,,,,,,+,Kingdom,Fungi,k:Fungi
ASV950,Fungi,1.00,Basidiomycota,0.98,Microbotryomycetes,0.93,,,,,,,,,+,Class,Microbotryomycetes,"k:Fungi,p:Basidiomycota,c:Microbotryomycetes"
ASV96,Fungi,1.00,Ascomycota,0.99,Sordariomycetes,0.96,Hypocreales,0.93,,,,,,,+,Order,Hypocreales,"k:Fungi,p:Ascomycota,c:Sordariomycetes,o:Hypocreales"
ASV943,Fungi,1.00,Ascomycota,0.99,Taphrinomycetes,0.95,Taphrinales,0.95,Taphrinaceae,0.95,Taphrina,0.92,,,+,Genus,Taphrina,"k:Fungi,p:Ascomycota,c:Taphrinomycetes,o:Taphrinales,f:Taphrinaceae,g:Taphrina"
ASV97,Fungi,1.00,Ascomycota,0.89,,,,,,,,,,,+,Phylum,Ascomycota,"k:Fungi,p:Ascomycota"
ASV947,Fungi,1.00,Basidiomycota,1.00,Agaricomycetes,1.00,Agaricales,1.00,Agaricaceae,1.00,Lycoperdon,1.00,,,+,Genus,Lycoperdon,"k:Fungi,p:Basidiomycota,c:Agaricomycetes,o:Agaricales,f:Agaricaceae,g:Lycoperdon"
ASV98,Fungi,1.00,Basidiomycota,1.00,Tremellomycetes,1.00,Trichosporonales,0.97,Trichosporonaceae,0.97,,,,,+,Family,Trichosporonaceae,"k:Fungi,p:Basidiomycota,c:Tremellomycetes,o:Trichosporonales,f:Trichosporonaceae"
ASV99,Fungi,1.00,Ascomycota,0.90,,,,,,,,,,,+,Phylum,Ascomycota,"k:Fungi,p:Ascomycota"
