ASV103	k:Fungi(1.00),p:Ascomycota(1.00),c:Dothideomycetes(0.82),o:Pleosporales(0.82),f:Pleosporales_incertae_sedis(0.82),g:Coniothyrium(0.82),s:Coniothyrium_fuckelii(0.82)	+	k:Fungi,p:Ascomycota,c:Dothideomycetes,o:Pleosporales,f:Pleosporales_incertae_sedis,g:Coniothyrium,s:Coniothyrium_fuckelii
ASV102	k:Fungi(1.00),p:Ascomycota(0.72),c:Saccharomycetes(0.55),o:Saccharomycetales(0.55)	+	k:Fungi
ASV10	k:Fungi(1.00),p:Ascomycota(1.00),c:Sordariomycetes(0.97),o:Sordariales(0.97),f:Lasiosphaeriaceae(0.84)	+	k:Fungi,p:Ascomycota,c:Sordariomycetes,o:Sordariales,f:Lasiosphaeriaceae
ASV105	k:Fungi(1.00),p:Basidiomycota(1.00),c:Tremellomycetes(1.00),o:Cystofilobasidiales(1.00),g:Cystofilobasidium(1.00),s:Cystofilobasidium_capitatum(1.00)	-	k:Fungi,p:Basidiomycota,c:Tremellomycetes,o:Cystofilobasidiales,g:Cystofilobasidium,s:Cystofilobasidium_capitatum
ASV1	k:Fungi(1.00),p:Ascomycota(1.00),c:Leotiomycetes(0.87),o:Thelebolales(0.87),f:Thelebolaceae(0.87)	+	k:Fungi,p:Ascomycota,c:Leotiomycetes,o:Thelebolales,f:Thelebolaceae
ASV101	k:Fungi(1.00),p:Ascomycota(1.00),c:Eurotiomycetes(1.00),o:Eurotiales(1.00),f:Trichocomaceae(1.00),g:Penicillium(1.00),s:Penicillium_chrysogenum(0.96)	+	k:Fungi,p:Ascomycota,c:Eurotiomycetes,o:Eurotiales,f:Trichocomaceae,g:Penicillium,s:Penicillium_chrysogenum
ASV109	k:Fungi(1.00),p:Ascomycota(1.00),c:Pezizomycetes(1.00),o:Pezizales(1.00)	+	k:Fungi,p:Ascomycota,c:Pezizomycetes,o:Pezizales
ASV108	k:Fungi(1.00),p:Ascomycota(1.00),c:Sordariomycetes(0.86),o:Sordariales(0.68),f:Chaetomiaceae(0.31)	+	k:Fungi,p:Ascomycota,c:Sordariomycetes
ASV11	k:Fungi(1.00),p:Ascomycota(1.00),c:Sordariomycetes(0.97),o:Sordariales(0.96),f:Lasiosphaeriaceae(0.71)	+	k:Fungi,p:Ascomycota,c:Sordariomycetes,o:Sordariales
ASV110	k:Fungi(1.00),p:Ascomycota(1.00),c:Sordariomycetes(1.00),o:Xylariales(1.00),f:Diatrypaceae(1.00),g:Diatrype(0.74),s:Diatrype_stigma(0.68)	+	k:Fungi,p:Ascomycota,c:Sordariomycetes,o:Xylariales,f:Diatrypaceae
ASV107	k:Fungi(1.00),p:Ascomycota(1.00),c:Sordariomycetes(0.99),o:Microascales(0.99),f:Microascaceae(0.99)	+	k:Fungi,p:Ascomycota,c:Sordariomycetes,o:Microascales,f:Microascaceae
ASV100	k:Fungi(1.00),p:Basidiomycota(1.00),c:Cystobasidiomycetes(1.00),o:Cystobasidiales(1.00),f:Cystobasidiaceae(1.00),g:Cystobasidium(1.00),s:Cystobasidium_laryngis(0.70)	-	k:Fungi,p:Basidiomycota,c:Cystobasidiomycetes,o:Cystobasidiales,f:Cystobasidiaceae,g:Cystobasidium
ASV112	k:Fungi(1.00),p:Ascomycota(1.00),c:Sordariomycetes(1.00),o:Microascales(1.00),f:Microascaceae(1.00)	+	k:Fungi,p:Ascomycota,c:Sordariomycetes,o:Microascales,f:Microascaceae
ASV114	k:Fungi(1.00),p:Ascomycota(1.00),c:Ascomycota_class_incertae_sedis(1.00),o:Ascomycota_order_incertae_sedis(1.00),f:Cephalothecaceae(1.00)	+	k:Fungi,p:Ascomycota,c:Ascomycota_class_incertae_sedis,o:Ascomycota_order_incertae_sedis,f:Cephalothecaceae
ASV115	k:Fungi(1.00),p:Basidiomycota(0.60),c:Agaricomycetes(0.59),o:Agaricales(0.22),f:Hydnangiaceae(0.07),g:Laccaria(0.07),s:Laccaria_montana(0.07)	+	k:Fungi
ASV116	k:Fungi(1.00),p:Basidiomycota(1.00),c:Agaricomycetes(1.00),o:Phallales(1.00),f:Phallaceae(1.00),g:Phallus(1.00),s:Phallus_impudicus(1.00)	+	k:Fungi,p:Basidiomycota,c:Agaricomycetes,o:Phallales,f:Phallaceae,g:Phallus,s:Phallus_impudicus
ASV111	k:Fungi(1.00),p:Ascomycota(0.50),c:Saccharomycetes(0.16),o:Saccharomycetales(0.16),f:Trichomonascaceae(0.07),g:Zygoascus(0.05),s:Zygoascus_meyerae(0.04)	+	k:Fungi
ASV118	k:Fungi(1.00),p:Ascomycota(1.00),c:Dothideomycetes(1.00),o:Pleosporales(1.00),g:Phoma(0.94),s:Phoma_macrostoma(0.94)	+	k:Fungi,p:Ascomycota,c:Dothideomycetes,o:Pleosporales,g:Phoma,s:Phoma_macrostoma
ASV120	k:Fungi(1.00),p:Ascomycota(1.00),c:Sordariomycetes(0.64),o:Sordariales(0.64),f:Lasiosphaeriaceae(0.64),g:Podospora(0.62),s:Podospora_glutinans(0.61)	+	k:Fungi,p:Ascomycota
ASV121	k:Fungi(1.00),p:Ascomycota(1.00),c:Dothideomycetes(1.00),o:Capnodiales(1.00),f:Davidiellaceae(1.00),g:Cladosporium(1.00),s:Cladosporium_variabile(0.82)	+	k:Fungi,p:Ascomycota,c:Dothideomycetes,o:Capnodiales,f:Davidiellaceae,g:Cladosporium,s:Cladosporium_variabile
ASV122	k:Fungi(1.00),p:Ascomycota(1.00),c:Eurotiomycetes(1.00),o:Eurotiales(1.00),f:Trichocomaceae(1.00),g:Penicillium(0.95),s:Penicillium_concentricum(0.80)	+	k:Fungi,p:Ascomycota,c:Eurotiomycetes,o:Eurotiales,f:Trichocomaceae,g:Penicillium,s:Penicillium_concentricum
ASV123	k:Fungi(1.00),p:Ascomycota(0.98),c:Ascomycota_class_incertae_sedis(0.67),o:Ascomycota_order_incertae_sedis(0.67),f:Ascomycota_family_incertae_sedis(0.67),g:Preussia(0.67),s:Preussia_africana(0.27)	+	k:Fungi,p:Ascomycota
ASV126	k:Fungi(1.00),p:Ascomycota(0.95),c:Saccharomycetes(0.91),o:Saccharomycetales(0.91),f:Saccharomycetaceae(0.90),g:Pichia(0.90),s:Pichia_fermentans(0.90)	+	k:Fungi,p:Ascomycota,c:Saccharomycetes,o:Saccharomycetales,f:Saccharomycetaceae,g:Pichia,s:Pichia_fermentans
ASV119	k:Fungi(1.00),p:Mucoromycota(1.00),c:Mucoromycetes(1.00),o:Mucorales(1.00),f:Pilobolaceae(1.00),g:Pilobolus(1.00),s:Pilobolus_crystallinus(1.00)	+	k:Fungi,p:Mucoromycota,c:Mucoromycetes,o:Mucorales,f:Pilobolaceae,g:Pilobolus,s:Pilobolus_crystallinus
ASV127	k:Fungi(1.00),p:Basidiomycota(0.65),c:Agaricomycetes(0.63),o:Agaricales(0.34),f:Hydnangiaceae(0.12),g:Laccaria(0.12),s:Laccaria_montana(0.12)	+	k:Fungi
ASV12	k:Fungi(1.00),p:Basidiomycota(1.00),c:Agaricomycetes(1.00),o:Agaricales(1.00),f:Psathyrellaceae(0.83),g:Coprinopsis(0.80),s:Coprinopsis_sclerotiorum(0.33)	+	k:Fungi,p:Basidiomycota,c:Agaricomycetes,o:Agaricales,f:Psathyrellaceae,g:Coprinopsis
ASV125	k:Fungi(1.00),p:Ascomycota(0.69),c:Leotiomycetes(0.53),o:Helotiales(0.53)	+	k:Fungi
ASV128	k:Fungi(1.00),p:Ascomycota(1.00),c:Ascomycota_class_incertae_sedis(1.00),o:Ascomycota_order_incertae_sedis(1.00),f:Pseudeurotiaceae(1.00),g:Pseudogymnoascus(1.00),s:Pseudogymnoascus_pannorum(0.77)	+	k:Fungi,p:Ascomycota,c:Ascomycota_class_incertae_sedis,o:Ascomycota_order_incertae_sedis,f:Pseudeurotiaceae,g:Pseudogymnoascus
ASV130	k:Fungi(1.00),p:Basidiomycota(0.61),c:Agaricomycetes(0.56),o:Agaricales(0.30),f:Hydnangiaceae(0.08),g:Laccaria(0.08),s:Laccaria_montana(0.08)	+	k:Fungi
ASV129	k:Fungi(1.00),p:Ascomycota(0.87),c:Saccharomycetes(0.85),o:Saccharomycetales(0.85),f:Dipodascaceae(0.84),g:Geotrichum(0.73),s:Geotrichum_candidum(0.73)	+	k:Fungi,p:Ascomycota,c:Saccharomycetes,o:Saccharomycetales,f:Dipodascaceae
ASV13	k:Fungi(1.00),p:Ascomycota(1.00),c:Ascomycota_class_incertae_sedis(0.50),o:Ascomycota_order_incertae_sedis(0.50),f:Ascomycota_family_incertae_sedis(0.50),g:Preussia(0.50),s:Preussia_africana(0.29)	+	k:Fungi,p:Ascomycota
ASV132	k:Fungi(1.00),p:Basidiomycota(1.00),c:Tremellomycetes(1.00),o:Filobasidiales(0.96),f:Filobasidiaceae(0.96),g:Naganishia(0.96),s:Naganishia_albida(0.96)	+	k:Fungi,p:Basidiomycota,c:Tremellomycetes,o:Filobasidiales,f:Filobasidiaceae,g:Naganishia,s:Naganishia_albida
ASV134	k:Fungi(1.00),p:Ascomycota(0.95),c:Saccharomycetes(0.94),o:Saccharomycetales(0.94),f:Dipodascaceae(0.94),g:Geotrichum(0.85),s:Geotrichum_candidum(0.85)	+	k:Fungi,p:Ascomycota,c:Saccharomycetes,o:Saccharomycetales,f:Dipodascaceae,g:Geotrichum,s:Geotrichum_candidum
ASV135	k:Fungi(1.00),p:Ascomycota(1.00),c:Sordariomycetes(1.00),o:Diaporthales(1.00),f:Valsaceae(1.00),g:Cytospora(0.81),s:Cytospora_schulzeri(0.45)	+	k:Fungi,p:Ascomycota,c:Sordariomycetes,o:Diaporthales,f:Valsaceae,g:Cytospora
ASV136	k:Fungi(1.00),p:Ascomycota(1.00)	+	k:Fungi,p:Ascomycota
ASV137	k:Fungi(1.00),p:Basidiomycota(0.69),c:Agaricomycetes(0.63),o:Agaricales(0.25),f:Amanitaceae(0.10),g:Amanita(0.10),s:Amanita_flavoconia(0.05)	+	k:Fungi
ASV138	k:Fungi(1.00),p:Ascomycota(1.00),c:Sordariomycetes(0.97),o:Sordariales(0.96),f:Lasiosphaeriaceae(0.84),g:Cercophora(0.28),s:Cercophora_sulphurella(0.25)	+	k:Fungi,p:Ascomycota,c:Sordariomycetes,o:Sordariales,f:Lasiosphaeriaceae
ASV139	k:Fungi(1.00),p:Basidiomycota(1.00),c:Agaricomycetes(1.00),o:Boletales(1.00),f:Melanogastraceae(1.00),g:Melanogaster(1.00),s:Melanogaster_broomeanus(0.56)	+	k:Fungi,p:Basidiomycota,c:Agaricomycetes,o:Boletales,f:Melanogastraceae,g:Melanogaster
ASV131	k:Fungi(1.00),p:Basidiomycota(0.53),c:Agaricomycetes(0.45),o:Boletales(0.21),f:Boletaceae(0.19),g:Tylopilus(0.19),s:Tylopilus_cf._balloui(0.19)	+	k:Fungi
ASV133	k:Fungi(1.00),p:Ascomycota(1.00),c:Pezizomycetes(1.00),o:Pezizales(1.00),g:Trichobolus(0.61),s:Trichobolus_zukalii(0.39)	+	k:Fungi,p:Ascomycota,c:Pezizomycetes,o:Pezizales
ASV14	k:Fungi(1.00),p:Ascomycota(1.00),c:Sordariomycetes(1.00),o:Sordariales(1.00),f:Lasiosphaeriaceae(0.99)	+	k:Fungi,p:Ascomycota,c:Sordariomycetes,o:Sordariales,f:Lasiosphaeriaceae
ASV141	k:Fungi(1.00),p:Ascomycota(0.99),c:Sordariomycetes(0.95),o:Hypocreales(0.94),f:Nectriaceae(0.40),g:Cosmospora(0.16),s:Cosmospora_aff._viliuscula_PC-2011(0.11)	+	k:Fungi,p:Ascomycota,c:Sordariomycetes,o:Hypocreales
ASV142	k:Fungi(1.00),p:Basidiomycota(0.73),c:Agaricomycetes(0.71),o:Agaricales(0.27),f:Hydnangiaceae(0.08),g:Laccaria(0.08),s:Laccaria_montana(0.08)	+	k:Fungi
ASV143	k:Fungi(1.00),p:Ascomycota(0.93),c:Leotiomycetes(0.72),o:Helotiales(0.71),f:Hyaloscyphaceae(0.40),g:Catenulifera(0.32),s:Catenulifera_brevicollaris(0.32)	+	k:Fungi,p:Ascomycota
ASV144	k:Fungi(1.00),p:Ascomycota(1.00),c:Dothideomycetes(0.98),o:Capnodiales(0.98),f:Davidiellaceae(0.98),g:Cladosporium(0.98),s:Cladosporium_oxysporum(0.54)	+	k:Fungi,p:Ascomycota,c:Dothideomycetes,o:Capnodiales,f:Davidiellaceae,g:Cladosporium
ASV145	k:Fungi(1.00),p:Basidiomycota(0.66),c:Agaricomycetes(0.65),o:Boletales(0.25),f:Boletaceae(0.20),g:Tylopilus(0.20),s:Tylopilus_cf._balloui(0.20)	+	k:Fungi
ASV148	k:Fungi(1.00),p:Ascomycota(1.00),c:Leotiomycetes(0.97),o:Thelebolales(0.97),f:Thelebolaceae(0.97)	+	k:Fungi,p:Ascomycota,c:Leotiomycetes,o:Thelebolales,f:Thelebolaceae
ASV149	k:Fungi(1.00),p:Ascomycota(1.00),c:Sordariomycetes(1.00),o:Hypocreales(1.00)	+	k:Fungi,p:Ascomycota,c:Sordariomycetes,o:Hypocreales
ASV150	k:Fungi(1.00),p:Ascomycota(1.00),c:Sordariomycetes(0.73),o:Hypocreales(0.73),f:Nectriaceae(0.73),g:Fusarium(0.66),s:Fusarium_solani(0.58)	+	k:Fungi,p:Ascomycota
ASV151	k:Fungi(1.00),p:Ascomycota(1.00),c:Sordariomycetes(0.99),o:Sordariales(0.98),f:Sordariaceae(0.73),g:Sordaria(0.73),s:Sordaria_araneosa(0.73)	+	k:Fungi,p:Ascomycota,c:Sordariomycetes,o:Sordariales
ASV152	k:Fungi(1.00),p:Ascomycota(1.00),c:Sordariomycetes(1.00),o:Hypocreales(1.00),f:Nectriaceae(1.00),g:Fusarium(0.99)	+	k:Fungi,p:Ascomycota,c:Sordariomycetes,o:Hypocreales,f:Nectriaceae,g:Fusarium
ASV154	k:Fungi(1.00),p:Basidiomycota(0.40),c:Agaricomycetes(0.33),o:Agaricales(0.27),f:Hydnangiaceae(0.10),g:Laccaria(0.10),s:Laccaria_montana(0.07)	+	k:Fungi
ASV146	k:Fungi(1.00),p:Basidiomycota(1.00)	+	k:Fungi,p:Basidiomycota
ASV147	k:Fungi(1.00),p:Basidiomycota(0.99),c:Agaricomycetes(0.99),o:Geastrales(0.81),g:Sphaerobolus(0.79),s:Sphaerobolus_iowensis(0.72)	+	k:Fungi,p:Basidiomycota,c:Agaricomycetes,o:Geastrales
ASV156	k:Fungi(1.00),p:Basidiomycota(1.00),c:Microbotryomycetes(1.00),o:Leucosporidiales(1.00),g:Leucosporidiella(0.52),s:Leucosporidiella_creatinivora(0.48)	+	k:Fungi,p:Basidiomycota,c:Microbotryomycetes,o:Leucosporidiales
ASV157	k:Fungi(1.00),p:Ascomycota(1.00),c:Sordariomycetes(1.00),o:Sordariales(0.99),f:Lasiosphaeriaceae(0.91)	+	k:Fungi,p:Ascomycota,c:Sordariomycetes,o:Sordariales,f:Lasiosphaeriaceae
ASV159	k:Fungi(1.00),p:Basidiomycota(0.41),c:Agaricomycetes(0.19),o:Agaricales(0.11),f:Hygrophoraceae(0.04),g:Hygrocybe(0.04),s:Hygrocybe_sp._CA04(0.02)	+	k:Fungi
ASV16	k:Fungi(1.00),p:Ascomycota(1.00),c:Sordariomycetes(1.00),o:Microascales(1.00),f:Microascaceae(0.83),g:Doratomyces(0.81),s:Doratomyces_nanus(0.31)	+	k:Fungi,p:Ascomycota,c:Sordariomycetes,o:Microascales,f:Microascaceae,g:Doratomyces
ASV162	k:Fungi(1.00),p:Ascomycota(1.00),c:Sordariomycetes(1.00),o:Lulworthiales(1.00)	+	k:Fungi,p:Ascomycota,c:Sordariomycetes,o:Lulworthiales
ASV164	k:Fungi(1.00),p:Ascomycota(1.00)	+	k:Fungi,p:Ascomycota
ASV169	k:Fungi(1.00),p:Ascomycota(1.00),c:Sordariomycetes(1.00),o:Hypocreales(1.00),f:Bionectriaceae(0.99),g:Bionectria(0.99),s:Bionectria_sp.(0.99)	+	k:Fungi,p:Ascomycota,c:Sordariomycetes,o:Hypocreales,f:Bionectriaceae,g:Bionectria,s:Bionectria_sp.
ASV17	k:Fungi(1.00),p:Ascomycota(1.00),c:Sordariomycetes(0.98),o:Sordariales(0.98),f:Sordariaceae(0.72),g:Sordaria(0.72),s:Sordaria_araneosa(0.72)	+	k:Fungi,p:Ascomycota,c:Sordariomycetes,o:Sordariales
ASV170	k:Fungi(1.00),p:Ascomycota(1.00),c:Sordariomycetes(1.00),o:Hypocreales(0.97),f:Nectriaceae(0.96),g:Nectria(0.96),s:Nectria_nigrescens(0.64)	+	k:Fungi,p:Ascomycota,c:Sordariomycetes,o:Hypocreales,f:Nectriaceae,g:Nectria
ASV172	k:Fungi(1.00),p:Ascomycota(1.00),c:Sordariomycetes(1.00),o:Hypocreales(1.00),f:Nectriaceae(1.00),g:Fusarium(1.00),s:Fusarium_oxysporum(0.88)	+	k:Fungi,p:Ascomycota,c:Sordariomycetes,o:Hypocreales,f:Nectriaceae,g:Fusarium,s:Fusarium_oxysporum
ASV173	k:Fungi(1.00),p:Ascomycota(0.98),c:Saccharomycetes(0.95),o:Saccharomycetales(0.95),f:Saccharomycetaceae(0.95),g:Pichia(0.92),s:Pichia_fermentans(0.91)	+	k:Fungi,p:Ascomycota,c:Saccharomycetes,o:Saccharomycetales,f:Saccharomycetaceae,g:Pichia,s:Pichia_fermentans
ASV174	k:Fungi(1.00),p:Ascomycota(0.99),c:Ascomycota_class_incertae_sedis(0.55),o:Ascomycota_order_incertae_sedis(0.55),f:Ascomycota_family_incertae_sedis(0.55),g:Preussia(0.54),s:Preussia_sp.(0.36)	+	k:Fungi,p:Ascomycota
ASV166	k:Fungi(1.00),p:Ascomycota(0.97),c:Leotiomycetes(0.69),o:Helotiales(0.61),f:Hyaloscyphaceae(0.26),g:Lachnellula(0.11),s:Lachnellula_tricolor(0.03)	+	k:Fungi,p:Ascomycota
ASV177	k:Fungi(1.00),p:Ascomycota(1.00),c:Pezizomycetes(1.00),o:Pezizales(1.00)	+	k:Fungi,p:Ascomycota,c:Pezizomycetes,o:Pezizales
ASV168	k:Fungi(1.00),p:Entomophthoromycota(0.31),c:Entomophthoromycetes(0.31),o:Entomophthorales(0.31),f:Entomophthoraceae(0.27),g:Pandora(0.26),s:Pandora_neoaphidis(0.15)	+	k:Fungi
ASV178	k:Fungi(1.00),p:Ascomycota(1.00),c:Dothideomycetes(0.84),o:Pleosporales(0.84),f:Leptosphaeriaceae(0.64)	+	k:Fungi,p:Ascomycota,c:Dothideomycetes,o:Pleosporales
ASV179	k:Fungi(1.00),p:Ascomycota(1.00),c:Pezizomycetes(1.00),o:Pezizales(1.00),g:Trichobolus(0.79),s:Trichobolus_zukalii(0.55)	+	k:Fungi,p:Ascomycota,c:Pezizomycetes,o:Pezizales
ASV180	k:Fungi(1.00),p:Ascomycota(0.59),c:Saccharomycetes(0.29),o:Saccharomycetales(0.29)	+	k:Fungi
ASV183	k:Fungi(1.00),p:Ascomycota(0.52),c:Saccharomycetes(0.18),o:Saccharomycetales(0.18),f:Saccharomycetaceae(0.05),g:Candida(0.04),s:Candida_digboiensis(0.03)	+	k:Fungi
ASV18	k:Fungi(1.00),p:Basidiomycota(1.00),c:Tremellomycetes(1.00),o:Trichosporonales(1.00),f:Trichosporonaceae(1.00),g:Cutaneotrichosporon(0.62),s:Cutaneotrichosporon_moniliiforme(0.42)	+	k:Fungi,p:Basidiomycota,c:Tremellomycetes,o:Trichosporonales,f:Trichosporonaceae
ASV185	k:Fungi(1.00),p:Ascomycota(1.00),c:Dothideomycetes(0.95),o:Pleosporales(0.95),f:Phaeosphaeriaceae(0.95),g:Sclerostagonospora(0.95),s:Sclerostagonospora_sp.(0.95)	+	k:Fungi,p:Ascomycota,c:Dothideomycetes,o:Pleosporales,f:Phaeosphaeriaceae,g:Sclerostagonospora,s:Sclerostagonospora_sp.
ASV187	k:Fungi(1.00),p:Basidiomycota(1.00),c:Agaricomycetes(1.00),o:Agaricales(1.00),f:Strophariaceae(1.00),g:Hypholoma(1.00),s:Hypholoma_sublateritium(1.00)	+	k:Fungi,p:Basidiomycota,c:Agaricomycetes,o:Agaricales,f:Strophariaceae,g:Hypholoma,s:Hypholoma_sublateritium
ASV188	k:Fungi(1.00),p:Ascomycota(0.99)	+	k:Fungi,p:Ascomycota
ASV189	k:Fungi(1.00),p:Ascomycota(0.92),c:Ascomycota_class_incertae_sedis(0.51),o:Ascomycota_order_incertae_sedis(0.51),f:Ascomycota_family_incertae_sedis(0.51),g:Preussia(0.51),s:Preussia_sp.(0.24)	+	k:Fungi,p:Ascomycota
ASV19	k:Fungi(1.00),p:Ascomycota(1.00),c:Sordariomycetes(1.00),o:Sordariales(0.99),f:Sordariaceae(0.86),g:Sordaria(0.86),s:Sordaria_araneosa(0.86)	+	k:Fungi,p:Ascomycota,c:Sordariomycetes,o:Sordariales,f:Sordariaceae,g:Sordaria,s:Sordaria_araneosa
ASV191	k:Fungi(1.00),p:Ascomycota(1.00),c:Eurotiomycetes(0.99),o:Chaetothyriales(0.99),f:Chaetothyriaceae(0.99),g:Cyphellophora(0.99),s:Cyphellophora_sessilis(0.99)	+	k:Fungi,p:Ascomycota,c:Eurotiomycetes,o:Chaetothyriales,f:Chaetothyriaceae,g:Cyphellophora,s:Cyphellophora_sessilis
ASV192	k:Fungi(1.00),p:Basidiomycota(1.00),c:Agaricomycetes(1.00),o:Boletales(1.00),f:Melanogastraceae(1.00),g:Melanogaster(1.00),s:Melanogaster_broomeanus(0.56)	+	k:Fungi,p:Basidiomycota,c:Agaricomycetes,o:Boletales,f:Melanogastraceae,g:Melanogaster
ASV184	k:Fungi(1.00),p:Ascomycota(1.00),c:Sordariomycetes(1.00),o:Diaporthales(1.00),f:Valsaceae(1.00),g:Cytospora(0.97),s:Cytospora_predappioensis(0.94)	+	k:Fungi,p:Ascomycota,c:Sordariomycetes,o:Diaporthales,f:Valsaceae,g:Cytospora,s:Cytospora_predappioensis
ASV186	k:Fungi(1.00),p:Ascomycota(1.00),c:Dothideomycetes(0.99),o:Capnodiales(0.48)	+	k:Fungi,p:Ascomycota,c:Dothideomycetes
ASV193	k:Fungi(1.00),p:Basidiomycota(1.00),c:Agaricomycetes(1.00),o:Agaricales(1.00),f:Strophariaceae(1.00),g:Hypholoma(1.00),s:Hypholoma_capnoides(1.00)	+	k:Fungi,p:Basidiomycota,c:Agaricomycetes,o:Agaricales,f:Strophariaceae,g:Hypholoma,s:Hypholoma_capnoides
ASV194	k:Fungi(1.00),p:Ascomycota(1.00),c:Sordariomycetes(1.00),o:Hypocreales(1.00),f:Nectriaceae(1.00),g:Neonectria(0.75),s:Neonectria_coccinea(0.26)	+	k:Fungi,p:Ascomycota,c:Sordariomycetes,o:Hypocreales,f:Nectriaceae
ASV197	k:Fungi(1.00),p:Ascomycota(1.00),c:Sordariomycetes(1.00),o:Hypocreales(1.00),f:Nectriaceae(1.00),g:Fusarium(1.00),s:Fusarium_sp._SB7-4(0.25)	+	k:Fungi,p:Ascomycota,c:Sordariomycetes,o:Hypocreales,f:Nectriaceae,g:Fusarium
ASV198	k:Fungi(1.00),p:Basidiomycota(0.98),c:Tremellomycetes(0.96),o:Tremellales(0.94),f:Phaeotremellaceae(0.57),g:Phaeotremella(0.57),s:Phaeotremella_pseudofoliacea(0.36)	+	k:Fungi,p:Basidiomycota,c:Tremellomycetes,o:Tremellales
ASV199	k:Fungi(1.00),p:Ascomycota(1.00),c:Sordariomycetes(1.00),o:Xylariales(0.97),f:Xylariaceae(0.97),g:Nemania(0.97),s:Nemania_maritima(0.97)	+	k:Fungi,p:Ascomycota,c:Sordariomycetes,o:Xylariales,f:Xylariaceae,g:Nemania,s:Nemania_maritima
ASV2	k:Fungi(1.00),p:Ascomycota(1.00),c:Leotiomycetes(0.93),o:Thelebolales(0.93),f:Thelebolaceae(0.93)	+	k:Fungi,p:Ascomycota,c:Leotiomycetes,o:Thelebolales,f:Thelebolaceae
ASV202	k:Fungi(1.00),p:Ascomycota(1.00),c:Eurotiomycetes(1.00),o:Eurotiales(1.00),f:Trichocomaceae(1.00),g:Penicillium(1.00),s:Penicillium_sp._YNLF-11(0.67)	+	k:Fungi,p:Ascomycota,c:Eurotiomycetes,o:Eurotiales,f:Trichocomaceae,g:Penicillium
ASV204	k:Fungi(1.00),p:Ascomycota(1.00),c:Sordariomycetes(1.00),o:Xylariales(1.00),f:Xylariaceae(1.00),g:Xylaria(1.00),s:Xylaria_longipes(0.98)	+	k:Fungi,p:Ascomycota,c:Sordariomycetes,o:Xylariales,f:Xylariaceae,g:Xylaria,s:Xylaria_longipes
ASV206	k:Fungi(1.00),p:Ascomycota(0.43),c:Saccharomycetes(0.12),o:Saccharomycetales(0.12),f:Trichomonascaceae(0.03),g:Sugiyamaella(0.03),s:Sugiyamaella_qingdaonensis(0.02)	+	k:Fungi
ASV208	k:Fungi(1.00),p:Basidiomycota(0.99),c:Tremellomycetes(0.99),o:Tremellales(0.92),f:Tremellaceae(0.83),g:Cryptococcus(0.77),s:Cryptococcus_victoriae(0.60)	+	k:Fungi,p:Basidiomycota,c:Tremellomycetes,o:Tremellales,f:Tremellaceae
ASV21	k:Fungi(1.00),p:Ascomycota(1.00),c:Leotiomycetes(0.95),o:Thelebolales(0.95),f:Thelebolaceae(0.95)	+	k:Fungi,p:Ascomycota,c:Leotiomycetes,o:Thelebolales,f:Thelebolaceae
ASV210	k:Fungi(1.00),p:Ascomycota(1.00),c:Eurotiomycetes(0.78),o:Chaetothyriales(0.68),f:Chaetothyriaceae(0.45),g:Cyphellophora(0.27),s:Cyphellophora_reptans(0.12)	+	k:Fungi,p:Ascomycota
ASV212	k:Fungi(1.00),p:Basidiomycota(1.00),c:Tremellomycetes(1.00),o:Trichosporonales(1.00),f:Trichosporonaceae(1.00),g:Cutaneotrichosporon(0.56),s:Cutaneotrichosporon_moniliiforme(0.45)	+	k:Fungi,p:Basidiomycota,c:Tremellomycetes,o:Trichosporonales,f:Trichosporonaceae
ASV200	k:Fungi(1.00),p:Ascomycota(1.00),c:Sordariomycetes(1.00),o:Hypocreales(0.99),f:Bionectriaceae(0.51),g:Acremonium(0.51),s:Acremonium_sp.(0.51)	+	k:Fungi,p:Ascomycota,c:Sordariomycetes,o:Hypocreales
ASV213	k:Fungi(1.00),p:Ascomycota(1.00),c:Dothideomycetes(0.99),o:Pleosporales(0.99)	+	k:Fungi,p:Ascomycota,c:Dothideomycetes,o:Pleosporales
ASV214	k:Fungi(1.00),p:Ascomycota(1.00),c:Sordariomycetes(1.00),o:Hypocreales(1.00),f:Stachybotryaceae(0.57),g:Alfaria(0.57),s:Alfaria_junci(0.57)	+	k:Fungi,p:Ascomycota,c:Sordariomycetes,o:Hypocreales
ASV215	k:Fungi(1.00),p:Ascomycota(1.00),c:Dothideomycetes(1.00),o:Pleosporales(0.87),g:Phoma(0.50),s:Phoma_multirostrata(0.45)	+	k:Fungi,p:Ascomycota,c:Dothideomycetes,o:Pleosporales
ASV216	k:Fungi(1.00),p:Basidiomycota(1.00),c:Agaricomycetes(1.00),o:Agaricales(1.00),f:Psathyrellaceae(1.00),g:Coprinopsis(1.00),s:Coprinopsis_semitalis(1.00)	+	k:Fungi,p:Basidiomycota,c:Agaricomycetes,o:Agaricales,f:Psathyrellaceae,g:Coprinopsis,s:Coprinopsis_semitalis
ASV201	k:Fungi(1.00),p:Ascomycota(1.00)	+	k:Fungi,p:Ascomycota
ASV217	k:Fungi(1.00),p:Basidiomycota(0.63),c:Agaricomycetes(0.54),o:Agaricales(0.21),f:Inocybaceae(0.05),g:Inocybe(0.05),s:Inocybe_acuta(0.01)	+	k:Fungi
ASV218	k:Fungi(1.00),p:Ascomycota(1.00),c:Dothideomycetes(0.91),o:Pleosporales(0.79),f:Pleosporales_incertae_sedis(0.41),g:Didymella(0.36),s:Didymella_vitalbina(0.36)	+	k:Fungi,p:Ascomycota,c:Dothideomycetes
ASV22	k:Fungi(1.00),p:Ascomycota(1.00),c:Pezizomycetes(1.00),o:Pezizales(1.00),f:Ascobolaceae(1.00),g:Ascobolus(1.00),s:Ascobolus_sp._CA01(0.99)	+	k:Fungi,p:Ascomycota,c:Pezizomycetes,o:Pezizales,f:Ascobolaceae,g:Ascobolus,s:Ascobolus_sp._CA01
ASV221	k:Fungi(1.00),p:Basidiomycota(0.98),c:Tremellomycetes(0.80),o:Tremellales(0.72),f:Tremellaceae(0.66),g:Cryptococcus(0.63),s:Cryptococcus_sp.(0.63)	+	k:Fungi,p:Basidiomycota,c:Tremellomycetes
ASV223	k:Fungi(1.00),p:Ascomycota(1.00),c:Pezizomycetes(1.00),o:Pezizales(1.00),f:Pyronemataceae(1.00),g:Cheilymenia(1.00),s:Cheilymenia_stercorea(1.00)	+	k:Fungi,p:Ascomycota,c:Pezizomycetes,o:Pezizales,f:Pyronemataceae,g:Cheilymenia,s:Cheilymenia_stercorea
ASV228	k:Fungi(1.00),p:Ascomycota(1.00),c:Dothideomycetes(0.95),o:Pleosporales(0.95),f:Leptosphaeriaceae(0.95)	+	k:Fungi,p:Ascomycota,c:Dothideomycetes,o:Pleosporales,f:Leptosphaeriaceae
ASV231	k:Fungi(1.00),p:Ascomycota(1.00),c:Leotiomycetes(0.88),o:Rhytismatales(0.56),f:Rhytismataceae(0.56),g:Phacidiopycnis(0.53),s:Phacidiopycnis_sp._stklk6(0.36)	+	k:Fungi,p:Ascomycota,c:Leotiomycetes
ASV232	k:Fungi(1.00),p:Ascomycota(1.00),c:Eurotiomycetes(1.00),o:Chaetothyriales(1.00)	+	k:Fungi,p:Ascomycota,c:Eurotiomycetes,o:Chaetothyriales
ASV233	k:Fungi(1.00),p:Ascomycota(1.00),c:Leotiomycetes(1.00),o:Helotiales(1.00),g:Pilidium(1.00),s:Pilidium_concavum(1.00)	+	k:Fungi,p:Ascomycota,c:Leotiomycetes,o:Helotiales,g:Pilidium,s:Pilidium_concavum
ASV234	k:Fungi(1.00),p:Ascomycota(1.00),c:Dothideomycetes(0.95),o:Mycosphaerellales(0.60),f:Teratosphaeriaceae(0.35),g:Teratosphaeria(0.23),s:Teratosphaeria_alistairii(0.07)	+	k:Fungi,p:Ascomycota,c:Dothideomycetes
ASV219	k:Fungi(1.00),p:Ascomycota(0.96),c:Sordariomycetes(0.93),o:Hypocreales(0.93),f:Cordycipitaceae(0.32),g:Cordyceps(0.18),s:Cordyceps_gunnii(0.18)	+	k:Fungi,p:Ascomycota,c:Sordariomycetes,o:Hypocreales
ASV235	k:Fungi(1.00),p:Ascomycota(1.00),c:Dothideomycetes(1.00),o:Pleosporales(1.00),f:Phaeosphaeriaceae(1.00)	+	k:Fungi,p:Ascomycota,c:Dothideomycetes,o:Pleosporales,f:Phaeosphaeriaceae
ASV236	k:Fungi(1.00),p:Ascomycota(0.96),c:Saccharomycetes(0.94),o:Saccharomycetales(0.94),f:Dipodascaceae(0.93),g:Galactomyces(0.92),s:Galactomyces_sp._BPY-54(0.57)	+	k:Fungi,p:Ascomycota,c:Saccharomycetes,o:Saccharomycetales,f:Dipodascaceae,g:Galactomyces
ASV238	k:Fungi(1.00),p:Ascomycota(1.00),c:Sordariomycetes(1.00),o:Microascales(0.97),f:Microascaceae(0.97),g:Scopulariopsis(0.49),s:Scopulariopsis_brevicaulis(0.48)	+	k:Fungi,p:Ascomycota,c:Sordariomycetes,o:Microascales,f:Microascaceae
ASV23	k:Fungi(1.00),p:Ascomycota(1.00),c:Dothideomycetes(1.00),o:Pleosporales(1.00),g:Peyronellaea(0.95),s:Peyronellaea_calorpreferens(0.72)	+	k:Fungi,p:Ascomycota,c:Dothideomycetes,o:Pleosporales,g:Peyronellaea
ASV239	k:Fungi(1.00),p:Basidiomycota(1.00),c:Tremellomycetes(1.00),o:Filobasidiales(0.79),f:Filobasidiaceae(0.79),g:Goffeauzyma(0.79),s:Goffeauzyma_gilvescens(0.79)	+	k:Fungi,p:Basidiomycota,c:Tremellomycetes
ASV24	k:Fungi(1.00),p:Ascomycota(0.99),c:Dothideomycetes(0.67),o:Pleosporales(0.67),f:Nigrogranaceae(0.63),g:Nigrograna(0.63)	+	k:Fungi,p:Ascomycota
ASV241	k:Fungi(1.00),p:Ascomycota(0.30),c:Saccharomycetes(0.13),o:Saccharomycetales(0.13),f:Saccharomycetaceae(0.05),g:Candida(0.03),s:Candida_intermedia(0.02)	+	k:Fungi
ASV244	k:Fungi(1.00),p:Ascomycota(0.99),c:Dothideomycetes(0.97),o:Pleosporales(0.97),f:Phaeosphaeriaceae(0.97),g:Sclerostagonospora(0.97),s:Sclerostagonospora_sp.(0.97)	+	k:Fungi,p:Ascomycota,c:Dothideomycetes,o:Pleosporales,f:Phaeosphaeriaceae,g:Sclerostagonospora,s:Sclerostagonospora_sp.
ASV245	k:Fungi(1.00),p:Basidiomycota(1.00),c:Agaricomycetes(1.00),o:Agaricales(1.00),f:Psathyrellaceae(0.98),g:Coprinellus(0.98),s:Coprinellus_micaceus(0.94)	+	k:Fungi,p:Basidiomycota,c:Agaricomycetes,o:Agaricales,f:Psathyrellaceae,g:Coprinellus,s:Coprinellus_micaceus
ASV248	k:Fungi(1.00),p:Ascomycota(1.00),c:Dothideomycetes(1.00),o:Pleosporales(1.00),f:Pleosporales_incertae_sedis(0.96),g:Coniothyrium(0.96),s:Coniothyrium_fuckelii(0.96)	+	k:Fungi,p:Ascomycota,c:Dothideomycetes,o:Pleosporales,f:Pleosporales_incertae_sedis,g:Coniothyrium,s:Coniothyrium_fuckelii
ASV250	k:Fungi(1.00),p:Basidiomycota(1.00),c:Cystobasidiomycetes(0.99),o:Cystobasidiales(0.99),f:Cystobasidiaceae(0.99),g:Cystobasidium(0.99),s:Cystobasidium_slooffiae(0.99)	+	k:Fungi,p:Basidiomycota,c:Cystobasidiomycetes,o:Cystobasidiales,f:Cystobasidiaceae,g:Cystobasidium,s:Cystobasidium_slooffiae
ASV253	k:Fungi(1.00),p:Ascomycota(1.00),c:Dothideomycetes(1.00),o:Pleosporales(1.00),g:Peyronellaea(0.89),s:Peyronellaea_glomerata(0.83)	+	k:Fungi,p:Ascomycota,c:Dothideomycetes,o:Pleosporales,g:Peyronellaea,s:Peyronellaea_glomerata
ASV252	k:Fungi(1.00),p:Ascomycota(1.00),c:Ascomycota_class_incertae_sedis(0.98),o:Ascomycota_order_incertae_sedis(0.98),f:Ascomycota_family_incertae_sedis(0.98),g:Trichocladium(0.92),s:Trichocladium_asperum(0.92)	+	k:Fungi,p:Ascomycota,c:Ascomycota_class_incertae_sedis,o:Ascomycota_order_incertae_sedis,f:Ascomycota_family_incertae_sedis,g:Trichocladium,s:Trichocladium_asperum
ASV255	k:Fungi(1.00),p:Ascomycota(1.00),c:Ascomycota_class_incertae_sedis(1.00),o:Ascomycota_order_incertae_sedis(1.00),f:Ascomycota_family_incertae_sedis(1.00),g:Preussia(1.00),s:Preussia_minima(0.53)	+	k:Fungi,p:Ascomycota,c:Ascomycota_class_incertae_sedis,o:Ascomycota_order_incertae_sedis,f:Ascomycota_family_incertae_sedis,g:Preussia
ASV257	k:Fungi(1.00),p:Ascomycota(1.00),c:Sordariomycetes(1.00),o:Diaporthales(1.00),f:Valsaceae(1.00),g:Valsa(0.98),s:Valsa_sp._G97(0.57)	+	k:Fungi,p:Ascomycota,c:Sordariomycetes,o:Diaporthales,f:Valsaceae,g:Valsa
ASV259	k:Fungi(1.00),p:Basidiomycota(0.58),c:Agaricomycetes(0.52),o:Agaricales(0.25),f:Inocybaceae(0.05),g:Inocybe(0.04),s:Inocybe_sphaerospora(0.01)	+	k:Fungi
ASV243	k:Fungi(1.00),p:Basidiomycota(1.00),c:Agaricomycetes(1.00),o:Agaricales(1.00),f:Psathyrellaceae(0.94),g:Coprinellus(0.93),s:Coprinellus_impatiens(0.49)	+	k:Fungi,p:Basidiomycota,c:Agaricomycetes,o:Agaricales,f:Psathyrellaceae,g:Coprinellus
ASV25	k:Fungi(1.00),p:Ascomycota(1.00),c:Pezizomycetes(1.00),o:Pezizales(1.00),g:Trichobolus(0.99),s:Trichobolus_sp._zukalii-CA01(0.99)	+	k:Fungi,p:Ascomycota,c:Pezizomycetes,o:Pezizales,g:Trichobolus,s:Trichobolus_sp._zukalii-CA01
ASV263	k:Fungi(1.00),p:Ascomycota(1.00),c:Ascomycota_class_incertae_sedis(0.69),o:Ascomycota_order_incertae_sedis(0.69),f:Ascomycota_family_incertae_sedis(0.69),g:Preussia(0.69),s:Preussia_africana(0.48)	+	k:Fungi,p:Ascomycota
ASV264	k:Fungi(1.00),p:Basidiomycota(1.00),c:Agaricomycetes(1.00),o:Polyporales(1.00),f:Polyporaceae(0.83),g:Trametes(0.83),s:Trametes_versicolor(0.83)	+	k:Fungi,p:Basidiomycota,c:Agaricomycetes,o:Polyporales,f:Polyporaceae,g:Trametes,s:Trametes_versicolor
ASV265	k:Fungi(1.00),p:Basidiomycota(1.00),c:Agaricomycetes(1.00),o:Agaricales(1.00),f:Physalacriaceae(0.99),g:Armillaria(0.99),s:Armillaria_ostoyae(0.63)	+	k:Fungi,p:Basidiomycota,c:Agaricomycetes,o:Agaricales,f:Physalacriaceae,g:Armillaria
ASV267	k:Fungi(1.00),p:Ascomycota(0.82),c:Leotiomycetes(0.17),o:Helotiales(0.17),f:Orbiliaceae(0.15),g:Orbilia(0.14),s:Orbilia_aprilis(0.07)	+	k:Fungi,p:Ascomycota
ASV269	k:Fungi(1.00),p:Ascomycota(1.00),c:Taphrinomycetes(1.00),o:Taphrinales(1.00),f:Taphrinaceae(1.00),g:Lalaria(0.98),s:Lalaria_carpini(0.50)	+	k:Fungi,p:Ascomycota,c:Taphrinomycetes,o:Taphrinales,f:Taphrinaceae,g:Lalaria
ASV27	k:Fungi(1.00),p:Basidiomycota(1.00),c:Agaricomycetes(1.00),o:Phallales(1.00),f:Phallaceae(1.00),g:Phallus(1.00),s:Phallus_impudicus(1.00)	+	k:Fungi,p:Basidiomycota,c:Agaricomycetes,o:Phallales,f:Phallaceae,g:Phallus,s:Phallus_impudicus
ASV273	k:Fungi(1.00),p:Ascomycota(0.64),c:Saccharomycetes(0.47),o:Saccharomycetales(0.47)	+	k:Fungi
ASV276	k:Fungi(1.00),p:Basidiomycota(0.40),c:Agaricomycetes(0.23),o:Agaricales(0.07),f:Entolomataceae(0.03),g:Entoloma(0.02),s:Entoloma_flavidum(0.01)	+	k:Fungi
ASV274	k:Fungi(1.00),p:Ascomycota(1.00),c:Leotiomycetes(0.99),o:Thelebolales(0.99),f:Thelebolaceae(0.99)	+	k:Fungi,p:Ascomycota,c:Leotiomycetes,o:Thelebolales,f:Thelebolaceae
ASV277	k:Fungi(1.00),p:Ascomycota(0.89),c:Saccharomycetes(0.83),o:Saccharomycetales(0.83),f:Dipodascaceae(0.79),g:Galactomyces(0.61),s:Galactomyces_candidus(0.38)	+	k:Fungi,p:Ascomycota,c:Saccharomycetes,o:Saccharomycetales
ASV278	k:Fungi(1.00),p:Ascomycota(1.00),c:Sordariomycetes(1.00),o:Hypocreales(1.00),f:Flammocladiellaceae(0.89),g:Flammocladiella(0.89),s:Flammocladiella_decora(0.89)	+	k:Fungi,p:Ascomycota,c:Sordariomycetes,o:Hypocreales,f:Flammocladiellaceae,g:Flammocladiella,s:Flammocladiella_decora
ASV279	k:Fungi(1.00),p:Basidiomycota(0.52),c:Agaricomycetes(0.47),o:Agaricales(0.31),f:Inocybaceae(0.05),g:Inocybe(0.05),s:Inocybe_aff._perlata_TENN_062740(0.01)	+	k:Fungi
ASV271	k:Fungi(1.00),p:Ascomycota(1.00),c:Sordariomycetes(1.00),o:Chaetosphaeriales(1.00),f:Chaetosphaeriaceae(1.00),g:Chaetosphaeria(1.00),s:Chaetosphaeria_ovoidea(0.99)	+	k:Fungi,p:Ascomycota,c:Sordariomycetes,o:Chaetosphaeriales,f:Chaetosphaeriaceae,g:Chaetosphaeria,s:Chaetosphaeria_ovoidea
ASV28	k:Fungi(1.00),p:Basidiomycota(0.96),c:Agaricomycetes(0.96),o:Agaricales(0.95),f:Bolbitiaceae(0.85),g:Conocybe(0.83),s:Conocybe_deliquescens(0.23)	+	k:Fungi,p:Basidiomycota,c:Agaricomycetes,o:Agaricales,f:Bolbitiaceae,g:Conocybe
ASV272	k:Fungi(1.00),p:Basidiomycota(0.95),c:Tremellomycetes(0.95),o:Tremellales(0.92),f:Tremellaceae(0.78),g:Cryptococcus(0.71),s:Cryptococcus_victoriae(0.57)	+	k:Fungi,p:Basidiomycota,c:Tremellomycetes,o:Tremellales
ASV280	k:Fungi(1.00),p:Basidiomycota(1.00),c:Agaricomycetes(1.00),o:Corticiales(1.00),f:Corticiaceae(0.99),g:Vuilleminia(0.99),s:Vuilleminia_comedens(0.99)	+	k:Fungi,p:Basidiomycota,c:Agaricomycetes,o:Corticiales,f:Corticiaceae,g:Vuilleminia,s:Vuilleminia_comedens
ASV282	k:Fungi(1.00),p:Ascomycota(1.00),c:Sordariomycetes(1.00),o:Sordariales(1.00),f:Lasiosphaeriaceae(1.00),g:Podospora(1.00),s:Podospora_pyriformis(1.00)	+	k:Fungi,p:Ascomycota,c:Sordariomycetes,o:Sordariales,f:Lasiosphaeriaceae,g:Podospora,s:Podospora_pyriformis
ASV284	k:Fungi(1.00),p:Basidiomycota(0.56),c:Agaricomycetes(0.53),o:Boletales(0.24),f:Boletaceae(0.23),g:Tylopilus(0.23),s:Tylopilus_cf._balloui(0.23)	+	k:Fungi
ASV285	k:Fungi(1.00),p:Ascomycota(1.00),c:Sordariomycetes(0.99),o:Coniochaetales(0.90),f:Coniochaetaceae(0.90),g:Coniochaeta(0.67),s:Coniochaeta_luteoviridis(0.31)	+	k:Fungi,p:Ascomycota,c:Sordariomycetes,o:Coniochaetales,f:Coniochaetaceae
ASV288	k:Fungi(1.00),p:Ascomycota(0.99),c:Leotiomycetes(0.99),o:Helotiales(0.99),f:Hyaloscyphaceae(0.99),g:Lachnellula(0.99),s:Lachnellula_sp._hyalina-CA02(0.39)	+	k:Fungi,p:Ascomycota,c:Leotiomycetes,o:Helotiales,f:Hyaloscyphaceae,g:Lachnellula
ASV292	k:Fungi(1.00),p:Ascomycota(1.00),c:Eurotiomycetes(1.00),o:Chaetothyriales(1.00)	+	k:Fungi,p:Ascomycota,c:Eurotiomycetes,o:Chaetothyriales
ASV29	k:Fungi(1.00),p:Ascomycota(1.00),c:Pezizomycetes(1.00),o:Pezizales(1.00),f:Ascobolaceae(1.00),g:Ascobolus(1.00),s:Ascobolus_sp._CA01(1.00)	+	k:Fungi,p:Ascomycota,c:Pezizomycetes,o:Pezizales,f:Ascobolaceae,g:Ascobolus,s:Ascobolus_sp._CA01
ASV297	k:Fungi(1.00),p:Ascomycota(1.00),c:Sordariomycetes(1.00),o:Xylariales(1.00),f:Xylariaceae(1.00)	+	k:Fungi,p:Ascomycota,c:Sordariomycetes,o:Xylariales,f:Xylariaceae
ASV293	k:Fungi(1.00),p:Ascomycota(1.00),c:Dothideomycetes(0.99),o:Pleosporales(0.99),f:Lentitheciaceae(0.67),g:Keissleriella(0.67),s:Keissleriella_sp._CA01(0.33)	+	k:Fungi,p:Ascomycota,c:Dothideomycetes,o:Pleosporales
ASV296	k:Fungi(1.00),p:Ascomycota(0.98),c:Dothideomycetes(0.75),o:Pleosporales(0.75),g:Letendraea(0.71),s:Letendraea_sp.(0.71)	+	k:Fungi,p:Ascomycota
ASV295	k:Fungi(1.00),p:Basidiomycota(1.00)	+	k:Fungi,p:Basidiomycota
ASV289	k:Fungi(1.00),p:Basidiomycota(1.00),c:Microbotryomycetes(1.00),o:Sporidiobolales(1.00),f:Sporidiobolaceae(1.00),g:Rhodotorula(1.00),s:Rhodotorula_sp._HB_1211(0.70)	+	k:Fungi,p:Basidiomycota,c:Microbotryomycetes,o:Sporidiobolales,f:Sporidiobolaceae,g:Rhodotorula
ASV3	k:Fungi(1.00),p:Ascomycota(1.00)	+	k:Fungi,p:Ascomycota
ASV30	k:Fungi(1.00),p:Ascomycota(1.00),c:Pezizomycetes(1.00),o:Pezizales(1.00),g:Trichobolus(1.00),s:Trichobolus_sp._zukalii-CA01(1.00)	+	k:Fungi,p:Ascomycota,c:Pezizomycetes,o:Pezizales,g:Trichobolus,s:Trichobolus_sp._zukalii-CA01
ASV302	k:Fungi(1.00),p:Basidiomycota(0.53),c:Agaricomycetes(0.40),o:Agaricales(0.12),f:Amanitaceae(0.05),g:Amanita(0.05),s:Amanita_caesareoides(0.02)	+	k:Fungi
ASV300	k:Fungi(1.00),p:Ascomycota(1.00),c:Dothideomycetes(0.80),o:Pleosporales(0.80),g:Atradidymella(0.53),s:Atradidymella_muscivora(0.53)	+	k:Fungi,p:Ascomycota,c:Dothideomycetes,o:Pleosporales
ASV290	k:Fungi(1.00),p:Ascomycota(1.00),c:Dothideomycetes(1.00),o:Mycosphaerellales(0.91),f:Mycosphaerellaceae(0.91),g:Ramularia(0.91),s:Ramularia_vizellae(0.90)	+	k:Fungi,p:Ascomycota,c:Dothideomycetes,o:Mycosphaerellales,f:Mycosphaerellaceae,g:Ramularia,s:Ramularia_vizellae
ASV301	k:Fungi(1.00),p:Basidiomycota(1.00),c:Pucciniomycetes(0.83),o:Pucciniales(0.83),f:Uropyxidaceae(0.83),g:Ochropsora(0.83),s:Ochropsora_ariae(0.83)	+	k:Fungi,p:Basidiomycota,c:Pucciniomycetes,o:Pucciniales,f:Uropyxidaceae,g:Ochropsora,s:Ochropsora_ariae
ASV303	k:Fungi(1.00),p:Basidiomycota(1.00),c:Tremellomycetes(1.00),o:Tremellales(1.00),f:Tremellaceae(1.00),g:Papiliotrema(0.97),s:Papiliotrema_flavescens(0.97)	+	k:Fungi,p:Basidiomycota,c:Tremellomycetes,o:Tremellales,f:Tremellaceae,g:Papiliotrema,s:Papiliotrema_flavescens
ASV306	k:Fungi(1.00),p:Ascomycota(1.00),c:Sordariomycetes(1.00),o:Hypocreales(1.00),f:Hypocreaceae(1.00),g:Trichoderma(1.00),s:Trichoderma_sp._GD25b(0.87)	+	k:Fungi,p:Ascomycota,c:Sordariomycetes,o:Hypocreales,f:Hypocreaceae,g:Trichoderma,s:Trichoderma_sp._GD25b
ASV307	k:Fungi(1.00),p:Ascomycota(1.00),c:Sordariomycetes(1.00),o:Xylariales(1.00),f:Xylariaceae(1.00),g:Lopadostoma(1.00),s:Lopadostoma_sp.(0.75)	+	k:Fungi,p:Ascomycota,c:Sordariomycetes,o:Xylariales,f:Xylariaceae,g:Lopadostoma
ASV31	k:Fungi(1.00),p:Basidiomycota(1.00),c:Agaricomycetes(1.00),o:Agaricales(1.00),f:Psathyrellaceae(1.00),g:Coprinopsis(1.00),s:Coprinopsis_semitalis(1.00)	+	k:Fungi,p:Basidiomycota,c:Agaricomycetes,o:Agaricales,f:Psathyrellaceae,g:Coprinopsis,s:Coprinopsis_semitalis
ASV308	k:Fungi(1.00),p:Basidiomycota(1.00),c:Agaricomycetes(1.00),o:Agaricales(1.00),f:Strophariaceae(1.00),g:Hypholoma(1.00),s:Hypholoma_fasciculare(0.55)	+	k:Fungi,p:Basidiomycota,c:Agaricomycetes,o:Agaricales,f:Strophariaceae,g:Hypholoma
ASV311	k:Fungi(1.00),p:Ascomycota(1.00),c:Dothideomycetes(1.00),o:Pleosporales(1.00),f:Pleosporaceae(1.00),g:Pyrenochaeta(0.99),s:Pyrenochaeta_cava(0.99)	+	k:Fungi,p:Ascomycota,c:Dothideomycetes,o:Pleosporales,f:Pleosporaceae,g:Pyrenochaeta,s:Pyrenochaeta_cava
ASV312	k:Fungi(1.00),p:Ascomycota(1.00),c:Sordariomycetes(0.97),o:Hypocreales(0.96),f:Bionectriaceae(0.77),g:Acremonium(0.77),s:Acremonium_sp.(0.75)	+	k:Fungi,p:Ascomycota,c:Sordariomycetes,o:Hypocreales
ASV313	k:Fungi(1.00),p:Basidiomycota(0.99),c:Tremellomycetes(0.99),o:Tremellales(0.99),f:Tremellaceae(0.99),g:Bulleribasidium(0.99),s:Bulleribasidium_oberjochense(0.99)	+	k:Fungi,p:Basidiomycota,c:Tremellomycetes,o:Tremellales,f:Tremellaceae,g:Bulleribasidium,s:Bulleribasidium_oberjochense
ASV314	k:Fungi(1.00),p:Ascomycota(1.00),c:Sordariomycetes(1.00),o:Xylariales(1.00),f:Diatrypaceae(1.00),g:Diatrypella(0.79),s:Diatrypella_pulvinata(0.65)	+	k:Fungi,p:Ascomycota,c:Sordariomycetes,o:Xylariales,f:Diatrypaceae
ASV316	k:Fungi(1.00),p:Ascomycota(0.63),c:Saccharomycetes(0.12),o:Saccharomycetales(0.12),f:Dipodascaceae(0.05),g:Dipodascus(0.02),s:Dipodascus_tetrasporeus(0.02)	+	k:Fungi
ASV304	k:Fungi(1.00),p:Ascomycota(1.00),c:Sordariomycetes(0.84),o:Sordariales(0.25),f:Lasiosphaeriaceae(0.14),g:Cercophora(0.08),s:Cercophora_sulphurella(0.04)	+	k:Fungi,p:Ascomycota,c:Sordariomycetes
ASV317	k:Fungi(1.00),p:Ascomycota(1.00),c:Dothideomycetes(1.00),o:Pleosporales(1.00)	+	k:Fungi,p:Ascomycota,c:Dothideomycetes,o:Pleosporales
ASV319	k:Fungi(1.00),p:Ascomycota(0.85),c:Lecanoromycetes(0.43),o:Lecanorales(0.37),f:Collemataceae(0.36),g:Leptogium(0.36),s:Leptogium_coralloideum(0.19)	+	k:Fungi,p:Ascomycota
ASV310	k:Fungi(1.00),p:Basidiomycota(0.60),c:Agaricomycetes(0.48),o:Agaricales(0.25),f:Amanitaceae(0.12),g:Amanita(0.12),s:Amanita_citrina(0.04)	+	k:Fungi
ASV32	k:Fungi(1.00),p:Ascomycota(1.00),c:Leotiomycetes(1.00),o:Helotiales(1.00),g:Pilidium(1.00),s:Pilidium_concavum(1.00)	+	k:Fungi,p:Ascomycota,c:Leotiomycetes,o:Helotiales,g:Pilidium,s:Pilidium_concavum
ASV322	k:Fungi(1.00),p:Ascomycota(1.00),c:Dothideomycetes(1.00),o:Pleosporales(1.00),f:Pleosporales_incertae_sedis(0.97),g:Paraconiothyrium(0.91),s:Paraconiothyrium_sporulosum(0.91)	+	k:Fungi,p:Ascomycota,c:Dothideomycetes,o:Pleosporales,f:Pleosporales_incertae_sedis,g:Paraconiothyrium,s:Paraconiothyrium_sporulosum
ASV324	k:Fungi(1.00),p:Basidiomycota(1.00),c:Tremellomycetes(1.00),o:Cystofilobasidiales(1.00),g:Mrakia(1.00),s:Mrakia_aquatica(1.00)	+	k:Fungi,p:Basidiomycota,c:Tremellomycetes,o:Cystofilobasidiales,g:Mrakia,s:Mrakia_aquatica
ASV325	k:Fungi(1.00),p:Basidiomycota(1.00),c:Agaricomycetes(1.00),o:Boletales(1.00),f:Boletaceae(1.00),g:Leccinellum(0.98)	+	k:Fungi,p:Basidiomycota,c:Agaricomycetes,o:Boletales,f:Boletaceae,g:Leccinellum
ASV327	k:Fungi(1.00),p:Ascomycota(0.49),c:Dothideomycetes(0.24),o:Pleosporales(0.20),g:Zeloasperisporium(0.10),s:Zeloasperisporium_hyphopodioides(0.10)	+	k:Fungi
ASV328	k:Fungi(1.00),p:Ascomycota(1.00),c:Sordariomycetes(1.00),o:Trichosphaeriales(1.00)	+	k:Fungi,p:Ascomycota,c:Sordariomycetes,o:Trichosphaeriales
ASV33	k:Fungi(1.00),p:Ascomycota(1.00),c:Pezizomycetes(1.00),o:Pezizales(1.00),g:Trichobolus(1.00),s:Trichobolus_zukalii(1.00)	+	k:Fungi,p:Ascomycota,c:Pezizomycetes,o:Pezizales,g:Trichobolus,s:Trichobolus_zukalii
ASV330	k:Fungi(1.00),p:Ascomycota(1.00),c:Eurotiomycetes(1.00),o:Onygenales(1.00),g:Emmonsia(0.76),s:Emmonsia_parva(0.31)	+	k:Fungi,p:Ascomycota,c:Eurotiomycetes,o:Onygenales
ASV331	k:Fungi(1.00),p:Ascomycota(1.00),c:Ascomycota_class_incertae_sedis(0.99),o:Ascomycota_order_incertae_sedis(0.99),f:Ascomycota_family_incertae_sedis(0.99),g:Preussia(0.99),s:Preussia_sp._3305(0.63)	+	k:Fungi,p:Ascomycota,c:Ascomycota_class_incertae_sedis,o:Ascomycota_order_incertae_sedis,f:Ascomycota_family_incertae_sedis,g:Preussia
ASV334	k:Fungi(1.00),p:Ascomycota(1.00),c:Eurotiomycetes(0.99),o:Chaetothyriales(0.99)	+	k:Fungi,p:Ascomycota,c:Eurotiomycetes,o:Chaetothyriales
ASV335	k:Fungi(1.00),p:Ascomycota(1.00),c:Sordariomycetes(1.00),o:Sordariales(1.00),f:Lasiosphaeriaceae(0.95)	+	k:Fungi,p:Ascomycota,c:Sordariomycetes,o:Sordariales,f:Lasiosphaeriaceae
ASV336	k:Fungi(1.00),p:Basidiomycota(1.00),c:Tremellomycetes(1.00),o:Trichosporonales(1.00),f:Trichosporonaceae(1.00),g:Cutaneotrichosporon(0.52),s:Cutaneotrichosporon_moniliiforme(0.36)	+	k:Fungi,p:Basidiomycota,c:Tremellomycetes,o:Trichosporonales,f:Trichosporonaceae
ASV337	k:Fungi(1.00),p:Ascomycota(0.99),c:Ascomycota_class_incertae_sedis(0.47),o:Ascomycota_order_incertae_sedis(0.47),f:Ascomycota_family_incertae_sedis(0.47),g:Preussia(0.47),s:Preussia_africana(0.46)	+	k:Fungi,p:Ascomycota
ASV326	k:Fungi(1.00),p:Ascomycota(1.00),c:Sordariomycetes(1.00),o:Hypocreales(1.00),f:Cordycipitaceae(1.00),g:Beauveria(1.00),s:Beauveria_bassiana(1.00)	+	k:Fungi,p:Ascomycota,c:Sordariomycetes,o:Hypocreales,f:Cordycipitaceae,g:Beauveria,s:Beauveria_bassiana
ASV329	k:Fungi(1.00),p:Ascomycota(0.98),c:Dothideomycetes(0.91),o:Mycosphaerellales(0.88),f:Teratosphaeriaceae(0.48),g:Xenophacidiella(0.20),s:Xenophacidiella_pseudocatenata(0.20)	+	k:Fungi,p:Ascomycota,c:Dothideomycetes,o:Mycosphaerellales
ASV340	k:Fungi(1.00),p:Basidiomycota(1.00),c:Microbotryomycetes(0.95),o:Sporidiobolales(0.95),f:Sporidiobolaceae(0.95),g:Rhodotorula(0.95),s:Rhodotorula_sp.(0.93)	+	k:Fungi,p:Basidiomycota,c:Microbotryomycetes,o:Sporidiobolales,f:Sporidiobolaceae,g:Rhodotorula,s:Rhodotorula_sp.
ASV339	k:Fungi(1.00),p:Ascomycota(0.99),c:Sordariomycetes(0.98),o:Sordariales(0.95),f:Lasiosphaeriaceae(0.93),g:Podospora(0.88),s:Podospora_multipilosa(0.44)	+	k:Fungi,p:Ascomycota,c:Sordariomycetes,o:Sordariales,f:Lasiosphaeriaceae,g:Podospora
ASV341	k:Fungi(1.00),p:Ascomycota(1.00),c:Sordariomycetes(0.99),o:Diaporthales(0.64),f:Togniniaceae(0.64),g:Togninia(0.64),s:Togninia_sp._CBS_122685(0.32)	+	k:Fungi,p:Ascomycota,c:Sordariomycetes
ASV342	k:Fungi(1.00),p:Ascomycota(1.00),c:Dothideomycetes(1.00),o:Pleosporales(1.00)	+	k:Fungi,p:Ascomycota,c:Dothideomycetes,o:Pleosporales
ASV345	k:Fungi(1.00),p:Ascomycota(1.00),c:Dothideomycetes(0.84),o:Pleosporales(0.84),f:Teichosporaceae(0.77),g:Teichospora(0.77),s:Teichospora_sp.(0.77)	+	k:Fungi,p:Ascomycota,c:Dothideomycetes,o:Pleosporales
ASV346	k:Fungi(1.00),p:Basidiomycota(0.79),c:Agaricomycetes(0.76),o:Boletales(0.41),f:Boletaceae(0.40),g:Tylopilus(0.40),s:Tylopilus_cf._balloui(0.40)	+	k:Fungi
ASV349	k:Fungi(1.00),p:Ascomycota(1.00),c:Leotiomycetes(1.00),o:Helotiales(1.00),g:Pilidium(1.00),s:Pilidium_acerinum(0.78)	+	k:Fungi,p:Ascomycota,c:Leotiomycetes,o:Helotiales,g:Pilidium
ASV351	k:Fungi(1.00),p:Ascomycota(1.00),c:Sordariomycetes(0.58),o:Sordariales(0.58),f:Lasiosphaeriaceae(0.58),g:Podospora(0.56),s:Podospora_glutinans(0.53)	+	k:Fungi,p:Ascomycota
ASV35	k:Fungi(1.00),p:Ascomycota(1.00),c:Sordariomycetes(1.00),o:Sordariales(0.56),f:Lasiosphaeriaceae(0.56)	+	k:Fungi,p:Ascomycota,c:Sordariomycetes
ASV352	k:Fungi(1.00),p:Basidiomycota(1.00),c:Agaricomycetes(1.00),o:Corticiales(0.89),f:Corticiaceae(0.89),g:Sistotrema(0.89)	+	k:Fungi,p:Basidiomycota,c:Agaricomycetes,o:Corticiales,f:Corticiaceae,g:Sistotrema
ASV354	k:Fungi(1.00),p:Entomophthoromycota(0.27),c:Entomophthoromycetes(0.27),o:Entomophthorales(0.27),f:Entomophthoraceae(0.25),g:Pandora(0.25),s:Pandora_neoaphidis(0.16)	+	k:Fungi
ASV353	k:Fungi(1.00),p:Basidiomycota(1.00),c:Agaricomycetes(1.00),o:Russulales(1.00),f:Russulaceae(1.00),g:Lactarius(1.00),s:Lactarius_salmonicolor(1.00)	+	k:Fungi,p:Basidiomycota,c:Agaricomycetes,o:Russulales,f:Russulaceae,g:Lactarius,s:Lactarius_salmonicolor
ASV347	k:Fungi(1.00),p:Ascomycota(1.00),c:Dothideomycetes(1.00),o:Pleosporales(0.95),f:Lophiostomataceae(0.84),g:Lophiostoma(0.84),s:Lophiostoma_corticola(0.84)	+	k:Fungi,p:Ascomycota,c:Dothideomycetes,o:Pleosporales,f:Lophiostomataceae,g:Lophiostoma,s:Lophiostoma_corticola
ASV348	k:Fungi(1.00),p:Ascomycota(0.59),c:Eurotiomycetes(0.49),o:Eurotiales(0.49),f:Trichocomaceae(0.49),g:Penicillium(0.49),s:Penicillium_aurantiogriseum(0.19)	+	k:Fungi
ASV355	k:Fungi(1.00),p:Basidiomycota(1.00),c:Agaricomycetes(1.00),o:Agaricales(1.00),f:Agaricaceae(1.00),g:Lycoperdon(1.00),s:Lycoperdon_perlatum(0.98)	+	k:Fungi,p:Basidiomycota,c:Agaricomycetes,o:Agaricales,f:Agaricaceae,g:Lycoperdon,s:Lycoperdon_perlatum
ASV356	k:Fungi(1.00),p:Basidiomycota(1.00),c:Cystobasidiomycetes(1.00),o:Cystobasidiales(1.00),f:Cystobasidiaceae(1.00),g:Cystobasidium(1.00),s:Cystobasidium_laryngis(0.60)	-	k:Fungi,p:Basidiomycota,c:Cystobasidiomycetes,o:Cystobasidiales,f:Cystobasidiaceae,g:Cystobasidium
ASV357	k:Fungi(1.00),p:Basidiomycota(1.00),c:Agaricomycetes(1.00),o:Agaricales(1.00),f:Tricholomataceae(1.00),g:Lepista(0.98),s:Lepista_glaucocana(0.97)	+	k:Fungi,p:Basidiomycota,c:Agaricomycetes,o:Agaricales,f:Tricholomataceae,g:Lepista,s:Lepista_glaucocana
ASV358	k:Fungi(1.00),p:Ascomycota(1.00)	+	k:Fungi,p:Ascomycota
ASV36	k:Fungi(1.00),p:Ascomycota(1.00),c:Sordariomycetes(1.00),o:Hypocreales(1.00),f:Hypocreaceae(1.00),g:Trichoderma(0.97),s:Trichoderma_minutisporum(0.91)	+	k:Fungi,p:Ascomycota,c:Sordariomycetes,o:Hypocreales,f:Hypocreaceae,g:Trichoderma,s:Trichoderma_minutisporum
ASV360	k:Fungi(1.00),p:Ascomycota(1.00),c:Dothideomycetes(0.94),o:Mycosphaerellales(0.80),f:Mycosphaerellaceae(0.40),g:Mycosphaerella(0.12),s:Mycosphaerella_pini(0.07)	+	k:Fungi,p:Ascomycota,c:Dothideomycetes,o:Mycosphaerellales
ASV364	k:Fungi(1.00),p:Basidiomycota(1.00),c:Tremellomycetes(1.00),o:Tremellales(1.00),f:Tremellaceae(1.00),g:Cryptococcus(0.99),s:Cryptococcus_wisconsinensis(0.99)	-	k:Fungi,p:Basidiomycota,c:Tremellomycetes,o:Tremellales,f:Tremellaceae,g:Cryptococcus,s:Cryptococcus_wisconsinensis
ASV366	k:Fungi(1.00),p:Basidiomycota(1.00),c:Agaricomycetes(1.00),o:Agaricales(0.99),f:Psathyrellaceae(0.99),g:Coprinellus(0.99),s:Coprinellus_disseminatus(0.99)	+	k:Fungi,p:Basidiomycota,c:Agaricomycetes,o:Agaricales,f:Psathyrellaceae,g:Coprinellus,s:Coprinellus_disseminatus
ASV371	k:Fungi(1.00),p:Ascomycota(1.00),c:Sordariomycetes(1.00),o:Microascales(0.69),g:Sphaeronaemella(0.69),s:Sphaeronaemella_fragariae(0.69)	+	k:Fungi,p:Ascomycota,c:Sordariomycetes
ASV370	k:Fungi(1.00),p:Ascomycota(1.00),c:Dothideomycetes(1.00),o:Dothideales(1.00),f:Dothioraceae(1.00),g:Aureobasidium(1.00),s:Aureobasidium_pullulans(0.98)	+	k:Fungi,p:Ascomycota,c:Dothideomycetes,o:Dothideales,f:Dothioraceae,g:Aureobasidium,s:Aureobasidium_pullulans
ASV372	k:Fungi(1.00),p:Ascomycota(1.00),c:Sordariomycetes(0.73),o:Coniochaetales(0.73),f:Coniochaetaceae(0.73),g:Coniochaeta(0.73)	+	k:Fungi,p:Ascomycota
ASV373	k:Fungi(1.00),p:Ascomycota(1.00),c:Dothideomycetes(0.93),o:Pleosporales(0.93),g:Phoma(0.49),s:Phoma_eupyrena(0.22)	+	k:Fungi,p:Ascomycota,c:Dothideomycetes,o:Pleosporales
ASV361	k:Fungi(1.00),p:Ascomycota(1.00),c:Dothideomycetes(0.50),o:Pleosporales(0.50),f:Leptosphaeriaceae(0.27)	+	k:Fungi,p:Ascomycota
ASV375	k:Fungi(1.00),p:Basidiomycota(1.00),c:Agaricomycetes(1.00),o:Polyporales(1.00),f:Meruliaceae(1.00),g:Phlebia(1.00),s:Phlebia_livida(1.00)	+	k:Fungi,p:Basidiomycota,c:Agaricomycetes,o:Polyporales,f:Meruliaceae,g:Phlebia,s:Phlebia_livida
ASV374	k:Fungi(1.00),p:Ascomycota(1.00)	+	k:Fungi,p:Ascomycota
ASV363	k:Fungi(1.00),p:Ascomycota(1.00),c:Dothideomycetes(0.97),o:Mycosphaerellales(0.59),f:Teratosphaeriaceae(0.33),g:Teratosphaeria(0.23),s:Teratosphaeria_wingfieldii(0.07)	+	k:Fungi,p:Ascomycota,c:Dothideomycetes
ASV377	k:Fungi(1.00),p:Ascomycota(0.69),c:Sordariomycetes(0.20),o:Hypocreales(0.07),f:Ophiocordycipitaceae(0.03),g:Ophiocordyceps(0.03),s:Ophiocordyceps_heteropoda(0.03)	+	k:Fungi
ASV378	k:Fungi(1.00),p:Ascomycota(1.00),c:Eurotiomycetes(1.00),o:Chaetothyriales(1.00)	+	k:Fungi,p:Ascomycota,c:Eurotiomycetes,o:Chaetothyriales
ASV376	k:Fungi(1.00),p:Ascomycota(1.00),c:Eurotiomycetes(0.98),o:Eurotiales(0.98),f:Trichocomaceae(0.98),g:Penicillium(0.68),s:Penicillium_buchwaldii(0.43)	+	k:Fungi,p:Ascomycota,c:Eurotiomycetes,o:Eurotiales,f:Trichocomaceae
ASV379	k:Fungi(1.00),p:Basidiomycota(1.00),c:Agaricomycetes(1.00),o:Agaricales(1.00),f:Cortinariaceae(1.00),g:Cortinarius(1.00),s:Cortinarius_odorifer(1.00)	+	k:Fungi,p:Basidiomycota,c:Agaricomycetes,o:Agaricales,f:Cortinariaceae,g:Cortinarius,s:Cortinarius_odorifer
ASV380	k:Fungi(1.00),p:Mucoromycota(1.00),c:Mucoromycetes(1.00),o:Mucorales(1.00),f:Pilobolaceae(1.00),g:Pilobolus(1.00),s:Pilobolus_crystallinus(0.94)	+	k:Fungi,p:Mucoromycota,c:Mucoromycetes,o:Mucorales,f:Pilobolaceae,g:Pilobolus,s:Pilobolus_crystallinus
ASV381	k:Fungi(1.00),p:Basidiomycota(1.00),c:Agaricomycetes(1.00),o:Boletales(1.00),f:Melanogastraceae(1.00),g:Melanogaster(1.00),s:Melanogaster_broomeanus(0.64)	+	k:Fungi,p:Basidiomycota,c:Agaricomycetes,o:Boletales,f:Melanogastraceae,g:Melanogaster
ASV383	k:Fungi(1.00),p:Ascomycota(0.38),c:Pezizomycetes(0.13),o:Pezizales(0.13),f:Morchellaceae(0.10),g:Morchella(0.10),s:Morchella_sp.(0.09)	+	k:Fungi
ASV386	k:Fungi(1.00),p:Ascomycota(1.00),c:Eurotiomycetes(1.00),o:Chaetothyriales(1.00)	+	k:Fungi,p:Ascomycota,c:Eurotiomycetes,o:Chaetothyriales
ASV385	k:Fungi(1.00),p:Ascomycota(1.00),c:Dothideomycetes(1.00),o:Capnodiales(0.98),f:Davidiellaceae(0.98),g:Devriesia(0.97),s:Devriesia_strelitziicola(0.49)	+	k:Fungi,p:Ascomycota,c:Dothideomycetes,o:Capnodiales,f:Davidiellaceae,g:Devriesia
ASV387	k:Fungi(1.00),p:Ascomycota(1.00),c:Dothideomycetes(1.00),o:Venturiales(1.00),f:Venturiaceae(1.00),g:Rhizosphaera(1.00),s:Rhizosphaera_pseudotsugae(0.61)	+	k:Fungi,p:Ascomycota,c:Dothideomycetes,o:Venturiales,f:Venturiaceae,g:Rhizosphaera
ASV38	k:Fungi(1.00),p:Basidiomycota(1.00),c:Agaricomycetes(1.00),o:Agaricales(1.00),f:Psathyrellaceae(1.00),g:Coprinellus(1.00),s:Coprinellus_micaceus(0.94)	+	k:Fungi,p:Basidiomycota,c:Agaricomycetes,o:Agaricales,f:Psathyrellaceae,g:Coprinellus,s:Coprinellus_micaceus
ASV389	k:Fungi(1.00),p:Ascomycota(1.00),c:Leotiomycetes(1.00),o:Thelebolales(1.00),f:Thelebolaceae(1.00),g:Antarctomyces(0.99),s:Antarctomyces_psychrotrophicus(0.99)	+	k:Fungi,p:Ascomycota,c:Leotiomycetes,o:Thelebolales,f:Thelebolaceae,g:Antarctomyces,s:Antarctomyces_psychrotrophicus
ASV390	k:Fungi(1.00),p:Ascomycota(1.00),c:Sordariomycetes(1.00),o:Hypocreales(1.00),f:Nectriaceae(1.00),g:Pleonectria(1.00),s:Pleonectria_sinopica(1.00)	+	k:Fungi,p:Ascomycota,c:Sordariomycetes,o:Hypocreales,f:Nectriaceae,g:Pleonectria,s:Pleonectria_sinopica
ASV391	k:Fungi(1.00),p:Ascomycota(1.00),c:Dothideomycetes(1.00),o:Mycosphaerellales(0.91),f:Mycosphaerellaceae(0.91),g:Pseudocercosporella(0.91),s:Pseudocercosporella_fraxini(0.91)	+	k:Fungi,p:Ascomycota,c:Dothideomycetes,o:Mycosphaerellales,f:Mycosphaerellaceae,g:Pseudocercosporella,s:Pseudocercosporella_fraxini
ASV394	k:Fungi(1.00),p:Basidiomycota(1.00),c:Agaricomycetes(1.00),o:Polyporales(1.00),f:Meruliaceae(1.00),g:Phlebia(1.00),s:Phlebia_livida(1.00)	+	k:Fungi,p:Basidiomycota,c:Agaricomycetes,o:Polyporales,f:Meruliaceae,g:Phlebia,s:Phlebia_livida
ASV392	k:Fungi(1.00),p:Basidiomycota(1.00),c:Agaricomycetes(1.00),o:Agaricales(1.00),f:Cortinariaceae(0.99),g:Cortinarius(0.74),s:Cortinarius_bivelosimilis(0.37)	+	k:Fungi,p:Basidiomycota,c:Agaricomycetes,o:Agaricales,f:Cortinariaceae
ASV382	k:Fungi(1.00),p:Ascomycota(1.00),c:Leotiomycetes(0.97),o:Thelebolales(0.97),f:Thelebolaceae(0.97)	-	k:Fungi,p:Ascomycota,c:Leotiomycetes,o:Thelebolales,f:Thelebolaceae
ASV396	k:Fungi(1.00),p:Basidiomycota(1.00),c:Agaricomycetes(1.00),o:Agaricales(1.00),f:Cortinariaceae(1.00),g:Cortinarius(1.00),s:Cortinarius_maculatocaespitosus(0.91)	+	k:Fungi,p:Basidiomycota,c:Agaricomycetes,o:Agaricales,f:Cortinariaceae,g:Cortinarius,s:Cortinarius_maculatocaespitosus
ASV398	k:Fungi(1.00),p:Ascomycota(1.00),c:Dothideomycetes(1.00),o:Mycosphaerellales(0.91),f:Mycosphaerellaceae(0.85)	+	k:Fungi,p:Ascomycota,c:Dothideomycetes,o:Mycosphaerellales,f:Mycosphaerellaceae
ASV399	k:Fungi(1.00),p:Basidiomycota(1.00),c:Agaricomycetes(1.00),o:Agaricales(1.00),f:Psathyrellaceae(1.00),g:Coprinopsis(1.00),s:Coprinopsis_laanii(0.37)	+	k:Fungi,p:Basidiomycota,c:Agaricomycetes,o:Agaricales,f:Psathyrellaceae,g:Coprinopsis
ASV4	k:Fungi(1.00),p:Ascomycota(1.00),c:Sordariomycetes(1.00),o:Hypocreales(1.00),f:Flammocladiellaceae(0.90),g:Flammocladiella(0.90),s:Flammocladiella_decora(0.90)	+	k:Fungi,p:Ascomycota,c:Sordariomycetes,o:Hypocreales,f:Flammocladiellaceae,g:Flammocladiella,s:Flammocladiella_decora
ASV40	k:Fungi(1.00),p:Basidiomycota(1.00),c:Cystobasidiomycetes(0.99),o:Cystobasidiales(0.99),f:Cystobasidiaceae(0.99),g:Cystobasidium(0.99),s:Cystobasidium_slooffiae(0.62)	+	k:Fungi,p:Basidiomycota,c:Cystobasidiomycetes,o:Cystobasidiales,f:Cystobasidiaceae,g:Cystobasidium
ASV400	k:Fungi(1.00),p:Ascomycota(1.00),c:Dothideomycetes(0.93),o:Pleosporales(0.75),f:Phaeosphaeriaceae(0.72),g:Phaeosphaeria(0.42),s:Phaeosphaeria_pontiformis(0.29)	+	k:Fungi,p:Ascomycota,c:Dothideomycetes
ASV402	k:Fungi(1.00),p:Basidiomycota(1.00)	+	k:Fungi,p:Basidiomycota
ASV405	k:Fungi(1.00),p:Ascomycota(0.65),c:Sordariomycetes(0.17),o:Hypocreales(0.11),f:Ophiocordycipitaceae(0.05),g:Ophiocordyceps(0.05),s:Ophiocordyceps_heteropoda(0.05)	+	k:Fungi
ASV404	k:Fungi(1.00),p:Basidiomycota(0.99),c:Tremellomycetes(0.97),o:Tremellales(0.97),g:Dioszegia(0.96),s:Dioszegia_crocea(0.61)	+	k:Fungi,p:Basidiomycota,c:Tremellomycetes,o:Tremellales,g:Dioszegia
ASV397	k:Fungi(1.00),p:Ascomycota(1.00),c:Leotiomycetes(0.62),o:Helotiales(0.62),g:Acephala(0.52),s:Acephala_applanata(0.27)	+	k:Fungi,p:Ascomycota
ASV406	k:Fungi(1.00),p:Basidiomycota(1.00),c:Agaricomycetes(1.00),o:Geastrales(1.00),g:Sphaerobolus(1.00),s:Sphaerobolus_ingoldii(1.00)	+	k:Fungi,p:Basidiomycota,c:Agaricomycetes,o:Geastrales,g:Sphaerobolus,s:Sphaerobolus_ingoldii
ASV407	k:Fungi(1.00),p:Ascomycota(0.92),c:Sordariomycetes(0.74),o:Hypocreales(0.41),f:Nectriaceae(0.13),g:Fusarium(0.10),s:Fusarium_solani(0.04)	+	k:Fungi,p:Ascomycota
ASV408	k:Fungi(1.00),p:Basidiomycota(1.00),c:Cystobasidiomycetes(0.88),o:Erythrobasidiales(0.83),g:Erythrobasidium(0.83),s:Erythrobasidium_sp.(0.83)	+	k:Fungi,p:Basidiomycota,c:Cystobasidiomycetes,o:Erythrobasidiales,g:Erythrobasidium,s:Erythrobasidium_sp.
ASV409	k:Fungi(1.00),p:Basidiomycota(1.00),c:Tremellomycetes(1.00),o:Tremellales(1.00),f:Tremellaceae(1.00),g:Papiliotrema(0.98),s:Papiliotrema_perniciosa(0.95)	+	k:Fungi,p:Basidiomycota,c:Tremellomycetes,o:Tremellales,f:Tremellaceae,g:Papiliotrema,s:Papiliotrema_perniciosa
ASV401	k:Fungi(1.00),p:Ascomycota(1.00),c:Dothideomycetes(0.98),o:Mycosphaerellales(0.63),f:Teratosphaeriaceae(0.38),g:Teratosphaeria(0.28),s:Teratosphaeria_alistairii(0.15)	+	k:Fungi,p:Ascomycota,c:Dothideomycetes
ASV41	k:Fungi(1.00),p:Basidiomycota(1.00),c:Cystobasidiomycetes(0.95),o:Cystobasidiales(0.94),f:Cystobasidiaceae(0.94),g:Cystobasidium(0.94),s:Cystobasidium_minutum(0.37)	+	k:Fungi,p:Basidiomycota,c:Cystobasidiomycetes,o:Cystobasidiales,f:Cystobasidiaceae,g:Cystobasidium
ASV410	k:Fungi(1.00),p:Ascomycota(1.00),c:Dothideomycetes(1.00),o:Mycosphaerellales(1.00),f:Mycosphaerellaceae(1.00),g:Ramularia(0.86),s:Ramularia_vizellae(0.33)	+	k:Fungi,p:Ascomycota,c:Dothideomycetes,o:Mycosphaerellales,f:Mycosphaerellaceae,g:Ramularia
ASV414	k:Fungi(1.00),p:Ascomycota(1.00),c:Dothideomycetes(1.00),o:Mycosphaerellales(0.75),f:Mycosphaerellaceae(0.75),g:Ramularia(0.75),s:Ramularia_vizellae(0.75)	+	k:Fungi,p:Ascomycota,c:Dothideomycetes
ASV416	k:Fungi(1.00),p:Basidiomycota(0.83),c:Tremellomycetes(0.49),o:Tremellales(0.49),g:Bullera(0.44),s:Bullera_miyagiana(0.42)	+	k:Fungi,p:Basidiomycota
ASV417	k:Fungi(1.00),p:Basidiomycota(1.00),c:Tremellomycetes(1.00),o:Tremellales(1.00),g:Dioszegia(1.00),s:Dioszegia_zsoltii(0.96)	+	k:Fungi,p:Basidiomycota,c:Tremellomycetes,o:Tremellales,g:Dioszegia,s:Dioszegia_zsoltii
ASV418	k:Fungi(1.00),p:Ascomycota(1.00)	+	k:Fungi,p:Ascomycota
ASV42	k:Fungi(1.00),p:Ascomycota(1.00),c:Dothideomycetes(0.99),o:Pleosporales(0.99)	+	k:Fungi,p:Ascomycota,c:Dothideomycetes,o:Pleosporales
ASV421	k:Fungi(1.00),p:Basidiomycota(1.00),c:Cystobasidiomycetes(0.80),f:Symmetrosporaceae(0.80),g:Symmetrospora(0.80)	+	k:Fungi,p:Basidiomycota,c:Cystobasidiomycetes,f:Symmetrosporaceae,g:Symmetrospora
ASV413	k:Fungi(1.00),p:Ascomycota(1.00),c:Sordariomycetes(1.00),o:Hypocreales(1.00),f:Stachybotryaceae(0.63),g:Alfaria(0.63),s:Alfaria_junci(0.63)	+	k:Fungi,p:Ascomycota,c:Sordariomycetes,o:Hypocreales
ASV423	k:Fungi(1.00),p:Ascomycota(1.00),c:Sordariomycetes(1.00),o:Sordariales(0.57),f:Lasiosphaeriaceae(0.46)	+	k:Fungi,p:Ascomycota,c:Sordariomycetes
ASV424	k:Fungi(1.00),p:Ascomycota(1.00),c:Dothideomycetes(0.99),o:Capnodiales(0.66)	+	k:Fungi,p:Ascomycota,c:Dothideomycetes
ASV425	k:Fungi(1.00),p:Basidiomycota(1.00),c:Tremellomycetes(1.00),o:Tremellales(1.00),f:Bulleribasidiaceae(1.00),g:Vishniacozyma(1.00),s:Vishniacozyma_carnescens(1.00)	-	k:Fungi,p:Basidiomycota,c:Tremellomycetes,o:Tremellales,f:Bulleribasidiaceae,g:Vishniacozyma,s:Vishniacozyma_carnescens
ASV426	k:Fungi(1.00),p:Basidiomycota(1.00),c:Tremellomycetes(0.82),o:Tremellales(0.77),f:Tremellaceae(0.76),g:Papiliotrema(0.68),s:Papiliotrema_flavescens(0.68)	+	k:Fungi,p:Basidiomycota,c:Tremellomycetes
ASV419	k:Fungi(1.00),p:Basidiomycota(0.89),c:Agaricomycetes(0.38),o:Agaricales(0.16),f:Amanitaceae(0.06),g:Amanita(0.06),s:Amanita_concentrica(0.02)	+	k:Fungi,p:Basidiomycota
ASV428	k:Fungi(1.00),p:Ascomycota(1.00),c:Dothideomycetes(1.00),o:Mycosphaerellales(0.99),f:Mycosphaerellaceae(0.92),g:Mycosphaerella(0.34),s:Mycosphaerella_elongata(0.29)	+	k:Fungi,p:Ascomycota,c:Dothideomycetes,o:Mycosphaerellales,f:Mycosphaerellaceae
ASV429	k:Fungi(1.00),p:Ascomycota(1.00),c:Ascomycota_class_incertae_sedis(0.88),o:Ascomycota_order_incertae_sedis(0.88),f:Ascomycota_family_incertae_sedis(0.88),g:Preussia(0.88),s:Preussia_africana(0.44)	+	k:Fungi,p:Ascomycota,c:Ascomycota_class_incertae_sedis,o:Ascomycota_order_incertae_sedis,f:Ascomycota_family_incertae_sedis,g:Preussia
ASV433	k:Fungi(1.00),p:Ascomycota(0.96),c:Sordariomycetes(0.87),o:Hypocreales(0.43),f:Nectriaceae(0.17),g:Fusarium(0.15),s:Fusarium_solani(0.07)	+	k:Fungi,p:Ascomycota,c:Sordariomycetes
ASV434	k:Fungi(1.00),p:Ascomycota(1.00),c:Dothideomycetes(0.64),o:Pleosporales(0.62),f:Corynesporascaceae(0.32),g:Corynespora(0.32),s:Corynespora_cassiicola(0.32)	+	k:Fungi,p:Ascomycota
ASV438	k:Fungi(1.00),p:Glomeromycota(0.46),c:Glomeromycetes(0.46),o:Diversisporales(0.21),f:Acaulosporaceae(0.10),g:Acaulospora(0.10)	+	k:Fungi
ASV435	k:Fungi(1.00),p:Ascomycota(1.00),c:Dothideomycetes(1.00),o:Pleosporales(1.00),f:Melanommataceae(0.59),g:Melanomma(0.59),s:Melanomma_fuscidulum(0.59)	+	k:Fungi,p:Ascomycota,c:Dothideomycetes,o:Pleosporales
ASV44	k:Fungi(1.00),p:Ascomycota(1.00),c:Sordariomycetes(0.89),o:Sordariales(0.82),f:Lasiosphaeriaceae(0.45),g:Podospora(0.23),s:Podospora_pyriformis(0.18)	+	k:Fungi,p:Ascomycota,c:Sordariomycetes,o:Sordariales
ASV440	k:Fungi(1.00),p:Ascomycota(1.00),c:Dothideomycetes(1.00),o:Botryosphaeriales(0.82),f:Botryosphaeriaceae(0.82),g:Dothiora(0.82),s:Dothiora_sp._CA03(0.56)	+	k:Fungi,p:Ascomycota,c:Dothideomycetes,o:Botryosphaeriales,f:Botryosphaeriaceae,g:Dothiora
ASV441	k:Fungi(1.00),p:Ascomycota(0.92),c:Sordariomycetes(0.69),o:Hypocreales(0.36),f:Ophiocordycipitaceae(0.18),g:Ophiocordyceps(0.14),s:Ophiocordyceps_rubiginosiperitheciata(0.06)	+	k:Fungi,p:Ascomycota
ASV442	k:Fungi(1.00),p:Ascomycota(1.00)	+	k:Fungi,p:Ascomycota
ASV432	k:Fungi(1.00),p:Ascomycota(1.00),c:Dothideomycetes(1.00),o:Mycosphaerellales(1.00),f:Mycosphaerellaceae(1.00),g:Pseudocercospora(1.00),s:Pseudocercospora_norchiensis(0.97)	+	k:Fungi,p:Ascomycota,c:Dothideomycetes,o:Mycosphaerellales,f:Mycosphaerellaceae,g:Pseudocercospora,s:Pseudocercospora_norchiensis
ASV443	k:Fungi(1.00),p:Ascomycota(0.99)	+	k:Fungi,p:Ascomycota
ASV444	k:Fungi(1.00),p:Ascomycota(0.98),c:Dothideomycetes(0.78),o:Mycosphaerellales(0.69),f:Mycosphaerellaceae(0.38),g:Passalora(0.12),s:Passalora_fulva(0.08)	+	k:Fungi,p:Ascomycota
ASV439	k:Fungi(1.00),p:Basidiomycota(1.00),c:Agaricomycetes(1.00),o:Thelephorales(1.00),f:Thelephoraceae(1.00),g:Tomentella(1.00),s:Tomentella_sp.(0.99)	+	k:Fungi,p:Basidiomycota,c:Agaricomycetes,o:Thelephorales,f:Thelephoraceae,g:Tomentella,s:Tomentella_sp.
ASV445	k:Fungi(1.00),p:Ascomycota(1.00),c:Sordariomycetes(0.97),o:Sordariales(0.97),f:Lasiosphaeriaceae(0.97),g:Podospora(0.95),s:Podospora_glutinans(0.92)	+	k:Fungi,p:Ascomycota,c:Sordariomycetes,o:Sordariales,f:Lasiosphaeriaceae,g:Podospora,s:Podospora_glutinans
ASV446	k:Fungi(1.00),p:Ascomycota(1.00),c:Eurotiomycetes(1.00),o:Chaetothyriales(1.00)	+	k:Fungi,p:Ascomycota,c:Eurotiomycetes,o:Chaetothyriales
ASV447	k:Fungi(1.00),p:Ascomycota(0.77),c:Sordariomycetes(0.22),o:Hypocreales(0.08),f:Clavicipitaceae(0.03),g:Epichloe(0.03),s:Epichloe_typhina(0.03)	+	k:Fungi
ASV449	k:Fungi(1.00),p:Ascomycota(1.00),c:Sordariomycetes(1.00),o:Diaporthales(1.00),f:Valsaceae(1.00),g:Cytospora(1.00),s:Cytospora_sp.(0.77)	+	k:Fungi,p:Ascomycota,c:Sordariomycetes,o:Diaporthales,f:Valsaceae,g:Cytospora
ASV450	k:Fungi(1.00),p:Ascomycota(1.00),c:Dothideomycetes(1.00),o:Mycosphaerellales(1.00),f:Mycosphaerellaceae(1.00),g:Cercospora(0.66),s:Cercospora_sp._N_JZG-2013(0.64)	+	k:Fungi,p:Ascomycota,c:Dothideomycetes,o:Mycosphaerellales,f:Mycosphaerellaceae
ASV451	k:Fungi(1.00),p:Basidiomycota(0.42),c:Agaricomycetes(0.36),o:Agaricales(0.22),f:Amanitaceae(0.06),g:Amanita(0.06),s:Amanita_cf._virginiana(0.05)	+	k:Fungi
ASV453	k:Fungi(1.00),p:Ascomycota(1.00),c:Sordariomycetes(1.00),o:Microascales(1.00),f:Microascaceae(1.00)	+	k:Fungi,p:Ascomycota,c:Sordariomycetes,o:Microascales,f:Microascaceae
ASV454	k:Fungi(1.00),p:Basidiomycota(1.00),c:Tremellomycetes(0.93),o:Cystofilobasidiales(0.93),g:Cystofilobasidium(0.93),s:Cystofilobasidium_macerans(0.93)	+	k:Fungi,p:Basidiomycota,c:Tremellomycetes,o:Cystofilobasidiales,g:Cystofilobasidium,s:Cystofilobasidium_macerans
ASV455	k:Fungi(1.00),p:Basidiomycota(1.00),c:Exobasidiomycetes(0.99),o:Exobasidiales(0.99),f:Exobasidiaceae(0.99),g:Exobasidium(0.99),s:Exobasidium_gracile(0.61)	+	k:Fungi,p:Basidiomycota,c:Exobasidiomycetes,o:Exobasidiales,f:Exobasidiaceae,g:Exobasidium
ASV457	k:Fungi(1.00),p:Basidiomycota(0.99),c:Cystobasidiomycetes(0.47),o:Erythrobasidiales(0.31),g:Erythrobasidium(0.17),s:Erythrobasidium_yunnanense(0.17)	+	k:Fungi,p:Basidiomycota
ASV46	k:Fungi(1.00),p:Ascomycota(1.00),c:Pezizomycetes(1.00),o:Pezizales(1.00)	+	k:Fungi,p:Ascomycota,c:Pezizomycetes,o:Pezizales
ASV460	k:Fungi(1.00),p:Basidiomycota(0.56),c:Agaricomycetes(0.52),o:Polyporales(0.20),f:Polyporaceae(0.11),g:Trametes(0.04),s:Trametes_hirsuta(0.03)	+	k:Fungi
ASV45	k:Fungi(1.00),p:Ascomycota(1.00),c:Dothideomycetes(0.82),o:Pleosporales(0.82),f:Sporormiaceae(0.81)	+	k:Fungi,p:Ascomycota,c:Dothideomycetes,o:Pleosporales,f:Sporormiaceae
ASV462	k:Fungi(1.00),p:Ascomycota(0.83),c:Leotiomycetes(0.40),o:Helotiales(0.34),f:Orbiliaceae(0.30),g:Orbilia(0.14),s:Orbilia_aprilis(0.07)	+	k:Fungi,p:Ascomycota
ASV463	k:Fungi(1.00),p:Basidiomycota(1.00),c:Cystobasidiomycetes(0.86),o:Erythrobasidiales(0.86),g:Erythrobasidium(0.83),s:Erythrobasidium_yunnanense(0.81)	+	k:Fungi,p:Basidiomycota,c:Cystobasidiomycetes,o:Erythrobasidiales,g:Erythrobasidium,s:Erythrobasidium_yunnanense
ASV452	k:Fungi(1.00),p:Basidiomycota(1.00),c:Tremellomycetes(1.00),o:Tremellales(1.00),f:Tremellaceae(1.00),g:Papiliotrema(1.00),s:Papiliotrema_fuscus(1.00)	-	k:Fungi,p:Basidiomycota,c:Tremellomycetes,o:Tremellales,f:Tremellaceae,g:Papiliotrema,s:Papiliotrema_fuscus
ASV464	k:Fungi(1.00),p:Basidiomycota(0.98),c:Agaricomycetes(0.98),o:Geastrales(0.79),g:Sphaerobolus(0.79),s:Sphaerobolus_iowensis(0.72)	+	k:Fungi,p:Basidiomycota,c:Agaricomycetes
ASV466	k:Fungi(1.00),p:Ascomycota(1.00),c:Pezizomycetes(1.00),o:Pezizales(1.00)	+	k:Fungi,p:Ascomycota,c:Pezizomycetes,o:Pezizales
ASV467	k:Fungi(1.00),p:Glomeromycota(0.34),c:Glomeromycetes(0.34),o:Diversisporales(0.20),f:Diversisporaceae(0.10),g:Redeckera(0.05),s:Redeckera_megalocarpa(0.04)	+	k:Fungi
ASV468	k:Fungi(1.00),p:Basidiomycota(0.96),c:Tremellomycetes(0.96),o:Tremellales(0.90),f:Tremellaceae(0.79),g:Cryptococcus(0.75),s:Cryptococcus_victoriae(0.59)	+	k:Fungi,p:Basidiomycota,c:Tremellomycetes,o:Tremellales
ASV47	k:Fungi(1.00),p:Ascomycota(1.00),c:Dothideomycetes(0.99),o:Capnodiales(0.99),f:Davidiellaceae(0.99),g:Cladosporium(0.99),s:Cladosporium_perangustum(0.63)	+	k:Fungi,p:Ascomycota,c:Dothideomycetes,o:Capnodiales,f:Davidiellaceae,g:Cladosporium
ASV470	k:Fungi(1.00),p:Ascomycota(1.00),c:Leotiomycetes(1.00),o:Thelebolales(1.00),f:Thelebolaceae(1.00)	-	k:Fungi,p:Ascomycota,c:Leotiomycetes,o:Thelebolales,f:Thelebolaceae
ASV472	k:Fungi(1.00),p:Ascomycota(1.00),c:Dothideomycetes(0.93),o:Pleosporales(0.93),f:Phaeosphaeriaceae(0.50),g:Stagonospora(0.47),s:Stagonospora_sp._SRC1lsM3a(0.35)	+	k:Fungi,p:Ascomycota,c:Dothideomycetes,o:Pleosporales
ASV473	k:Fungi(1.00),p:Ascomycota(1.00),c:Eurotiomycetes(1.00),o:Chaetothyriales(1.00)	+	k:Fungi,p:Ascomycota,c:Eurotiomycetes,o:Chaetothyriales
ASV474	k:Fungi(1.00),p:Glomeromycota(0.98),c:Glomeromycetes(0.98),o:Glomerales(0.98),f:Glomeraceae(0.98),g:Glomus(0.98)	+	k:Fungi,p:Glomeromycota,c:Glomeromycetes,o:Glomerales,f:Glomeraceae,g:Glomus
ASV475	k:Fungi(1.00),p:Ascomycota(1.00),c:Dothideomycetes(1.00),o:Venturiales(1.00),f:Venturiaceae(1.00),g:Rhizosphaera(1.00),s:Rhizosphaera_oudemansii(1.00)	+	k:Fungi,p:Ascomycota,c:Dothideomycetes,o:Venturiales,f:Venturiaceae,g:Rhizosphaera,s:Rhizosphaera_oudemansii
ASV476	k:Fungi(1.00),p:Basidiomycota(0.87),c:Microbotryomycetes(0.56),o:Sporidiobolales(0.56),f:Sporidiobolaceae(0.56),g:Rhodotorula(0.56),s:Rhodotorula_sp.(0.51)	+	k:Fungi,p:Basidiomycota
ASV469	k:Fungi(1.00),p:Ascomycota(1.00),c:Leotiomycetes(0.90),o:Helotiales(0.88)	+	k:Fungi,p:Ascomycota,c:Leotiomycetes,o:Helotiales
ASV477	k:Fungi(1.00),p:Ascomycota(1.00),c:Dothideomycetes(0.93),o:Pleosporales(0.92),g:Phoma(0.51),s:Phoma_sp._MA_4621(0.45)	+	k:Fungi,p:Ascomycota,c:Dothideomycetes,o:Pleosporales
ASV479	k:Fungi(1.00),p:Ascomycota(1.00),c:Dothideomycetes(0.90),o:Mycosphaerellales(0.75),f:Teratosphaeriaceae(0.58),g:Teratosphaeria(0.34),s:Teratosphaeria_alcornii(0.08)	+	k:Fungi,p:Ascomycota,c:Dothideomycetes
ASV471	k:Fungi(1.00),p:Ascomycota(1.00),c:Dothideomycetes(0.52),o:Pleosporales(0.49),g:Phoma(0.49),s:Phoma_herbarum(0.49)	+	k:Fungi,p:Ascomycota
ASV48	k:Fungi(1.00),p:Ascomycota(1.00),c:Dothideomycetes(1.00),o:Mycosphaerellales(1.00),f:Mycosphaerellaceae(1.00),g:Ramularia(0.90),s:Ramularia_vizellae(0.74)	+	k:Fungi,p:Ascomycota,c:Dothideomycetes,o:Mycosphaerellales,f:Mycosphaerellaceae,g:Ramularia
ASV480	k:Fungi(1.00),p:Basidiomycota(1.00),c:Agaricomycetes(1.00),o:Phallales(1.00),f:Phallaceae(1.00),g:Mutinus(1.00),s:Mutinus_caninus(1.00)	+	k:Fungi,p:Basidiomycota,c:Agaricomycetes,o:Phallales,f:Phallaceae,g:Mutinus,s:Mutinus_caninus
ASV483	k:Fungi(1.00),p:Ascomycota(1.00),c:Sordariomycetes(1.00)	+	k:Fungi,p:Ascomycota,c:Sordariomycetes
ASV484	k:Fungi(1.00),p:Basidiomycota(1.00),c:Tremellomycetes(1.00),o:Tremellales(0.99),f:Cryptococcaceae(0.95),g:Teunia(0.95),s:Teunia_betulae(0.87)	-	k:Fungi,p:Basidiomycota,c:Tremellomycetes,o:Tremellales,f:Cryptococcaceae,g:Teunia,s:Teunia_betulae
ASV486	k:Fungi(1.00),p:Ascomycota(1.00),c:Dothideomycetes(1.00),o:Pleosporales(1.00)	+	k:Fungi,p:Ascomycota,c:Dothideomycetes,o:Pleosporales
ASV487	k:Fungi(1.00),p:Basidiomycota(1.00),c:Agaricomycetes(1.00),o:Geastrales(1.00),f:Geastraceae(1.00),g:Geastrum(1.00),s:Geastrum_sp.(0.97)	+	k:Fungi,p:Basidiomycota,c:Agaricomycetes,o:Geastrales,f:Geastraceae,g:Geastrum,s:Geastrum_sp.
ASV489	k:Fungi(1.00),p:Basidiomycota(1.00),c:Agaricomycetes(1.00),o:Agaricales(1.00),f:Agaricaceae(1.00),g:Lycoperdon(1.00),s:Lycoperdon_pratense(0.97)	+	k:Fungi,p:Basidiomycota,c:Agaricomycetes,o:Agaricales,f:Agaricaceae,g:Lycoperdon,s:Lycoperdon_pratense
ASV490	k:Fungi(1.00),p:Ascomycota(1.00),c:Leotiomycetes(0.63),o:Helotiales(0.63)	+	k:Fungi,p:Ascomycota
ASV491	k:Fungi(1.00),p:Ascomycota(1.00),c:Dothideomycetes(1.00),o:Microthyriales(1.00),f:Leptopeltidaceae(1.00),g:Dothiopeltis(1.00),s:Dothiopeltis_n._sp.(1.00)	+	k:Fungi,p:Ascomycota,c:Dothideomycetes,o:Microthyriales,f:Leptopeltidaceae,g:Dothiopeltis,s:Dothiopeltis_n._sp.
ASV492	k:Fungi(1.00),p:Chytridiomycota(0.99),c:Chytridiomycetes(0.99),o:Rhizophydiales(0.89),g:Betamyces(0.33),s:Betamyces_americaemeridionalis(0.33)	-	k:Fungi,p:Chytridiomycota,c:Chytridiomycetes,o:Rhizophydiales
ASV493	k:Fungi(1.00),p:Ascomycota(1.00),c:Sordariomycetes(1.00),o:Hypocreales(1.00)	+	k:Fungi,p:Ascomycota,c:Sordariomycetes,o:Hypocreales
ASV485	k:Fungi(1.00),p:Ascomycota(1.00),c:Lichinomycetes(0.64),o:Lichinales(0.64),f:Lichinaceae(0.64),g:Phylliscum(0.64),s:Phylliscum_demangeonii(0.64)	+	k:Fungi,p:Ascomycota
ASV494	k:Fungi(1.00),p:Basidiomycota(0.48),c:Agaricomycetes(0.39),o:Agaricales(0.28),f:Hydnangiaceae(0.08),g:Laccaria(0.08),s:Laccaria_montana(0.08)	+	k:Fungi
ASV495	k:Fungi(1.00),p:Ascomycota(1.00),c:Eurotiomycetes(1.00),o:Eurotiales(1.00),f:Trichocomaceae(1.00),g:Penicillium(1.00),s:Penicillium_citreonigrum(0.67)	+	k:Fungi,p:Ascomycota,c:Eurotiomycetes,o:Eurotiales,f:Trichocomaceae,g:Penicillium
ASV488	k:Fungi(1.00),p:Basidiomycota(0.94),c:Tremellomycetes(0.78),o:Tremellales(0.77),g:Dioszegia(0.75),s:Dioszegia_crocea(0.40)	+	k:Fungi,p:Basidiomycota
ASV496	k:Fungi(1.00),p:Ascomycota(1.00)	+	k:Fungi,p:Ascomycota
ASV497	k:Fungi(1.00),p:Basidiomycota(1.00),c:Agaricomycetes(1.00),o:Corticiales(1.00),f:Corticiaceae(1.00),g:Sistotrema(1.00),s:Sistotrema_octosporum(0.93)	+	k:Fungi,p:Basidiomycota,c:Agaricomycetes,o:Corticiales,f:Corticiaceae,g:Sistotrema,s:Sistotrema_octosporum
ASV498	k:Fungi(1.00),p:Basidiomycota(0.86),c:Exobasidiomycetes(0.59),o:Exobasidiales(0.58),f:Brachybasidiaceae(0.51),g:Meira(0.51),s:Meira_nashicola(0.24)	+	k:Fungi,p:Basidiomycota
ASV499	k:Fungi(1.00),p:Ascomycota(1.00),c:Eurotiomycetes(0.90),o:Chaetothyriales(0.87),g:Sarcinomyces(0.27),s:Sarcinomyces_sp._MA_4906(0.18)	+	k:Fungi,p:Ascomycota,c:Eurotiomycetes,o:Chaetothyriales
ASV50	k:Fungi(1.00),p:Ascomycota(1.00),c:Sordariomycetes(1.00),o:Hypocreales(1.00),f:Nectriaceae(1.00),g:Nectria(1.00)	+	k:Fungi,p:Ascomycota,c:Sordariomycetes,o:Hypocreales,f:Nectriaceae,g:Nectria
ASV500	k:Fungi(1.00),p:Ascomycota(1.00),c:Eurotiomycetes(1.00),o:Chaetothyriales(1.00)	+	k:Fungi,p:Ascomycota,c:Eurotiomycetes,o:Chaetothyriales
ASV502	k:Fungi(1.00),p:Ascomycota(1.00),c:Sordariomycetes(1.00),o:Hypocreales(0.99),f:Cordycipitaceae(0.97),g:Elaphocordyceps(0.97),s:Elaphocordyceps_sp._20124794d(0.97)	+	k:Fungi,p:Ascomycota,c:Sordariomycetes,o:Hypocreales,f:Cordycipitaceae,g:Elaphocordyceps,s:Elaphocordyceps_sp._20124794d
ASV503	k:Fungi(1.00),p:Basidiomycota(0.97),c:Tremellomycetes(0.71),o:Tremellales(0.71),g:Derxomyces(0.57),s:Derxomyces_linzhiensis(0.49)	+	k:Fungi,p:Basidiomycota
ASV507	k:Fungi(1.00),p:Ascomycota(1.00),c:Sordariomycetes(1.00),o:Diaporthales(1.00),f:Melanconidaceae(1.00),g:Pilidiella(0.79),s:Pilidiella_granati(0.48)	+	k:Fungi,p:Ascomycota,c:Sordariomycetes,o:Diaporthales,f:Melanconidaceae
ASV506	k:Fungi(1.00),p:Ascomycota(1.00),c:Dothideomycetes(1.00),o:Mycosphaerellales(1.00),f:Mycosphaerellaceae(1.00),g:Zymoseptoria(0.71),s:Zymoseptoria_verkleyi(0.71)	+	k:Fungi,p:Ascomycota,c:Dothideomycetes,o:Mycosphaerellales,f:Mycosphaerellaceae
ASV508	k:Fungi(1.00),p:Ascomycota(1.00),c:Leotiomycetes(0.96),o:Helotiales(0.92)	+	k:Fungi,p:Ascomycota,c:Leotiomycetes,o:Helotiales
ASV509	k:Fungi(1.00),p:Ascomycota(1.00),c:Dothideomycetes(1.00),o:Botryosphaeriales(1.00),f:Botryosphaeriaceae(1.00),g:Phaeobotryosphaeria(1.00),s:Phaeobotryosphaeria_visci(1.00)	+	k:Fungi,p:Ascomycota,c:Dothideomycetes,o:Botryosphaeriales,f:Botryosphaeriaceae,g:Phaeobotryosphaeria,s:Phaeobotryosphaeria_visci
ASV5	k:Fungi(1.00),p:Ascomycota(1.00),c:Leotiomycetes(0.96),o:Thelebolales(0.96),f:Thelebolaceae(0.96)	+	k:Fungi,p:Ascomycota,c:Leotiomycetes,o:Thelebolales,f:Thelebolaceae
ASV51	k:Fungi(1.00),p:Ascomycota(1.00),c:Leotiomycetes(0.60),o:Thelebolales(0.60),f:Thelebolaceae(0.60)	+	k:Fungi,p:Ascomycota
ASV501	k:Fungi(1.00),p:Ascomycota(0.93),c:Eurotiomycetes(0.64),o:Chaetothyriales(0.52)	+	k:Fungi,p:Ascomycota
ASV510	k:Fungi(1.00),p:Basidiomycota(1.00),c:Agaricomycetes(1.00),o:Polyporales(1.00),f:Fomitopsidaceae(1.00),g:Postia(1.00),s:Postia_subcaesia(0.99)	+	k:Fungi,p:Basidiomycota,c:Agaricomycetes,o:Polyporales,f:Fomitopsidaceae,g:Postia,s:Postia_subcaesia
ASV511	k:Fungi(1.00),p:Ascomycota(1.00),c:Sordariomycetes(0.92),o:Diaporthales(0.86),f:Diaporthaceae(0.75),g:Diaporthe(0.62),s:Diaporthe_impulsa(0.20)	+	k:Fungi,p:Ascomycota,c:Sordariomycetes,o:Diaporthales
ASV512	k:Fungi(1.00),p:Basidiomycota(1.00),c:Agaricomycetes(0.97),o:Polyporales(0.43),f:Meruliaceae(0.43),g:Bjerkandera(0.43),s:Bjerkandera_adusta(0.42)	+	k:Fungi,p:Basidiomycota,c:Agaricomycetes
ASV513	k:Fungi(1.00),p:Basidiomycota(1.00),c:Agaricostilbomycetes(1.00),o:Agaricostilbales(1.00),f:Agaricostilbaceae(0.77),g:Bensingtonia(0.77),s:Bensingtonia_changbaiensis(0.77)	+	k:Fungi,p:Basidiomycota,c:Agaricostilbomycetes,o:Agaricostilbales
ASV514	k:Fungi(1.00),p:Ascomycota(1.00),c:Sordariomycetes(1.00),o:Hypocreales(0.99),f:Nectriaceae(0.99),g:Nectria(0.92),s:Nectria_coryli(0.92)	+	k:Fungi,p:Ascomycota,c:Sordariomycetes,o:Hypocreales,f:Nectriaceae,g:Nectria,s:Nectria_coryli
ASV517	k:Fungi(1.00),p:Ascomycota(1.00),c:Sordariomycetes(1.00),o:Coniochaetales(1.00),f:Coniochaetaceae(1.00)	+	k:Fungi,p:Ascomycota,c:Sordariomycetes,o:Coniochaetales,f:Coniochaetaceae
ASV519	k:Fungi(1.00),p:Basidiomycota(1.00),c:Agaricomycetes(1.00),o:Agaricales(1.00),f:Hymenogastraceae(1.00),g:Hebeloma(1.00),s:Hebeloma_sinapizans(0.97)	+	k:Fungi,p:Basidiomycota,c:Agaricomycetes,o:Agaricales,f:Hymenogastraceae,g:Hebeloma,s:Hebeloma_sinapizans
ASV52	k:Fungi(1.00),p:Ascomycota(1.00),c:Sordariomycetes(0.88),o:Hypocreales(0.85),f:Bionectriaceae(0.54),g:Bionectria(0.39),s:Bionectria_sp.(0.23)	+	k:Fungi,p:Ascomycota,c:Sordariomycetes,o:Hypocreales
ASV520	k:Fungi(1.00),p:Basidiomycota(1.00),c:Agaricomycetes(1.00),o:Agaricales(1.00),f:Physalacriaceae(0.99),g:Armillaria(0.99)	+	k:Fungi,p:Basidiomycota,c:Agaricomycetes,o:Agaricales,f:Physalacriaceae,g:Armillaria
ASV521	k:Fungi(1.00),p:Basidiomycota(0.99),c:Tremellomycetes(0.94),o:Tremellales(0.92),f:Tremellales_incertae_sedis(0.57),g:Hannaella(0.57),s:Hannaella_coprosmaensis(0.33)	+	k:Fungi,p:Basidiomycota,c:Tremellomycetes,o:Tremellales
ASV522	k:Fungi(1.00),p:Ascomycota(1.00),c:Sordariomycetes(1.00),o:Xylariales(1.00),f:Diatrypaceae(1.00),g:Eutypa(0.61),s:Eutypa_leioplaca(0.43)	+	k:Fungi,p:Ascomycota,c:Sordariomycetes,o:Xylariales,f:Diatrypaceae
ASV523	k:Fungi(1.00),p:Ascomycota(0.74),c:Eurotiomycetes(0.17),o:Chaetothyriales(0.07)	+	k:Fungi
ASV515	k:Fungi(1.00),p:Ascomycota(1.00),c:Sordariomycetes(1.00),o:Chaetosphaeriales(1.00),g:Dendrophoma(1.00),s:Dendrophoma_cytisporoides(1.00)	+	k:Fungi,p:Ascomycota,c:Sordariomycetes,o:Chaetosphaeriales,g:Dendrophoma,s:Dendrophoma_cytisporoides
ASV524	k:Fungi(1.00),p:Ascomycota(1.00),c:Leotiomycetes(0.51),o:Rhytismatales(0.51),f:Rhytismataceae(0.51),g:Phacidiopycnis(0.51),s:Phacidiopycnis_sp._ZK17-08(0.30)	+	k:Fungi,p:Ascomycota
ASV525	k:Fungi(1.00),p:Basidiomycota(1.00),c:Agaricomycetes(1.00),o:Polyporales(1.00),f:Polyporaceae(1.00),g:Lentinus(1.00),s:Lentinus_brumalis(1.00)	+	k:Fungi,p:Basidiomycota,c:Agaricomycetes,o:Polyporales,f:Polyporaceae,g:Lentinus,s:Lentinus_brumalis
ASV518	k:Fungi(1.00),p:Basidiomycota(0.90),c:Microbotryomycetes(0.49),o:Microbotryomycetes_incertae_sedis(0.24),f:Chrysozymaceae(0.24),g:Fellozyma(0.19),s:Fellozyma_inositophila(0.19)	+	k:Fungi,p:Basidiomycota
ASV526	k:Fungi(1.00),p:Ascomycota(1.00)	+	k:Fungi,p:Ascomycota
ASV527	k:Fungi(1.00),p:Ascomycota(1.00),c:Ascomycota_class_incertae_sedis(0.56),o:Ascomycota_order_incertae_sedis(0.56),f:Ascomycota_family_incertae_sedis(0.56),g:Phialophora(0.56),s:Phialophora_sp._MLB-Phi(0.56)	+	k:Fungi,p:Ascomycota
ASV528	k:Fungi(1.00),p:Ascomycota(0.98),c:Leotiomycetes(0.54),o:Helotiales(0.27),f:Helotiaceae(0.10),g:Microglossum(0.07),s:Microglossum_viride(0.05)	+	k:Fungi,p:Ascomycota
ASV529	k:Fungi(1.00),p:Mucoromycota(1.00),c:Mucoromycetes(1.00),o:Mucorales(1.00),f:Mucoraceae(1.00),g:Mucor(1.00),s:Mucor_hiemalis_f._hiemalis(0.56)	+	k:Fungi,p:Mucoromycota,c:Mucoromycetes,o:Mucorales,f:Mucoraceae,g:Mucor
ASV530	k:Fungi(1.00),p:Ascomycota(1.00),c:Pezizomycetes(1.00),o:Pezizales(1.00),f:Pyronemataceae(1.00),g:Scutellinia(1.00)	+	k:Fungi,p:Ascomycota,c:Pezizomycetes,o:Pezizales,f:Pyronemataceae,g:Scutellinia
ASV531	k:Fungi(1.00),p:Basidiomycota(0.76),c:Tremellomycetes(0.54),o:Tremellales(0.54),g:Dioszegia(0.30),s:Dioszegia_takashimae(0.16)	+	k:Fungi
ASV533	k:Fungi(1.00),p:Basidiomycota(0.91),c:Agaricostilbomycetes(0.57),o:Agaricostilbales(0.57),f:Chionosphaeraceae(0.56),g:Stilbum(0.25),s:Stilbum_vulgare(0.25)	+	k:Fungi,p:Basidiomycota
ASV534	k:Fungi(1.00),p:Basidiomycota(0.78),c:Agaricomycetes(0.55),o:Agaricales(0.38),f:Psathyrellaceae(0.13),g:Candolleomyces(0.05),s:Candolleomyces_candolleanus(0.05)	-	k:Fungi
ASV535	k:Fungi(1.00),p:Ascomycota(1.00),c:Sordariomycetes(1.00),o:Coniochaetales(0.92),f:Coniochaetaceae(0.92),g:Coniochaeta(0.55),s:Coniochaeta_luteoviridis(0.20)	+	k:Fungi,p:Ascomycota,c:Sordariomycetes,o:Coniochaetales,f:Coniochaetaceae
ASV536	k:Fungi(1.00),p:Basidiomycota(1.00),c:Cystobasidiomycetes(0.54),o:Erythrobasidiales(0.49),g:Erythrobasidium(0.32),s:Erythrobasidium_yunnanense(0.22)	+	k:Fungi,p:Basidiomycota
ASV53	k:Fungi(1.00),p:Ascomycota(1.00),c:Sordariomycetes(1.00),o:Microascales(1.00),f:Microascaceae(0.97),g:Doratomyces(0.91),s:Doratomyces_nanus(0.75)	+	k:Fungi,p:Ascomycota,c:Sordariomycetes,o:Microascales,f:Microascaceae,g:Doratomyces
ASV537	k:Fungi(1.00),p:Mucoromycota(1.00),c:Mucoromycetes(1.00),o:Mucorales(1.00),f:Umbelopsidaceae(1.00),g:Umbelopsis(1.00),s:Umbelopsis_isabellina(0.97)	+	k:Fungi,p:Mucoromycota,c:Mucoromycetes,o:Mucorales,f:Umbelopsidaceae,g:Umbelopsis,s:Umbelopsis_isabellina
ASV538	k:Fungi(1.00),p:Ascomycota(1.00),c:Dothideomycetes(0.99),o:Mycosphaerellales(0.98),f:Mycosphaerellaceae(0.97),g:Ramularia(0.81),s:Ramularia_proteae(0.28)	+	k:Fungi,p:Ascomycota,c:Dothideomycetes,o:Mycosphaerellales,f:Mycosphaerellaceae,g:Ramularia
ASV539	k:Fungi(1.00),p:Ascomycota(0.48),c:Saccharomycetes(0.25),o:Saccharomycetales(0.25),f:Saccharomycetaceae(0.10),g:Candida(0.07),s:Candida_tropicalis(0.02)	+	k:Fungi
ASV532	k:Fungi(1.00),p:Ascomycota(0.98),c:Eurotiomycetes(0.71),o:Chaetothyriales(0.61),f:Chaetothyriaceae(0.50),g:Aphanophora(0.34),s:Aphanophora_eugeniae(0.34)	+	k:Fungi,p:Ascomycota
ASV54	k:Fungi(1.00),p:Mucoromycota(1.00),c:Mucoromycetes(1.00),o:Mucorales(1.00),f:Pilobolaceae(1.00),g:Pilobolus(1.00),s:Pilobolus_crystallinus(1.00)	+	k:Fungi,p:Mucoromycota,c:Mucoromycetes,o:Mucorales,f:Pilobolaceae,g:Pilobolus,s:Pilobolus_crystallinus
ASV540	k:Fungi(1.00),p:Ascomycota(0.47),c:Pezizomycetes(0.12),o:Pezizales(0.12),f:Pezizaceae(0.11),g:Terfezia(0.05),s:Terfezia_alsheikhii(0.05)	+	k:Fungi
ASV541	k:Fungi(1.00),p:Ascomycota(0.51)	+	k:Fungi
ASV543	k:Fungi(1.00),p:Basidiomycota(0.94),c:Microbotryomycetes(0.50),o:Sporidiobolales(0.49),f:Sporidiobolaceae(0.36),g:Rhodotorula(0.36),s:Rhodotorula_lamellibrachiae(0.29)	+	k:Fungi,p:Basidiomycota
ASV544	k:Fungi(1.00),p:Basidiomycota(0.92),c:Tremellomycetes(0.74),o:Tremellales(0.71),f:Phaeotremellaceae(0.51),g:Phaeotremella(0.51),s:Phaeotremella_pseudofoliacea(0.30)	+	k:Fungi,p:Basidiomycota
ASV545	k:Fungi(1.00),p:Basidiomycota(1.00),c:Cystobasidiomycetes(0.73),o:Erythrobasidiales(0.69),g:Bannoa(0.61),s:Bannoa_sp.(0.57)	+	k:Fungi,p:Basidiomycota
ASV547	k:Fungi(1.00),p:Ascomycota(1.00),c:Lichinomycetes(0.69),o:Lichinales(0.69),f:Lichinaceae(0.69),g:Phylliscum(0.69),s:Phylliscum_demangeonii(0.69)	+	k:Fungi,p:Ascomycota
ASV548	k:Fungi(1.00),p:Basidiomycota(0.99),c:Tremellomycetes(0.83),o:Tremellales(0.82),f:Tremellaceae(0.72),g:Cryptococcus(0.72),s:Cryptococcus_dimennae(0.36)	+	k:Fungi,p:Basidiomycota,c:Tremellomycetes,o:Tremellales
ASV549	k:Fungi(1.00),p:Ascomycota(1.00),c:Eurotiomycetes(1.00),o:Chaetothyriales(1.00)	+	k:Fungi,p:Ascomycota,c:Eurotiomycetes,o:Chaetothyriales
ASV542	k:Fungi(1.00),p:Basidiomycota(0.46),c:Agaricomycetes(0.33),o:Agaricales(0.16),f:Cortinariaceae(0.03),g:Cortinarius(0.02),s:Cortinarius_polaris(0.01)	+	k:Fungi
ASV550	k:Fungi(1.00),p:Ascomycota(0.95)	+	k:Fungi,p:Ascomycota
ASV55	k:Fungi(1.00),p:Ascomycota(1.00),c:Sordariomycetes(1.00),o:Sordariales(1.00),f:Lasiosphaeriaceae(1.00),g:Cercophora(1.00),s:Cercophora_areolata(1.00)	+	k:Fungi,p:Ascomycota,c:Sordariomycetes,o:Sordariales,f:Lasiosphaeriaceae,g:Cercophora,s:Cercophora_areolata
ASV551	k:Fungi(1.00),p:Basidiomycota(1.00),c:Microbotryomycetes(1.00),o:Leucosporidiales(1.00),g:Leucosporidium(0.93),s:Leucosporidium_scottii(0.93)	+	k:Fungi,p:Basidiomycota,c:Microbotryomycetes,o:Leucosporidiales,g:Leucosporidium,s:Leucosporidium_scottii
ASV546	k:Fungi(1.00),p:Basidiomycota(1.00),c:Tremellomycetes(0.98),o:Tremellales(0.98)	+	k:Fungi,p:Basidiomycota,c:Tremellomycetes,o:Tremellales
ASV552	k:Fungi(1.00),p:Ascomycota(1.00),c:Eurotiomycetes(1.00),o:Chaetothyriales(1.00)	+	k:Fungi,p:Ascomycota,c:Eurotiomycetes,o:Chaetothyriales
ASV553	k:Fungi(1.00),p:Ascomycota(1.00),c:Sordariomycetes(1.00),o:Hypocreales(1.00),f:Hypocreaceae(0.87),g:Hypocrea(0.66),s:Hypocrea_pachybasioides(0.46)	+	k:Fungi,p:Ascomycota,c:Sordariomycetes,o:Hypocreales,f:Hypocreaceae
ASV554	k:Fungi(1.00),p:Ascomycota(0.99),c:Sordariomycetes(0.89),o:Sordariales(0.79),f:Lasiosphaeriaceae(0.63),g:Schizothecium(0.25),s:Schizothecium_carpinicola(0.24)	+	k:Fungi,p:Ascomycota,c:Sordariomycetes
ASV556	k:Fungi(1.00),p:Basidiomycota(1.00),c:Tremellomycetes(0.99),o:Tremellales(0.99),f:Tremellaceae(0.99),g:Papiliotrema(0.94),s:Papiliotrema_flavescens(0.94)	+	k:Fungi,p:Basidiomycota,c:Tremellomycetes,o:Tremellales,f:Tremellaceae,g:Papiliotrema,s:Papiliotrema_flavescens
ASV557	k:Fungi(1.00),p:Ascomycota(1.00),c:Sordariomycetes(0.98),o:Hypocreales(0.98),f:Nectriaceae(0.98),g:Fusarium(0.90),s:Fusarium_poae(0.45)	+	k:Fungi,p:Ascomycota,c:Sordariomycetes,o:Hypocreales,f:Nectriaceae,g:Fusarium
ASV558	k:Fungi(1.00),p:Basidiomycota(1.00),c:Microbotryomycetes(0.90),o:Sporidiobolales(0.90),f:Sporidiobolaceae(0.90),g:Rhodotorula(0.90),s:Rhodotorula_sp._CCFEE_5628(0.82)	+	k:Fungi,p:Basidiomycota,c:Microbotryomycetes,o:Sporidiobolales,f:Sporidiobolaceae,g:Rhodotorula,s:Rhodotorula_sp._CCFEE_5628
ASV560	k:Fungi(1.00),p:Basidiomycota(0.88),c:Pucciniomycetes(0.78),o:Septobasidiales(0.76),f:Septobasidiaceae(0.76),g:Septobasidium(0.42),s:Septobasidium_sp.(0.25)	+	k:Fungi,p:Basidiomycota
ASV56	k:Fungi(1.00),p:Basidiomycota(1.00),c:Cystobasidiomycetes(0.99),o:Cystobasidiales(0.99),f:Cystobasidiaceae(0.99),g:Cystobasidium(0.99),s:Cystobasidium_slooffiae(0.55)	+	k:Fungi,p:Basidiomycota,c:Cystobasidiomycetes,o:Cystobasidiales,f:Cystobasidiaceae,g:Cystobasidium
ASV561	k:Fungi(1.00),p:Ascomycota(0.96),c:Pezizomycetes(0.60),o:Pezizales(0.60),f:Morchellaceae(0.17),g:Morchella(0.17),s:Morchella_sp.(0.11)	+	k:Fungi,p:Ascomycota
ASV555	k:Fungi(1.00),p:Ascomycota(1.00),c:Dothideomycetes(1.00),o:Mycosphaerellales(1.00),f:Mycosphaerellaceae(1.00),g:Septoria(0.94),s:Septoria_lycopersici_var._lycopersici(0.93)	+	k:Fungi,p:Ascomycota,c:Dothideomycetes,o:Mycosphaerellales,f:Mycosphaerellaceae,g:Septoria,s:Septoria_lycopersici_var._lycopersici
ASV562	k:Fungi(1.00),p:Basidiomycota(0.88)	+	k:Fungi,p:Basidiomycota
ASV563	k:Fungi(1.00),p:Ascomycota(1.00),c:Leotiomycetes(1.00),o:Helotiales(1.00),f:Sclerotiniaceae(1.00),g:Botryotinia(0.78),s:Botryotinia_fuckeliana(0.78)	+	k:Fungi,p:Ascomycota,c:Leotiomycetes,o:Helotiales,f:Sclerotiniaceae
ASV564	k:Fungi(1.00),p:Ascomycota(0.88),c:Dothideomycetes(0.75),o:Capnodiales(0.75),g:Pseudoramichloridium(0.75),s:Pseudoramichloridium_henryi(0.75)	+	k:Fungi,p:Ascomycota
ASV559	k:Fungi(1.00),p:Mucoromycota(1.00),c:Mucoromycetes(1.00),o:Mucorales(1.00),f:Lichtheimiaceae(1.00),g:Rhizomucor(1.00),s:Rhizomucor_pusillus(1.00)	+	k:Fungi,p:Mucoromycota,c:Mucoromycetes,o:Mucorales,f:Lichtheimiaceae,g:Rhizomucor,s:Rhizomucor_pusillus
ASV565	k:Fungi(1.00),p:Basidiomycota(0.65),c:Tremellomycetes(0.65),o:Tremellales(0.65),f:Tremellaceae(0.65),g:Cryptococcus(0.65),s:Cryptococcus_sp._UI-10(0.65)	+	k:Fungi
ASV566	k:Fungi(1.00),p:Basidiomycota(1.00)	+	k:Fungi,p:Basidiomycota
ASV567	k:Fungi(1.00),p:Basidiomycota(1.00),c:Agaricomycetes(1.00),o:Agaricales(1.00),f:Cortinariaceae(1.00),g:Cortinarius(1.00),s:Cortinarius_percomis(1.00)	+	k:Fungi,p:Basidiomycota,c:Agaricomycetes,o:Agaricales,f:Cortinariaceae,g:Cortinarius,s:Cortinarius_percomis
ASV569	k:Fungi(1.00),p:Ascomycota(0.99),c:Leotiomycetes(0.62),o:Leotiomycetes_order_Incertae_sedis(0.42),f:Leotiomycetes_family_incertae_sedis(0.42),g:Dendrostilbella(0.42),s:Dendrostilbella_mycophila(0.42)	+	k:Fungi,p:Ascomycota
ASV570	k:Fungi(1.00),p:Basidiomycota(0.89),c:Agaricomycetes(0.62),o:Agaricales(0.16),f:Tricholomataceae(0.05),g:Catathelasma(0.01),s:Catathelasma_ventricosum(0.01)	+	k:Fungi,p:Basidiomycota
ASV57	k:Fungi(1.00),p:Ascomycota(1.00),c:Sordariomycetes(1.00),o:Hypocreales(0.99),f:Nectriaceae(0.66),g:Dialonectria(0.44),s:Dialonectria_episphaeria(0.44)	+	k:Fungi,p:Ascomycota,c:Sordariomycetes,o:Hypocreales
ASV573	k:Fungi(1.00),p:Glomeromycota(0.34),c:Glomeromycetes(0.34),o:Diversisporales(0.20),f:Acaulosporaceae(0.15),g:Acaulospora(0.15),s:Acaulospora_sp.(0.04)	+	k:Fungi
ASV572	k:Fungi(1.00),p:Basidiomycota(1.00),c:Tremellomycetes(1.00),o:Tremellales(0.57),f:Tremellaceae(0.57),g:Cryptococcus(0.57),s:Cryptococcus_wieringae(0.57)	+	k:Fungi,p:Basidiomycota,c:Tremellomycetes
ASV574	k:Fungi(1.00),p:Ascomycota(1.00),c:Dothideomycetes(0.88),o:Mycosphaerellales(0.82),f:Teratosphaeriaceae(0.67),g:Teratosphaeria(0.57),s:Teratosphaeria_ohnowa(0.29)	+	k:Fungi,p:Ascomycota,c:Dothideomycetes,o:Mycosphaerellales
ASV575	k:Fungi(1.00),p:Basidiomycota(1.00),c:Agaricomycetes(1.00),o:Russulales(1.00),f:Auriscalpiaceae(1.00),g:Lentinellus(1.00),s:Lentinellus_flabelliformis(0.61)	+	k:Fungi,p:Basidiomycota,c:Agaricomycetes,o:Russulales,f:Auriscalpiaceae,g:Lentinellus
ASV576	k:Fungi(1.00),p:Ascomycota(1.00),c:Eurotiomycetes(0.99),o:Chaetothyriales(0.99),f:Herpotrichiellaceae(0.99),g:Phaeococcomyces(0.99),s:Phaeococcomyces_sp.(0.78)	+	k:Fungi,p:Ascomycota,c:Eurotiomycetes,o:Chaetothyriales,f:Herpotrichiellaceae,g:Phaeococcomyces
ASV577	k:Fungi(1.00),p:Ascomycota(0.91),c:Leotiomycetes(0.61)	+	k:Fungi,p:Ascomycota
ASV568	k:Fungi(1.00),p:Ascomycota(1.00),c:Dothideomycetes(1.00),o:Capnodiales(0.62)	+	k:Fungi,p:Ascomycota,c:Dothideomycetes
ASV578	k:Fungi(1.00),p:Ascomycota(1.00),c:Dothideomycetes(1.00),o:Pleosporales(0.96),f:Lophiostomataceae(0.89),g:Lophiostoma(0.89),s:Lophiostoma_corticola(0.89)	+	k:Fungi,p:Ascomycota,c:Dothideomycetes,o:Pleosporales,f:Lophiostomataceae,g:Lophiostoma,s:Lophiostoma_corticola
ASV579	k:Fungi(1.00),p:Ascomycota(1.00),c:Sordariomycetes(1.00),o:Xylariales(0.97),f:Diatrypaceae(0.90),g:Cryptovalsa(0.45),s:Cryptovalsa_ampelina(0.45)	+	k:Fungi,p:Ascomycota,c:Sordariomycetes,o:Xylariales,f:Diatrypaceae
ASV58	k:Fungi(1.00),p:Mucoromycota(0.62),c:Mucoromycetes(0.62),o:Mucorales(0.62),f:Pilobolaceae(0.52),g:Pilobolus(0.49),s:Pilobolus_heterosporus(0.20)	+	k:Fungi
ASV571	k:Fungi(1.00),p:Ascomycota(0.87),c:Leotiomycetes(0.39),o:Helotiales(0.18),g:Cadophora(0.08),s:Cadophora_sp.(0.08)	+	k:Fungi,p:Ascomycota
ASV580	k:Fungi(1.00),p:Ascomycota(1.00),c:Sordariomycetes(0.84),o:Diaporthales(0.84),f:Diaporthaceae(0.84),g:Diaporthe(0.84),s:Diaporthe_eres(0.84)	+	k:Fungi,p:Ascomycota,c:Sordariomycetes,o:Diaporthales,f:Diaporthaceae,g:Diaporthe,s:Diaporthe_eres
ASV581	k:Fungi(1.00),p:Ascomycota(1.00),c:Eurotiomycetes(1.00),o:Eurotiales(1.00),f:Trichocomaceae(1.00),g:Penicillium(1.00),s:Penicillium_waksmanii(0.44)	+	k:Fungi,p:Ascomycota,c:Eurotiomycetes,o:Eurotiales,f:Trichocomaceae,g:Penicillium
ASV583	k:Fungi(1.00),p:Ascomycota(1.00),c:Saccharomycetes(1.00),o:Saccharomycetales(1.00),f:Saccharomycetaceae(0.97),g:Candida(0.97),s:Candida_sake(0.97)	-	k:Fungi,p:Ascomycota,c:Saccharomycetes,o:Saccharomycetales,f:Saccharomycetaceae,g:Candida,s:Candida_sake
ASV586	k:Fungi(1.00),p:Basidiomycota(1.00),c:Agaricostilbomycetes(0.84),o:Spiculogloeales(0.84),f:Spiculogloeaceae(0.84),g:Phyllozyma(0.84),s:Phyllozyma_aceris(0.84)	+	k:Fungi,p:Basidiomycota,c:Agaricostilbomycetes,o:Spiculogloeales,f:Spiculogloeaceae,g:Phyllozyma,s:Phyllozyma_aceris
ASV585	k:Fungi(1.00),p:Basidiomycota(0.98),c:Agaricostilbomycetes(0.96),o:Agaricostilbales(0.96),f:Chionosphaeraceae(0.94),g:Kurtzmanomyces(0.91),s:Kurtzmanomyces_sp._CBS_12709(0.83)	+	k:Fungi,p:Basidiomycota,c:Agaricostilbomycetes,o:Agaricostilbales,f:Chionosphaeraceae,g:Kurtzmanomyces,s:Kurtzmanomyces_sp._CBS_12709
ASV587	k:Fungi(1.00),p:Ascomycota(1.00),c:Sordariomycetes(1.00),o:Hypocreales(1.00),f:Hypocreaceae(1.00),g:Hypocrea(1.00),s:Hypocrea_gelatinosa(1.00)	+	k:Fungi,p:Ascomycota,c:Sordariomycetes,o:Hypocreales,f:Hypocreaceae,g:Hypocrea,s:Hypocrea_gelatinosa
ASV589	k:Fungi(1.00),p:Basidiomycota(1.00),c:Agaricomycetes(1.00),o:Boletales(1.00),f:Boletaceae(1.00),g:Xerocomus(0.60),s:Xerocomus_badius(0.60)	+	k:Fungi,p:Basidiomycota,c:Agaricomycetes,o:Boletales,f:Boletaceae
ASV59	k:Fungi(1.00),p:Ascomycota(1.00),c:Ascomycota_class_incertae_sedis(1.00),o:Ascomycota_order_incertae_sedis(1.00),f:Pseudeurotiaceae(1.00),g:Pseudogymnoascus(1.00),s:Pseudogymnoascus_pannorum(1.00)	+	k:Fungi,p:Ascomycota,c:Ascomycota_class_incertae_sedis,o:Ascomycota_order_incertae_sedis,f:Pseudeurotiaceae,g:Pseudogymnoascus,s:Pseudogymnoascus_pannorum
ASV590	k:Fungi(1.00),p:Basidiomycota(1.00),c:Agaricomycetes(1.00),o:Agaricales(1.00),f:Psathyrellaceae(1.00),g:Coprinellus(1.00),s:Coprinellus_xanthothrix(0.99)	+	k:Fungi,p:Basidiomycota,c:Agaricomycetes,o:Agaricales,f:Psathyrellaceae,g:Coprinellus,s:Coprinellus_xanthothrix
ASV584	k:Fungi(1.00),p:Ascomycota(1.00),c:Dothideomycetes(0.94),o:Pleosporales(0.94),f:Pleosporales_incertae_sedis(0.94),g:Paraconiothyrium(0.87),s:Paraconiothyrium_sp._HS-03(0.49)	+	k:Fungi,p:Ascomycota,c:Dothideomycetes,o:Pleosporales,f:Pleosporales_incertae_sedis,g:Paraconiothyrium
ASV591	k:Fungi(1.00),p:Basidiomycota(1.00),c:Agaricomycetes(1.00),o:Agaricales(1.00),f:Agaricaceae(0.56),g:Lycoperdon(0.56),s:Lycoperdon_pyriforme(0.43)	+	k:Fungi,p:Basidiomycota,c:Agaricomycetes,o:Agaricales
ASV592	k:Fungi(1.00),p:Basidiomycota(1.00),c:Agaricomycetes(1.00),o:Thelephorales(1.00),f:Thelephoraceae(1.00),g:Tomentella(1.00),s:Tomentella_sp.(1.00)	+	k:Fungi,p:Basidiomycota,c:Agaricomycetes,o:Thelephorales,f:Thelephoraceae,g:Tomentella,s:Tomentella_sp.
ASV593	k:Fungi(1.00),p:Basidiomycota(0.46),c:Agaricomycetes(0.41),o:Agaricales(0.32),f:Inocybaceae(0.13),g:Mallocybe(0.11),s:Mallocybe_pseudodulcamara(0.11)	+	k:Fungi
ASV588	k:Fungi(1.00),p:Ascomycota(0.53),c:Saccharomycetes(0.19),o:Saccharomycetales(0.19),f:Dipodascaceae(0.14),g:Dipodascus(0.14),s:Dipodascus_tetrasporeus(0.13)	+	k:Fungi
ASV594	k:Fungi(1.00),p:Ascomycota(0.99),c:Leotiomycetes(0.62),o:Helotiales(0.62)	+	k:Fungi,p:Ascomycota
ASV595	k:Fungi(1.00),p:Ascomycota(0.97)	+	k:Fungi,p:Ascomycota
ASV596	k:Fungi(1.00),p:Basidiomycota(1.00),c:Agaricomycetes(1.00),o:Polyporales(1.00),f:Sistotremataceae(1.00),g:Trechispora(1.00),s:Trechispora_sp.(0.83)	+	k:Fungi,p:Basidiomycota,c:Agaricomycetes,o:Polyporales,f:Sistotremataceae,g:Trechispora,s:Trechispora_sp.
ASV598	k:Fungi(1.00),p:Ascomycota(1.00),c:Eurotiomycetes(1.00),o:Chaetothyriales(1.00)	+	k:Fungi,p:Ascomycota,c:Eurotiomycetes,o:Chaetothyriales
ASV599	k:Fungi(1.00),p:Ascomycota(0.99),c:Ascomycota_class_incertae_sedis(0.96),o:Ascomycota_order_incertae_sedis(0.96),f:Ascomycota_family_incertae_sedis(0.96),g:Dendryphion(0.96),s:Dendryphion_europaeum(0.51)	+	k:Fungi,p:Ascomycota,c:Ascomycota_class_incertae_sedis,o:Ascomycota_order_incertae_sedis,f:Ascomycota_family_incertae_sedis,g:Dendryphion
ASV6	k:Fungi(1.00),p:Basidiomycota(1.00),c:Tremellomycetes(1.00),o:Cystofilobasidiales(1.00),f:Mrakiaceae(1.00),g:Tausonia(1.00),s:Tausonia_pullulans(1.00)	+	k:Fungi,p:Basidiomycota,c:Tremellomycetes,o:Cystofilobasidiales,f:Mrakiaceae,g:Tausonia,s:Tausonia_pullulans
ASV600	k:Fungi(1.00),p:Basidiomycota(1.00),c:Tremellomycetes(0.94),o:Tremellales(0.94),f:Phaeotremellaceae(0.74),g:Phaeotremella(0.74),s:Phaeotremella_pseudofoliacea(0.65)	+	k:Fungi,p:Basidiomycota,c:Tremellomycetes,o:Tremellales
ASV601	k:Fungi(1.00),p:Ascomycota(0.94),c:Sordariomycetes(0.85),o:Hypocreales(0.44),f:Nectriaceae(0.10),g:Fusarium(0.07),s:Fusarium_solani(0.03)	+	k:Fungi,p:Ascomycota,c:Sordariomycetes
ASV602	k:Fungi(1.00),p:Ascomycota(1.00),c:Sordariomycetes(0.80),o:Diaporthales(0.80),f:Diaporthaceae(0.80),g:Diaporthe(0.80),s:Diaporthe_cf._nobilis(0.80)	+	k:Fungi,p:Ascomycota,c:Sordariomycetes,o:Diaporthales,f:Diaporthaceae,g:Diaporthe,s:Diaporthe_cf._nobilis
ASV597	k:Fungi(1.00),p:Basidiomycota(1.00),c:Tremellomycetes(0.99),o:Tremellales(0.99),f:Tremellaceae(0.98),g:Bulleribasidium(0.98),s:Bulleribasidium_oberjochense(0.98)	+	k:Fungi,p:Basidiomycota,c:Tremellomycetes,o:Tremellales,f:Tremellaceae,g:Bulleribasidium,s:Bulleribasidium_oberjochense
ASV603	k:Fungi(1.00),p:Basidiomycota(1.00),c:Agaricomycetes(1.00),o:Agaricales(1.00),f:Strophariaceae(1.00),g:Stropharia(1.00),s:Stropharia_aeruginosa(0.83)	+	k:Fungi,p:Basidiomycota,c:Agaricomycetes,o:Agaricales,f:Strophariaceae,g:Stropharia,s:Stropharia_aeruginosa
ASV604	k:Fungi(1.00),p:Ascomycota(0.89),c:Eurotiomycetes(0.31),o:Eurotiales(0.11),f:Trichocomaceae(0.11),g:Aspergillus(0.09),s:Aspergillus_sclerotiorum(0.02)	+	k:Fungi,p:Ascomycota
ASV605	k:Fungi(1.00),p:Basidiomycota(1.00),c:Pucciniomycetes(0.72),o:Pucciniales(0.72),f:Uropyxidaceae(0.72),g:Ochropsora(0.72),s:Ochropsora_ariae(0.72)	+	k:Fungi,p:Basidiomycota
ASV60	k:Fungi(1.00),p:Ascomycota(1.00),c:Sordariomycetes(1.00),o:Sordariales(1.00),f:Lasiosphaeriaceae(1.00),g:Podospora(1.00),s:Podospora_longicollis(1.00)	+	k:Fungi,p:Ascomycota,c:Sordariomycetes,o:Sordariales,f:Lasiosphaeriaceae,g:Podospora,s:Podospora_longicollis
ASV606	k:Fungi(1.00),p:Basidiomycota(1.00),c:Agaricomycetes(1.00),o:Agaricales(1.00),f:Physalacriaceae(0.99),g:Armillaria(0.99),s:Armillaria_sp.(0.27)	+	k:Fungi,p:Basidiomycota,c:Agaricomycetes,o:Agaricales,f:Physalacriaceae,g:Armillaria
ASV607	k:Fungi(1.00),p:Basidiomycota(1.00),c:Tremellomycetes(1.00),o:Tremellales(1.00),f:Tremellaceae(0.98),g:Cryptococcus(0.50),s:Cryptococcus_sp._Vega039(0.46)	+	k:Fungi,p:Basidiomycota,c:Tremellomycetes,o:Tremellales,f:Tremellaceae
ASV609	k:Fungi(1.00),p:Ascomycota(1.00),c:Pezizomycetes(0.97),o:Pezizales(0.97)	+	k:Fungi,p:Ascomycota,c:Pezizomycetes,o:Pezizales
ASV611	k:Fungi(1.00),p:Ascomycota(1.00),c:Sordariomycetes(0.99),o:Xylariales(0.97),f:Diatrypaceae(0.91),g:Cryptovalsa(0.55),s:Cryptovalsa_ampelina(0.55)	+	k:Fungi,p:Ascomycota,c:Sordariomycetes,o:Xylariales,f:Diatrypaceae
ASV610	k:Fungi(1.00),p:Basidiomycota(1.00),c:Cystobasidiomycetes(0.64),o:Erythrobasidiales(0.61),g:Bannoa(0.53),s:Bannoa_sp.(0.47)	+	k:Fungi,p:Basidiomycota
ASV612	k:Fungi(1.00),p:Basidiomycota(1.00),c:Agaricomycetes(1.00),o:Agaricales(1.00),f:Agaricaceae(1.00),g:Coprinus(1.00),s:Coprinus_foetidellus(1.00)	+	k:Fungi,p:Basidiomycota,c:Agaricomycetes,o:Agaricales,f:Agaricaceae,g:Coprinus,s:Coprinus_foetidellus
ASV614	k:Fungi(1.00),p:Ascomycota(1.00),c:Sordariomycetes(0.75),o:Ophiostomatales(0.75),f:Ophiostomataceae(0.75),g:Grosmannia(0.75),s:Grosmannia_piceiperda(0.75)	+	k:Fungi,p:Ascomycota
ASV615	k:Fungi(1.00),p:Basidiomycota(1.00),c:Tremellomycetes(1.00),o:Filobasidiales(1.00),f:Piskurozymaceae(1.00),g:Piskurozyma(1.00),s:Piskurozyma_taiwanensis(0.55)	-	k:Fungi,p:Basidiomycota,c:Tremellomycetes,o:Filobasidiales,f:Piskurozymaceae,g:Piskurozyma
ASV616	k:Fungi(1.00),p:Basidiomycota(0.78),c:Agaricomycetes(0.46),o:Agaricales(0.12),f:Amanitaceae(0.03),g:Amanita(0.03),s:Amanita_silvicola(0.01)	+	k:Fungi
ASV61	k:Fungi(1.00),p:Basidiomycota(1.00),c:Agaricomycetes(1.00),o:Agaricales(1.00),f:Psathyrellaceae(1.00),g:Coprinopsis(1.00),s:Coprinopsis_stercorea(0.94)	+	k:Fungi,p:Basidiomycota,c:Agaricomycetes,o:Agaricales,f:Psathyrellaceae,g:Coprinopsis,s:Coprinopsis_stercorea
ASV619	k:Fungi(1.00),p:Ascomycota(0.72),c:Sordariomycetes(0.22),o:Hypocreales(0.10),f:Bionectriaceae(0.03),g:Bionectria(0.03),s:Bionectria_cf._ochroleuca_CBS_113336(0.03)	+	k:Fungi
ASV618	k:Fungi(1.00),p:Basidiomycota(1.00),c:Agaricomycetes(1.00),o:Agaricales(1.00),f:Cortinariaceae(0.99),g:Cortinarius(0.75),s:Cortinarius_cupreorufus(0.29)	+	k:Fungi,p:Basidiomycota,c:Agaricomycetes,o:Agaricales,f:Cortinariaceae
ASV617	k:Fungi(1.00),p:Ascomycota(0.99),c:Leotiomycetes(0.55),o:Thelebolales(0.52),f:Thelebolaceae(0.52)	+	k:Fungi,p:Ascomycota
ASV62	k:Fungi(1.00),p:Basidiomycota(0.52),c:Agaricomycetes(0.47),o:Agaricales(0.22),f:Inocybaceae(0.10),g:Inocybe(0.10),s:Inocybe_sphaerospora(0.03)	+	k:Fungi
ASV613	k:Fungi(1.00),p:Basidiomycota(1.00),c:Agaricomycetes(1.00),o:Polyporales(1.00),f:Ganodermataceae(1.00),g:Ganoderma(1.00),s:Ganoderma_applanatum(0.97)	+	k:Fungi,p:Basidiomycota,c:Agaricomycetes,o:Polyporales,f:Ganodermataceae,g:Ganoderma,s:Ganoderma_applanatum
ASV620	k:Fungi(1.00),p:Ascomycota(1.00),c:Dothideomycetes(1.00),o:Capnodiales(0.59)	+	k:Fungi,p:Ascomycota,c:Dothideomycetes
ASV621	k:Fungi(1.00),p:Basidiomycota(1.00),c:Agaricomycetes(1.00),o:Geastrales(1.00),g:Sphaerobolus(1.00),s:Sphaerobolus_ingoldii(1.00)	+	k:Fungi,p:Basidiomycota,c:Agaricomycetes,o:Geastrales,g:Sphaerobolus,s:Sphaerobolus_ingoldii
ASV623	k:Fungi(1.00),p:Ascomycota(1.00),c:Leotiomycetes(1.00),o:Helotiales(1.00),g:Pilidium(1.00),s:Pilidium_acerinum(0.85)	+	k:Fungi,p:Ascomycota,c:Leotiomycetes,o:Helotiales,g:Pilidium,s:Pilidium_acerinum
ASV624	k:Fungi(1.00),p:Basidiomycota(1.00),c:Agaricomycetes(1.00),o:Agaricales(1.00),f:Physalacriaceae(1.00),g:Armillaria(1.00),s:Armillaria_ostoyae(0.41)	+	k:Fungi,p:Basidiomycota,c:Agaricomycetes,o:Agaricales,f:Physalacriaceae,g:Armillaria
ASV625	k:Fungi(1.00),p:Ascomycota(1.00),c:Dothideomycetes(1.00),o:Pleosporales(0.99),g:Pseudorobillarda(0.99)	+	k:Fungi,p:Ascomycota,c:Dothideomycetes,o:Pleosporales,g:Pseudorobillarda
ASV626	k:Fungi(1.00),p:Ascomycota(1.00),c:Sordariomycetes(1.00),o:Xylariales(1.00),f:Xylariaceae(1.00),g:Biscogniauxia(1.00),s:Biscogniauxia_mediterranea(0.99)	+	k:Fungi,p:Ascomycota,c:Sordariomycetes,o:Xylariales,f:Xylariaceae,g:Biscogniauxia,s:Biscogniauxia_mediterranea
ASV628	k:Fungi(1.00),p:Basidiomycota(1.00),c:Agaricomycetes(1.00),o:Polyporales(1.00),f:Ganodermataceae(1.00),g:Ganoderma(1.00),s:Ganoderma_applanatum(0.91)	+	k:Fungi,p:Basidiomycota,c:Agaricomycetes,o:Polyporales,f:Ganodermataceae,g:Ganoderma,s:Ganoderma_applanatum
ASV629	k:Fungi(1.00),p:Ascomycota(1.00),c:Sordariomycetes(0.94),o:Sordariales(0.90),f:Lasiosphaeriaceae(0.76),g:Podospora(0.39),s:Podospora_multipilosa(0.12)	+	k:Fungi,p:Ascomycota,c:Sordariomycetes,o:Sordariales
ASV630	k:Fungi(1.00),p:Basidiomycota(0.99),c:Tremellomycetes(0.99),o:Tremellales(0.99),g:Dioszegia(0.99),s:Dioszegia_crocea(0.98)	+	k:Fungi,p:Basidiomycota,c:Tremellomycetes,o:Tremellales,g:Dioszegia,s:Dioszegia_crocea
ASV63	k:Fungi(1.00),p:Basidiomycota(1.00),c:Agaricomycetes(1.00),o:Agaricales(1.00),f:Psathyrellaceae(1.00),g:Coprinopsis(1.00),s:Coprinopsis_stercorea(0.71)	+	k:Fungi,p:Basidiomycota,c:Agaricomycetes,o:Agaricales,f:Psathyrellaceae,g:Coprinopsis
ASV631	k:Fungi(1.00),p:Basidiomycota(1.00)	+	k:Fungi,p:Basidiomycota
ASV622	k:Fungi(1.00),p:Basidiomycota(1.00),c:Tremellomycetes(1.00),o:Tremellales(1.00),f:Tremellaceae(1.00),g:Cryptococcus(0.99),s:Cryptococcus_wisconsinensis(0.99)	-	k:Fungi,p:Basidiomycota,c:Tremellomycetes,o:Tremellales,f:Tremellaceae,g:Cryptococcus,s:Cryptococcus_wisconsinensis
ASV632	k:Fungi(1.00),p:Basidiomycota(0.70),c:Agaricomycetes(0.63),o:Agaricales(0.18),f:Inocybaceae(0.05),g:Inocybe(0.04),s:Inocybe_sphaerospora(0.04)	+	k:Fungi
ASV627	k:Fungi(1.00),p:Basidiomycota(1.00),c:Agaricomycetes(1.00),o:Agaricales(1.00),f:Agaricaceae(1.00),g:Cystolepiota(1.00),s:Cystolepiota_bucknallii(1.00)	+	k:Fungi,p:Basidiomycota,c:Agaricomycetes,o:Agaricales,f:Agaricaceae,g:Cystolepiota,s:Cystolepiota_bucknallii
ASV633	k:Fungi(1.00),p:Basidiomycota(1.00),c:Tremellomycetes(0.82),o:Tremellales(0.80),f:Tremellaceae(0.71),g:Cryptococcus(0.71),s:Cryptococcus_sp.(0.37)	+	k:Fungi,p:Basidiomycota,c:Tremellomycetes,o:Tremellales
ASV634	k:Fungi(1.00),p:Ascomycota(1.00)	+	k:Fungi,p:Ascomycota
ASV636	k:Fungi(1.00),p:Ascomycota(1.00),c:Sordariomycetes(1.00),o:Xylariales(1.00),f:Xylariaceae(1.00),g:Hypoxylon(1.00),s:Hypoxylon_howeanum(1.00)	+	k:Fungi,p:Ascomycota,c:Sordariomycetes,o:Xylariales,f:Xylariaceae,g:Hypoxylon,s:Hypoxylon_howeanum
ASV635	k:Fungi(1.00),p:Ascomycota(1.00),c:Dothideomycetes(0.89),o:Pleosporales(0.89),f:Massarinaceae(0.68),g:Saccharicola(0.68),s:Saccharicola_sp.(0.56)	+	k:Fungi,p:Ascomycota,c:Dothideomycetes,o:Pleosporales
ASV637	k:Fungi(1.00),p:Ascomycota(0.98),c:Dothideomycetes(0.91),o:Pleosporales(0.90),f:Leptosphaeriaceae(0.50),g:Leptosphaeria(0.46),s:Leptosphaeria_sp._X9(0.36)	+	k:Fungi,p:Ascomycota,c:Dothideomycetes,o:Pleosporales
ASV639	k:Fungi(1.00),p:Ascomycota(1.00),c:Dothideomycetes(1.00),o:Microthyriales(1.00),f:Leptopeltidaceae(1.00),g:Dothiopeltis(1.00),s:Dothiopeltis_n._sp.(1.00)	+	k:Fungi,p:Ascomycota,c:Dothideomycetes,o:Microthyriales,f:Leptopeltidaceae,g:Dothiopeltis,s:Dothiopeltis_n._sp.
ASV640	k:Fungi(1.00),p:Ascomycota(1.00),c:Ascomycota_class_incertae_sedis(0.97),o:Ascomycota_order_incertae_sedis(0.97),f:Ascomycota_family_incertae_sedis(0.97),g:Plectosphaerella(0.97),s:Plectosphaerella_cucumerina(0.87)	+	k:Fungi,p:Ascomycota,c:Ascomycota_class_incertae_sedis,o:Ascomycota_order_incertae_sedis,f:Ascomycota_family_incertae_sedis,g:Plectosphaerella,s:Plectosphaerella_cucumerina
ASV641	k:Fungi(1.00),p:Basidiomycota(1.00),c:Ustilaginomycetes(1.00),o:Ustilaginales(1.00),g:Farysizyma(1.00),s:Farysizyma_itapuensis(1.00)	+	k:Fungi,p:Basidiomycota,c:Ustilaginomycetes,o:Ustilaginales,g:Farysizyma,s:Farysizyma_itapuensis
ASV642	k:Fungi(1.00),p:Basidiomycota(0.72),c:Agaricomycetes(0.60),o:Agaricales(0.28),f:Amanitaceae(0.08),g:Amanita(0.08),s:Amanita_cf._princeps(0.02)	+	k:Fungi
ASV644	k:Fungi(1.00),p:Mucoromycota(1.00),c:Mucoromycetes(1.00),o:Mucorales(1.00),f:Pilobolaceae(1.00),g:Pilobolus(1.00),s:Pilobolus_crystallinus(1.00)	+	k:Fungi,p:Mucoromycota,c:Mucoromycetes,o:Mucorales,f:Pilobolaceae,g:Pilobolus,s:Pilobolus_crystallinus
ASV643	k:Fungi(1.00),p:Ascomycota(0.84),c:Eurotiomycetes(0.77),o:Chaetothyriales(0.73),f:Chaetothyriaceae(0.46),g:Ceramothyrium(0.24),s:Ceramothyrium_carniolicum(0.22)	+	k:Fungi,p:Ascomycota
ASV645	k:Fungi(1.00),p:Ascomycota(1.00),c:Sordariomycetes(1.00),o:Xylariales(1.00),f:Xylariales_incertae_sedis(1.00),g:Microdochium(1.00),s:Microdochium_phragmitis(0.99)	+	k:Fungi,p:Ascomycota,c:Sordariomycetes,o:Xylariales,f:Xylariales_incertae_sedis,g:Microdochium,s:Microdochium_phragmitis
ASV638	k:Fungi(1.00),p:Basidiomycota(1.00),c:Tremellomycetes(1.00),o:Tremellales(1.00),f:Bulleribasidiaceae(1.00),g:Vishniacozyma(1.00),s:Vishniacozyma_carnescens(1.00)	-	k:Fungi,p:Basidiomycota,c:Tremellomycetes,o:Tremellales,f:Bulleribasidiaceae,g:Vishniacozyma,s:Vishniacozyma_carnescens
ASV646	k:Fungi(1.00),p:Ascomycota(0.45),c:Saccharomycetes(0.26),o:Saccharomycetales(0.26),f:Saccharomycetaceae(0.11),g:Candida(0.05),s:Candida_sp._UWOPS_03-446.4(0.01)	+	k:Fungi
ASV647	k:Fungi(1.00),p:Basidiomycota(1.00),c:Agaricomycetes(1.00),o:Agaricales(1.00),f:Agaricaceae(1.00),g:Cyathus(1.00),s:Cyathus_striatus(1.00)	+	k:Fungi,p:Basidiomycota,c:Agaricomycetes,o:Agaricales,f:Agaricaceae,g:Cyathus,s:Cyathus_striatus
ASV64	k:Fungi(1.00),p:Ascomycota(1.00),c:Eurotiomycetes(1.00),o:Eurotiales(1.00),f:Trichocomaceae(1.00),g:Penicillium(1.00),s:Penicillium_sp._GZU-BCEC408-2(0.42)	+	k:Fungi,p:Ascomycota,c:Eurotiomycetes,o:Eurotiales,f:Trichocomaceae,g:Penicillium
ASV648	k:Fungi(1.00),p:Basidiomycota(1.00),c:Agaricomycetes(1.00)	+	k:Fungi,p:Basidiomycota,c:Agaricomycetes
ASV65	k:Fungi(1.00),p:Basidiomycota(1.00),c:Agaricomycetes(1.00),o:Agaricales(1.00),f:Psathyrellaceae(1.00),g:Coprinellus(1.00),s:Coprinellus_sp._micaceus-IN02(0.50)	+	k:Fungi,p:Basidiomycota,c:Agaricomycetes,o:Agaricales,f:Psathyrellaceae,g:Coprinellus
ASV649	k:Fungi(1.00),p:Ascomycota(0.75)	+	k:Fungi
ASV650	k:Fungi(1.00),p:Ascomycota(1.00),c:Sordariomycetes(0.82),o:Chaetosphaeriales(0.65),f:Chaetosphaeriaceae(0.65)	+	k:Fungi,p:Ascomycota,c:Sordariomycetes
ASV652	k:Fungi(1.00),p:Ascomycota(1.00),c:Dothideomycetes(1.00),o:Pleosporales(1.00)	+	k:Fungi,p:Ascomycota,c:Dothideomycetes,o:Pleosporales
ASV653	k:Fungi(1.00),p:Basidiomycota(1.00),c:Agaricomycetes(1.00),o:Agaricales(1.00),f:Agaricaceae(1.00),g:Lycoperdon(1.00),s:Lycoperdon_pyriforme(0.94)	+	k:Fungi,p:Basidiomycota,c:Agaricomycetes,o:Agaricales,f:Agaricaceae,g:Lycoperdon,s:Lycoperdon_pyriforme
ASV655	k:Fungi(1.00),p:Ascomycota(1.00),c:Sordariomycetes(0.54),o:Chaetosphaeriales(0.54),f:Chaetosphaeriaceae(0.54),g:Chaetosphaeria(0.53),s:Chaetosphaeria_myriocarpa(0.53)	+	k:Fungi,p:Ascomycota
ASV656	k:Fungi(1.00),p:Ascomycota(1.00),c:Dothideomycetes(1.00),o:Pleosporales(1.00)	+	k:Fungi,p:Ascomycota,c:Dothideomycetes,o:Pleosporales
ASV657	k:Fungi(1.00),p:Ascomycota(1.00),c:Sordariomycetes(0.56),o:Ophiostomatales(0.56),f:Ophiostomataceae(0.56),g:Grosmannia(0.56),s:Grosmannia_piceiperda(0.56)	+	k:Fungi,p:Ascomycota
ASV658	k:Fungi(1.00),p:Ascomycota(1.00),c:Sordariomycetes(0.89),o:Coniochaetales(0.87),f:Coniochaetaceae(0.87),g:Lecythophora(0.49),s:Lecythophora_sp._UBCtra1453C(0.49)	+	k:Fungi,p:Ascomycota,c:Sordariomycetes,o:Coniochaetales,f:Coniochaetaceae
ASV651	k:Fungi(1.00),p:Ascomycota(1.00),c:Sordariomycetes(0.82),o:Hypocreales(0.82),f:Bionectriaceae(0.82),g:Myrothecium(0.82),s:Myrothecium_roridum(0.62)	+	k:Fungi,p:Ascomycota,c:Sordariomycetes,o:Hypocreales,f:Bionectriaceae,g:Myrothecium
ASV659	k:Fungi(1.00),p:Basidiomycota(0.99),c:Agaricostilbomycetes(0.99),o:Spiculogloeales(0.99),f:Spiculogloeaceae(0.99),g:Phyllozyma(0.99),s:Phyllozyma_coprosmicola(0.99)	-	k:Fungi,p:Basidiomycota,c:Agaricostilbomycetes,o:Spiculogloeales,f:Spiculogloeaceae,g:Phyllozyma,s:Phyllozyma_coprosmicola
ASV66	k:Fungi(1.00),p:Basidiomycota(1.00),c:Agaricomycetes(1.00),o:Geastrales(1.00),g:Sphaerobolus(1.00),s:Sphaerobolus_iowensis(1.00)	+	k:Fungi,p:Basidiomycota,c:Agaricomycetes,o:Geastrales,g:Sphaerobolus,s:Sphaerobolus_iowensis
ASV654	k:Fungi(1.00),p:Ascomycota(0.98),c:Sordariomycetes(0.64),o:Hypocreales(0.61),f:Bionectriaceae(0.22),g:Stromatonectria(0.11),s:Stromatonectria_caraganae(0.11)	+	k:Fungi,p:Ascomycota
ASV660	k:Fungi(1.00),p:Ascomycota(1.00),c:Sordariomycetes(1.00),o:Hypocreales(1.00),f:Bionectriaceae(1.00),g:Stachybotrys(1.00),s:Stachybotrys_chartarum(0.94)	+	k:Fungi,p:Ascomycota,c:Sordariomycetes,o:Hypocreales,f:Bionectriaceae,g:Stachybotrys,s:Stachybotrys_chartarum
ASV661	k:Fungi(1.00),p:Basidiomycota(1.00)	+	k:Fungi,p:Basidiomycota
ASV662	k:Fungi(1.00),p:Ascomycota(0.99),c:Eurotiomycetes(0.50),o:Eurotiales(0.28),g:Phialosimplex(0.17),s:Phialosimplex_chlamydosporus(0.16)	+	k:Fungi,p:Ascomycota
ASV663	k:Fungi(1.00),p:Basidiomycota(0.99),c:Tremellomycetes(0.98),o:Tremellales(0.98),f:Tremellales_incertae_sedis(0.96),g:Hannaella(0.96),s:Hannaella_oryzae(0.95)	+	k:Fungi,p:Basidiomycota,c:Tremellomycetes,o:Tremellales,f:Tremellales_incertae_sedis,g:Hannaella,s:Hannaella_oryzae
ASV665	k:Fungi(1.00),p:Basidiomycota(1.00),c:Microbotryomycetes(1.00),o:Sporidiobolales(1.00),f:Sporidiobolaceae(1.00),g:Rhodosporidiobolus(0.96),s:Rhodosporidiobolus_colostri(0.96)	+	k:Fungi,p:Basidiomycota,c:Microbotryomycetes,o:Sporidiobolales,f:Sporidiobolaceae,g:Rhodosporidiobolus,s:Rhodosporidiobolus_colostri
ASV666	k:Fungi(1.00),p:Ascomycota(1.00),c:Dothideomycetes(0.90),o:Pleosporales(0.90),f:Leptosphaeriaceae(0.38)	+	k:Fungi,p:Ascomycota,c:Dothideomycetes,o:Pleosporales
ASV668	k:Fungi(1.00),p:Ascomycota(1.00),c:Dothideomycetes(0.82),o:Pleosporales(0.82),f:Pleosporales_incertae_sedis(0.82),g:Epicoccum(0.82),s:Epicoccum_nigrum(0.49)	+	k:Fungi,p:Ascomycota,c:Dothideomycetes,o:Pleosporales,f:Pleosporales_incertae_sedis,g:Epicoccum
ASV669	k:Fungi(1.00),p:Ascomycota(1.00),c:Ascomycota_class_incertae_sedis(0.79),o:Ascomycota_order_incertae_sedis(0.79),f:Ascomycota_family_incertae_sedis(0.79),g:Phialophora(0.79),s:Phialophora_livistonae(0.78)	+	k:Fungi,p:Ascomycota
ASV67	k:Fungi(1.00),p:Ascomycota(1.00),c:Dothideomycetes(1.00),o:Botryosphaeriales(0.96),f:Botryosphaeriaceae(0.96),g:Microdiplodia(0.96),s:Microdiplodia_sp._A18(0.96)	+	k:Fungi,p:Ascomycota,c:Dothideomycetes,o:Botryosphaeriales,f:Botryosphaeriaceae,g:Microdiplodia,s:Microdiplodia_sp._A18
ASV670	k:Fungi(1.00),p:Basidiomycota(1.00),c:Agaricomycetes(1.00),o:Thelephorales(1.00),f:Thelephoraceae(1.00),g:Tomentella(1.00),s:Tomentella_bryophila(0.99)	+	k:Fungi,p:Basidiomycota,c:Agaricomycetes,o:Thelephorales,f:Thelephoraceae,g:Tomentella,s:Tomentella_bryophila
ASV671	k:Fungi(1.00),p:Basidiomycota(1.00),c:Agaricomycetes(1.00),o:Boletales(1.00),f:Paxillaceae(1.00),g:Paxillus(1.00),s:Paxillus_involutus(0.99)	+	k:Fungi,p:Basidiomycota,c:Agaricomycetes,o:Boletales,f:Paxillaceae,g:Paxillus,s:Paxillus_involutus
ASV664	k:Fungi(1.00),p:Ascomycota(1.00),c:Leotiomycetes(1.00),o:Helotiales(1.00),g:Pilidium(1.00),s:Pilidium_concavum(1.00)	+	k:Fungi,p:Ascomycota,c:Leotiomycetes,o:Helotiales,g:Pilidium,s:Pilidium_concavum
ASV672	k:Fungi(1.00),p:Basidiomycota(0.99),c:Tremellomycetes(0.99),o:Tremellales(0.99),f:Trimorphomycetaceae(0.99),g:Carlosrosaea(0.99),s:Carlosrosaea_foliicola(0.99)	-	k:Fungi,p:Basidiomycota,c:Tremellomycetes,o:Tremellales,f:Trimorphomycetaceae,g:Carlosrosaea,s:Carlosrosaea_foliicola
ASV674	k:Fungi(1.00),p:Ascomycota(0.42),c:Leotiomycetes(0.14),o:Helotiales(0.14),f:Orbiliaceae(0.13),g:Orbilia(0.09),s:Orbilia_aprilis(0.06)	+	k:Fungi
ASV673	k:Fungi(1.00),p:Ascomycota(1.00),c:Eurotiomycetes(1.00),o:Chaetothyriales(1.00)	+	k:Fungi,p:Ascomycota,c:Eurotiomycetes,o:Chaetothyriales
ASV667	k:Fungi(1.00),p:Ascomycota(0.72),c:Lecanoromycetes(0.18),o:Lecanorales(0.15),f:Ramalinaceae(0.11),g:Ramalina(0.11),s:Ramalina_calicaris(0.11)	+	k:Fungi
ASV675	k:Fungi(1.00),p:Basidiomycota(1.00),c:Cystobasidiomycetes(1.00),o:Cystobasidiales(1.00),f:Cystobasidiaceae(1.00),g:Cystobasidium(1.00),s:Cystobasidium_raffinophilum(0.83)	-	k:Fungi,p:Basidiomycota,c:Cystobasidiomycetes,o:Cystobasidiales,f:Cystobasidiaceae,g:Cystobasidium,s:Cystobasidium_raffinophilum
ASV676	k:Fungi(1.00),p:Ascomycota(1.00),c:Dothideomycetes(0.88),o:Pleosporales(0.88)	+	k:Fungi,p:Ascomycota,c:Dothideomycetes,o:Pleosporales
ASV677	k:Fungi(1.00),p:Basidiomycota(1.00),c:Agaricomycetes(0.98),o:Polyporales(0.98),f:Polyporaceae(0.98),g:Trametes(0.98),s:Trametes_hirsuta(0.98)	+	k:Fungi,p:Basidiomycota,c:Agaricomycetes,o:Polyporales,f:Polyporaceae,g:Trametes,s:Trametes_hirsuta
ASV679	k:Fungi(1.00),p:Ascomycota(1.00),c:Eurotiomycetes(0.67),o:Chaetothyriales(0.62),f:Herpotrichiellaceae(0.30),g:Veronaea(0.12),s:Veronaea_japonica(0.09)	+	k:Fungi,p:Ascomycota
ASV68	k:Fungi(1.00),p:Ascomycota(1.00),c:Ascomycota_class_incertae_sedis(0.94),o:Ascomycota_order_incertae_sedis(0.94),f:Cephalothecaceae(0.94)	+	k:Fungi,p:Ascomycota,c:Ascomycota_class_incertae_sedis,o:Ascomycota_order_incertae_sedis,f:Cephalothecaceae
ASV680	k:Fungi(1.00),p:Ascomycota(1.00),c:Dothideomycetes(1.00),o:Pleosporales(1.00),f:Teichosporaceae(0.79),g:Teichospora(0.79),s:Teichospora_sp._CA01(0.79)	+	k:Fungi,p:Ascomycota,c:Dothideomycetes,o:Pleosporales
ASV682	k:Fungi(1.00),p:Basidiomycota(1.00),c:Agaricomycetes(1.00),o:Agaricales(1.00),f:Cortinariaceae(1.00),g:Cortinarius(0.99),s:Cortinarius_desertorum(0.13)	+	k:Fungi,p:Basidiomycota,c:Agaricomycetes,o:Agaricales,f:Cortinariaceae,g:Cortinarius
ASV683	k:Fungi(1.00),p:Ascomycota(0.93),c:Ascomycota_class_incertae_sedis(0.50),o:Ascomycota_order_incertae_sedis(0.50),f:Ascomycota_family_incertae_sedis(0.50),g:Septonema(0.50),s:Septonema_sp._CA01(0.44)	+	k:Fungi,p:Ascomycota
ASV684	k:Fungi(1.00),p:Basidiomycota(0.99),c:Agaricostilbomycetes(0.70),o:Agaricostilbales(0.70),f:Kondoaceae(0.70),g:Kondoa(0.70),s:Kondoa_chamaenerii(0.40)	-	k:Fungi,p:Basidiomycota
ASV678	k:Fungi(1.00),p:Ascomycota(1.00),c:Sordariomycetes(1.00),o:Hypocreales(1.00),f:Hypocreaceae(1.00),g:Trichoderma(1.00),s:Trichoderma_harzianum(0.94)	+	k:Fungi,p:Ascomycota,c:Sordariomycetes,o:Hypocreales,f:Hypocreaceae,g:Trichoderma,s:Trichoderma_harzianum
ASV685	k:Fungi(1.00),p:Basidiomycota(1.00),c:Agaricomycetes(1.00),o:Thelephorales(1.00),f:Thelephoraceae(1.00),g:Tomentella(0.96)	+	k:Fungi,p:Basidiomycota,c:Agaricomycetes,o:Thelephorales,f:Thelephoraceae,g:Tomentella
ASV687	k:Fungi(1.00),p:Ascomycota(1.00),c:Dothideomycetes(1.00),o:Pleosporales(1.00),f:Thyridariaceae(1.00),g:Thyridaria(1.00),s:Thyridaria_rubronotata(1.00)	+	k:Fungi,p:Ascomycota,c:Dothideomycetes,o:Pleosporales,f:Thyridariaceae,g:Thyridaria,s:Thyridaria_rubronotata
ASV686	k:Fungi(1.00),p:Ascomycota(1.00),c:Dothideomycetes(1.00),o:Mycosphaerellales(0.94),f:Mycosphaerellaceae(0.94),g:Pseudocercosporella(0.94),s:Pseudocercosporella_fraxini(0.94)	+	k:Fungi,p:Ascomycota,c:Dothideomycetes,o:Mycosphaerellales,f:Mycosphaerellaceae,g:Pseudocercosporella,s:Pseudocercosporella_fraxini
ASV688	k:Fungi(1.00),p:Ascomycota(0.84),c:Eurotiomycetes(0.40),o:Eurotiales(0.29),f:Trichocomaceae(0.28),g:Aspergillus(0.28),s:Aspergillus_nidulans(0.28)	+	k:Fungi,p:Ascomycota
ASV689	k:Fungi(1.00),p:Ascomycota(1.00),c:Dothideomycetes(0.78),o:Pleosporales(0.78),f:Phaeosphaeriaceae(0.72),g:Parastagonospora(0.40),s:Parastagonospora_nodorum(0.36)	+	k:Fungi,p:Ascomycota
ASV681	k:Fungi(1.00),p:Basidiomycota(1.00)	+	k:Fungi,p:Basidiomycota
ASV69	k:Fungi(1.00),p:Ascomycota(1.00),c:Dothideomycetes(1.00),o:Pleosporales(1.00),g:Ascochyta(0.60),s:Ascochyta_pinodes(0.60)	+	k:Fungi,p:Ascomycota,c:Dothideomycetes,o:Pleosporales
ASV691	k:Fungi(1.00),p:Ascomycota(1.00),c:Sordariomycetes(0.99),o:Hypocreales(0.99),f:Nectriaceae(0.99),g:Neonectria(0.77),s:Neonectria_fuckeliana(0.57)	+	k:Fungi,p:Ascomycota,c:Sordariomycetes,o:Hypocreales,f:Nectriaceae
ASV692	k:Fungi(1.00),p:Ascomycota(1.00),c:Sordariomycetes(1.00),o:Diaporthales(1.00),g:Sirococcus(0.99),s:Sirococcus_conigenus(0.99)	+	k:Fungi,p:Ascomycota,c:Sordariomycetes,o:Diaporthales,g:Sirococcus,s:Sirococcus_conigenus
ASV693	k:Fungi(1.00),p:Ascomycota(0.94),c:Leotiomycetes(0.89),o:Helotiales(0.89),f:Hyaloscyphaceae(0.87),g:Capitotricha(0.87),s:Capitotricha_sp.(0.87)	+	k:Fungi,p:Ascomycota,c:Leotiomycetes,o:Helotiales,f:Hyaloscyphaceae,g:Capitotricha,s:Capitotricha_sp.
ASV694	k:Fungi(1.00),p:Ascomycota(1.00),c:Ascomycota_class_incertae_sedis(0.57),o:Ascomycota_order_incertae_sedis(0.57),f:Ascomycota_family_incertae_sedis(0.57),g:Mariannaea(0.57),s:Mariannaea_camptospora(0.55)	+	k:Fungi,p:Ascomycota
ASV695	k:Fungi(1.00),p:Basidiomycota(1.00),c:Agaricomycetes(1.00),o:Thelephorales(1.00),f:Thelephoraceae(1.00)	+	k:Fungi,p:Basidiomycota,c:Agaricomycetes,o:Thelephorales,f:Thelephoraceae
ASV697	k:Fungi(1.00),p:Basidiomycota(1.00),c:Microbotryomycetes(1.00),o:Microbotryomycetes_incertae_sedis(0.99),f:Chrysozymaceae(0.99),g:Fellozyma(0.99),s:Fellozyma_inositophila(0.99)	+	k:Fungi,p:Basidiomycota,c:Microbotryomycetes,o:Microbotryomycetes_incertae_sedis,f:Chrysozymaceae,g:Fellozyma,s:Fellozyma_inositophila
ASV698	k:Fungi(1.00),p:Basidiomycota(0.88),c:Tremellomycetes(0.51),o:Tremellales(0.51),g:Bullera(0.49),s:Bullera_miyagiana(0.48)	+	k:Fungi,p:Basidiomycota
ASV690	k:Fungi(1.00),p:Ascomycota(1.00),c:Sordariomycetes(1.00),o:Hypocreales(1.00),f:Hypocreaceae(1.00),g:Hypocrea(0.62),s:Hypocrea_subeffusa(0.58)	+	k:Fungi,p:Ascomycota,c:Sordariomycetes,o:Hypocreales,f:Hypocreaceae
ASV699	k:Fungi(1.00),p:Ascomycota(1.00),c:Sordariomycetes(1.00),o:Xylariales(0.60),f:Amphisphaeriaceae(0.60),g:Truncatella(0.59),s:Truncatella_helichrysi(0.59)	+	k:Fungi,p:Ascomycota,c:Sordariomycetes
ASV7	k:Fungi(1.00),p:Ascomycota(1.00),c:Eurotiomycetes(1.00),o:Eurotiales(1.00),f:Trichocomaceae(1.00),g:Penicillium(1.00),s:Penicillium_brevistipitatum(0.77)	+	k:Fungi,p:Ascomycota,c:Eurotiomycetes,o:Eurotiales,f:Trichocomaceae,g:Penicillium
ASV701	k:Fungi(1.00),p:Ascomycota(1.00),c:Lecanoromycetes(0.33),o:Acarosporales(0.08),f:Acarosporaceae(0.08),g:Acarospora(0.07)	+	k:Fungi,p:Ascomycota
ASV700	k:Fungi(1.00),p:Ascomycota(1.00),c:Sordariomycetes(1.00),o:Diaporthales(1.00),f:Diaporthales_incertae_sedis(1.00),g:Valsaria(1.00),s:Valsaria_ceratoniae(0.54)	+	k:Fungi,p:Ascomycota,c:Sordariomycetes,o:Diaporthales,f:Diaporthales_incertae_sedis,g:Valsaria
ASV696	k:Fungi(1.00),p:Ascomycota(0.91),c:Leotiomycetes(0.90),o:Leotiomycetes_order_Incertae_sedis(0.84),f:Leotiomycetes_family_incertae_sedis(0.84),g:Dendrostilbella(0.84),s:Dendrostilbella_mycophila(0.84)	+	k:Fungi,p:Ascomycota,c:Leotiomycetes,o:Leotiomycetes_order_Incertae_sedis,f:Leotiomycetes_family_incertae_sedis,g:Dendrostilbella,s:Dendrostilbella_mycophila
ASV702	k:Fungi(1.00),p:Ascomycota(1.00),c:Lecanoromycetes(0.30),o:Umbilicariales(0.12),f:Umbilicariaceae(0.12),g:Xylopsora(0.08),s:Xylopsora_friesii(0.05)	+	k:Fungi,p:Ascomycota
ASV705	k:Fungi(1.00),p:Basidiomycota(0.61),c:Agaricomycetes(0.58),o:Boletales(0.40),f:Boletaceae(0.40),g:Tylopilus(0.40),s:Tylopilus_cf._balloui(0.40)	+	k:Fungi
ASV703	k:Fungi(1.00),p:Basidiomycota(0.97),c:Agaricomycetes(0.97),o:Russulales(0.60),f:Peniophoraceae(0.54),g:Metulodontia(0.54),s:Metulodontia_nivea(0.54)	+	k:Fungi,p:Basidiomycota,c:Agaricomycetes
ASV706	k:Fungi(1.00),p:Basidiomycota(0.94),c:Microbotryomycetes(0.44),o:Sporidiobolales(0.44),f:Sporidiobolaceae(0.34),g:Rhodotorula(0.34),s:Rhodotorula_lamellibrachiae(0.26)	+	k:Fungi,p:Basidiomycota
ASV707	k:Fungi(1.00),p:Basidiomycota(1.00),c:Microbotryomycetes(1.00),o:Sporidiobolales(1.00),g:Sporobolomyces(0.97),s:Sporobolomyces_symmetricus(0.83)	+	k:Fungi,p:Basidiomycota,c:Microbotryomycetes,o:Sporidiobolales,g:Sporobolomyces,s:Sporobolomyces_symmetricus
ASV708	k:Fungi(1.00),p:Ascomycota(0.99)	+	k:Fungi,p:Ascomycota
ASV71	k:Fungi(1.00),p:Basidiomycota(1.00),c:Tremellomycetes(1.00),o:Tremellales(1.00),f:Bulleribasidiaceae(0.90),g:Vishniacozyma(0.90),s:Vishniacozyma_heimaeyensis(0.62)	+	k:Fungi,p:Basidiomycota,c:Tremellomycetes,o:Tremellales,f:Bulleribasidiaceae,g:Vishniacozyma
ASV710	k:Fungi(1.00),p:Basidiomycota(1.00),c:Agaricomycetes(1.00),o:Agaricales(1.00),f:Cortinariaceae(1.00),g:Cortinarius(1.00),s:Cortinarius_anserinus(0.99)	+	k:Fungi,p:Basidiomycota,c:Agaricomycetes,o:Agaricales,f:Cortinariaceae,g:Cortinarius,s:Cortinarius_anserinus
ASV711	k:Fungi(1.00),p:Ascomycota(1.00),c:Dothideomycetes(0.96),o:Mycosphaerellales(0.61),f:Teratosphaeriaceae(0.37),g:Teratosphaeria(0.27),s:Teratosphaeria_encephalarti(0.08)	+	k:Fungi,p:Ascomycota,c:Dothideomycetes
ASV712	k:Fungi(1.00),p:Basidiomycota(1.00),c:Microbotryomycetes(0.99),o:Sporidiobolales(0.99),g:Ballistosporomyces(0.94),s:Ballistosporomyces_sasicola(0.38)	+	k:Fungi,p:Basidiomycota,c:Microbotryomycetes,o:Sporidiobolales,g:Ballistosporomyces
ASV714	k:Fungi(1.00),p:Ascomycota(0.92),c:Sordariomycetes(0.74),o:Hypocreales(0.45),f:Ophiocordycipitaceae(0.37),g:Ophiocordyceps(0.37),s:Ophiocordyceps_sinensis(0.37)	+	k:Fungi,p:Ascomycota
ASV704	k:Fungi(1.00),p:Basidiomycota(1.00)	+	k:Fungi,p:Basidiomycota
ASV713	k:Fungi(1.00),p:Ascomycota(1.00),c:Leotiomycetes(0.92),o:Thelebolales(0.89),f:Thelebolaceae(0.89)	+	k:Fungi,p:Ascomycota,c:Leotiomycetes,o:Thelebolales,f:Thelebolaceae
ASV715	k:Fungi(1.00),p:Basidiomycota(1.00),c:Agaricomycetes(1.00),o:Agaricales(1.00),f:Psathyrellaceae(1.00),g:Psathyrella(1.00),s:Psathyrella_gossypina(1.00)	+	k:Fungi,p:Basidiomycota,c:Agaricomycetes,o:Agaricales,f:Psathyrellaceae,g:Psathyrella,s:Psathyrella_gossypina
ASV709	k:Fungi(1.00),p:Basidiomycota(0.99),c:Agaricomycetes(0.99),o:Polyporales(0.99),f:Xenasmataceae(0.99),g:Xenasma(0.99),s:Xenasma_sp._CA01(0.79)	+	k:Fungi,p:Basidiomycota,c:Agaricomycetes,o:Polyporales,f:Xenasmataceae,g:Xenasma
ASV716	k:Fungi(1.00),p:Basidiomycota(0.82),c:Tremellomycetes(0.57),o:Trichosporonales(0.36),f:Trichosporonaceae(0.36),g:Vanrija(0.19),s:Vanrija_humicola(0.17)	-	k:Fungi,p:Basidiomycota
ASV717	k:Fungi(1.00),p:Ascomycota(1.00),c:Dothideomycetes(0.90),o:Mycosphaerellales(0.70),f:Teratosphaeriaceae(0.66),g:Teratosphaeria(0.16),s:Teratosphaeria_fibrillosa(0.06)	+	k:Fungi,p:Ascomycota,c:Dothideomycetes
ASV718	k:Fungi(1.00),p:Glomeromycota(0.37),c:Glomeromycetes(0.36),o:Glomerales(0.21),f:Glomeraceae(0.21),g:Glomus(0.18)	+	k:Fungi
ASV719	k:Fungi(1.00),p:Mucoromycota(1.00),c:Mucoromycetes(1.00),o:Mucorales(1.00),f:Umbelopsidaceae(1.00),g:Umbelopsis(1.00),s:Umbelopsis_nana(0.81)	+	k:Fungi,p:Mucoromycota,c:Mucoromycetes,o:Mucorales,f:Umbelopsidaceae,g:Umbelopsis,s:Umbelopsis_nana
ASV721	k:Fungi(1.00),p:Ascomycota(0.98),c:Leotiomycetes(0.82),o:Helotiales(0.79)	+	k:Fungi,p:Ascomycota,c:Leotiomycetes
ASV722	k:Fungi(1.00),p:Ascomycota(1.00),c:Sordariomycetes(1.00),o:Hypocreales(1.00),f:Nectriaceae(1.00),g:Stylonectria(1.00),s:Stylonectria_norvegica(0.92)	+	k:Fungi,p:Ascomycota,c:Sordariomycetes,o:Hypocreales,f:Nectriaceae,g:Stylonectria,s:Stylonectria_norvegica
ASV724	k:Fungi(1.00),p:Basidiomycota(1.00),c:Agaricomycetes(1.00),o:Russulales(1.00),f:Russulaceae(1.00)	+	k:Fungi,p:Basidiomycota,c:Agaricomycetes,o:Russulales,f:Russulaceae
ASV725	k:Fungi(1.00),p:Ascomycota(0.81),c:Eurotiomycetes(0.16),o:Onygenales(0.07),f:Arthrodermataceae(0.04),g:Arthroderma(0.02),s:Arthroderma_melis(0.02)	+	k:Fungi,p:Ascomycota
ASV726	k:Fungi(1.00),p:Ascomycota(1.00),c:Sordariomycetes(0.96),o:Hypocreales(0.96),f:Nectriaceae(0.64),g:Volutella(0.32),s:Volutella_sp.(0.32)	+	k:Fungi,p:Ascomycota,c:Sordariomycetes,o:Hypocreales
ASV728	k:Fungi(1.00),p:Ascomycota(0.63)	+	k:Fungi
ASV727	k:Fungi(1.00),p:Basidiomycota(1.00),c:Tremellomycetes(1.00),o:Tremellales(1.00),f:Bulleraceae(0.80),g:Genolevuria(0.80),s:Genolevuria_amylolytica(0.80)	+	k:Fungi,p:Basidiomycota,c:Tremellomycetes,o:Tremellales,f:Bulleraceae,g:Genolevuria,s:Genolevuria_amylolytica
ASV729	k:Fungi(1.00),p:Ascomycota(1.00),c:Sordariomycetes(1.00),o:Hypocreales(1.00),f:Bionectriaceae(1.00),g:Acremonium(1.00),s:Acremonium_cyanophagus(0.52)	+	k:Fungi,p:Ascomycota,c:Sordariomycetes,o:Hypocreales,f:Bionectriaceae,g:Acremonium
ASV720	k:Fungi(1.00),p:Ascomycota(1.00),c:Dothideomycetes(1.00),o:Botryosphaeriales(1.00),f:Botryosphaeriaceae(1.00),g:Diplodia(0.77),s:Diplodia_sp._PDD_95985(0.72)	+	k:Fungi,p:Ascomycota,c:Dothideomycetes,o:Botryosphaeriales,f:Botryosphaeriaceae
ASV723	k:Fungi(1.00),p:Basidiomycota(1.00),c:Microbotryomycetes(1.00),o:Sporidiobolales(1.00),f:Sporidiobolaceae(1.00),g:Rhodotorula(1.00),s:Rhodotorula_sp._KBP_3844(0.98)	+	k:Fungi,p:Basidiomycota,c:Microbotryomycetes,o:Sporidiobolales,f:Sporidiobolaceae,g:Rhodotorula,s:Rhodotorula_sp._KBP_3844
ASV73	k:Fungi(1.00),p:Basidiomycota(1.00),c:Tremellomycetes(1.00),o:Cystofilobasidiales(1.00),g:Mrakia(1.00),s:Mrakia_fibulata(0.90)	+	k:Fungi,p:Basidiomycota,c:Tremellomycetes,o:Cystofilobasidiales,g:Mrakia,s:Mrakia_fibulata
ASV730	k:Fungi(1.00),p:Ascomycota(0.99),c:Leotiomycetes(0.99),o:Helotiales(0.99)	+	k:Fungi,p:Ascomycota,c:Leotiomycetes,o:Helotiales
ASV731	k:Fungi(1.00),p:Basidiomycota(0.84),c:Agaricomycetes(0.58),o:Agaricales(0.31),f:Inocybaceae(0.12),g:Inocybe(0.11),s:Inocybe_sp._AU35(0.04)	+	k:Fungi,p:Basidiomycota
ASV732	k:Fungi(1.00),p:Ascomycota(1.00),c:Sordariomycetes(1.00),o:Xylariales(1.00),f:Xylariales_incertae_sedis(1.00),g:Microdochium(1.00),s:Microdochium_phragmitis(0.98)	+	k:Fungi,p:Ascomycota,c:Sordariomycetes,o:Xylariales,f:Xylariales_incertae_sedis,g:Microdochium,s:Microdochium_phragmitis
ASV733	k:Fungi(1.00),p:Ascomycota(1.00),c:Dothideomycetes(0.69),o:Pleosporales(0.69),f:Phaeosphaeriaceae(0.41),g:Paraphoma(0.41),s:Paraphoma_chrysanthemicola(0.41)	+	k:Fungi,p:Ascomycota
ASV734	k:Fungi(1.00),p:Basidiomycota(0.90),c:Tremellomycetes(0.83),o:Tremellales(0.83),f:Tremellaceae(0.66),g:Bulleribasidium(0.66),s:Bulleribasidium_oberjochense(0.66)	+	k:Fungi,p:Basidiomycota,c:Tremellomycetes,o:Tremellales
ASV738	k:Fungi(1.00),p:Ascomycota(0.89),c:Sordariomycetes(0.62),o:Hypocreales(0.38),f:Cordycipitaceae(0.10),g:Elaphocordyceps(0.05),s:Elaphocordyceps_sp._20124256c(0.04)	+	k:Fungi,p:Ascomycota
ASV739	k:Fungi(1.00),p:Ascomycota(0.94),c:Sordariomycetes(0.90),o:Hypocreales(0.87),f:Cordycipitaceae(0.22),g:Beauveria(0.18),s:Beauveria_bassiana(0.17)	+	k:Fungi,p:Ascomycota,c:Sordariomycetes,o:Hypocreales
ASV740	k:Fungi(1.00),p:Ascomycota(0.99),c:Lecanoromycetes(0.31),o:Lecanorales(0.12),f:Parmeliaceae(0.03),g:Melanelia(0.02),s:Melanelia_sorediella(0.02)	+	k:Fungi,p:Ascomycota
ASV741	k:Fungi(1.00),p:Ascomycota(1.00),c:Dothideomycetes(0.81),o:Pleosporales(0.79)	+	k:Fungi,p:Ascomycota,c:Dothideomycetes
ASV742	k:Fungi(1.00),p:Basidiomycota(1.00),c:Agaricomycetes(1.00),o:Nidulariales(0.87),f:Nidulariaceae(0.87),g:Crucibulum(0.87),s:Crucibulum_laeve(0.55)	+	k:Fungi,p:Basidiomycota,c:Agaricomycetes,o:Nidulariales,f:Nidulariaceae,g:Crucibulum
ASV743	k:Fungi(1.00),p:Ascomycota(1.00),c:Lecanoromycetes(0.81),o:Umbilicariales(0.66),f:Umbilicariaceae(0.66),g:Umbilicaria(0.66),s:Umbilicaria_cinereorufescens(0.54)	+	k:Fungi,p:Ascomycota,c:Lecanoromycetes
ASV736	k:Fungi(1.00),p:Basidiomycota(1.00),c:Agaricomycetes(1.00),o:Hymenochaetales(1.00),f:Hymenochaetaceae(1.00),g:Inonotus(0.85),s:Inonotus_sp.(0.85)	+	k:Fungi,p:Basidiomycota,c:Agaricomycetes,o:Hymenochaetales,f:Hymenochaetaceae,g:Inonotus,s:Inonotus_sp.
ASV737	k:Fungi(1.00),p:Basidiomycota(1.00),c:Agaricomycetes(1.00),o:Thelephorales(1.00),f:Thelephoraceae(1.00)	+	k:Fungi,p:Basidiomycota,c:Agaricomycetes,o:Thelephorales,f:Thelephoraceae
ASV744	k:Fungi(1.00),p:Ascomycota(1.00),c:Sordariomycetes(1.00),o:Xylariales(1.00),f:Xylariaceae(1.00),g:Rosellinia(1.00),s:Rosellinia_corticium(0.99)	+	k:Fungi,p:Ascomycota,c:Sordariomycetes,o:Xylariales,f:Xylariaceae,g:Rosellinia,s:Rosellinia_corticium
ASV745	k:Fungi(1.00),p:Ascomycota(1.00),c:Ascomycota_class_incertae_sedis(1.00),o:Ascomycota_order_incertae_sedis(1.00),f:Pseudeurotiaceae(1.00)	+	k:Fungi,p:Ascomycota,c:Ascomycota_class_incertae_sedis,o:Ascomycota_order_incertae_sedis,f:Pseudeurotiaceae
ASV746	k:Fungi(1.00),p:Basidiomycota(0.98)	+	k:Fungi,p:Basidiomycota
ASV747	k:Fungi(1.00),p:Ascomycota(0.89),c:Leotiomycetes(0.89),o:Helotiales(0.89),f:Helotiales_incertae_sedis(0.52),g:Neofabraea(0.52),s:Neofabraea_alba(0.47)	+	k:Fungi,p:Ascomycota,c:Leotiomycetes,o:Helotiales
ASV748	k:Fungi(1.00),p:Basidiomycota(0.95),c:Agaricostilbomycetes(0.62),o:Agaricostilbales(0.62),f:Agaricostilbaceae(0.49),g:Bensingtonia(0.49),s:Bensingtonia_changbaiensis(0.33)	+	k:Fungi,p:Basidiomycota
ASV749	k:Fungi(1.00),p:Basidiomycota(1.00),c:Agaricomycetes(1.00),o:Trechisporales(0.56)	+	k:Fungi,p:Basidiomycota,c:Agaricomycetes
ASV752	k:Fungi(1.00),p:Ascomycota(1.00),c:Eurotiomycetes(1.00),o:Chaetothyriales(1.00)	+	k:Fungi,p:Ascomycota,c:Eurotiomycetes,o:Chaetothyriales
ASV753	k:Fungi(1.00),p:Basidiomycota(0.82),c:Cystobasidiomycetes(0.32),o:Cystobasidiales(0.19),f:Cystobasidiaceae(0.19),g:Cystobasidium(0.19),s:Cystobasidium_slooffiae(0.16)	+	k:Fungi,p:Basidiomycota
ASV754	k:Fungi(1.00),p:Ascomycota(1.00),c:Dothideomycetes(0.73),o:Capnodiales(0.64),f:Davidiellaceae(0.55),g:Devriesia(0.55),s:Devriesia_strelitziicola(0.55)	+	k:Fungi,p:Ascomycota
ASV755	k:Fungi(1.00),p:Ascomycota(1.00),c:Dothideomycetes(0.69),o:Mycosphaerellales(0.52),f:Mycosphaerellaceae(0.26),g:Phaeothecoidea(0.09),s:Phaeothecoidea_eucalypti(0.09)	+	k:Fungi,p:Ascomycota
ASV757	k:Fungi(1.00),p:Basidiomycota(1.00),c:Agaricomycetes(1.00),o:Agaricales(1.00),f:Agaricaceae(1.00),g:Coprinus(1.00),s:Coprinus_comatus(1.00)	+	k:Fungi,p:Basidiomycota,c:Agaricomycetes,o:Agaricales,f:Agaricaceae,g:Coprinus,s:Coprinus_comatus
ASV758	k:Fungi(1.00),p:Basidiomycota(1.00),c:Agaricomycetes(1.00),o:Agaricales(1.00),f:Psathyrellaceae(0.99),g:Coprinellus(0.99),s:Coprinellus_radicellus(0.93)	+	k:Fungi,p:Basidiomycota,c:Agaricomycetes,o:Agaricales,f:Psathyrellaceae,g:Coprinellus,s:Coprinellus_radicellus
ASV750	k:Fungi(1.00),p:Ascomycota(1.00),c:Pezizomycetes(1.00),o:Pezizales(1.00),f:Sarcosomataceae(1.00),g:Plectania(1.00),s:Plectania_melastoma(1.00)	+	k:Fungi,p:Ascomycota,c:Pezizomycetes,o:Pezizales,f:Sarcosomataceae,g:Plectania,s:Plectania_melastoma
ASV751	k:Fungi(1.00),p:Basidiomycota(1.00),c:Tremellomycetes(1.00),o:Tremellales(1.00),f:Tremellaceae(1.00),g:Cryptococcus(1.00),s:Cryptococcus_sp.(1.00)	+	k:Fungi,p:Basidiomycota,c:Tremellomycetes,o:Tremellales,f:Tremellaceae,g:Cryptococcus,s:Cryptococcus_sp.
ASV759	k:Fungi(1.00),p:Ascomycota(0.74),c:Saccharomycetes(0.47),o:Saccharomycetales(0.47),f:Saccharomycetaceae(0.23),g:Candida(0.21),s:Candida_morakotiae(0.07)	-	k:Fungi
ASV76	k:Fungi(1.00),p:Ascomycota(1.00),c:Sordariomycetes(0.98),o:Sordariales(0.97),f:Lasiosphaeriaceae(0.84)	+	k:Fungi,p:Ascomycota,c:Sordariomycetes,o:Sordariales,f:Lasiosphaeriaceae
ASV761	k:Fungi(1.00),p:Ascomycota(1.00),c:Eurotiomycetes(1.00),o:Chaetothyriales(1.00)	+	k:Fungi,p:Ascomycota,c:Eurotiomycetes,o:Chaetothyriales
ASV760	k:Fungi(1.00),p:Ascomycota(1.00),c:Eurotiomycetes(1.00),o:Eurotiales(1.00),f:Trichocomaceae(1.00),g:Penicillium(1.00),s:Penicillium_concentricum(0.35)	-	k:Fungi,p:Ascomycota,c:Eurotiomycetes,o:Eurotiales,f:Trichocomaceae,g:Penicillium
ASV762	k:Fungi(1.00),p:Basidiomycota(1.00),c:Microbotryomycetes(1.00),o:Sporidiobolales(1.00),f:Sporidiobolaceae(1.00),g:Rhodosporidiobolus(1.00),s:Rhodosporidiobolus_colostri(1.00)	+	k:Fungi,p:Basidiomycota,c:Microbotryomycetes,o:Sporidiobolales,f:Sporidiobolaceae,g:Rhodosporidiobolus,s:Rhodosporidiobolus_colostri
ASV763	k:Fungi(1.00),p:Basidiomycota(0.95),c:Tremellomycetes(0.92),o:Tremellales(0.90),f:Phaeotremellaceae(0.66),g:Phaeotremella(0.66),s:Phaeotremella_pseudofoliacea(0.47)	+	k:Fungi,p:Basidiomycota,c:Tremellomycetes,o:Tremellales
ASV766	k:Fungi(1.00),p:Ascomycota(1.00),c:Dothideomycetes(0.84),o:Pleosporales(0.84),f:Massarinaceae(0.68),g:Saccharicola(0.68),s:Saccharicola_sp.(0.53)	+	k:Fungi,p:Ascomycota,c:Dothideomycetes,o:Pleosporales
ASV767	k:Fungi(1.00),p:Basidiomycota(0.99),c:Tremellomycetes(0.98),o:Tremellales(0.98),f:Trimorphomycetaceae(0.98),g:Carlosrosaea(0.98),s:Carlosrosaea_foliicola(0.98)	-	k:Fungi,p:Basidiomycota,c:Tremellomycetes,o:Tremellales,f:Trimorphomycetaceae,g:Carlosrosaea,s:Carlosrosaea_foliicola
ASV768	k:Fungi(1.00),p:Basidiomycota(1.00),c:Agaricomycetes(1.00),o:Agaricales(1.00),f:Psathyrellaceae(1.00),g:Candolleomyces(0.78),s:Candolleomyces_candolleanus(0.78)	+	k:Fungi,p:Basidiomycota,c:Agaricomycetes,o:Agaricales,f:Psathyrellaceae
ASV769	k:Fungi(1.00),p:Basidiomycota(1.00),c:Agaricomycetes(1.00),o:Polyporales(1.00),f:Sistotremataceae(1.00),g:Trechispora(1.00),s:Trechispora_microspora(1.00)	+	k:Fungi,p:Basidiomycota,c:Agaricomycetes,o:Polyporales,f:Sistotremataceae,g:Trechispora,s:Trechispora_microspora
ASV77	k:Fungi(1.00),p:Ascomycota(1.00),c:Sordariomycetes(1.00),o:Hypocreales(1.00),f:Nectriaceae(1.00),g:Fusarium(1.00),s:Fusarium_sp._SB7-4(0.37)	+	k:Fungi,p:Ascomycota,c:Sordariomycetes,o:Hypocreales,f:Nectriaceae,g:Fusarium
ASV770	k:Fungi(1.00),p:Ascomycota(1.00),c:Taphrinomycetes(0.99),o:Taphrinales(0.99),f:Taphrinaceae(0.99),g:Taphrina(0.99),s:Taphrina_sp.(0.95)	+	k:Fungi,p:Ascomycota,c:Taphrinomycetes,o:Taphrinales,f:Taphrinaceae,g:Taphrina,s:Taphrina_sp.
ASV764	k:Fungi(1.00),p:Basidiomycota(0.97),c:Tremellomycetes(0.70),o:Tremellales(0.70),g:Derxomyces(0.44),s:Derxomyces_linzhiensis(0.34)	+	k:Fungi,p:Basidiomycota
ASV771	k:Fungi(1.00),p:Ascomycota(1.00),c:Lecanoromycetes(0.85),o:Lecanorales(0.47),f:Parmeliaceae(0.17),g:Cetraria(0.04),s:Cetraria_sepincola(0.03)	+	k:Fungi,p:Ascomycota,c:Lecanoromycetes
ASV765	k:Fungi(1.00),p:Basidiomycota(1.00),c:Tremellomycetes(1.00),o:Tremellales(1.00),g:Dioszegia(1.00),s:Dioszegia_takashimae(1.00)	+	k:Fungi,p:Basidiomycota,c:Tremellomycetes,o:Tremellales,g:Dioszegia,s:Dioszegia_takashimae
ASV772	k:Fungi(1.00),p:Ascomycota(0.98),c:Lecanoromycetes(0.82),o:Umbilicariales(0.79),f:Umbilicariaceae(0.79),g:Umbilicaria(0.79),s:Umbilicaria_cinereorufescens(0.73)	+	k:Fungi,p:Ascomycota,c:Lecanoromycetes
ASV773	k:Fungi(1.00),p:Ascomycota(1.00),c:Dothideomycetes(1.00),o:Mycosphaerellales(1.00),f:Mycosphaerellaceae(1.00)	+	k:Fungi,p:Ascomycota,c:Dothideomycetes,o:Mycosphaerellales,f:Mycosphaerellaceae
ASV774	k:Fungi(1.00),p:Basidiomycota(0.77),c:Exobasidiomycetes(0.48),o:Exobasidiales(0.46),f:Brachybasidiaceae(0.38),g:Meira(0.38),s:Meira_nashicola(0.18)	+	k:Fungi
ASV775	k:Fungi(1.00),p:Basidiomycota(0.90),c:Mixiomycetes(0.60),o:Mixiales(0.60),f:Mixiaceae(0.60),g:Mixia(0.60),s:Mixia_osmundae(0.60)	+	k:Fungi,p:Basidiomycota
ASV776	k:Fungi(1.00),p:Basidiomycota(1.00),c:Agaricostilbomycetes(1.00),o:Agaricostilbales(1.00),f:Agaricostilbaceae(1.00),g:Bensingtonia(1.00),s:Bensingtonia_sp._AS_2.2601(1.00)	+	k:Fungi,p:Basidiomycota,c:Agaricostilbomycetes,o:Agaricostilbales,f:Agaricostilbaceae,g:Bensingtonia,s:Bensingtonia_sp._AS_2.2601
ASV778	k:Fungi(1.00),p:Ascomycota(0.99),c:Leotiomycetes(0.99),o:Helotiales(0.99)	+	k:Fungi,p:Ascomycota,c:Leotiomycetes,o:Helotiales
ASV78	k:Fungi(1.00),p:Basidiomycota(1.00),c:Microbotryomycetes(1.00),o:Sporidiobolales(1.00),f:Sporidiobolaceae(1.00),g:Rhodotorula(1.00),s:Rhodotorula_sp._CCFEE_5628(1.00)	+	k:Fungi,p:Basidiomycota,c:Microbotryomycetes,o:Sporidiobolales,f:Sporidiobolaceae,g:Rhodotorula,s:Rhodotorula_sp._CCFEE_5628
ASV781	k:Fungi(1.00),p:Ascomycota(1.00),c:Sordariomycetes(0.94),o:Xylariales(0.94),f:Xylariaceae(0.94),g:Hypoxylon(0.91),s:Hypoxylon_fuscum(0.91)	+	k:Fungi,p:Ascomycota,c:Sordariomycetes,o:Xylariales,f:Xylariaceae,g:Hypoxylon,s:Hypoxylon_fuscum
ASV780	k:Fungi(1.00),p:Ascomycota(1.00),c:Sordariomycetes(0.54),o:Hypocreales(0.54),f:Cordycipitaceae(0.54),g:Simplicillium(0.54),s:Simplicillium_chinense(0.54)	+	k:Fungi,p:Ascomycota
ASV782	k:Fungi(1.00),p:Basidiomycota(1.00),c:Agaricomycetes(1.00),o:Agaricales(1.00),f:Tricholomataceae(1.00),g:Paralepista(1.00),s:Paralepista_flaccida(0.64)	+	k:Fungi,p:Basidiomycota,c:Agaricomycetes,o:Agaricales,f:Tricholomataceae,g:Paralepista
ASV783	k:Fungi(1.00),p:Ascomycota(1.00),c:Sordariomycetes(0.98),o:Hypocreales(0.95),f:Niessliaceae(0.78),g:Niesslia(0.78),s:Niesslia_sp._CA02(0.78)	+	k:Fungi,p:Ascomycota,c:Sordariomycetes,o:Hypocreales
ASV777	k:Fungi(1.00),p:Basidiomycota(0.50),c:Agaricomycetes(0.41),o:Agaricales(0.14),f:Inocybaceae(0.07),g:Inocybe(0.07),s:Inocybe_lanuginosa(0.06)	+	k:Fungi
ASV784	k:Fungi(1.00),p:Ascomycota(1.00),c:Sordariomycetes(1.00),o:Xylariales(0.94),f:Xylariaceae(0.62),g:Nemania(0.23),s:Nemania_serpens(0.19)	+	k:Fungi,p:Ascomycota,c:Sordariomycetes,o:Xylariales
ASV785	k:Fungi(1.00),p:Ascomycota(1.00),c:Ascomycota_class_incertae_sedis(0.86),o:Ascomycota_order_incertae_sedis(0.86),f:Ascomycota_family_incertae_sedis(0.86),g:Preussia(0.86),s:Preussia_africana(0.84)	+	k:Fungi,p:Ascomycota,c:Ascomycota_class_incertae_sedis,o:Ascomycota_order_incertae_sedis,f:Ascomycota_family_incertae_sedis,g:Preussia,s:Preussia_africana
ASV786	k:Fungi(1.00),p:Basidiomycota(1.00),c:Agaricomycetes(1.00),o:Agaricales(1.00),f:Entolomataceae(1.00),g:Entoloma(0.96)	+	k:Fungi,p:Basidiomycota,c:Agaricomycetes,o:Agaricales,f:Entolomataceae,g:Entoloma
ASV787	k:Fungi(1.00),p:Mucoromycota(1.00),c:Mucoromycetes(1.00),o:Mucorales(1.00),f:Umbelopsidaceae(1.00),g:Umbelopsis(1.00),s:Umbelopsis_angularis(0.71)	+	k:Fungi,p:Mucoromycota,c:Mucoromycetes,o:Mucorales,f:Umbelopsidaceae,g:Umbelopsis
ASV779	k:Fungi(1.00),p:Ascomycota(0.99),c:Leotiomycetes(0.99),o:Helotiales(0.99),f:Hyaloscyphaceae(0.99),g:Lachnellula(0.98),s:Lachnellula_sp._hyalina-CA02(0.42)	+	k:Fungi,p:Ascomycota,c:Leotiomycetes,o:Helotiales,f:Hyaloscyphaceae,g:Lachnellula
ASV788	k:Fungi(1.00),p:Basidiomycota(0.98),c:Tremellomycetes(0.93),o:Tremellales(0.92),f:Phaeotremellaceae(0.49),g:Phaeotremella(0.49),s:Phaeotremella_pseudofoliacea(0.28)	+	k:Fungi,p:Basidiomycota,c:Tremellomycetes,o:Tremellales
ASV789	k:Fungi(1.00),p:Ascomycota(1.00),c:Dothideomycetes(1.00),o:Mycosphaerellales(0.99),f:Mycosphaerellaceae(0.86),g:Pseudocercospora(0.22),s:Pseudocercospora_sp._CPC_15116(0.07)	+	k:Fungi,p:Ascomycota,c:Dothideomycetes,o:Mycosphaerellales,f:Mycosphaerellaceae
ASV790	k:Fungi(1.00),p:Ascomycota(1.00)	+	k:Fungi,p:Ascomycota
ASV792	k:Fungi(1.00),p:Ascomycota(1.00),c:Leotiomycetes(1.00),o:Helotiales(1.00),f:Hyaloscyphaceae(1.00),g:Lachnellula(1.00),s:Lachnellula_subtilissima(0.96)	+	k:Fungi,p:Ascomycota,c:Leotiomycetes,o:Helotiales,f:Hyaloscyphaceae,g:Lachnellula,s:Lachnellula_subtilissima
ASV793	k:Fungi(1.00),p:Ascomycota(1.00),c:Ascomycota_class_incertae_sedis(0.74),o:Ascomycota_order_incertae_sedis(0.74),f:Ascomycota_family_incertae_sedis(0.74),g:Phialophora(0.74),s:Phialophora_sp._WRCF-AB8(0.74)	+	k:Fungi,p:Ascomycota
ASV794	k:Fungi(1.00),p:Basidiomycota(0.54),c:Agaricomycetes(0.45),o:Agaricales(0.20),f:Typhulaceae(0.04),g:Typhula(0.04),s:Typhula_sp.(0.02)	+	k:Fungi
ASV796	k:Fungi(1.00),p:Ascomycota(0.57)	+	k:Fungi
ASV797	k:Fungi(1.00),p:Basidiomycota(0.62),c:Agaricomycetes(0.26),o:Agaricales(0.14),f:Inocybaceae(0.03),g:Inocybe(0.03),s:Inocybe_sp._CA10(0.01)	+	k:Fungi
ASV79	k:Fungi(1.00),p:Ascomycota(1.00),c:Dothideomycetes(0.93),o:Pleosporales(0.93),f:Leptosphaeriaceae(0.93)	+	k:Fungi,p:Ascomycota,c:Dothideomycetes,o:Pleosporales,f:Leptosphaeriaceae
ASV798	k:Fungi(1.00),p:Ascomycota(1.00),c:Lecanoromycetes(1.00),o:Agyriales(1.00),f:Agyriaceae(1.00),g:Sarea(1.00),s:Sarea_sp._A2-1-2-A1(0.54)	+	k:Fungi,p:Ascomycota,c:Lecanoromycetes,o:Agyriales,f:Agyriaceae,g:Sarea
ASV80	k:Fungi(1.00),p:Basidiomycota(0.53),c:Agaricomycetes(0.43),o:Agaricales(0.33),f:Hydnangiaceae(0.12),g:Laccaria(0.12),s:Laccaria_montana(0.11)	+	k:Fungi
ASV799	k:Fungi(1.00),p:Ascomycota(1.00),c:Dothideomycetes(0.94),o:Pleosporales(0.92),f:Leptosphaeriaceae(0.58),g:Leptosphaeria(0.54),s:Leptosphaeria_proteicola(0.42)	+	k:Fungi,p:Ascomycota,c:Dothideomycetes,o:Pleosporales
ASV8	k:Fungi(1.00),p:Ascomycota(1.00),c:Leotiomycetes(0.96),o:Thelebolales(0.96),f:Thelebolaceae(0.96),g:Antarctomyces(0.67),s:Antarctomyces_psychrotrophicus(0.67)	+	k:Fungi,p:Ascomycota,c:Leotiomycetes,o:Thelebolales,f:Thelebolaceae
ASV800	k:Fungi(1.00),p:Basidiomycota(1.00),c:Tremellomycetes(1.00),o:Tremellales(1.00),g:Dioszegia(1.00),s:Dioszegia_crocea(0.57)	+	k:Fungi,p:Basidiomycota,c:Tremellomycetes,o:Tremellales,g:Dioszegia
ASV795	k:Fungi(1.00),p:Ascomycota(1.00),c:Sordariomycetes(1.00),o:Hypocreales(1.00),f:Flammocladiellaceae(0.60),g:Flammocladiella(0.60),s:Flammocladiella_decora(0.60)	-	k:Fungi,p:Ascomycota,c:Sordariomycetes,o:Hypocreales
ASV801	k:Fungi(1.00),p:Basidiomycota(0.36),c:Agaricomycetes(0.27),o:Agaricales(0.13),f:Amanitaceae(0.07),g:Amanita(0.07),s:Amanita_cf._virginiana(0.04)	+	k:Fungi
ASV803	k:Fungi(1.00),p:Basidiomycota(1.00),c:Agaricomycetes(1.00),o:Agaricales(1.00),f:Bolbitiaceae(1.00),g:Conocybe(1.00),s:Conocybe_pilosella(1.00)	+	k:Fungi,p:Basidiomycota,c:Agaricomycetes,o:Agaricales,f:Bolbitiaceae,g:Conocybe,s:Conocybe_pilosella
ASV804	k:Fungi(1.00),p:Ascomycota(1.00),c:Sordariomycetes(1.00),o:Hypocreales(1.00),f:Bionectriaceae(0.51),g:Gliomastix(0.51),s:Gliomastix_cerealis(0.51)	+	k:Fungi,p:Ascomycota,c:Sordariomycetes,o:Hypocreales
ASV805	k:Fungi(1.00),p:Ascomycota(1.00)	+	k:Fungi,p:Ascomycota
ASV806	k:Fungi(1.00),p:Ascomycota(0.97),c:Lecanoromycetes(0.38),o:Umbilicariales(0.18),f:Umbilicariaceae(0.18),g:Umbilicaria(0.17),s:Umbilicaria_haplocarpa(0.08)	+	k:Fungi,p:Ascomycota
ASV807	k:Fungi(1.00),p:Basidiomycota(1.00),c:Agaricomycetes(1.00),o:Agaricales(1.00),f:Agaricaceae(1.00),g:Macrolepiota(0.93),s:Macrolepiota_procera(0.93)	+	k:Fungi,p:Basidiomycota,c:Agaricomycetes,o:Agaricales,f:Agaricaceae,g:Macrolepiota,s:Macrolepiota_procera
ASV809	k:Fungi(1.00),p:Basidiomycota(1.00),c:Agaricomycetes(1.00),o:Agaricales(1.00),f:Strophariaceae(1.00),g:Deconica(0.97),s:Deconica_inquilina(0.87)	+	k:Fungi,p:Basidiomycota,c:Agaricomycetes,o:Agaricales,f:Strophariaceae,g:Deconica,s:Deconica_inquilina
ASV802	k:Fungi(1.00),p:Ascomycota(0.85),c:Dothideomycetes(0.41),o:Pleosporales(0.38)	+	k:Fungi,p:Ascomycota
ASV811	k:Fungi(1.00),p:Ascomycota(0.99),c:Sordariomycetes(0.88),o:Coniochaetales(0.88),f:Coniochaetaceae(0.88),g:Lecythophora(0.88),s:Lecythophora_sp.(0.88)	+	k:Fungi,p:Ascomycota,c:Sordariomycetes,o:Coniochaetales,f:Coniochaetaceae,g:Lecythophora,s:Lecythophora_sp.
ASV810	k:Fungi(1.00),p:Ascomycota(1.00),c:Dothideomycetes(1.00),o:Pleosporales(1.00),f:Massarinaceae(0.99),g:Massarina(0.99),s:Massarina_sp._MUT_4323(0.95)	+	k:Fungi,p:Ascomycota,c:Dothideomycetes,o:Pleosporales,f:Massarinaceae,g:Massarina,s:Massarina_sp._MUT_4323
ASV812	k:Fungi(1.00),p:Ascomycota(0.96),c:Ascomycota_class_incertae_sedis(0.55),o:Ascomycota_order_incertae_sedis(0.55),f:Pseudeurotiaceae(0.55)	+	k:Fungi,p:Ascomycota
ASV813	k:Fungi(1.00),p:Ascomycota(1.00),c:Leotiomycetes(1.00),o:Helotiales(1.00),g:Cadophora(1.00),s:Cadophora_malorum(1.00)	+	k:Fungi,p:Ascomycota,c:Leotiomycetes,o:Helotiales,g:Cadophora,s:Cadophora_malorum
ASV814	k:Fungi(1.00),p:Basidiomycota(0.86),c:Agaricomycetes(0.50),o:Agaricales(0.21),f:Hygrophoraceae(0.07),g:Gliophorus(0.04),s:Gliophorus_aff._psittacinus(0.02)	+	k:Fungi,p:Basidiomycota
ASV815	k:Fungi(1.00),p:Basidiomycota(1.00),c:Agaricomycetes(1.00),o:Agaricales(1.00),f:Agaricaceae(1.00),g:Lepiota(1.00),s:Lepiota_rhodorhiza(1.00)	+	k:Fungi,p:Basidiomycota,c:Agaricomycetes,o:Agaricales,f:Agaricaceae,g:Lepiota,s:Lepiota_rhodorhiza
ASV808	k:Fungi(1.00),p:Ascomycota(1.00),c:Eurotiomycetes(0.96),o:Chaetothyriales(0.95),f:Herpotrichiellaceae(0.93),g:Capronia(0.91),s:Capronia_sp._94005a(0.47)	+	k:Fungi,p:Ascomycota,c:Eurotiomycetes,o:Chaetothyriales,f:Herpotrichiellaceae,g:Capronia
ASV817	k:Fungi(1.00),p:Ascomycota(1.00),c:Taphrinomycetes(1.00),o:Taphrinales(1.00),f:Taphrinaceae(1.00)	+	k:Fungi,p:Ascomycota,c:Taphrinomycetes,o:Taphrinales,f:Taphrinaceae
ASV818	k:Fungi(1.00),p:Basidiomycota(1.00),c:Agaricostilbomycetes(1.00),o:Agaricostilbales(1.00),f:Kondoaceae(1.00),g:Kondoa(1.00),s:Kondoa_gutianensis(1.00)	-	k:Fungi,p:Basidiomycota,c:Agaricostilbomycetes,o:Agaricostilbales,f:Kondoaceae,g:Kondoa,s:Kondoa_gutianensis
ASV819	k:Fungi(1.00),p:Basidiomycota(1.00),c:Agaricomycetes(1.00),o:Geastrales(1.00),f:Geastraceae(1.00),g:Geastrum(1.00),s:Geastrum_rufescens(1.00)	+	k:Fungi,p:Basidiomycota,c:Agaricomycetes,o:Geastrales,f:Geastraceae,g:Geastrum,s:Geastrum_rufescens
ASV82	k:Fungi(1.00),p:Ascomycota(1.00),c:Eurotiomycetes(1.00),o:Onygenales(1.00),f:Onygenaceae(1.00),g:Chrysosporium(1.00),s:Chrysosporium_carmichaelii(1.00)	+	k:Fungi,p:Ascomycota,c:Eurotiomycetes,o:Onygenales,f:Onygenaceae,g:Chrysosporium,s:Chrysosporium_carmichaelii
ASV820	k:Fungi(1.00),p:Ascomycota(1.00),c:Eurotiomycetes(1.00),o:Chaetothyriales(1.00),f:Herpotrichiellaceae(1.00)	+	k:Fungi,p:Ascomycota,c:Eurotiomycetes,o:Chaetothyriales,f:Herpotrichiellaceae
ASV821	k:Fungi(1.00),p:Ascomycota(0.98),c:Dothideomycetes(0.86),o:Pleosporales(0.80),f:Phaeosphaeriaceae(0.44),g:Phaeosphaeria(0.25),s:Phaeosphaeria_sp._3351(0.12)	+	k:Fungi,p:Ascomycota,c:Dothideomycetes,o:Pleosporales
ASV823	k:Fungi(1.00),p:Ascomycota(1.00),c:Sordariomycetes(1.00),o:Xylariales(1.00),f:Xylariaceae(1.00),g:Hypoxylon(1.00),s:Hypoxylon_perforatum(0.94)	+	k:Fungi,p:Ascomycota,c:Sordariomycetes,o:Xylariales,f:Xylariaceae,g:Hypoxylon,s:Hypoxylon_perforatum
ASV824	k:Fungi(1.00),p:Ascomycota(1.00),c:Dothideomycetes(0.80),o:Tubeufiales(0.79),f:Tubeufiaceae(0.79),g:Monodictys(0.79),s:Monodictys_sp._MA_4647(0.79)	+	k:Fungi,p:Ascomycota,c:Dothideomycetes
ASV826	k:Fungi(1.00),p:Basidiomycota(0.39),c:Agaricomycetes(0.34),o:Agaricales(0.27),f:Amanitaceae(0.06),g:Limacella(0.03),s:Limacella_ochraceoluta(0.02)	+	k:Fungi
ASV825	k:Fungi(1.00),p:Ascomycota(0.97),c:Leotiomycetes(0.70),o:Helotiales(0.67)	+	k:Fungi,p:Ascomycota
ASV816	k:Fungi(1.00),p:Ascomycota(1.00),c:Leotiomycetes(0.98),o:Thelebolales(0.98),f:Thelebolaceae(0.98)	-	k:Fungi,p:Ascomycota,c:Leotiomycetes,o:Thelebolales,f:Thelebolaceae
ASV827	k:Fungi(1.00),p:Basidiomycota(0.64),c:Exobasidiomycetes(0.51),o:Exobasidiales(0.49),f:Brachybasidiaceae(0.46),g:Meira(0.46),s:Meira_nashicola(0.25)	+	k:Fungi
ASV828	k:Fungi(1.00),p:Ascomycota(0.99),c:Sordariomycetes(0.87),o:Sordariales(0.43),f:Lasiosphaeriaceae(0.21),g:Cercophora(0.07),s:Cercophora_sulphurella(0.05)	+	k:Fungi,p:Ascomycota,c:Sordariomycetes
ASV822	k:Fungi(1.00),p:Ascomycota(1.00),c:Sordariomycetes(1.00),o:Xylariales(1.00),f:Xylariaceae(1.00),g:Daldinia(1.00),s:Daldinia_childiae(0.99)	+	k:Fungi,p:Ascomycota,c:Sordariomycetes,o:Xylariales,f:Xylariaceae,g:Daldinia,s:Daldinia_childiae
ASV83	k:Fungi(1.00),p:Basidiomycota(1.00),c:Agaricomycetes(1.00),o:Agaricales(1.00),f:Psathyrellaceae(1.00),g:Lacrymaria(1.00),s:Lacrymaria_lacrymabunda(1.00)	+	k:Fungi,p:Basidiomycota,c:Agaricomycetes,o:Agaricales,f:Psathyrellaceae,g:Lacrymaria,s:Lacrymaria_lacrymabunda
ASV830	k:Fungi(1.00),p:Basidiomycota(1.00),c:Agaricomycetes(1.00),o:Agaricales(1.00),f:Cortinariaceae(1.00),g:Cortinarius(1.00),s:Cortinarius_arcuatorum(0.99)	+	k:Fungi,p:Basidiomycota,c:Agaricomycetes,o:Agaricales,f:Cortinariaceae,g:Cortinarius,s:Cortinarius_arcuatorum
ASV831	k:Fungi(1.00),p:Ascomycota(0.83),c:Saccharomycetes(0.27),o:Saccharomycetales(0.27),f:Saccharomycetaceae(0.12),g:Kazachstania(0.03),s:Kazachstania_aquatica(0.02)	+	k:Fungi,p:Ascomycota
ASV832	k:Fungi(1.00),p:Basidiomycota(1.00),c:Agaricomycetes(1.00),o:Thelephorales(1.00),f:Thelephoraceae(1.00),g:Tomentella(0.98)	+	k:Fungi,p:Basidiomycota,c:Agaricomycetes,o:Thelephorales,f:Thelephoraceae,g:Tomentella
ASV834	k:Fungi(1.00),p:Basidiomycota(0.55),c:Microbotryomycetes(0.33),o:Microbotryomycetes_incertae_sedis(0.16),f:Chrysozymaceae(0.16),g:Fellozyma(0.12),s:Fellozyma_inositophila(0.12)	+	k:Fungi
ASV835	k:Fungi(1.00),p:Basidiomycota(1.00),c:Agaricomycetes(1.00),o:Agaricales(1.00),f:Lyophyllaceae(0.99),g:Tephrocybe(0.72),s:Tephrocybe_sp._CA03(0.72)	+	k:Fungi,p:Basidiomycota,c:Agaricomycetes,o:Agaricales,f:Lyophyllaceae
ASV837	k:Fungi(1.00),p:Basidiomycota(1.00),c:Agaricomycetes(1.00),o:Boletales(1.00),f:Boletaceae(1.00),g:Octaviania(0.99),s:Octaviania_sp.(0.99)	+	k:Fungi,p:Basidiomycota,c:Agaricomycetes,o:Boletales,f:Boletaceae,g:Octaviania,s:Octaviania_sp.
ASV838	k:Fungi(1.00),p:Ascomycota(1.00),c:Dothideomycetes(1.00),o:Botryosphaeriales(0.90),f:Botryosphaeriaceae(0.90),g:Dothiora(0.90),s:Dothiora_sp._CA01(0.61)	+	k:Fungi,p:Ascomycota,c:Dothideomycetes,o:Botryosphaeriales,f:Botryosphaeriaceae,g:Dothiora
ASV839	k:Fungi(1.00),p:Ascomycota(1.00),c:Sordariomycetes(0.79),o:Sordariales(0.20),f:Chaetomiaceae(0.10)	+	k:Fungi,p:Ascomycota
ASV84	k:Fungi(1.00),p:Ascomycota(1.00),c:Sordariomycetes(1.00),o:Sordariales(1.00),f:Lasiosphaeriaceae(0.83),g:Cercophora(0.52),s:Cercophora_areolata(0.48)	+	k:Fungi,p:Ascomycota,c:Sordariomycetes,o:Sordariales,f:Lasiosphaeriaceae
ASV840	k:Fungi(1.00),p:Ascomycota(1.00),c:Sordariomycetes(1.00),o:Diaporthales(1.00),f:Valsaceae(1.00),g:Cytospora(0.96),s:Cytospora_mougeotii(0.47)	+	k:Fungi,p:Ascomycota,c:Sordariomycetes,o:Diaporthales,f:Valsaceae,g:Cytospora
ASV833	k:Fungi(1.00),p:Ascomycota(1.00),c:Ascomycota_class_incertae_sedis(1.00),o:Ascomycota_order_incertae_sedis(1.00),f:Ascomycota_family_incertae_sedis(1.00),g:Chalara(1.00),s:Chalara_holubovae(1.00)	+	k:Fungi,p:Ascomycota,c:Ascomycota_class_incertae_sedis,o:Ascomycota_order_incertae_sedis,f:Ascomycota_family_incertae_sedis,g:Chalara,s:Chalara_holubovae
ASV841	k:Fungi(1.00),p:Ascomycota(1.00),c:Ascomycota_class_incertae_sedis(0.72),o:Ascomycota_order_incertae_sedis(0.72),f:Ascomycota_family_incertae_sedis(0.72),g:Phialophora(0.72),s:Phialophora_sp._MLB-Phi(0.72)	+	k:Fungi,p:Ascomycota
ASV836	k:Fungi(1.00),p:Ascomycota(1.00)	+	k:Fungi,p:Ascomycota
ASV842	k:Fungi(1.00),p:Ascomycota(0.99),c:Dothideomycetes(0.86),o:Microthyriales(0.85),f:Leptopeltidaceae(0.85),g:Dothiopeltis(0.85),s:Dothiopeltis_n._sp.(0.85)	+	k:Fungi,p:Ascomycota,c:Dothideomycetes,o:Microthyriales,f:Leptopeltidaceae,g:Dothiopeltis,s:Dothiopeltis_n._sp.
ASV843	k:Fungi(1.00),p:Ascomycota(0.95),c:Sordariomycetes(0.94),o:Hypocreales(0.94),f:Bionectriaceae(0.83),g:Stachybotrys(0.79),s:Stachybotrys_cf._elegans_HGUP_0208(0.38)	+	k:Fungi,p:Ascomycota,c:Sordariomycetes,o:Hypocreales,f:Bionectriaceae
ASV844	k:Fungi(1.00),p:Ascomycota(1.00),c:Leotiomycetes(0.95),o:Helotiales(0.79)	+	k:Fungi,p:Ascomycota,c:Leotiomycetes
ASV845	k:Fungi(1.00),p:Ascomycota(1.00),c:Eurotiomycetes(0.96),o:Chaetothyriales(0.96),f:Herpotrichiellaceae(0.96),g:Ramichloridium(0.96),s:Ramichloridium_apiculatum(0.80)	+	k:Fungi,p:Ascomycota,c:Eurotiomycetes,o:Chaetothyriales,f:Herpotrichiellaceae,g:Ramichloridium,s:Ramichloridium_apiculatum
ASV846	k:Fungi(1.00),p:Basidiomycota(1.00),c:Agaricomycetes(1.00),o:Corticiales(1.00),f:Corticiaceae(1.00),g:Vuilleminia(1.00),s:Vuilleminia_comedens(0.81)	+	k:Fungi,p:Basidiomycota,c:Agaricomycetes,o:Corticiales,f:Corticiaceae,g:Vuilleminia,s:Vuilleminia_comedens
ASV848	k:Fungi(1.00),p:Ascomycota(1.00),c:Dothideomycetes(0.94),o:Mycosphaerellales(0.67),f:Mycosphaerellaceae(0.61),g:Mycosphaerella(0.60),s:Mycosphaerella_sp._AM-2006c(0.52)	+	k:Fungi,p:Ascomycota,c:Dothideomycetes
ASV85	k:Fungi(1.00),p:Ascomycota(0.99),c:Sordariomycetes(0.99),o:Hypocreales(0.99),f:Nectriaceae(0.92)	+	k:Fungi,p:Ascomycota,c:Sordariomycetes,o:Hypocreales,f:Nectriaceae
ASV850	k:Fungi(1.00),p:Ascomycota(0.61),c:Taphrinomycetes(0.49),o:Taphrinales(0.49),f:Taphrinaceae(0.47),g:Taphrina(0.45),s:Taphrina_sp.(0.25)	+	k:Fungi
ASV851	k:Fungi(1.00),p:Ascomycota(1.00),c:Leotiomycetes(1.00),o:Leotiales(1.00),f:Leotiaceae(1.00),g:Alatospora(1.00),s:Alatospora_acuminata(1.00)	+	k:Fungi,p:Ascomycota,c:Leotiomycetes,o:Leotiales,f:Leotiaceae,g:Alatospora,s:Alatospora_acuminata
ASV852	k:Fungi(1.00),p:Ascomycota(1.00),c:Leotiomycetes(1.00),o:Helotiales(1.00)	+	k:Fungi,p:Ascomycota,c:Leotiomycetes,o:Helotiales
ASV853	k:Fungi(1.00),p:Basidiomycota(1.00),c:Agaricomycetes(1.00),o:Agaricales(1.00),f:Tricholomataceae(0.96)	+	k:Fungi,p:Basidiomycota,c:Agaricomycetes,o:Agaricales,f:Tricholomataceae
ASV854	k:Fungi(1.00),p:Ascomycota(0.99),c:Leotiomycetes(0.33),o:Helotiales(0.16)	+	k:Fungi,p:Ascomycota
ASV847	k:Fungi(1.00),p:Ascomycota(1.00),c:Dothideomycetes(0.99),o:Mycosphaerellales(0.94),f:Teratosphaeriaceae(0.82)	+	k:Fungi,p:Ascomycota,c:Dothideomycetes,o:Mycosphaerellales,f:Teratosphaeriaceae
ASV849	k:Fungi(1.00),p:Basidiomycota(1.00),c:Agaricomycetes(1.00),o:Agaricales(1.00),f:Psathyrellaceae(1.00),g:Lacrymaria(1.00),s:Lacrymaria_lacrymabunda(1.00)	+	k:Fungi,p:Basidiomycota,c:Agaricomycetes,o:Agaricales,f:Psathyrellaceae,g:Lacrymaria,s:Lacrymaria_lacrymabunda
ASV855	k:Fungi(1.00),p:Ascomycota(1.00)	+	k:Fungi,p:Ascomycota
ASV856	k:Fungi(1.00),p:Basidiomycota(1.00),c:Agaricomycetes(1.00),o:Agaricales(1.00),f:Psathyrellaceae(1.00),g:Coprinellus(1.00),s:Coprinellus_heptemerus(1.00)	+	k:Fungi,p:Basidiomycota,c:Agaricomycetes,o:Agaricales,f:Psathyrellaceae,g:Coprinellus,s:Coprinellus_heptemerus
ASV857	k:Fungi(1.00),p:Ascomycota(0.98),c:Leotiomycetes(0.84),o:Helotiales(0.82),f:Helotiaceae(0.37),g:Articulospora(0.34),s:Articulospora_sp.(0.34)	+	k:Fungi,p:Ascomycota,c:Leotiomycetes,o:Helotiales
ASV859	k:Fungi(1.00),p:Ascomycota(0.93),c:Sordariomycetes(0.62),o:Xylariales(0.24),f:Hyponectriaceae(0.13),g:Pseudomassaria(0.13),s:Pseudomassaria_fallax(0.13)	+	k:Fungi,p:Ascomycota
ASV858	k:Fungi(1.00),p:Ascomycota(1.00),c:Dothideomycetes(0.52),o:Pleosporales(0.52),f:Pleosporaceae(0.48),g:Pyrenochaeta(0.48),s:Pyrenochaeta_sp.(0.41)	+	k:Fungi,p:Ascomycota
ASV86	k:Fungi(1.00),p:Basidiomycota(0.63),c:Agaricomycetes(0.55),o:Agaricales(0.25),f:Amanitaceae(0.14),g:Amanita(0.14),s:Amanita_citrina(0.03)	+	k:Fungi
ASV862	k:Fungi(1.00),p:Ascomycota(0.66),c:Pezizomycetes(0.16),o:Pezizales(0.16),f:Pezizaceae(0.08),g:Terfezia(0.02),s:Terfezia_aff._olbiensis_TLO-3(0.02)	+	k:Fungi
ASV863	k:Fungi(1.00),p:Basidiomycota(1.00),c:Tremellomycetes(0.99),o:Tremellales(0.99),f:Tremellaceae(0.99),g:Papiliotrema(0.93),s:Papiliotrema_flavescens(0.93)	+	k:Fungi,p:Basidiomycota,c:Tremellomycetes,o:Tremellales,f:Tremellaceae,g:Papiliotrema,s:Papiliotrema_flavescens
ASV864	k:Fungi(1.00),p:Ascomycota(1.00),c:Sordariomycetes(1.00),o:Hypocreales(1.00),f:Nectriaceae(1.00),g:Fusarium(1.00),s:Fusarium_sp._SB7-4(0.46)	+	k:Fungi,p:Ascomycota,c:Sordariomycetes,o:Hypocreales,f:Nectriaceae,g:Fusarium
ASV865	k:Fungi(1.00),p:Ascomycota(1.00),c:Eurotiomycetes(1.00),o:Eurotiales(1.00),f:Trichocomaceae(1.00),g:Penicillium(1.00),s:Penicillium_crustosum(0.31)	+	k:Fungi,p:Ascomycota,c:Eurotiomycetes,o:Eurotiales,f:Trichocomaceae,g:Penicillium
ASV866	k:Fungi(1.00),p:Ascomycota(1.00),c:Dothideomycetes(0.95),o:Pleosporales(0.95),f:Leptosphaeriaceae(0.94)	+	k:Fungi,p:Ascomycota,c:Dothideomycetes,o:Pleosporales,f:Leptosphaeriaceae
ASV867	k:Fungi(1.00),p:Basidiomycota(0.37),c:Agaricomycetes(0.33),o:Agaricales(0.21),f:Inocybaceae(0.06),g:Inocybe(0.04),s:Inocybe_sphaerospora(0.02)	+	k:Fungi
ASV860	k:Fungi(1.00),p:Ascomycota(1.00),c:Sordariomycetes(1.00),o:Hypocreales(0.50),f:Bionectriaceae(0.34),g:Acremonium(0.34),s:Acremonium_antarcticum(0.33)	+	k:Fungi,p:Ascomycota,c:Sordariomycetes
ASV868	k:Fungi(1.00),p:Ascomycota(0.76),c:Saccharomycetes(0.49),o:Saccharomycetales(0.49)	+	k:Fungi
ASV861	k:Fungi(1.00),p:Basidiomycota(0.76),c:Agaricomycetes(0.68),o:Polyporales(0.17),f:Polyporaceae(0.13),g:Pyrofomes(0.05),s:Pyrofomes_demidoffii(0.05)	+	k:Fungi
ASV869	k:Fungi(1.00),p:Ascomycota(1.00),c:Leotiomycetes(0.99),o:Helotiales(0.99),f:Hyaloscyphaceae(0.60),g:Calycina(0.52),s:Calycina_herbarum(0.29)	+	k:Fungi,p:Ascomycota,c:Leotiomycetes,o:Helotiales
ASV87	k:Fungi(1.00),p:Ascomycota(0.95),c:Saccharomycetes(0.93),o:Saccharomycetales(0.93),f:Dipodascaceae(0.91),g:Galactomyces(0.90),s:Galactomyces_candidus(0.78)	+	k:Fungi,p:Ascomycota,c:Saccharomycetes,o:Saccharomycetales,f:Dipodascaceae,g:Galactomyces
ASV870	k:Fungi(1.00),p:Basidiomycota(0.77),c:Agaricomycetes(0.64),o:Agaricales(0.32),f:Hygrophoraceae(0.07),g:Dictyonema(0.04),s:Dictyonema_sp._Nelsen_3754(0.02)	+	k:Fungi
ASV872	k:Fungi(1.00),p:Ascomycota(1.00),c:Leotiomycetes(1.00),o:Helotiales(1.00),f:Helotiaceae(0.51),g:Bisporella(0.50),s:Bisporella_sulfurina(0.50)	+	k:Fungi,p:Ascomycota,c:Leotiomycetes,o:Helotiales
ASV871	k:Fungi(1.00),p:Ascomycota(1.00),c:Leotiomycetes(0.99),o:Helotiales(0.99),f:Dermateaceae(0.47),g:Diplonaevia(0.46),s:Diplonaevia_bresadolae(0.46)	+	k:Fungi,p:Ascomycota,c:Leotiomycetes,o:Helotiales
ASV874	k:Fungi(1.00),p:Basidiomycota(1.00),c:Agaricomycetes(1.00),o:Agaricales(1.00),f:Psathyrellaceae(1.00),g:Coprinopsis(1.00),s:Coprinopsis_sp.(0.78)	+	k:Fungi,p:Basidiomycota,c:Agaricomycetes,o:Agaricales,f:Psathyrellaceae,g:Coprinopsis
ASV876	k:Fungi(1.00),p:Basidiomycota(0.34),c:Agaricomycetes(0.25),o:Agaricales(0.23),f:Amanitaceae(0.17),g:Amanita(0.17),s:Amanita_cf._baccata(0.06)	+	k:Fungi
ASV877	k:Fungi(1.00),p:Basidiomycota(1.00),c:Agaricomycetes(1.00),o:Agaricales(1.00),f:Tricholomataceae(1.00),g:Melanoleuca(1.00),s:Melanoleuca_sp._IN01(0.33)	+	k:Fungi,p:Basidiomycota,c:Agaricomycetes,o:Agaricales,f:Tricholomataceae,g:Melanoleuca
ASV879	k:Fungi(1.00),p:Basidiomycota(1.00),c:Exobasidiomycetes(1.00),o:Exobasidiales(1.00),f:Exobasidiaceae(1.00),g:Exobasidium(1.00),s:Exobasidium_inconspicuum(0.50)	+	k:Fungi,p:Basidiomycota,c:Exobasidiomycetes,o:Exobasidiales,f:Exobasidiaceae,g:Exobasidium
ASV880	k:Fungi(1.00),p:Basidiomycota(1.00),c:Agaricostilbomycetes(1.00),o:Agaricostilbales(1.00),f:Agaricostilbaceae(1.00),g:Bensingtonia(1.00),s:Bensingtonia_naganoensis(1.00)	+	k:Fungi,p:Basidiomycota,c:Agaricostilbomycetes,o:Agaricostilbales,f:Agaricostilbaceae,g:Bensingtonia,s:Bensingtonia_naganoensis
ASV878	k:Fungi(1.00),p:Ascomycota(0.57)	-	k:Fungi
ASV881	k:Fungi(1.00),p:Ascomycota(1.00),c:Leotiomycetes(1.00),o:Rhytismatales(1.00),f:Rhytismataceae(1.00),g:Lophodermium(1.00),s:Lophodermium_piceae(1.00)	+	k:Fungi,p:Ascomycota,c:Leotiomycetes,o:Rhytismatales,f:Rhytismataceae,g:Lophodermium,s:Lophodermium_piceae
ASV873	k:Fungi(1.00),p:Ascomycota(0.80),c:Dothideomycetes(0.52),o:Pleosporales(0.48)	+	k:Fungi,p:Ascomycota
ASV882	k:Fungi(1.00),p:Basidiomycota(1.00),c:Agaricomycetes(1.00),o:Agaricales(1.00),f:Psathyrellaceae(1.00),g:Coprinopsis(1.00),s:Coprinopsis_echinospora(1.00)	+	k:Fungi,p:Basidiomycota,c:Agaricomycetes,o:Agaricales,f:Psathyrellaceae,g:Coprinopsis,s:Coprinopsis_echinospora
ASV875	k:Fungi(1.00),p:Ascomycota(0.50),c:Eurotiomycetes(0.13),o:Eurotiales(0.11),f:Trichocomaceae(0.11),g:Aspergillus(0.09),s:Aspergillus_nidulans(0.09)	+	k:Fungi
ASV884	k:Fungi(1.00),p:Basidiomycota(1.00),c:Cystobasidiomycetes(1.00),o:Cystobasidiales(0.98),f:Cystobasidiaceae(0.98),g:Cystobasidium(0.98),s:Cystobasidium_laryngis(0.73)	-	k:Fungi,p:Basidiomycota,c:Cystobasidiomycetes,o:Cystobasidiales,f:Cystobasidiaceae,g:Cystobasidium
ASV886	k:Fungi(1.00),p:Ascomycota(1.00),c:Pezizomycetes(1.00),o:Pezizales(1.00)	+	k:Fungi,p:Ascomycota,c:Pezizomycetes,o:Pezizales
ASV885	k:Fungi(1.00),p:Ascomycota(1.00),c:Dothideomycetes(0.47),o:Tubeufiales(0.46),f:Tubeufiaceae(0.46),g:Monodictys(0.46),s:Monodictys_sp._MA_4647(0.46)	-	k:Fungi,p:Ascomycota
ASV883	k:Fungi(1.00),p:Basidiomycota(1.00),c:Tremellomycetes(0.99),o:Filobasidiales(0.99),f:Filobasidiaceae(0.99),g:Filobasidium(0.99),s:Filobasidium_globosum(0.99)	+	k:Fungi,p:Basidiomycota,c:Tremellomycetes,o:Filobasidiales,f:Filobasidiaceae,g:Filobasidium,s:Filobasidium_globosum
ASV887	k:Fungi(1.00),p:Basidiomycota(1.00),c:Tremellomycetes(1.00),o:Filobasidiales(0.95),f:Filobasidiaceae(0.95),g:Naganishia(0.95),s:Naganishia_albida(0.95)	+	k:Fungi,p:Basidiomycota,c:Tremellomycetes,o:Filobasidiales,f:Filobasidiaceae,g:Naganishia,s:Naganishia_albida
ASV889	k:Fungi(1.00),p:Basidiomycota(1.00),c:Agaricomycetes(1.00),o:Agaricales(1.00),f:Cortinariaceae(1.00),g:Cortinarius(1.00),s:Cortinarius_venetus(0.69)	+	k:Fungi,p:Basidiomycota,c:Agaricomycetes,o:Agaricales,f:Cortinariaceae,g:Cortinarius
ASV890	k:Fungi(1.00),p:Ascomycota(1.00),c:Sordariomycetes(0.94),o:Hypocreales(0.94),f:Nectriaceae(0.91),g:Nectria(0.35),s:Nectria_sp._DSFN_1014(0.20)	+	k:Fungi,p:Ascomycota,c:Sordariomycetes,o:Hypocreales,f:Nectriaceae
ASV891	k:Fungi(1.00),p:Basidiomycota(1.00),c:Agaricomycetes(1.00),o:Corticiales(1.00),f:Corticiaceae(1.00),g:Vuilleminia(1.00),s:Vuilleminia_comedens(1.00)	+	k:Fungi,p:Basidiomycota,c:Agaricomycetes,o:Corticiales,f:Corticiaceae,g:Vuilleminia,s:Vuilleminia_comedens
ASV892	k:Fungi(1.00),p:Basidiomycota(0.98),c:Cystobasidiomycetes(0.42),o:Erythrobasidiales(0.31),g:Bannoa(0.15),s:Bannoa_hahajimensis(0.09)	+	k:Fungi,p:Basidiomycota
ASV893	k:Fungi(1.00),p:Basidiomycota(1.00),c:Agaricomycetes(1.00),o:Agaricales(1.00),f:Psathyrellaceae(1.00),g:Coprinopsis(0.68),s:Coprinopsis_cinerea(0.68)	+	k:Fungi,p:Basidiomycota,c:Agaricomycetes,o:Agaricales,f:Psathyrellaceae
ASV894	k:Fungi(1.00),p:Ascomycota(1.00),c:Leotiomycetes(1.00),o:Helotiales(1.00)	+	k:Fungi,p:Ascomycota,c:Leotiomycetes,o:Helotiales
ASV888	k:Fungi(1.00),p:Basidiomycota(0.45),c:Agaricomycetes(0.37),o:Agaricales(0.21),f:Inocybaceae(0.03),g:Inocybe(0.03),s:Inocybe_sphaerospora(0.03)	+	k:Fungi
ASV896	k:Fungi(1.00),p:Ascomycota(1.00),c:Sordariomycetes(1.00),o:Xylariales(1.00),f:Xylariaceae(1.00),g:Hypoxylon(1.00),s:Hypoxylon_rubiginosum(1.00)	+	k:Fungi,p:Ascomycota,c:Sordariomycetes,o:Xylariales,f:Xylariaceae,g:Hypoxylon,s:Hypoxylon_rubiginosum
ASV89	k:Fungi(1.00),p:Ascomycota(1.00),c:Pezizomycetes(1.00),o:Pezizales(1.00),g:Trichobolus(1.00),s:Trichobolus_sp._zukalii-CA01(1.00)	+	k:Fungi,p:Ascomycota,c:Pezizomycetes,o:Pezizales,g:Trichobolus,s:Trichobolus_sp._zukalii-CA01
ASV897	k:Fungi(1.00),p:Basidiomycota(1.00),c:Agaricostilbomycetes(0.96),o:Agaricostilbales(0.96),f:Chionosphaeraceae(0.96),g:Chionosphaera(0.86),s:Chionosphaera_cuniculicola(0.86)	-	k:Fungi,p:Basidiomycota,c:Agaricostilbomycetes,o:Agaricostilbales,f:Chionosphaeraceae,g:Chionosphaera,s:Chionosphaera_cuniculicola
ASV898	k:Fungi(1.00),p:Ascomycota(0.97),c:Dothideomycetes(0.67),o:Microthyriales(0.66),f:Leptopeltidaceae(0.66),g:Dothiopeltis(0.66),s:Dothiopeltis_n._sp.(0.66)	+	k:Fungi,p:Ascomycota
ASV899	k:Fungi(1.00),p:Ascomycota(1.00),c:Dothideomycetes(0.98),o:Mycosphaerellales(0.54),f:Mycosphaerellaceae(0.54),g:Pseudocercosporella(0.54),s:Pseudocercosporella_fraxini(0.54)	+	k:Fungi,p:Ascomycota,c:Dothideomycetes
ASV9	k:Fungi(1.00),p:Ascomycota(1.00),c:Sordariomycetes(0.93),o:Sordariales(0.80),f:Lasiosphaeriaceae(0.43),g:Cercophora(0.22),s:Cercophora_areolata(0.10)	+	k:Fungi,p:Ascomycota,c:Sordariomycetes,o:Sordariales
ASV900	k:Fungi(1.00),p:Ascomycota(1.00),c:Lecanoromycetes(0.32),o:Umbilicariales(0.15),f:Umbilicariaceae(0.15),g:Umbilicaria(0.15),s:Umbilicaria_haplocarpa(0.11)	+	k:Fungi,p:Ascomycota
ASV902	k:Fungi(1.00),p:Basidiomycota(0.82),c:Microbotryomycetes(0.34),g:Sampaiozyma(0.10),s:Sampaiozyma_ingeniosa(0.10)	+	k:Fungi,p:Basidiomycota
ASV904	k:Fungi(1.00),p:Ascomycota(1.00),c:Pezizomycetes(1.00),o:Pezizales(1.00),g:Trichobolus(0.98),s:Trichobolus_sp._zukalii-CA01(0.98)	+	k:Fungi,p:Ascomycota,c:Pezizomycetes,o:Pezizales,g:Trichobolus,s:Trichobolus_sp._zukalii-CA01
ASV905	k:Fungi(1.00),p:Ascomycota(0.97),c:Dothideomycetes(0.80),o:Pleosporales(0.80)	+	k:Fungi,p:Ascomycota,c:Dothideomycetes,o:Pleosporales
ASV906	k:Fungi(1.00),p:Ascomycota(1.00),c:Sordariomycetes(0.86),o:Sordariomycetes_incertae_sedis(0.23),f:Thyridiaceae(0.23),g:Thyridium(0.23)	+	k:Fungi,p:Ascomycota,c:Sordariomycetes
ASV907	k:Fungi(1.00),p:Ascomycota(0.95),c:Dothideomycetes(0.95),o:Pleosporales(0.95)	+	k:Fungi,p:Ascomycota,c:Dothideomycetes,o:Pleosporales
ASV908	k:Fungi(1.00),p:Ascomycota(0.93),c:Pezizomycetes(0.63),o:Pezizales(0.63),f:Morchellaceae(0.25),g:Morchella(0.24),s:Morchella_sp.(0.14)	+	k:Fungi,p:Ascomycota
ASV901	k:Fungi(1.00),p:Ascomycota(1.00),c:Sordariomycetes(1.00),o:Hypocreales(1.00),f:Hypocreaceae(1.00),g:Trichoderma(1.00),s:Trichoderma_citrinoviride(0.90)	+	k:Fungi,p:Ascomycota,c:Sordariomycetes,o:Hypocreales,f:Hypocreaceae,g:Trichoderma,s:Trichoderma_citrinoviride
ASV909	k:Fungi(1.00),p:Basidiomycota(1.00),c:Agaricomycetes(1.00),o:Agaricales(1.00),f:Psathyrellaceae(1.00),g:Coprinopsis(1.00),s:Coprinopsis_stercorea(0.76)	+	k:Fungi,p:Basidiomycota,c:Agaricomycetes,o:Agaricales,f:Psathyrellaceae,g:Coprinopsis
ASV91	k:Fungi(1.00),p:Ascomycota(1.00),c:Sordariomycetes(0.99),o:Microascales(0.99),f:Microascaceae(0.98)	+	k:Fungi,p:Ascomycota,c:Sordariomycetes,o:Microascales,f:Microascaceae
ASV903	k:Fungi(1.00),p:Ascomycota(1.00),c:Ascomycota_class_incertae_sedis(0.88),o:Ascomycota_order_incertae_sedis(0.88),f:Ascomycota_family_incertae_sedis(0.88),g:Helminthosporium(0.63),s:Helminthosporium_sp.(0.63)	+	k:Fungi,p:Ascomycota,c:Ascomycota_class_incertae_sedis,o:Ascomycota_order_incertae_sedis,f:Ascomycota_family_incertae_sedis
ASV910	k:Fungi(1.00),p:Ascomycota(0.95),c:Dothideomycetes(0.85),o:Pleosporales(0.84),f:Melanommataceae(0.28),g:Melanomma(0.28),s:Melanomma_fuscidulum(0.25)	+	k:Fungi,p:Ascomycota,c:Dothideomycetes,o:Pleosporales
ASV911	k:Fungi(1.00),p:Ascomycota(1.00),c:Eurotiomycetes(1.00),o:Chaetothyriales(1.00)	+	k:Fungi,p:Ascomycota,c:Eurotiomycetes,o:Chaetothyriales
ASV912	k:Fungi(1.00),p:Basidiomycota(1.00),c:Agaricomycetes(1.00),o:Polyporales(1.00),f:Sistotremataceae(1.00),g:Trechispora(1.00),s:Trechispora_caucasica(1.00)	+	k:Fungi,p:Basidiomycota,c:Agaricomycetes,o:Polyporales,f:Sistotremataceae,g:Trechispora,s:Trechispora_caucasica
ASV913	k:Fungi(1.00),p:Ascomycota(1.00),c:Sordariomycetes(1.00),g:Xylomelasma(1.00),s:Xylomelasma_sp._ZK29/08(1.00)	+	k:Fungi,p:Ascomycota,c:Sordariomycetes,g:Xylomelasma,s:Xylomelasma_sp._ZK29/08
ASV916	k:Fungi(1.00),p:Ascomycota(1.00),c:Leotiomycetes(1.00),o:Leotiales(1.00),f:Leotiaceae(1.00),g:Alatospora(1.00),s:Alatospora_acuminata(1.00)	+	k:Fungi,p:Ascomycota,c:Leotiomycetes,o:Leotiales,f:Leotiaceae,g:Alatospora,s:Alatospora_acuminata
ASV917	k:Fungi(1.00),p:Ascomycota(1.00),c:Ascomycota_class_incertae_sedis(0.89),o:Ascomycota_order_incertae_sedis(0.89),f:Ascomycota_family_incertae_sedis(0.89),g:Chalara(0.88),s:Chalara_sp.(0.78)	+	k:Fungi,p:Ascomycota,c:Ascomycota_class_incertae_sedis,o:Ascomycota_order_incertae_sedis,f:Ascomycota_family_incertae_sedis,g:Chalara
ASV919	k:Fungi(1.00),p:Basidiomycota(1.00),c:Microbotryomycetes(1.00),o:Microbotryomycetes_incertae_sedis(0.98),f:Chrysozymaceae(0.98),g:Chrysozyma(0.98),s:Chrysozyma_griseoflava(0.98)	+	k:Fungi,p:Basidiomycota,c:Microbotryomycetes,o:Microbotryomycetes_incertae_sedis,f:Chrysozymaceae,g:Chrysozyma,s:Chrysozyma_griseoflava
ASV92	k:Fungi(1.00),p:Basidiomycota(0.66),c:Agaricomycetes(0.51),o:Agaricales(0.33),f:Hygrophoraceae(0.05),g:Dictyonema(0.03),s:Dictyonema_schenckianum(0.02)	+	k:Fungi
ASV920	k:Fungi(1.00),p:Basidiomycota(0.96),c:Agaricomycetes(0.96),o:Agaricales(0.96),f:Hygrophoraceae(0.96),g:Hygrocybe(0.96),s:Hygrocybe_intermedia(0.96)	+	k:Fungi,p:Basidiomycota,c:Agaricomycetes,o:Agaricales,f:Hygrophoraceae,g:Hygrocybe,s:Hygrocybe_intermedia
ASV921	k:Fungi(1.00),p:Ascomycota(1.00),c:Sordariomycetes(0.86),o:Hypocreales(0.86),f:Cordycipitaceae(0.86),g:Simplicillium(0.86),s:Simplicillium_chinense(0.86)	+	k:Fungi,p:Ascomycota,c:Sordariomycetes,o:Hypocreales,f:Cordycipitaceae,g:Simplicillium,s:Simplicillium_chinense
ASV922	k:Fungi(1.00),p:Basidiomycota(1.00),c:Agaricomycetes(1.00),o:Agaricales(1.00),f:Strophariaceae(0.97),g:Agrocybe(0.97)	+	k:Fungi,p:Basidiomycota,c:Agaricomycetes,o:Agaricales,f:Strophariaceae,g:Agrocybe
ASV914	k:Fungi(1.00),p:Basidiomycota(1.00),c:Agaricomycetes(1.00),o:Agaricales(1.00),f:Hymenogastraceae(1.00),g:Hebeloma(1.00),s:Hebeloma_laterinum(0.63)	+	k:Fungi,p:Basidiomycota,c:Agaricomycetes,o:Agaricales,f:Hymenogastraceae,g:Hebeloma
ASV923	k:Fungi(1.00),p:Ascomycota(1.00),c:Ascomycota_class_incertae_sedis(0.74),o:Ascomycota_order_incertae_sedis(0.74),f:Ascomycota_family_incertae_sedis(0.74),g:Pseudomicrodochium(0.74),s:Pseudomicrodochium_sp.(0.74)	+	k:Fungi,p:Ascomycota
ASV924	k:Fungi(1.00),p:Basidiomycota(1.00),c:Tremellomycetes(1.00),o:Trichosporonales(1.00),f:Trichosporonaceae(1.00),g:Cutaneotrichosporon(0.68),s:Cutaneotrichosporon_moniliiforme(0.50)	-	k:Fungi,p:Basidiomycota,c:Tremellomycetes,o:Trichosporonales,f:Trichosporonaceae
ASV925	k:Fungi(1.00),p:Basidiomycota(0.57),c:Agaricomycetes(0.46),o:Agaricales(0.33),f:Amanitaceae(0.18),g:Amanita(0.18),s:Amanita_cf._virginiana(0.09)	+	k:Fungi
ASV918	k:Fungi(1.00),p:Basidiomycota(0.97),c:Cystobasidiomycetes(0.49),o:Cystobasidiales(0.37),f:Cystobasidiaceae(0.26),g:Cystobasidium(0.26),s:Cystobasidium_slooffiae(0.19)	+	k:Fungi,p:Basidiomycota
ASV926	k:Fungi(1.00),p:Basidiomycota(1.00),c:Pucciniomycetes(0.61),o:Pucciniales(0.61),f:Uropyxidaceae(0.61),g:Ochropsora(0.61),s:Ochropsora_ariae(0.61)	+	k:Fungi,p:Basidiomycota
ASV927	k:Fungi(1.00),p:Basidiomycota(1.00),c:Agaricomycetes(1.00),o:Agaricales(1.00),f:Psathyrellaceae(0.93),g:Coprinellus(0.88),s:Coprinellus_impatiens(0.49)	+	k:Fungi,p:Basidiomycota,c:Agaricomycetes,o:Agaricales,f:Psathyrellaceae,g:Coprinellus
ASV928	k:Fungi(1.00),p:Basidiomycota(1.00),c:Agaricomycetes(1.00),o:Agaricales(1.00),f:Entolomataceae(1.00),g:Entoloma(1.00)	+	k:Fungi,p:Basidiomycota,c:Agaricomycetes,o:Agaricales,f:Entolomataceae,g:Entoloma
ASV930	k:Fungi(1.00),p:Ascomycota(0.89),c:Eurotiomycetes(0.78),o:Chaetothyriales(0.78),g:Strelitziana(0.75),s:Strelitziana_albiziae(0.72)	+	k:Fungi,p:Ascomycota
ASV93	k:Fungi(1.00),p:Ascomycota(1.00),c:Eurotiomycetes(1.00),o:Eurotiales(1.00),f:Trichocomaceae(1.00),g:Penicillium(1.00),s:Penicillium_brevistipitatum(0.50)	+	k:Fungi,p:Ascomycota,c:Eurotiomycetes,o:Eurotiales,f:Trichocomaceae,g:Penicillium
ASV931	k:Fungi(1.00),p:Ascomycota(1.00),c:Dothideomycetes(1.00),o:Pleosporales(1.00),f:Phaeosphaeriaceae(1.00)	+	k:Fungi,p:Ascomycota,c:Dothideomycetes,o:Pleosporales,f:Phaeosphaeriaceae
ASV933	k:Fungi(1.00),p:Ascomycota(0.59),c:Leotiomycetes(0.23),o:Helotiales(0.22),f:Orbiliaceae(0.08),g:Orbilia(0.06),s:Orbilia_aprilis(0.04)	+	k:Fungi
ASV934	k:Fungi(1.00),p:Basidiomycota(1.00),c:Agaricomycetes(1.00),o:Boletales(1.00),f:Coniophoraceae(1.00),g:Coniophora(1.00),s:Coniophora_puteana(1.00)	+	k:Fungi,p:Basidiomycota,c:Agaricomycetes,o:Boletales,f:Coniophoraceae,g:Coniophora,s:Coniophora_puteana
ASV935	k:Fungi(1.00),p:Ascomycota(1.00),c:Sordariomycetes(0.65)	+	k:Fungi,p:Ascomycota
ASV936	k:Fungi(1.00),p:Basidiomycota(0.38),c:Agaricomycetes(0.28),o:Agaricales(0.23),f:Entolomataceae(0.06),g:Entoloma(0.06)	+	k:Fungi
ASV929	k:Fungi(1.00),p:Ascomycota(1.00),c:Dothideomycetes(1.00),o:Botryosphaeriales(1.00),f:Botryosphaeriaceae(1.00),g:Diplodia(0.75),s:Diplodia_sp._PDD_95985(0.71)	+	k:Fungi,p:Ascomycota,c:Dothideomycetes,o:Botryosphaeriales,f:Botryosphaeriaceae
ASV937	k:Fungi(1.00),p:Ascomycota(1.00),c:Ascomycota_class_incertae_sedis(0.61),o:Ascomycota_order_incertae_sedis(0.61),f:Ascomycota_family_incertae_sedis(0.61),g:Kirstenboschia(0.61),s:Kirstenboschia_diospyri(0.61)	+	k:Fungi,p:Ascomycota
ASV938	k:Fungi(1.00),p:Ascomycota(0.65),c:Lecanoromycetes(0.21),o:Lecanorales(0.15),f:Collemataceae(0.10),g:Leptogium(0.10),s:Leptogium_coralloideum(0.09)	+	k:Fungi
ASV94	k:Fungi(1.00),p:Ascomycota(1.00),c:Dothideomycetes(0.99),o:Botryosphaeriales(0.91),f:Botryosphaeriaceae(0.91),g:Microdiplodia(0.91),s:Microdiplodia_sp._A18(0.86)	+	k:Fungi,p:Ascomycota,c:Dothideomycetes,o:Botryosphaeriales,f:Botryosphaeriaceae,g:Microdiplodia,s:Microdiplodia_sp._A18
ASV932	k:Fungi(1.00),p:Ascomycota(1.00),c:Pezizomycetes(0.84),o:Pezizales(0.84),g:Trichobolus(0.84),s:Trichobolus_sp._zukalii-CA01(0.84)	+	k:Fungi,p:Ascomycota,c:Pezizomycetes,o:Pezizales,g:Trichobolus,s:Trichobolus_sp._zukalii-CA01
ASV940	k:Fungi(1.00),p:Ascomycota(1.00),c:Leotiomycetes(1.00),o:Helotiales(1.00)	+	k:Fungi,p:Ascomycota,c:Leotiomycetes,o:Helotiales
ASV941	k:Fungi(1.00),p:Ascomycota(1.00),c:Leotiomycetes(0.97),o:Helotiales(0.97),f:Dermateaceae(0.94),g:Calloria(0.94),s:Calloria_neglecta(0.94)	+	k:Fungi,p:Ascomycota,c:Leotiomycetes,o:Helotiales,f:Dermateaceae,g:Calloria,s:Calloria_neglecta
ASV942	k:Fungi(1.00),p:Basidiomycota(1.00),c:Agaricomycetes(1.00),o:Boletales(1.00),f:Boletaceae(1.00),g:Leccinellum(0.95),s:Leccinellum_pseudoscabrum(0.75)	+	k:Fungi,p:Basidiomycota,c:Agaricomycetes,o:Boletales,f:Boletaceae,g:Leccinellum
ASV944	k:Fungi(1.00),p:Ascomycota(1.00),c:Leotiomycetes(1.00),o:Helotiales(1.00),g:Pilidium(1.00),s:Pilidium_concavum(1.00)	+	k:Fungi,p:Ascomycota,c:Leotiomycetes,o:Helotiales,g:Pilidium,s:Pilidium_concavum
ASV945	k:Fungi(1.00),p:Basidiomycota(0.64),c:Agaricomycetes(0.56),o:Agaricales(0.27),f:Inocybaceae(0.14),g:Inocybe(0.13),s:Inocybe_inodora(0.02)	+	k:Fungi
ASV946	k:Fungi(1.00),p:Ascomycota(0.92),c:Dothideomycetes(0.45),o:Pleosporales(0.44)	+	k:Fungi,p:Ascomycota
ASV948	k:Fungi(1.00),p:Ascomycota(1.00),c:Leotiomycetes(0.70),o:Thelebolales(0.69),f:Thelebolaceae(0.69)	+	k:Fungi,p:Ascomycota
ASV949	k:Fungi(1.00),p:Ascomycota(1.00),c:Leotiomycetes(1.00),o:Rhytismatales(1.00),f:Rhytismataceae(1.00),g:Lophodermium(1.00),s:Lophodermium_piceae(1.00)	+	k:Fungi,p:Ascomycota,c:Leotiomycetes,o:Rhytismatales,f:Rhytismataceae,g:Lophodermium,s:Lophodermium_piceae
ASV951	k:Fungi(1.00),p:Ascomycota(0.41),c:Leotiomycetes(0.06),o:Helotiales(0.06),f:Hyaloscyphaceae(0.03),g:Calycina(0.03),s:Calycina_citrina(0.03)	+	k:Fungi
ASV950	k:Fungi(1.00),p:Basidiomycota(0.98),c:Microbotryomycetes(0.93),g:Udeniozyma(0.35),s:Udeniozyma_ferulica(0.35)	+	k:Fungi,p:Basidiomycota,c:Microbotryomycetes
ASV96	k:Fungi(1.00),p:Ascomycota(0.99),c:Sordariomycetes(0.96),o:Hypocreales(0.93),f:Bionectriaceae(0.74),g:Acremonium(0.71),s:Acremonium_sp.(0.71)	+	k:Fungi,p:Ascomycota,c:Sordariomycetes,o:Hypocreales
ASV943	k:Fungi(1.00),p:Ascomycota(0.99),c:Taphrinomycetes(0.95),o:Taphrinales(0.95),f:Taphrinaceae(0.95),g:Taphrina(0.92),s:Taphrina_americana(0.30)	+	k:Fungi,p:Ascomycota,c:Taphrinomycetes,o:Taphrinales,f:Taphrinaceae,g:Taphrina
ASV97	k:Fungi(1.00),p:Ascomycota(0.89),c:Eurotiomycetes(0.31),o:Eurotiales(0.11),f:Trichocomaceae(0.09),g:Penicillium(0.05),s:Penicillium_charlesii(0.01)	+	k:Fungi,p:Ascomycota
ASV947	k:Fungi(1.00),p:Basidiomycota(1.00),c:Agaricomycetes(1.00),o:Agaricales(1.00),f:Agaricaceae(1.00),g:Lycoperdon(1.00),s:Lycoperdon_subumbrinum(0.55)	+	k:Fungi,p:Basidiomycota,c:Agaricomycetes,o:Agaricales,f:Agaricaceae,g:Lycoperdon
ASV98	k:Fungi(1.00),p:Basidiomycota(1.00),c:Tremellomycetes(1.00),o:Trichosporonales(0.97),f:Trichosporonaceae(0.97),g:Cutaneotrichosporon(0.61),s:Cutaneotrichosporon_moniliiforme(0.51)	+	k:Fungi,p:Basidiomycota,c:Tremellomycetes,o:Trichosporonales,f:Trichosporonaceae
ASV99	k:Fungi(1.00),p:Ascomycota(0.90),c:Pezizomycetes(0.63),o:Pezizales(0.63),f:Morchellaceae(0.24),g:Morchella(0.24),s:Morchella_sp.(0.15)	+	k:Fungi,p:Ascomycota
