ASV_ID,LME1634,LME1635,LME1636,LME1637,LME1646,LME1652,LME1656,LME1663,LME1668,LME1670,LME1679,LME1689,LME1692,LME1695,LME1698,LME1701,LME1702,LME1705,LME1708,LME1714,Kingdom,Kingdom_confidence,Phylum,Phylum_confidence,Class,Class_confidence,Order,Order_confidence,Family,Family_confidence,Genus,Genus_confidence,Species,Species_confidence,Strand,Deepest_rank,Deepest_taxon,Accepted_taxonomy
ASV1,2026,0,6271,1824,9042,13361,7361,2250,0,9615,0,3079,10423,18139,17136,18156,17408,23781,14565,8496,Fungi,1.00,Ascomycota,1.00,Leotiomycetes,0.87,Thelebolales,0.87,Thelebolaceae,0.87,,,,,+,Family,Thelebolaceae,"k:Fungi,p:Ascomycota,c:Leotiomycetes,o:Thelebolales,f:Thelebolaceae"
ASV10,0,3001,299,1554,307,69,0,0,0,168,300,47,109,0,0,0,0,384,219,55,Fungi,1.00,Ascomycota,1.00,Sordariomycetes,0.97,Sordariales,0.97,Lasiosphaeriaceae,0.84,,,,,+,Family,Lasiosphaeriaceae,"k:Fungi,p:Ascomycota,c:Sordariomycetes,o:Sordariales,f:Lasiosphaeriaceae"
ASV100,0,0,0,0,0,0,0,177,0,39,8,57,0,0,0,0,0,0,0,26,Fungi,1.00,Basidiomycota,1.00,Cystobasidiomycetes,1.00,Cystobasidiales,1.00,Cystobasidiaceae,1.00,Cystobasidium,1.00,,,-,Genus,Cystobasidium,"k:Fungi,p:Basidiomycota,c:Cystobasidiomycetes,o:Cystobasidiales,f:Cystobasidiaceae,g:Cystobasidium"
ASV101,303,0,0,0,0,0,0,0,0,0,0,0,0,0,0,0,0,0,0,0,Fungi,1.00,Ascomycota,1.00,Eurotiomycetes,1.00,Eurotiales,1.00,Trichocomaceae,1.00,Penicillium,1.00,Penicillium_chrysogenum,0.96,+,Species,Penicillium_chrysogenum,"k:Fungi,p:Ascomycota,c:Eurotiomycetes,o:Eurotiales,f:Trichocomaceae,g:Penicillium,s:Penicillium_chrysogenum"
ASV102,0,0,0,0,0,129,0,0,0,173,0,0,0,0,0,0,0,0,0,0,Fungi,1.00,,,,,,,,,,,,,+,Kingdom,Fungi,k:Fungi
ASV103,0,41,0,235,0,0,0,0,0,0,16,0,0,0,0,0,0,0,0,0,Fungi,1.00,Ascomycota,1.00,Dothideomycetes,0.82,Pleosporales,0.82,Pleosporales_incertae_sedis,0.82,Coniothyrium,0.82,Coniothyrium_fuckelii,0.82,+,Species,Coniothyrium_fuckelii,"k:Fungi,p:Ascomycota,c:Dothideomycetes,o:Pleosporales,f:Pleosporales_incertae_sedis,g:Coniothyrium,s:Coniothyrium_fuckelii"
ASV105,0,55,0,106,0,0,0,9,0,0,95,0,0,0,0,0,0,0,0,0,Fungi,1.00,Basidiomycota,1.00,Tremellomycetes,1.00,Cystofilobasidiales,1.00,,,Cystofilobasidium,1.00,Cystofilobasidium_capitatum,1.00,-,Species,Cystofilobasidium_capitatum,"k:Fungi,p:Basidiomycota,c:Tremellomycetes,o:Cystofilobasidiales,g:Cystofilobasidium,s:Cystofilobasidium_capitatum"
ASV107,256,0,0,0,0,0,0,0,0,0,0,0,0,0,0,0,0,0,0,0,Fungi,1.00,Ascomycota,1.00,Sordariomycetes,0.99,Microascales,0.99,Microascaceae,0.99,,,,,+,Family,Microascaceae,"k:Fungi,p:Ascomycota,c:Sordariomycetes,o:Microascales,f:Microascaceae"
ASV108,0,0,0,0,13,20,0,0,0,0,0,0,0,42,0,8,0,37,135,0,Fungi,1.00,Ascomycota,1.00,Sordariomycetes,0.86,,,,,,,,,+,Class,Sordariomycetes,"k:Fungi,p:Ascomycota,c:Sordariomycetes"
ASV109,0,247,0,0,0,0,0,0,0,0,0,0,0,0,0,0,0,0,0,0,Fungi,1.00,Ascomycota,1.00,Pezizomycetes,1.00,Pezizales,1.00,,,,,,,+,Order,Pezizales,"k:Fungi,p:Ascomycota,c:Pezizomycetes,o:Pezizales"
ASV11,0,1567,85,684,962,215,52,0,0,140,0,0,853,273,512,28,0,76,241,96,Fungi,1.00,Ascomycota,1.00,Sordariomycetes,0.97,Sordariales,0.96,,,,,,,+,Order,Sordariales,"k:Fungi,p:Ascomycota,c:Sordariomycetes,o:Sordariales"
ASV110,0,83,0,19,0,75,0,4,0,0,64,0,0,0,0,0,0,0,0,0,Fungi,1.00,Ascomycota,1.00,Sordariomycetes,1.00,Xylariales,1.00,Diatrypaceae,1.00,,,,,+,Family,Diatrypaceae,"k:Fungi,p:Ascomycota,c:Sordariomycetes,o:Xylariales,f:Diatrypaceae"
ASV111,0,0,0,0,0,0,0,0,0,241,0,0,0,0,0,0,0,0,0,0,Fungi,1.00,,,,,,,,,,,,,+,Kingdom,Fungi,k:Fungi
ASV112,234,0,0,0,0,0,0,0,0,0,0,0,0,0,0,0,0,0,0,0,Fungi,1.00,Ascomycota,1.00,Sordariomycetes,1.00,Microascales,1.00,Microascaceae,1.00,,,,,+,Family,Microascaceae,"k:Fungi,p:Ascomycota,c:Sordariomycetes,o:Microascales,f:Microascaceae"
ASV114,171,21,0,12,0,0,3,0,0,0,22,0,0,0,0,0,0,0,0,0,Fungi,1.00,Ascomycota,1.00,Ascomycota_class_incertae_sedis,1.00,Ascomycota_order_incertae_sedis,1.00,Cephalothecaceae,1.00,,,,,+,Family,Cephalothecaceae,"k:Fungi,p:Ascomycota,c:Ascomycota_class_incertae_sedis,o:Ascomycota_order_incertae_sedis,f:Cephalothecaceae"
ASV115,0,0,0,0,0,0,0,0,0,0,227,0,0,0,0,0,0,0,0,0,Fungi,1.00,,,,,,,,,,,,,+,Kingdom,Fungi,k:Fungi
ASV116,0,0,0,0,0,0,0,0,0,0,226,0,0,0,0,0,0,0,0,0,Fungi,1.00,Basidiomycota,1.00,Agaricomycetes,1.00,Phallales,1.00,Phallaceae,1.00,Phallus,1.00,Phallus_impudicus,1.00,+,Species,Phallus_impudicus,"k:Fungi,p:Basidiomycota,c:Agaricomycetes,o:Phallales,f:Phallaceae,g:Phallus,s:Phallus_impudicus"
ASV118,0,51,0,166,0,0,0,0,0,0,0,0,0,0,0,0,0,0,0,0,Fungi,1.00,Ascomycota,1.00,Dothideomycetes,1.00,Pleosporales,1.00,,,Phoma,0.94,Phoma_macrostoma,0.94,+,Species,Phoma_macrostoma,"k:Fungi,p:Ascomycota,c:Dothideomycetes,o:Pleosporales,g:Phoma,s:Phoma_macrostoma"
ASV119,0,0,0,0,0,0,0,104,0,0,113,0,0,0,0,0,0,0,0,0,Fungi,1.00,Mucoromycota,1.00,Mucoromycetes,1.00,Mucorales,1.00,Pilobolaceae,1.00,Pilobolus,1.00,Pilobolus_crystallinus,1.00,+,Species,Pilobolus_crystallinus,"k:Fungi,p:Mucoromycota,c:Mucoromycetes,o:Mucorales,f:Pilobolaceae,g:Pilobolus,s:Pilobolus_crystallinus"
ASV12,0,0,2597,0,0,0,0,0,0,0,0,0,0,2827,0,0,0,0,0,0,Fungi,1.00,Basidiomycota,1.00,Agaricomycetes,1.00,Agaricales,1.00,Psathyrellaceae,0.83,Coprinopsis,0.80,,,+,Genus,Coprinopsis,"k:Fungi,p:Basidiomycota,c:Agaricomycetes,o:Agaricales,f:Psathyrellaceae,g:Coprinopsis"
ASV120,0,25,0,89,0,0,0,0,100,0,0,0,0,2,0,0,0,0,0,0,Fungi,1.00,Ascomycota,1.00,,,,,,,,,,,+,Phylum,Ascomycota,"k:Fungi,p:Ascomycota"
ASV121,0,27,0,15,0,135,0,0,0,0,29,0,0,0,0,4,0,0,2,0,Fungi,1.00,Ascomycota,1.00,Dothideomycetes,1.00,Capnodiales,1.00,Davidiellaceae,1.00,Cladosporium,1.00,Cladosporium_variabile,0.82,+,Species,Cladosporium_variabile,"k:Fungi,p:Ascomycota,c:Dothideomycetes,o:Capnodiales,f:Davidiellaceae,g:Cladosporium,s:Cladosporium_variabile"
ASV122,0,0,0,0,0,204,0,0,0,0,0,0,0,0,0,0,0,0,0,0,Fungi,1.00,Ascomycota,1.00,Eurotiomycetes,1.00,Eurotiales,1.00,Trichocomaceae,1.00,Penicillium,0.95,Penicillium_concentricum,0.80,+,Species,Penicillium_concentricum,"k:Fungi,p:Ascomycota,c:Eurotiomycetes,o:Eurotiales,f:Trichocomaceae,g:Penicillium,s:Penicillium_concentricum"
ASV123,0,0,0,0,11,33,157,0,0,0,0,0,0,0,0,0,0,0,0,0,Fungi,1.00,Ascomycota,0.98,,,,,,,,,,,+,Phylum,Ascomycota,"k:Fungi,p:Ascomycota"
ASV125,0,50,0,66,0,0,0,0,0,0,83,0,0,0,0,0,0,0,0,0,Fungi,1.00,,,,,,,,,,,,,+,Kingdom,Fungi,k:Fungi
ASV126,0,0,0,0,0,0,0,0,196,0,0,0,0,0,0,0,0,0,0,0,Fungi,1.00,Ascomycota,0.95,Saccharomycetes,0.91,Saccharomycetales,0.91,Saccharomycetaceae,0.90,Pichia,0.90,Pichia_fermentans,0.90,+,Species,Pichia_fermentans,"k:Fungi,p:Ascomycota,c:Saccharomycetes,o:Saccharomycetales,f:Saccharomycetaceae,g:Pichia,s:Pichia_fermentans"
ASV127,0,0,0,0,0,0,0,0,0,0,195,0,0,0,0,0,0,0,0,0,Fungi,1.00,,,,,,,,,,,,,+,Kingdom,Fungi,k:Fungi
ASV128,194,0,0,0,0,0,0,0,0,0,0,0,0,0,0,0,0,0,0,0,Fungi,1.00,Ascomycota,1.00,Ascomycota_class_incertae_sedis,1.00,Ascomycota_order_incertae_sedis,1.00,Pseudeurotiaceae,1.00,Pseudogymnoascus,1.00,,,+,Genus,Pseudogymnoascus,"k:Fungi,p:Ascomycota,c:Ascomycota_class_incertae_sedis,o:Ascomycota_order_incertae_sedis,f:Pseudeurotiaceae,g:Pseudogymnoascus"
ASV129,0,0,0,0,0,0,0,0,194,0,0,0,0,0,0,0,0,0,0,0,Fungi,1.00,Ascomycota,0.87,Saccharomycetes,0.85,Saccharomycetales,0.85,Dipodascaceae,0.84,,,,,+,Family,Dipodascaceae,"k:Fungi,p:Ascomycota,c:Saccharomycetes,o:Saccharomycetales,f:Dipodascaceae"
ASV13,0,409,316,195,0,528,1655,34,0,208,368,0,111,1365,42,0,0,0,165,0,Fungi,1.00,Ascomycota,1.00,,,,,,,,,,,+,Phylum,Ascomycota,"k:Fungi,p:Ascomycota"
ASV130,0,0,0,0,0,0,0,0,0,0,192,0,0,0,0,0,0,0,0,0,Fungi,1.00,,,,,,,,,,,,,+,Kingdom,Fungi,k:Fungi
ASV131,0,188,0,0,0,0,0,0,0,0,0,0,0,0,0,0,0,0,0,0,Fungi,1.00,,,,,,,,,,,,,+,Kingdom,Fungi,k:Fungi
ASV132,0,0,0,0,0,0,152,19,0,16,0,0,0,0,0,0,0,0,0,0,Fungi,1.00,Basidiomycota,1.00,Tremellomycetes,1.00,Filobasidiales,0.96,Filobasidiaceae,0.96,Naganishia,0.96,Naganishia_albida,0.96,+,Species,Naganishia_albida,"k:Fungi,p:Basidiomycota,c:Tremellomycetes,o:Filobasidiales,f:Filobasidiaceae,g:Naganishia,s:Naganishia_albida"
ASV133,0,0,0,0,0,0,0,187,0,0,0,0,0,0,0,0,0,0,0,0,Fungi,1.00,Ascomycota,1.00,Pezizomycetes,1.00,Pezizales,1.00,,,,,,,+,Order,Pezizales,"k:Fungi,p:Ascomycota,c:Pezizomycetes,o:Pezizales"
ASV134,0,0,0,0,0,0,0,0,187,0,0,0,0,0,0,0,0,0,0,0,Fungi,1.00,Ascomycota,0.95,Saccharomycetes,0.94,Saccharomycetales,0.94,Dipodascaceae,0.94,Geotrichum,0.85,Geotrichum_candidum,0.85,+,Species,Geotrichum_candidum,"k:Fungi,p:Ascomycota,c:Saccharomycetes,o:Saccharomycetales,f:Dipodascaceae,g:Geotrichum,s:Geotrichum_candidum"
ASV135,0,0,0,66,0,0,0,20,0,0,100,0,0,0,0,0,0,0,0,0,Fungi,1.00,Ascomycota,1.00,Sordariomycetes,1.00,Diaporthales,1.00,Valsaceae,1.00,Cytospora,0.81,,,+,Genus,Cytospora,"k:Fungi,p:Ascomycota,c:Sordariomycetes,o:Diaporthales,f:Valsaceae,g:Cytospora"
ASV136,0,0,0,0,0,68,0,0,0,0,0,0,54,40,0,22,0,0,0,0,Fungi,1.00,Ascomycota,1.00,,,,,,,,,,,+,Phylum,Ascomycota,"k:Fungi,p:Ascomycota"
ASV137,0,0,0,0,0,0,0,0,0,0,184,0,0,0,0,0,0,0,0,0,Fungi,1.00,,,,,,,,,,,,,+,Kingdom,Fungi,k:Fungi
ASV138,0,0,0,177,0,0,0,0,0,0,0,0,0,0,0,0,0,0,0,0,Fungi,1.00,Ascomycota,1.00,Sordariomycetes,0.97,Sordariales,0.96,Lasiosphaeriaceae,0.84,,,,,+,Family,Lasiosphaeriaceae,"k:Fungi,p:Ascomycota,c:Sordariomycetes,o:Sordariales,f:Lasiosphaeriaceae"
ASV139,0,0,0,0,0,0,0,0,0,0,0,0,0,0,0,9,0,167,0,0,Fungi,1.00,Basidiomycota,1.00,Agaricomycetes,1.00,Boletales,1.00,Melanogastraceae,1.00,Melanogaster,1.00,,,+,Genus,Melanogaster,"k:Fungi,p:Basidiomycota,c:Agaricomycetes,o:Boletales,f:Melanogastraceae,g:Melanogaster"
ASV14,0,0,104,690,986,423,0,0,0,226,2251,0,0,76,116,0,0,155,226,0,Fungi,1.00,Ascomycota,1.00,Sordariomycetes,1.00,Sordariales,1.00,Lasiosphaeriaceae,0.99,,,,,+,Family,Lasiosphaeriaceae,"k:Fungi,p:Ascomycota,c:Sordariomycetes,o:Sordariales,f:Lasiosphaeriaceae"
ASV141,0,0,0,0,0,173,0,0,0,0,0,0,0,0,0,0,0,0,0,0,Fungi,1.00,Ascomycota,0.99,Sordariomycetes,0.95,Hypocreales,0.94,,,,,,,+,Order,Hypocreales,"k:Fungi,p:Ascomycota,c:Sordariomycetes,o:Hypocreales"
ASV142,0,0,0,0,0,0,0,0,0,0,173,0,0,0,0,0,0,0,0,0,Fungi,1.00,,,,,,,,,,,,,+,Kingdom,Fungi,k:Fungi
ASV143,0,35,0,0,0,0,0,0,0,0,137,0,0,0,0,0,0,0,0,0,Fungi,1.00,Ascomycota,0.93,,,,,,,,,,,+,Phylum,Ascomycota,"k:Fungi,p:Ascomycota"
ASV144,0,33,0,45,0,0,0,0,0,5,89,0,0,0,0,0,0,0,0,0,Fungi,1.00,Ascomycota,1.00,Dothideomycetes,0.98,Capnodiales,0.98,Davidiellaceae,0.98,Cladosporium,0.98,,,+,Genus,Cladosporium,"k:Fungi,p:Ascomycota,c:Dothideomycetes,o:Capnodiales,f:Davidiellaceae,g:Cladosporium"
ASV145,0,0,0,0,0,0,0,0,0,0,172,0,0,0,0,0,0,0,0,0,Fungi,1.00,,,,,,,,,,,,,+,Kingdom,Fungi,k:Fungi
ASV146,0,58,0,44,0,0,0,6,0,0,62,0,0,0,0,0,0,0,0,0,Fungi,1.00,Basidiomycota,1.00,,,,,,,,,,,+,Phylum,Basidiomycota,"k:Fungi,p:Basidiomycota"
ASV147,0,0,0,0,0,0,0,0,0,0,169,0,0,0,0,0,0,0,0,0,Fungi,1.00,Basidiomycota,0.99,Agaricomycetes,0.99,Geastrales,0.81,,,,,,,+,Order,Geastrales,"k:Fungi,p:Basidiomycota,c:Agaricomycetes,o:Geastrales"
ASV148,0,0,0,0,0,0,0,168,0,0,0,0,0,0,0,0,0,0,0,0,Fungi,1.00,Ascomycota,1.00,Leotiomycetes,0.97,Thelebolales,0.97,Thelebolaceae,0.97,,,,,+,Family,Thelebolaceae,"k:Fungi,p:Ascomycota,c:Leotiomycetes,o:Thelebolales,f:Thelebolaceae"
ASV149,0,0,0,0,0,167,0,0,0,0,0,0,0,0,0,0,0,0,0,0,Fungi,1.00,Ascomycota,1.00,Sordariomycetes,1.00,Hypocreales,1.00,,,,,,,+,Order,Hypocreales,"k:Fungi,p:Ascomycota,c:Sordariomycetes,o:Hypocreales"
ASV150,0,0,0,0,0,0,0,0,164,0,0,0,0,0,0,0,0,0,0,0,Fungi,1.00,Ascomycota,1.00,,,,,,,,,,,+,Phylum,Ascomycota,"k:Fungi,p:Ascomycota"
ASV151,0,116,0,0,0,0,0,0,0,0,44,0,0,0,0,0,0,0,0,0,Fungi,1.00,Ascomycota,1.00,Sordariomycetes,0.99,Sordariales,0.98,,,,,,,+,Order,Sordariales,"k:Fungi,p:Ascomycota,c:Sordariomycetes,o:Sordariales"
ASV152,0,0,0,0,0,0,0,0,158,0,0,0,0,0,0,0,0,0,0,0,Fungi,1.00,Ascomycota,1.00,Sordariomycetes,1.00,Hypocreales,1.00,Nectriaceae,1.00,Fusarium,0.99,,,+,Genus,Fusarium,"k:Fungi,p:Ascomycota,c:Sordariomycetes,o:Hypocreales,f:Nectriaceae,g:Fusarium"
ASV154,0,0,0,0,0,0,0,0,157,0,0,0,0,0,0,0,0,0,0,0,Fungi,1.00,,,,,,,,,,,,,+,Kingdom,Fungi,k:Fungi
ASV156,0,0,0,0,0,0,0,150,0,0,0,0,0,0,0,0,0,0,0,0,Fungi,1.00,Basidiomycota,1.00,Microbotryomycetes,1.00,Leucosporidiales,1.00,,,,,,,+,Order,Leucosporidiales,"k:Fungi,p:Basidiomycota,c:Microbotryomycetes,o:Leucosporidiales"
ASV157,0,0,0,149,0,0,0,0,0,0,0,0,0,0,0,0,0,0,0,0,Fungi,1.00,Ascomycota,1.00,Sordariomycetes,1.00,Sordariales,0.99,Lasiosphaeriaceae,0.91,,,,,+,Family,Lasiosphaeriaceae,"k:Fungi,p:Ascomycota,c:Sordariomycetes,o:Sordariales,f:Lasiosphaeriaceae"
ASV159,0,0,0,0,0,0,0,0,0,0,0,0,0,0,0,146,0,0,0,0,Fungi,1.00,,,,,,,,,,,,,+,Kingdom,Fungi,k:Fungi
ASV16,699,0,0,0,0,0,0,0,2529,0,0,0,0,0,0,0,0,0,0,0,Fungi,1.00,Ascomycota,1.00,Sordariomycetes,1.00,Microascales,1.00,Microascaceae,0.83,Doratomyces,0.81,,,+,Genus,Doratomyces,"k:Fungi,p:Ascomycota,c:Sordariomycetes,o:Microascales,f:Microascaceae,g:Doratomyces"
ASV162,0,10,0,18,0,0,0,0,0,0,110,0,0,0,0,0,0,0,0,0,Fungi,1.00,Ascomycota,1.00,Sordariomycetes,1.00,Lulworthiales,1.00,,,,,,,+,Order,Lulworthiales,"k:Fungi,p:Ascomycota,c:Sordariomycetes,o:Lulworthiales"
ASV164,0,83,0,36,0,0,0,4,0,0,10,0,0,0,0,0,0,0,0,0,Fungi,1.00,Ascomycota,1.00,,,,,,,,,,,+,Phylum,Ascomycota,"k:Fungi,p:Ascomycota"
ASV166,0,0,0,0,133,0,0,0,0,0,0,0,0,0,0,0,0,0,0,0,Fungi,1.00,Ascomycota,0.97,,,,,,,,,,,+,Phylum,Ascomycota,"k:Fungi,p:Ascomycota"
ASV168,0,0,0,0,0,0,132,0,0,0,0,0,0,0,0,0,0,0,0,0,Fungi,1.00,,,,,,,,,,,,,+,Kingdom,Fungi,k:Fungi
ASV169,0,8,5,17,0,6,0,0,0,0,95,0,0,0,0,0,0,0,0,0,Fungi,1.00,Ascomycota,1.00,Sordariomycetes,1.00,Hypocreales,1.00,Bionectriaceae,0.99,Bionectria,0.99,Bionectria_sp.,0.99,+,Species,Bionectria_sp.,"k:Fungi,p:Ascomycota,c:Sordariomycetes,o:Hypocreales,f:Bionectriaceae,g:Bionectria,s:Bionectria_sp."
ASV17,0,2847,61,102,0,0,0,0,0,0,0,46,0,0,0,0,0,0,0,0,Fungi,1.00,Ascomycota,1.00,Sordariomycetes,0.98,Sordariales,0.98,,,,,,,+,Order,Sordariales,"k:Fungi,p:Ascomycota,c:Sordariomycetes,o:Sordariales"
ASV170,0,10,0,0,0,0,0,0,0,0,118,0,0,0,0,0,0,0,0,0,Fungi,1.00,Ascomycota,1.00,Sordariomycetes,1.00,Hypocreales,0.97,Nectriaceae,0.96,Nectria,0.96,,,+,Genus,Nectria,"k:Fungi,p:Ascomycota,c:Sordariomycetes,o:Hypocreales,f:Nectriaceae,g:Nectria"
ASV172,0,0,0,0,0,0,0,0,127,0,0,0,0,0,0,0,0,0,0,0,Fungi,1.00,Ascomycota,1.00,Sordariomycetes,1.00,Hypocreales,1.00,Nectriaceae,1.00,Fusarium,1.00,Fusarium_oxysporum,0.88,+,Species,Fusarium_oxysporum,"k:Fungi,p:Ascomycota,c:Sordariomycetes,o:Hypocreales,f:Nectriaceae,g:Fusarium,s:Fusarium_oxysporum"
ASV173,0,0,0,0,0,0,0,0,126,0,0,0,0,0,0,0,0,0,0,0,Fungi,1.00,Ascomycota,0.98,Saccharomycetes,0.95,Saccharomycetales,0.95,Saccharomycetaceae,0.95,Pichia,0.92,Pichia_fermentans,0.91,+,Species,Pichia_fermentans,"k:Fungi,p:Ascomycota,c:Saccharomycetes,o:Saccharomycetales,f:Saccharomycetaceae,g:Pichia,s:Pichia_fermentans"
ASV174,0,0,0,105,0,0,0,0,0,0,0,0,3,17,0,0,0,0,0,0,Fungi,1.00,Ascomycota,0.99,,,,,,,,,,,+,Phylum,Ascomycota,"k:Fungi,p:Ascomycota"
ASV177,0,0,0,0,0,0,0,0,0,0,0,0,0,0,0,0,0,0,0,124,Fungi,1.00,Ascomycota,1.00,Pezizomycetes,1.00,Pezizales,1.00,,,,,,,+,Order,Pezizales,"k:Fungi,p:Ascomycota,c:Pezizomycetes,o:Pezizales"
ASV178,0,3,0,0,0,0,0,4,95,0,20,0,0,0,0,0,0,0,0,0,Fungi,1.00,Ascomycota,1.00,Dothideomycetes,0.84,Pleosporales,0.84,,,,,,,+,Order,Pleosporales,"k:Fungi,p:Ascomycota,c:Dothideomycetes,o:Pleosporales"
ASV179,0,0,0,0,72,17,0,0,0,0,0,0,33,0,0,0,0,0,0,0,Fungi,1.00,Ascomycota,1.00,Pezizomycetes,1.00,Pezizales,1.00,,,,,,,+,Order,Pezizales,"k:Fungi,p:Ascomycota,c:Pezizomycetes,o:Pezizales"
ASV18,0,0,0,0,0,0,0,0,2707,0,0,0,0,0,0,0,0,0,0,0,Fungi,1.00,Basidiomycota,1.00,Tremellomycetes,1.00,Trichosporonales,1.00,Trichosporonaceae,1.00,,,,,+,Family,Trichosporonaceae,"k:Fungi,p:Basidiomycota,c:Tremellomycetes,o:Trichosporonales,f:Trichosporonaceae"
ASV180,0,0,0,0,0,79,0,0,0,0,0,0,42,0,0,0,0,0,0,0,Fungi,1.00,,,,,,,,,,,,,+,Kingdom,Fungi,k:Fungi
ASV183,0,0,0,0,117,0,0,0,0,0,0,0,0,0,0,0,0,0,0,0,Fungi,1.00,,,,,,,,,,,,,+,Kingdom,Fungi,k:Fungi
ASV184,0,42,0,15,0,0,0,0,0,0,57,0,0,0,0,0,0,0,0,0,Fungi,1.00,Ascomycota,1.00,Sordariomycetes,1.00,Diaporthales,1.00,Valsaceae,1.00,Cytospora,0.97,Cytospora_predappioensis,0.94,+,Species,Cytospora_predappioensis,"k:Fungi,p:Ascomycota,c:Sordariomycetes,o:Diaporthales,f:Valsaceae,g:Cytospora,s:Cytospora_predappioensis"
ASV185,0,0,0,68,0,0,0,0,0,0,46,0,0,0,0,0,0,0,0,0,Fungi,1.00,Ascomycota,1.00,Dothideomycetes,0.95,Pleosporales,0.95,Phaeosphaeriaceae,0.95,Sclerostagonospora,0.95,Sclerostagonospora_sp.,0.95,+,Species,Sclerostagonospora_sp.,"k:Fungi,p:Ascomycota,c:Dothideomycetes,o:Pleosporales,f:Phaeosphaeriaceae,g:Sclerostagonospora,s:Sclerostagonospora_sp."
ASV186,0,21,0,26,0,0,0,0,0,0,66,0,0,0,0,0,0,0,0,0,Fungi,1.00,Ascomycota,1.00,Dothideomycetes,0.99,,,,,,,,,+,Class,Dothideomycetes,"k:Fungi,p:Ascomycota,c:Dothideomycetes"
ASV187,0,10,0,18,0,0,0,0,0,0,83,0,0,0,0,2,0,0,0,0,Fungi,1.00,Basidiomycota,1.00,Agaricomycetes,1.00,Agaricales,1.00,Strophariaceae,1.00,Hypholoma,1.00,Hypholoma_sublateritium,1.00,+,Species,Hypholoma_sublateritium,"k:Fungi,p:Basidiomycota,c:Agaricomycetes,o:Agaricales,f:Strophariaceae,g:Hypholoma,s:Hypholoma_sublateritium"
ASV188,0,0,0,0,0,84,0,0,0,0,0,0,29,0,0,0,0,0,0,0,Fungi,1.00,Ascomycota,0.99,,,,,,,,,,,+,Phylum,Ascomycota,"k:Fungi,p:Ascomycota"
ASV189,0,0,0,0,0,0,93,0,0,20,0,0,0,0,0,0,0,0,0,0,Fungi,1.00,Ascomycota,0.92,,,,,,,,,,,+,Phylum,Ascomycota,"k:Fungi,p:Ascomycota"
ASV19,0,798,605,222,0,64,0,0,0,26,407,0,11,0,0,0,0,0,0,0,Fungi,1.00,Ascomycota,1.00,Sordariomycetes,1.00,Sordariales,0.99,Sordariaceae,0.86,Sordaria,0.86,Sordaria_araneosa,0.86,+,Species,Sordaria_araneosa,"k:Fungi,p:Ascomycota,c:Sordariomycetes,o:Sordariales,f:Sordariaceae,g:Sordaria,s:Sordaria_araneosa"
ASV191,0,14,0,14,0,0,0,0,0,0,84,0,0,0,0,0,0,0,0,0,Fungi,1.00,Ascomycota,1.00,Eurotiomycetes,0.99,Chaetothyriales,0.99,Chaetothyriaceae,0.99,Cyphellophora,0.99,Cyphellophora_sessilis,0.99,+,Species,Cyphellophora_sessilis,"k:Fungi,p:Ascomycota,c:Eurotiomycetes,o:Chaetothyriales,f:Chaetothyriaceae,g:Cyphellophora,s:Cyphellophora_sessilis"
ASV192,0,0,0,0,0,0,0,0,0,0,0,0,0,0,61,0,0,50,0,0,Fungi,1.00,Basidiomycota,1.00,Agaricomycetes,1.00,Boletales,1.00,Melanogastraceae,1.00,Melanogaster,1.00,,,+,Genus,Melanogaster,"k:Fungi,p:Basidiomycota,c:Agaricomycetes,o:Boletales,f:Melanogastraceae,g:Melanogaster"
ASV193,0,0,0,0,0,0,0,10,0,0,18,0,0,0,0,0,0,82,0,0,Fungi,1.00,Basidiomycota,1.00,Agaricomycetes,1.00,Agaricales,1.00,Strophariaceae,1.00,Hypholoma,1.00,Hypholoma_capnoides,1.00,+,Species,Hypholoma_capnoides,"k:Fungi,p:Basidiomycota,c:Agaricomycetes,o:Agaricales,f:Strophariaceae,g:Hypholoma,s:Hypholoma_capnoides"
ASV194,109,0,0,0,0,0,0,0,0,0,0,0,0,0,0,0,0,0,0,0,Fungi,1.00,Ascomycota,1.00,Sordariomycetes,1.00,Hypocreales,1.00,Nectriaceae,1.00,,,,,+,Family,Nectriaceae,"k:Fungi,p:Ascomycota,c:Sordariomycetes,o:Hypocreales,f:Nectriaceae"
ASV197,0,0,0,0,0,0,0,0,0,0,107,0,0,0,0,0,0,0,0,0,Fungi,1.00,Ascomycota,1.00,Sordariomycetes,1.00,Hypocreales,1.00,Nectriaceae,1.00,Fusarium,1.00,,,+,Genus,Fusarium,"k:Fungi,p:Ascomycota,c:Sordariomycetes,o:Hypocreales,f:Nectriaceae,g:Fusarium"
ASV198,0,0,0,0,0,0,0,0,0,0,106,0,0,0,0,0,0,0,0,0,Fungi,1.00,Basidiomycota,0.98,Tremellomycetes,0.96,Tremellales,0.94,,,,,,,+,Order,Tremellales,"k:Fungi,p:Basidiomycota,c:Tremellomycetes,o:Tremellales"
ASV199,0,0,0,0,0,0,0,0,0,0,0,103,0,0,0,0,0,0,0,0,Fungi,1.00,Ascomycota,1.00,Sordariomycetes,1.00,Xylariales,0.97,Xylariaceae,0.97,Nemania,0.97,Nemania_maritima,0.97,+,Species,Nemania_maritima,"k:Fungi,p:Ascomycota,c:Sordariomycetes,o:Xylariales,f:Xylariaceae,g:Nemania,s:Nemania_maritima"
ASV2,8863,1363,1597,2533,0,449,2968,8931,3428,471,176,7498,0,0,0,0,0,0,228,0,Fungi,1.00,Ascomycota,1.00,Leotiomycetes,0.93,Thelebolales,0.93,Thelebolaceae,0.93,,,,,+,Family,Thelebolaceae,"k:Fungi,p:Ascomycota,c:Leotiomycetes,o:Thelebolales,f:Thelebolaceae"
ASV200,0,0,0,0,0,0,0,0,102,0,0,0,0,0,0,0,0,0,0,0,Fungi,1.00,Ascomycota,1.00,Sordariomycetes,1.00,Hypocreales,0.99,,,,,,,+,Order,Hypocreales,"k:Fungi,p:Ascomycota,c:Sordariomycetes,o:Hypocreales"
ASV201,0,73,0,28,0,0,0,0,0,0,0,0,0,0,0,0,0,0,0,0,Fungi,1.00,Ascomycota,1.00,,,,,,,,,,,+,Phylum,Ascomycota,"k:Fungi,p:Ascomycota"
ASV202,0,0,0,0,0,99,0,0,0,0,0,0,0,0,0,0,0,0,0,0,Fungi,1.00,Ascomycota,1.00,Eurotiomycetes,1.00,Eurotiales,1.00,Trichocomaceae,1.00,Penicillium,1.00,,,+,Genus,Penicillium,"k:Fungi,p:Ascomycota,c:Eurotiomycetes,o:Eurotiales,f:Trichocomaceae,g:Penicillium"
ASV204,0,10,0,0,0,0,0,0,0,0,87,0,0,0,0,0,0,0,0,0,Fungi,1.00,Ascomycota,1.00,Sordariomycetes,1.00,Xylariales,1.00,Xylariaceae,1.00,Xylaria,1.00,Xylaria_longipes,0.98,+,Species,Xylaria_longipes,"k:Fungi,p:Ascomycota,c:Sordariomycetes,o:Xylariales,f:Xylariaceae,g:Xylaria,s:Xylaria_longipes"
ASV206,0,0,0,0,0,0,0,0,0,0,0,0,0,0,92,0,5,0,0,0,Fungi,1.00,,,,,,,,,,,,,+,Kingdom,Fungi,k:Fungi
ASV208,0,60,0,36,0,0,0,0,0,0,0,0,0,0,0,0,0,0,0,0,Fungi,1.00,Basidiomycota,0.99,Tremellomycetes,0.99,Tremellales,0.92,Tremellaceae,0.83,,,,,+,Family,Tremellaceae,"k:Fungi,p:Basidiomycota,c:Tremellomycetes,o:Tremellales,f:Tremellaceae"
ASV21,116,0,0,0,235,223,266,0,0,259,0,0,0,0,0,198,411,257,0,0,Fungi,1.00,Ascomycota,1.00,Leotiomycetes,0.95,Thelebolales,0.95,Thelebolaceae,0.95,,,,,+,Family,Thelebolaceae,"k:Fungi,p:Ascomycota,c:Leotiomycetes,o:Thelebolales,f:Thelebolaceae"
ASV210,0,16,0,9,0,0,0,0,0,0,69,0,0,0,0,0,0,0,0,0,Fungi,1.00,Ascomycota,1.00,,,,,,,,,,,+,Phylum,Ascomycota,"k:Fungi,p:Ascomycota"
ASV212,0,0,0,0,0,0,0,0,93,0,0,0,0,0,0,0,0,0,0,0,Fungi,1.00,Basidiomycota,1.00,Tremellomycetes,1.00,Trichosporonales,1.00,Trichosporonaceae,1.00,,,,,+,Family,Trichosporonaceae,"k:Fungi,p:Basidiomycota,c:Tremellomycetes,o:Trichosporonales,f:Trichosporonaceae"
ASV213,0,0,0,22,0,0,0,46,0,0,24,0,0,0,0,0,0,0,0,0,Fungi,1.00,Ascomycota,1.00,Dothideomycetes,0.99,Pleosporales,0.99,,,,,,,+,Order,Pleosporales,"k:Fungi,p:Ascomycota,c:Dothideomycetes,o:Pleosporales"
ASV214,0,0,0,0,0,0,0,0,0,0,92,0,0,0,0,0,0,0,0,0,Fungi,1.00,Ascomycota,1.00,Sordariomycetes,1.00,Hypocreales,1.00,,,,,,,+,Order,Hypocreales,"k:Fungi,p:Ascomycota,c:Sordariomycetes,o:Hypocreales"
ASV215,0,13,0,37,0,0,0,0,0,0,41,0,0,0,0,0,0,0,0,0,Fungi,1.00,Ascomycota,1.00,Dothideomycetes,1.00,Pleosporales,0.87,,,,,,,+,Order,Pleosporales,"k:Fungi,p:Ascomycota,c:Dothideomycetes,o:Pleosporales"
ASV216,0,0,0,0,0,0,0,0,0,0,0,0,0,0,0,91,0,0,0,0,Fungi,1.00,Basidiomycota,1.00,Agaricomycetes,1.00,Agaricales,1.00,Psathyrellaceae,1.00,Coprinopsis,1.00,Coprinopsis_semitalis,1.00,+,Species,Coprinopsis_semitalis,"k:Fungi,p:Basidiomycota,c:Agaricomycetes,o:Agaricales,f:Psathyrellaceae,g:Coprinopsis,s:Coprinopsis_semitalis"
ASV217,0,89,0,0,0,0,0,0,0,0,0,0,0,0,0,0,0,0,0,0,Fungi,1.00,,,,,,,,,,,,,+,Kingdom,Fungi,k:Fungi
ASV218,0,0,0,88,0,0,0,0,0,0,0,0,0,0,0,0,0,0,0,0,Fungi,1.00,Ascomycota,1.00,Dothideomycetes,0.91,,,,,,,,,+,Class,Dothideomycetes,"k:Fungi,p:Ascomycota,c:Dothideomycetes"
ASV219,0,0,0,0,0,0,0,0,88,0,0,0,0,0,0,0,0,0,0,0,Fungi,1.00,Ascomycota,0.96,Sordariomycetes,0.93,Hypocreales,0.93,,,,,,,+,Order,Hypocreales,"k:Fungi,p:Ascomycota,c:Sordariomycetes,o:Hypocreales"
ASV22,0,0,0,0,0,0,0,0,0,0,0,0,0,0,0,0,0,0,1510,450,Fungi,1.00,Ascomycota,1.00,Pezizomycetes,1.00,Pezizales,1.00,Ascobolaceae,1.00,Ascobolus,1.00,Ascobolus_sp._CA01,0.99,+,Species,Ascobolus_sp._CA01,"k:Fungi,p:Ascomycota,c:Pezizomycetes,o:Pezizales,f:Ascobolaceae,g:Ascobolus,s:Ascobolus_sp._CA01"
ASV221,0,0,0,0,0,0,0,0,0,0,88,0,0,0,0,0,0,0,0,0,Fungi,1.00,Basidiomycota,0.98,Tremellomycetes,0.80,,,,,,,,,+,Class,Tremellomycetes,"k:Fungi,p:Basidiomycota,c:Tremellomycetes"
ASV223,0,0,0,0,0,0,0,0,0,0,0,0,0,0,0,0,0,85,0,0,Fungi,1.00,Ascomycota,1.00,Pezizomycetes,1.00,Pezizales,1.00,Pyronemataceae,1.00,Cheilymenia,1.00,Cheilymenia_stercorea,1.00,+,Species,Cheilymenia_stercorea,"k:Fungi,p:Ascomycota,c:Pezizomycetes,o:Pezizales,f:Pyronemataceae,g:Cheilymenia,s:Cheilymenia_stercorea"
ASV228,0,0,0,0,0,0,0,0,2,0,79,0,0,0,0,0,0,0,0,0,Fungi,1.00,Ascomycota,1.00,Dothideomycetes,0.95,Pleosporales,0.95,Leptosphaeriaceae,0.95,,,,,+,Family,Leptosphaeriaceae,"k:Fungi,p:Ascomycota,c:Dothideomycetes,o:Pleosporales,f:Leptosphaeriaceae"
ASV23,0,0,0,0,0,0,0,0,0,0,1848,0,0,0,0,0,0,0,0,0,Fungi,1.00,Ascomycota,1.00,Dothideomycetes,1.00,Pleosporales,1.00,,,Peyronellaea,0.95,,,+,Genus,Peyronellaea,"k:Fungi,p:Ascomycota,c:Dothideomycetes,o:Pleosporales,g:Peyronellaea"
ASV231,0,36,0,0,0,0,0,0,0,0,43,0,0,0,0,0,0,0,0,0,Fungi,1.00,Ascomycota,1.00,Leotiomycetes,0.88,,,,,,,,,+,Class,Leotiomycetes,"k:Fungi,p:Ascomycota,c:Leotiomycetes"
ASV232,0,7,0,0,0,0,0,0,0,0,72,0,0,0,0,0,0,0,0,0,Fungi,1.00,Ascomycota,1.00,Eurotiomycetes,1.00,Chaetothyriales,1.00,,,,,,,+,Order,Chaetothyriales,"k:Fungi,p:Ascomycota,c:Eurotiomycetes,o:Chaetothyriales"
ASV233,0,77,0,0,0,0,0,0,0,0,0,0,0,0,0,0,0,0,0,0,Fungi,1.00,Ascomycota,1.00,Leotiomycetes,1.00,Helotiales,1.00,,,Pilidium,1.00,Pilidium_concavum,1.00,+,Species,Pilidium_concavum,"k:Fungi,p:Ascomycota,c:Leotiomycetes,o:Helotiales,g:Pilidium,s:Pilidium_concavum"
ASV234,0,0,0,0,0,0,0,0,0,0,76,0,0,0,0,0,0,0,0,0,Fungi,1.00,Ascomycota,1.00,Dothideomycetes,0.95,,,,,,,,,+,Class,Dothideomycetes,"k:Fungi,p:Ascomycota,c:Dothideomycetes"
ASV235,0,20,0,28,0,0,0,0,0,0,27,0,0,0,0,0,0,0,0,0,Fungi,1.00,Ascomycota,1.00,Dothideomycetes,1.00,Pleosporales,1.00,Phaeosphaeriaceae,1.00,,,,,+,Family,Phaeosphaeriaceae,"k:Fungi,p:Ascomycota,c:Dothideomycetes,o:Pleosporales,f:Phaeosphaeriaceae"
ASV236,0,0,0,0,0,0,0,0,75,0,0,0,0,0,0,0,0,0,0,0,Fungi,1.00,Ascomycota,0.96,Saccharomycetes,0.94,Saccharomycetales,0.94,Dipodascaceae,0.93,Galactomyces,0.92,,,+,Genus,Galactomyces,"k:Fungi,p:Ascomycota,c:Saccharomycetes,o:Saccharomycetales,f:Dipodascaceae,g:Galactomyces"
ASV238,0,0,73,0,0,0,0,0,0,0,0,0,0,0,0,0,0,0,0,0,Fungi,1.00,Ascomycota,1.00,Sordariomycetes,1.00,Microascales,0.97,Microascaceae,0.97,,,,,+,Family,Microascaceae,"k:Fungi,p:Ascomycota,c:Sordariomycetes,o:Microascales,f:Microascaceae"
ASV239,0,0,0,0,0,0,73,0,0,0,0,0,0,0,0,0,0,0,0,0,Fungi,1.00,Basidiomycota,1.00,Tremellomycetes,1.00,,,,,,,,,+,Class,Tremellomycetes,"k:Fungi,p:Basidiomycota,c:Tremellomycetes"
ASV24,0,0,9,0,14,0,0,0,0,0,0,0,0,1711,0,0,0,0,0,0,Fungi,1.00,Ascomycota,0.99,,,,,,,,,,,+,Phylum,Ascomycota,"k:Fungi,p:Ascomycota"
ASV241,0,0,0,0,0,0,0,0,0,0,0,0,0,0,0,0,0,73,0,0,Fungi,1.00,,,,,,,,,,,,,+,Kingdom,Fungi,k:Fungi
ASV243,0,0,0,0,28,44,0,0,0,0,0,0,0,0,0,0,0,0,0,0,Fungi,1.00,Basidiomycota,1.00,Agaricomycetes,1.00,Agaricales,1.00,Psathyrellaceae,0.94,Coprinellus,0.93,,,+,Genus,Coprinellus,"k:Fungi,p:Basidiomycota,c:Agaricomycetes,o:Agaricales,f:Psathyrellaceae,g:Coprinellus"
ASV244,0,0,0,0,0,0,0,67,0,5,0,0,0,0,0,0,0,0,0,0,Fungi,1.00,Ascomycota,0.99,Dothideomycetes,0.97,Pleosporales,0.97,Phaeosphaeriaceae,0.97,Sclerostagonospora,0.97,Sclerostagonospora_sp.,0.97,+,Species,Sclerostagonospora_sp.,"k:Fungi,p:Ascomycota,c:Dothideomycetes,o:Pleosporales,f:Phaeosphaeriaceae,g:Sclerostagonospora,s:Sclerostagonospora_sp."
ASV245,0,0,0,0,0,0,0,0,0,0,71,0,0,0,0,0,0,0,0,0,Fungi,1.00,Basidiomycota,1.00,Agaricomycetes,1.00,Agaricales,1.00,Psathyrellaceae,0.98,Coprinellus,0.98,Coprinellus_micaceus,0.94,+,Species,Coprinellus_micaceus,"k:Fungi,p:Basidiomycota,c:Agaricomycetes,o:Agaricales,f:Psathyrellaceae,g:Coprinellus,s:Coprinellus_micaceus"
ASV248,0,70,0,0,0,0,0,0,0,0,0,0,0,0,0,0,0,0,0,0,Fungi,1.00,Ascomycota,1.00,Dothideomycetes,1.00,Pleosporales,1.00,Pleosporales_incertae_sedis,0.96,Coniothyrium,0.96,Coniothyrium_fuckelii,0.96,+,Species,Coniothyrium_fuckelii,"k:Fungi,p:Ascomycota,c:Dothideomycetes,o:Pleosporales,f:Pleosporales_incertae_sedis,g:Coniothyrium,s:Coniothyrium_fuckelii"
ASV25,0,505,34,0,86,49,0,0,0,124,90,82,688,0,0,0,12,0,0,0,Fungi,1.00,Ascomycota,1.00,Pezizomycetes,1.00,Pezizales,1.00,,,Trichobolus,0.99,Trichobolus_sp._zukalii-CA01,0.99,+,Species,Trichobolus_sp._zukalii-CA01,"k:Fungi,p:Ascomycota,c:Pezizomycetes,o:Pezizales,g:Trichobolus,s:Trichobolus_sp._zukalii-CA01"
ASV250,0,0,0,0,0,0,0,59,0,0,11,0,0,0,0,0,0,0,0,0,Fungi,1.00,Basidiomycota,1.00,Cystobasidiomycetes,0.99,Cystobasidiales,0.99,Cystobasidiaceae,0.99,Cystobasidium,0.99,Cystobasidium_slooffiae,0.99,+,Species,Cystobasidium_slooffiae,"k:Fungi,p:Basidiomycota,c:Cystobasidiomycetes,o:Cystobasidiales,f:Cystobasidiaceae,g:Cystobasidium,s:Cystobasidium_slooffiae"
ASV252,0,0,0,0,0,0,0,0,69,0,0,0,0,0,0,0,0,0,0,0,Fungi,1.00,Ascomycota,1.00,Ascomycota_class_incertae_sedis,0.98,Ascomycota_order_incertae_sedis,0.98,Ascomycota_family_incertae_sedis,0.98,Trichocladium,0.92,Trichocladium_asperum,0.92,+,Species,Trichocladium_asperum,"k:Fungi,p:Ascomycota,c:Ascomycota_class_incertae_sedis,o:Ascomycota_order_incertae_sedis,f:Ascomycota_family_incertae_sedis,g:Trichocladium,s:Trichocladium_asperum"
ASV253,0,11,0,0,0,0,0,8,0,0,49,0,0,0,0,0,0,0,0,0,Fungi,1.00,Ascomycota,1.00,Dothideomycetes,1.00,Pleosporales,1.00,,,Peyronellaea,0.89,Peyronellaea_glomerata,0.83,+,Species,Peyronellaea_glomerata,"k:Fungi,p:Ascomycota,c:Dothideomycetes,o:Pleosporales,g:Peyronellaea,s:Peyronellaea_glomerata"
ASV255,0,0,0,0,0,0,0,0,0,0,68,0,0,0,0,0,0,0,0,0,Fungi,1.00,Ascomycota,1.00,Ascomycota_class_incertae_sedis,1.00,Ascomycota_order_incertae_sedis,1.00,Ascomycota_family_incertae_sedis,1.00,Preussia,1.00,,,+,Genus,Preussia,"k:Fungi,p:Ascomycota,c:Ascomycota_class_incertae_sedis,o:Ascomycota_order_incertae_sedis,f:Ascomycota_family_incertae_sedis,g:Preussia"
ASV257,0,36,0,17,0,0,0,0,0,0,12,0,0,0,0,0,0,0,0,0,Fungi,1.00,Ascomycota,1.00,Sordariomycetes,1.00,Diaporthales,1.00,Valsaceae,1.00,Valsa,0.98,,,+,Genus,Valsa,"k:Fungi,p:Ascomycota,c:Sordariomycetes,o:Diaporthales,f:Valsaceae,g:Valsa"
ASV259,0,0,0,64,0,0,0,0,0,0,0,0,0,0,0,0,0,0,0,0,Fungi,1.00,,,,,,,,,,,,,+,Kingdom,Fungi,k:Fungi
ASV263,0,62,0,0,0,0,0,0,0,0,0,0,0,0,0,0,0,0,0,0,Fungi,1.00,Ascomycota,1.00,,,,,,,,,,,+,Phylum,Ascomycota,"k:Fungi,p:Ascomycota"
ASV264,0,14,0,21,0,0,0,0,0,0,27,0,0,0,0,0,0,0,0,0,Fungi,1.00,Basidiomycota,1.00,Agaricomycetes,1.00,Polyporales,1.00,Polyporaceae,0.83,Trametes,0.83,Trametes_versicolor,0.83,+,Species,Trametes_versicolor,"k:Fungi,p:Basidiomycota,c:Agaricomycetes,o:Polyporales,f:Polyporaceae,g:Trametes,s:Trametes_versicolor"
ASV265,0,0,0,14,0,0,0,0,0,0,19,0,0,0,0,0,0,29,0,0,Fungi,1.00,Basidiomycota,1.00,Agaricomycetes,1.00,Agaricales,1.00,Physalacriaceae,0.99,Armillaria,0.99,,,+,Genus,Armillaria,"k:Fungi,p:Basidiomycota,c:Agaricomycetes,o:Agaricales,f:Physalacriaceae,g:Armillaria"
ASV267,0,0,0,0,0,0,0,0,0,0,0,0,0,0,0,0,62,0,0,0,Fungi,1.00,Ascomycota,0.82,,,,,,,,,,,+,Phylum,Ascomycota,"k:Fungi,p:Ascomycota"
ASV269,0,0,0,26,0,0,0,3,0,0,32,0,0,0,0,0,0,0,0,0,Fungi,1.00,Ascomycota,1.00,Taphrinomycetes,1.00,Taphrinales,1.00,Taphrinaceae,1.00,Lalaria,0.98,,,+,Genus,Lalaria,"k:Fungi,p:Ascomycota,c:Taphrinomycetes,o:Taphrinales,f:Taphrinaceae,g:Lalaria"
ASV27,0,354,0,297,0,0,0,123,0,0,701,0,0,0,0,0,0,0,0,0,Fungi,1.00,Basidiomycota,1.00,Agaricomycetes,1.00,Phallales,1.00,Phallaceae,1.00,Phallus,1.00,Phallus_impudicus,1.00,+,Species,Phallus_impudicus,"k:Fungi,p:Basidiomycota,c:Agaricomycetes,o:Phallales,f:Phallaceae,g:Phallus,s:Phallus_impudicus"
ASV271,0,33,0,0,0,0,0,0,0,0,27,0,0,0,0,0,0,0,0,0,Fungi,1.00,Ascomycota,1.00,Sordariomycetes,1.00,Chaetosphaeriales,1.00,Chaetosphaeriaceae,1.00,Chaetosphaeria,1.00,Chaetosphaeria_ovoidea,0.99,+,Species,Chaetosphaeria_ovoidea,"k:Fungi,p:Ascomycota,c:Sordariomycetes,o:Chaetosphaeriales,f:Chaetosphaeriaceae,g:Chaetosphaeria,s:Chaetosphaeria_ovoidea"
ASV272,0,0,0,0,0,0,0,0,0,0,60,0,0,0,0,0,0,0,0,0,Fungi,1.00,Basidiomycota,0.95,Tremellomycetes,0.95,Tremellales,0.92,,,,,,,+,Order,Tremellales,"k:Fungi,p:Basidiomycota,c:Tremellomycetes,o:Tremellales"
ASV273,0,0,0,0,0,0,0,0,0,0,0,0,60,0,0,0,0,0,0,0,Fungi,1.00,,,,,,,,,,,,,+,Kingdom,Fungi,k:Fungi
ASV274,0,0,0,0,0,0,0,0,0,0,0,0,32,0,0,0,0,28,0,0,Fungi,1.00,Ascomycota,1.00,Leotiomycetes,0.99,Thelebolales,0.99,Thelebolaceae,0.99,,,,,+,Family,Thelebolaceae,"k:Fungi,p:Ascomycota,c:Leotiomycetes,o:Thelebolales,f:Thelebolaceae"
ASV276,0,0,0,0,0,0,0,0,0,0,0,0,0,0,0,0,0,0,59,0,Fungi,1.00,,,,,,,,,,,,,+,Kingdom,Fungi,k:Fungi
ASV277,0,0,0,0,0,0,0,0,58,0,0,0,0,0,0,0,0,0,0,0,Fungi,1.00,Ascomycota,0.89,Saccharomycetes,0.83,Saccharomycetales,0.83,,,,,,,+,Order,Saccharomycetales,"k:Fungi,p:Ascomycota,c:Saccharomycetes,o:Saccharomycetales"
ASV278,0,0,0,0,0,0,0,0,58,0,0,0,0,0,0,0,0,0,0,0,Fungi,1.00,Ascomycota,1.00,Sordariomycetes,1.00,Hypocreales,1.00,Flammocladiellaceae,0.89,Flammocladiella,0.89,Flammocladiella_decora,0.89,+,Species,Flammocladiella_decora,"k:Fungi,p:Ascomycota,c:Sordariomycetes,o:Hypocreales,f:Flammocladiellaceae,g:Flammocladiella,s:Flammocladiella_decora"
ASV279,0,57,0,0,0,0,0,0,0,0,0,0,0,0,0,0,0,0,0,0,Fungi,1.00,,,,,,,,,,,,,+,Kingdom,Fungi,k:Fungi
ASV28,0,0,0,0,0,0,0,0,0,0,0,0,0,0,1407,0,21,0,0,0,Fungi,1.00,Basidiomycota,0.96,Agaricomycetes,0.96,Agaricales,0.95,Bolbitiaceae,0.85,Conocybe,0.83,,,+,Genus,Conocybe,"k:Fungi,p:Basidiomycota,c:Agaricomycetes,o:Agaricales,f:Bolbitiaceae,g:Conocybe"
ASV280,0,0,0,0,0,0,0,0,0,0,57,0,0,0,0,0,0,0,0,0,Fungi,1.00,Basidiomycota,1.00,Agaricomycetes,1.00,Corticiales,1.00,Corticiaceae,0.99,Vuilleminia,0.99,Vuilleminia_comedens,0.99,+,Species,Vuilleminia_comedens,"k:Fungi,p:Basidiomycota,c:Agaricomycetes,o:Corticiales,f:Corticiaceae,g:Vuilleminia,s:Vuilleminia_comedens"
ASV282,0,0,0,0,0,0,0,0,0,0,0,0,0,0,0,0,0,0,57,0,Fungi,1.00,Ascomycota,1.00,Sordariomycetes,1.00,Sordariales,1.00,Lasiosphaeriaceae,1.00,Podospora,1.00,Podospora_pyriformis,1.00,+,Species,Podospora_pyriformis,"k:Fungi,p:Ascomycota,c:Sordariomycetes,o:Sordariales,f:Lasiosphaeriaceae,g:Podospora,s:Podospora_pyriformis"
ASV284,0,56,0,0,0,0,0,0,0,0,0,0,0,0,0,0,0,0,0,0,Fungi,1.00,,,,,,,,,,,,,+,Kingdom,Fungi,k:Fungi
ASV285,0,0,0,0,0,0,56,0,0,0,0,0,0,0,0,0,0,0,0,0,Fungi,1.00,Ascomycota,1.00,Sordariomycetes,0.99,Coniochaetales,0.90,Coniochaetaceae,0.90,,,,,+,Family,Coniochaetaceae,"k:Fungi,p:Ascomycota,c:Sordariomycetes,o:Coniochaetales,f:Coniochaetaceae"
ASV288,0,34,0,0,0,0,3,18,0,0,0,0,0,0,0,0,0,0,0,0,Fungi,1.00,Ascomycota,0.99,Leotiomycetes,0.99,Helotiales,0.99,Hyaloscyphaceae,0.99,Lachnellula,0.99,,,+,Genus,Lachnellula,"k:Fungi,p:Ascomycota,c:Leotiomycetes,o:Helotiales,f:Hyaloscyphaceae,g:Lachnellula"
ASV289,0,5,0,0,0,0,0,22,0,0,28,0,0,0,0,0,0,0,0,0,Fungi,1.00,Basidiomycota,1.00,Microbotryomycetes,1.00,Sporidiobolales,1.00,Sporidiobolaceae,1.00,Rhodotorula,1.00,,,+,Genus,Rhodotorula,"k:Fungi,p:Basidiomycota,c:Microbotryomycetes,o:Sporidiobolales,f:Sporidiobolaceae,g:Rhodotorula"
ASV29,0,0,0,0,0,0,0,0,0,0,0,0,0,0,0,0,0,0,994,407,Fungi,1.00,Ascomycota,1.00,Pezizomycetes,1.00,Pezizales,1.00,Ascobolaceae,1.00,Ascobolus,1.00,Ascobolus_sp._CA01,1.00,+,Species,Ascobolus_sp._CA01,"k:Fungi,p:Ascomycota,c:Pezizomycetes,o:Pezizales,f:Ascobolaceae,g:Ascobolus,s:Ascobolus_sp._CA01"
ASV290,0,0,0,0,0,0,0,0,0,0,55,0,0,0,0,0,0,0,0,0,Fungi,1.00,Ascomycota,1.00,Dothideomycetes,1.00,Mycosphaerellales,0.91,Mycosphaerellaceae,0.91,Ramularia,0.91,Ramularia_vizellae,0.90,+,Species,Ramularia_vizellae,"k:Fungi,p:Ascomycota,c:Dothideomycetes,o:Mycosphaerellales,f:Mycosphaerellaceae,g:Ramularia,s:Ramularia_vizellae"
ASV292,0,0,0,0,0,0,0,0,0,0,54,0,0,0,0,0,0,0,0,0,Fungi,1.00,Ascomycota,1.00,Eurotiomycetes,1.00,Chaetothyriales,1.00,,,,,,,+,Order,Chaetothyriales,"k:Fungi,p:Ascomycota,c:Eurotiomycetes,o:Chaetothyriales"
ASV293,0,23,0,0,0,0,0,0,0,0,30,0,0,0,0,0,0,0,0,0,Fungi,1.00,Ascomycota,1.00,Dothideomycetes,0.99,Pleosporales,0.99,,,,,,,+,Order,Pleosporales,"k:Fungi,p:Ascomycota,c:Dothideomycetes,o:Pleosporales"
ASV295,0,15,0,0,0,0,0,7,0,0,30,0,0,0,0,0,0,0,0,0,Fungi,1.00,Basidiomycota,1.00,,,,,,,,,,,+,Phylum,Basidiomycota,"k:Fungi,p:Basidiomycota"
ASV296,0,51,0,0,0,0,0,0,0,0,0,0,0,0,0,0,0,0,0,0,Fungi,1.00,Ascomycota,0.98,,,,,,,,,,,+,Phylum,Ascomycota,"k:Fungi,p:Ascomycota"
ASV297,0,0,0,22,0,0,0,0,0,0,29,0,0,0,0,0,0,0,0,0,Fungi,1.00,Ascomycota,1.00,Sordariomycetes,1.00,Xylariales,1.00,Xylariaceae,1.00,,,,,+,Family,Xylariaceae,"k:Fungi,p:Ascomycota,c:Sordariomycetes,o:Xylariales,f:Xylariaceae"
ASV3,0,0,0,0,4046,8583,0,0,0,1932,0,0,4121,3538,313,1628,334,247,0,0,Fungi,1.00,Ascomycota,1.00,,,,,,,,,,,+,Phylum,Ascomycota,"k:Fungi,p:Ascomycota"
ASV30,0,0,0,464,0,76,0,109,0,0,141,95,305,29,0,0,0,0,0,0,Fungi,1.00,Ascomycota,1.00,Pezizomycetes,1.00,Pezizales,1.00,,,Trichobolus,1.00,Trichobolus_sp._zukalii-CA01,1.00,+,Species,Trichobolus_sp._zukalii-CA01,"k:Fungi,p:Ascomycota,c:Pezizomycetes,o:Pezizales,g:Trichobolus,s:Trichobolus_sp._zukalii-CA01"
ASV300,0,14,0,0,0,15,0,0,0,0,21,0,0,0,0,0,0,0,0,0,Fungi,1.00,Ascomycota,1.00,Dothideomycetes,0.80,Pleosporales,0.80,,,,,,,+,Order,Pleosporales,"k:Fungi,p:Ascomycota,c:Dothideomycetes,o:Pleosporales"
ASV301,0,11,0,0,0,0,0,23,0,0,16,0,0,0,0,0,0,0,0,0,Fungi,1.00,Basidiomycota,1.00,Pucciniomycetes,0.83,Pucciniales,0.83,Uropyxidaceae,0.83,Ochropsora,0.83,Ochropsora_ariae,0.83,+,Species,Ochropsora_ariae,"k:Fungi,p:Basidiomycota,c:Pucciniomycetes,o:Pucciniales,f:Uropyxidaceae,g:Ochropsora,s:Ochropsora_ariae"
ASV302,0,0,0,0,0,50,0,0,0,0,0,0,0,0,0,0,0,0,0,0,Fungi,1.00,,,,,,,,,,,,,+,Kingdom,Fungi,k:Fungi
ASV303,0,0,0,0,0,0,0,0,0,0,50,0,0,0,0,0,0,0,0,0,Fungi,1.00,Basidiomycota,1.00,Tremellomycetes,1.00,Tremellales,1.00,Tremellaceae,1.00,Papiliotrema,0.97,Papiliotrema_flavescens,0.97,+,Species,Papiliotrema_flavescens,"k:Fungi,p:Basidiomycota,c:Tremellomycetes,o:Tremellales,f:Tremellaceae,g:Papiliotrema,s:Papiliotrema_flavescens"
ASV304,0,0,0,0,0,0,0,0,0,0,0,0,5,0,11,20,0,14,0,0,Fungi,1.00,Ascomycota,1.00,Sordariomycetes,0.84,,,,,,,,,+,Class,Sordariomycetes,"k:Fungi,p:Ascomycota,c:Sordariomycetes"
ASV306,0,30,0,0,0,0,0,3,0,0,16,0,0,0,0,0,0,0,0,0,Fungi,1.00,Ascomycota,1.00,Sordariomycetes,1.00,Hypocreales,1.00,Hypocreaceae,1.00,Trichoderma,1.00,Trichoderma_sp._GD25b,0.87,+,Species,Trichoderma_sp._GD25b,"k:Fungi,p:Ascomycota,c:Sordariomycetes,o:Hypocreales,f:Hypocreaceae,g:Trichoderma,s:Trichoderma_sp._GD25b"
ASV307,0,25,0,6,0,0,0,0,0,0,18,0,0,0,0,0,0,0,0,0,Fungi,1.00,Ascomycota,1.00,Sordariomycetes,1.00,Xylariales,1.00,Xylariaceae,1.00,Lopadostoma,1.00,,,+,Genus,Lopadostoma,"k:Fungi,p:Ascomycota,c:Sordariomycetes,o:Xylariales,f:Xylariaceae,g:Lopadostoma"
ASV308,0,20,0,29,0,0,0,0,0,0,0,0,0,0,0,0,0,0,0,0,Fungi,1.00,Basidiomycota,1.00,Agaricomycetes,1.00,Agaricales,1.00,Strophariaceae,1.00,Hypholoma,1.00,,,+,Genus,Hypholoma,"k:Fungi,p:Basidiomycota,c:Agaricomycetes,o:Agaricales,f:Strophariaceae,g:Hypholoma"
ASV31,0,0,0,0,0,0,0,0,0,0,0,0,0,0,0,1209,0,0,0,0,Fungi,1.00,Basidiomycota,1.00,Agaricomycetes,1.00,Agaricales,1.00,Psathyrellaceae,1.00,Coprinopsis,1.00,Coprinopsis_semitalis,1.00,+,Species,Coprinopsis_semitalis,"k:Fungi,p:Basidiomycota,c:Agaricomycetes,o:Agaricales,f:Psathyrellaceae,g:Coprinopsis,s:Coprinopsis_semitalis"
ASV310,0,10,0,0,0,0,0,13,0,0,25,0,0,0,0,0,0,0,0,0,Fungi,1.00,,,,,,,,,,,,,+,Kingdom,Fungi,k:Fungi
ASV311,0,0,0,48,0,0,0,0,0,0,0,0,0,0,0,0,0,0,0,0,Fungi,1.00,Ascomycota,1.00,Dothideomycetes,1.00,Pleosporales,1.00,Pleosporaceae,1.00,Pyrenochaeta,0.99,Pyrenochaeta_cava,0.99,+,Species,Pyrenochaeta_cava,"k:Fungi,p:Ascomycota,c:Dothideomycetes,o:Pleosporales,f:Pleosporaceae,g:Pyrenochaeta,s:Pyrenochaeta_cava"
ASV312,0,0,0,0,0,0,0,48,0,0,0,0,0,0,0,0,0,0,0,0,Fungi,1.00,Ascomycota,1.00,Sordariomycetes,0.97,Hypocreales,0.96,,,,,,,+,Order,Hypocreales,"k:Fungi,p:Ascomycota,c:Sordariomycetes,o:Hypocreales"
ASV313,0,0,0,0,0,0,0,0,0,0,48,0,0,0,0,0,0,0,0,0,Fungi,1.00,Basidiomycota,0.99,Tremellomycetes,0.99,Tremellales,0.99,Tremellaceae,0.99,Bulleribasidium,0.99,Bulleribasidium_oberjochense,0.99,+,Species,Bulleribasidium_oberjochense,"k:Fungi,p:Basidiomycota,c:Tremellomycetes,o:Tremellales,f:Tremellaceae,g:Bulleribasidium,s:Bulleribasidium_oberjochense"
ASV314,0,0,0,0,0,0,0,0,0,0,48,0,0,0,0,0,0,0,0,0,Fungi,1.00,Ascomycota,1.00,Sordariomycetes,1.00,Xylariales,1.00,Diatrypaceae,1.00,,,,,+,Family,Diatrypaceae,"k:Fungi,p:Ascomycota,c:Sordariomycetes,o:Xylariales,f:Diatrypaceae"
ASV316,0,47,0,0,0,0,0,0,0,0,0,0,0,0,0,0,0,0,0,0,Fungi,1.00,,,,,,,,,,,,,+,Kingdom,Fungi,k:Fungi
ASV317,0,0,0,36,0,0,0,0,0,0,11,0,0,0,0,0,0,0,0,0,Fungi,1.00,Ascomycota,1.00,Dothideomycetes,1.00,Pleosporales,1.00,,,,,,,+,Order,Pleosporales,"k:Fungi,p:Ascomycota,c:Dothideomycetes,o:Pleosporales"
ASV319,0,0,0,0,0,0,0,0,0,0,47,0,0,0,0,0,0,0,0,0,Fungi,1.00,Ascomycota,0.85,,,,,,,,,,,+,Phylum,Ascomycota,"k:Fungi,p:Ascomycota"
ASV32,0,0,0,0,0,0,0,0,0,0,1208,0,0,0,0,0,0,0,0,0,Fungi,1.00,Ascomycota,1.00,Leotiomycetes,1.00,Helotiales,1.00,,,Pilidium,1.00,Pilidium_concavum,1.00,+,Species,Pilidium_concavum,"k:Fungi,p:Ascomycota,c:Leotiomycetes,o:Helotiales,g:Pilidium,s:Pilidium_concavum"
ASV322,0,8,0,0,0,0,0,10,0,0,28,0,0,0,0,0,0,0,0,0,Fungi,1.00,Ascomycota,1.00,Dothideomycetes,1.00,Pleosporales,1.00,Pleosporales_incertae_sedis,0.97,Paraconiothyrium,0.91,Paraconiothyrium_sporulosum,0.91,+,Species,Paraconiothyrium_sporulosum,"k:Fungi,p:Ascomycota,c:Dothideomycetes,o:Pleosporales,f:Pleosporales_incertae_sedis,g:Paraconiothyrium,s:Paraconiothyrium_sporulosum"
ASV324,0,39,0,0,0,0,0,0,0,0,6,0,0,0,0,0,0,0,0,0,Fungi,1.00,Basidiomycota,1.00,Tremellomycetes,1.00,Cystofilobasidiales,1.00,,,Mrakia,1.00,Mrakia_aquatica,1.00,+,Species,Mrakia_aquatica,"k:Fungi,p:Basidiomycota,c:Tremellomycetes,o:Cystofilobasidiales,g:Mrakia,s:Mrakia_aquatica"
ASV325,0,9,0,0,0,0,0,0,0,0,36,0,0,0,0,0,0,0,0,0,Fungi,1.00,Basidiomycota,1.00,Agaricomycetes,1.00,Boletales,1.00,Boletaceae,1.00,Leccinellum,0.98,,,+,Genus,Leccinellum,"k:Fungi,p:Basidiomycota,c:Agaricomycetes,o:Boletales,f:Boletaceae,g:Leccinellum"
ASV326,0,23,0,0,0,0,0,21,0,0,0,0,0,0,0,0,0,0,0,0,Fungi,1.00,Ascomycota,1.00,Sordariomycetes,1.00,Hypocreales,1.00,Cordycipitaceae,1.00,Beauveria,1.00,Beauveria_bassiana,1.00,+,Species,Beauveria_bassiana,"k:Fungi,p:Ascomycota,c:Sordariomycetes,o:Hypocreales,f:Cordycipitaceae,g:Beauveria,s:Beauveria_bassiana"
ASV327,0,0,0,0,0,0,0,0,0,0,44,0,0,0,0,0,0,0,0,0,Fungi,1.00,,,,,,,,,,,,,+,Kingdom,Fungi,k:Fungi
ASV328,0,19,0,0,0,0,0,0,0,0,24,0,0,0,0,0,0,0,0,0,Fungi,1.00,Ascomycota,1.00,Sordariomycetes,1.00,Trichosphaeriales,1.00,,,,,,,+,Order,Trichosphaeriales,"k:Fungi,p:Ascomycota,c:Sordariomycetes,o:Trichosphaeriales"
ASV329,0,7,0,0,0,0,0,0,0,0,36,0,0,0,0,0,0,0,0,0,Fungi,1.00,Ascomycota,0.98,Dothideomycetes,0.91,Mycosphaerellales,0.88,,,,,,,+,Order,Mycosphaerellales,"k:Fungi,p:Ascomycota,c:Dothideomycetes,o:Mycosphaerellales"
ASV33,0,693,0,40,0,0,0,0,0,0,345,60,0,0,0,0,0,0,0,0,Fungi,1.00,Ascomycota,1.00,Pezizomycetes,1.00,Pezizales,1.00,,,Trichobolus,1.00,Trichobolus_zukalii,1.00,+,Species,Trichobolus_zukalii,"k:Fungi,p:Ascomycota,c:Pezizomycetes,o:Pezizales,g:Trichobolus,s:Trichobolus_zukalii"
ASV330,0,0,43,0,0,0,0,0,0,0,0,0,0,0,0,0,0,0,0,0,Fungi,1.00,Ascomycota,1.00,Eurotiomycetes,1.00,Onygenales,1.00,,,,,,,+,Order,Onygenales,"k:Fungi,p:Ascomycota,c:Eurotiomycetes,o:Onygenales"
ASV331,0,0,0,0,0,0,30,0,13,0,0,0,0,0,0,0,0,0,0,0,Fungi,1.00,Ascomycota,1.00,Ascomycota_class_incertae_sedis,0.99,Ascomycota_order_incertae_sedis,0.99,Ascomycota_family_incertae_sedis,0.99,Preussia,0.99,,,+,Genus,Preussia,"k:Fungi,p:Ascomycota,c:Ascomycota_class_incertae_sedis,o:Ascomycota_order_incertae_sedis,f:Ascomycota_family_incertae_sedis,g:Preussia"
ASV334,0,12,0,0,0,0,0,0,0,0,30,0,0,0,0,0,0,0,0,0,Fungi,1.00,Ascomycota,1.00,Eurotiomycetes,0.99,Chaetothyriales,0.99,,,,,,,+,Order,Chaetothyriales,"k:Fungi,p:Ascomycota,c:Eurotiomycetes,o:Chaetothyriales"
ASV335,0,0,0,42,0,0,0,0,0,0,0,0,0,0,0,0,0,0,0,0,Fungi,1.00,Ascomycota,1.00,Sordariomycetes,1.00,Sordariales,1.00,Lasiosphaeriaceae,0.95,,,,,+,Family,Lasiosphaeriaceae,"k:Fungi,p:Ascomycota,c:Sordariomycetes,o:Sordariales,f:Lasiosphaeriaceae"
ASV336,0,0,0,0,0,0,0,0,42,0,0,0,0,0,0,0,0,0,0,0,Fungi,1.00,Basidiomycota,1.00,Tremellomycetes,1.00,Trichosporonales,1.00,Trichosporonaceae,1.00,,,,,+,Family,Trichosporonaceae,"k:Fungi,p:Basidiomycota,c:Tremellomycetes,o:Trichosporonales,f:Trichosporonaceae"
ASV337,0,0,0,0,0,0,0,0,0,0,0,0,0,42,0,0,0,0,0,0,Fungi,1.00,Ascomycota,0.99,,,,,,,,,,,+,Phylum,Ascomycota,"k:Fungi,p:Ascomycota"
ASV339,0,0,0,0,41,0,0,0,0,0,0,0,0,0,0,0,0,0,0,0,Fungi,1.00,Ascomycota,0.99,Sordariomycetes,0.98,Sordariales,0.95,Lasiosphaeriaceae,0.93,Podospora,0.88,,,+,Genus,Podospora,"k:Fungi,p:Ascomycota,c:Sordariomycetes,o:Sordariales,f:Lasiosphaeriaceae,g:Podospora"
ASV340,0,0,0,0,0,0,0,0,0,0,41,0,0,0,0,0,0,0,0,0,Fungi,1.00,Basidiomycota,1.00,Microbotryomycetes,0.95,Sporidiobolales,0.95,Sporidiobolaceae,0.95,Rhodotorula,0.95,Rhodotorula_sp.,0.93,+,Species,Rhodotorula_sp.,"k:Fungi,p:Basidiomycota,c:Microbotryomycetes,o:Sporidiobolales,f:Sporidiobolaceae,g:Rhodotorula,s:Rhodotorula_sp."
ASV341,0,22,0,0,0,0,0,0,0,0,18,0,0,0,0,0,0,0,0,0,Fungi,1.00,Ascomycota,1.00,Sordariomycetes,0.99,,,,,,,,,+,Class,Sordariomycetes,"k:Fungi,p:Ascomycota,c:Sordariomycetes"
ASV342,0,17,0,23,0,0,0,0,0,0,0,0,0,0,0,0,0,0,0,0,Fungi,1.00,Ascomycota,1.00,Dothideomycetes,1.00,Pleosporales,1.00,,,,,,,+,Order,Pleosporales,"k:Fungi,p:Ascomycota,c:Dothideomycetes,o:Pleosporales"
ASV345,0,0,0,0,0,0,0,0,0,0,39,0,0,0,0,0,0,0,0,0,Fungi,1.00,Ascomycota,1.00,Dothideomycetes,0.84,Pleosporales,0.84,,,,,,,+,Order,Pleosporales,"k:Fungi,p:Ascomycota,c:Dothideomycetes,o:Pleosporales"
ASV346,0,38,0,0,0,0,0,0,0,0,0,0,0,0,0,0,0,0,0,0,Fungi,1.00,,,,,,,,,,,,,+,Kingdom,Fungi,k:Fungi
ASV347,0,18,0,0,0,0,0,0,0,0,20,0,0,0,0,0,0,0,0,0,Fungi,1.00,Ascomycota,1.00,Dothideomycetes,1.00,Pleosporales,0.95,Lophiostomataceae,0.84,Lophiostoma,0.84,Lophiostoma_corticola,0.84,+,Species,Lophiostoma_corticola,"k:Fungi,p:Ascomycota,c:Dothideomycetes,o:Pleosporales,f:Lophiostomataceae,g:Lophiostoma,s:Lophiostoma_corticola"
ASV348,0,0,38,0,0,0,0,0,0,0,0,0,0,0,0,0,0,0,0,0,Fungi,1.00,,,,,,,,,,,,,+,Kingdom,Fungi,k:Fungi
ASV349,0,0,0,0,0,0,0,38,0,0,0,0,0,0,0,0,0,0,0,0,Fungi,1.00,Ascomycota,1.00,Leotiomycetes,1.00,Helotiales,1.00,,,Pilidium,1.00,,,+,Genus,Pilidium,"k:Fungi,p:Ascomycota,c:Leotiomycetes,o:Helotiales,g:Pilidium"
ASV35,0,0,0,0,76,0,0,0,0,683,0,0,0,0,262,0,0,30,0,0,Fungi,1.00,Ascomycota,1.00,Sordariomycetes,1.00,,,,,,,,,+,Class,Sordariomycetes,"k:Fungi,p:Ascomycota,c:Sordariomycetes"
ASV351,0,0,0,0,0,0,0,0,38,0,0,0,0,0,0,0,0,0,0,0,Fungi,1.00,Ascomycota,1.00,,,,,,,,,,,+,Phylum,Ascomycota,"k:Fungi,p:Ascomycota"
ASV352,0,37,0,0,0,0,0,0,0,0,0,0,0,0,0,0,0,0,0,0,Fungi,1.00,Basidiomycota,1.00,Agaricomycetes,1.00,Corticiales,0.89,Corticiaceae,0.89,Sistotrema,0.89,,,+,Genus,Sistotrema,"k:Fungi,p:Basidiomycota,c:Agaricomycetes,o:Corticiales,f:Corticiaceae,g:Sistotrema"
ASV353,0,0,0,0,0,37,0,0,0,0,0,0,0,0,0,0,0,0,0,0,Fungi,1.00,Basidiomycota,1.00,Agaricomycetes,1.00,Russulales,1.00,Russulaceae,1.00,Lactarius,1.00,Lactarius_salmonicolor,1.00,+,Species,Lactarius_salmonicolor,"k:Fungi,p:Basidiomycota,c:Agaricomycetes,o:Russulales,f:Russulaceae,g:Lactarius,s:Lactarius_salmonicolor"
ASV354,0,0,0,0,0,0,0,0,0,37,0,0,0,0,0,0,0,0,0,0,Fungi,1.00,,,,,,,,,,,,,+,Kingdom,Fungi,k:Fungi
ASV355,0,0,0,13,0,0,0,0,0,0,23,0,0,0,0,0,0,0,0,0,Fungi,1.00,Basidiomycota,1.00,Agaricomycetes,1.00,Agaricales,1.00,Agaricaceae,1.00,Lycoperdon,1.00,Lycoperdon_perlatum,0.98,+,Species,Lycoperdon_perlatum,"k:Fungi,p:Basidiomycota,c:Agaricomycetes,o:Agaricales,f:Agaricaceae,g:Lycoperdon,s:Lycoperdon_perlatum"
ASV356,0,0,0,0,0,0,0,36,0,0,0,0,0,0,0,0,0,0,0,0,Fungi,1.00,Basidiomycota,1.00,Cystobasidiomycetes,1.00,Cystobasidiales,1.00,Cystobasidiaceae,1.00,Cystobasidium,1.00,,,-,Genus,Cystobasidium,"k:Fungi,p:Basidiomycota,c:Cystobasidiomycetes,o:Cystobasidiales,f:Cystobasidiaceae,g:Cystobasidium"
ASV357,0,0,0,0,0,0,0,0,0,0,36,0,0,0,0,0,0,0,0,0,Fungi,1.00,Basidiomycota,1.00,Agaricomycetes,1.00,Agaricales,1.00,Tricholomataceae,1.00,Lepista,0.98,Lepista_glaucocana,0.97,+,Species,Lepista_glaucocana,"k:Fungi,p:Basidiomycota,c:Agaricomycetes,o:Agaricales,f:Tricholomataceae,g:Lepista,s:Lepista_glaucocana"
ASV358,0,0,0,35,0,0,0,0,0,0,0,0,0,0,0,0,0,0,0,0,Fungi,1.00,Ascomycota,1.00,,,,,,,,,,,+,Phylum,Ascomycota,"k:Fungi,p:Ascomycota"
ASV36,0,1050,0,0,0,0,0,0,0,0,0,0,0,0,0,0,0,0,0,0,Fungi,1.00,Ascomycota,1.00,Sordariomycetes,1.00,Hypocreales,1.00,Hypocreaceae,1.00,Trichoderma,0.97,Trichoderma_minutisporum,0.91,+,Species,Trichoderma_minutisporum,"k:Fungi,p:Ascomycota,c:Sordariomycetes,o:Hypocreales,f:Hypocreaceae,g:Trichoderma,s:Trichoderma_minutisporum"
ASV360,0,25,0,6,0,0,0,0,0,0,3,0,0,0,0,0,0,0,0,0,Fungi,1.00,Ascomycota,1.00,Dothideomycetes,0.94,Mycosphaerellales,0.80,,,,,,,+,Order,Mycosphaerellales,"k:Fungi,p:Ascomycota,c:Dothideomycetes,o:Mycosphaerellales"
ASV361,0,8,0,26,0,0,0,0,0,0,0,0,0,0,0,0,0,0,0,0,Fungi,1.00,Ascomycota,1.00,,,,,,,,,,,+,Phylum,Ascomycota,"k:Fungi,p:Ascomycota"
ASV363,0,0,0,0,0,0,0,0,0,0,34,0,0,0,0,0,0,0,0,0,Fungi,1.00,Ascomycota,1.00,Dothideomycetes,0.97,,,,,,,,,+,Class,Dothideomycetes,"k:Fungi,p:Ascomycota,c:Dothideomycetes"
ASV364,0,0,0,0,0,0,0,0,0,0,34,0,0,0,0,0,0,0,0,0,Fungi,1.00,Basidiomycota,1.00,Tremellomycetes,1.00,Tremellales,1.00,Tremellaceae,1.00,Cryptococcus,0.99,Cryptococcus_wisconsinensis,0.99,-,Species,Cryptococcus_wisconsinensis,"k:Fungi,p:Basidiomycota,c:Tremellomycetes,o:Tremellales,f:Tremellaceae,g:Cryptococcus,s:Cryptococcus_wisconsinensis"
ASV366,0,0,0,12,0,0,0,0,0,0,21,0,0,0,0,0,0,0,0,0,Fungi,1.00,Basidiomycota,1.00,Agaricomycetes,1.00,Agaricales,0.99,Psathyrellaceae,0.99,Coprinellus,0.99,Coprinellus_disseminatus,0.99,+,Species,Coprinellus_disseminatus,"k:Fungi,p:Basidiomycota,c:Agaricomycetes,o:Agaricales,f:Psathyrellaceae,g:Coprinellus,s:Coprinellus_disseminatus"
ASV370,0,0,0,8,0,0,0,0,0,0,24,0,0,0,0,0,0,0,0,0,Fungi,1.00,Ascomycota,1.00,Dothideomycetes,1.00,Dothideales,1.00,Dothioraceae,1.00,Aureobasidium,1.00,Aureobasidium_pullulans,0.98,+,Species,Aureobasidium_pullulans,"k:Fungi,p:Ascomycota,c:Dothideomycetes,o:Dothideales,f:Dothioraceae,g:Aureobasidium,s:Aureobasidium_pullulans"
ASV371,0,0,0,0,0,0,0,32,0,0,0,0,0,0,0,0,0,0,0,0,Fungi,1.00,Ascomycota,1.00,Sordariomycetes,1.00,,,,,,,,,+,Class,Sordariomycetes,"k:Fungi,p:Ascomycota,c:Sordariomycetes"
ASV372,0,0,0,0,0,0,0,0,0,0,32,0,0,0,0,0,0,0,0,0,Fungi,1.00,Ascomycota,1.00,,,,,,,,,,,+,Phylum,Ascomycota,"k:Fungi,p:Ascomycota"
ASV373,0,0,0,0,0,0,0,0,0,0,32,0,0,0,0,0,0,0,0,0,Fungi,1.00,Ascomycota,1.00,Dothideomycetes,0.93,Pleosporales,0.93,,,,,,,+,Order,Pleosporales,"k:Fungi,p:Ascomycota,c:Dothideomycetes,o:Pleosporales"
ASV374,0,31,0,0,0,0,0,0,0,0,0,0,0,0,0,0,0,0,0,0,Fungi,1.00,Ascomycota,1.00,,,,,,,,,,,+,Phylum,Ascomycota,"k:Fungi,p:Ascomycota"
ASV375,0,31,0,0,0,0,0,0,0,0,0,0,0,0,0,0,0,0,0,0,Fungi,1.00,Basidiomycota,1.00,Agaricomycetes,1.00,Polyporales,1.00,Meruliaceae,1.00,Phlebia,1.00,Phlebia_livida,1.00,+,Species,Phlebia_livida,"k:Fungi,p:Basidiomycota,c:Agaricomycetes,o:Polyporales,f:Meruliaceae,g:Phlebia,s:Phlebia_livida"
ASV376,0,0,0,0,0,31,0,0,0,0,0,0,0,0,0,0,0,0,0,0,Fungi,1.00,Ascomycota,1.00,Eurotiomycetes,0.98,Eurotiales,0.98,Trichocomaceae,0.98,,,,,+,Family,Trichocomaceae,"k:Fungi,p:Ascomycota,c:Eurotiomycetes,o:Eurotiales,f:Trichocomaceae"
ASV377,0,0,0,0,0,0,0,0,31,0,0,0,0,0,0,0,0,0,0,0,Fungi,1.00,,,,,,,,,,,,,+,Kingdom,Fungi,k:Fungi
ASV378,0,0,0,0,0,0,0,0,0,0,31,0,0,0,0,0,0,0,0,0,Fungi,1.00,Ascomycota,1.00,Eurotiomycetes,1.00,Chaetothyriales,1.00,,,,,,,+,Order,Chaetothyriales,"k:Fungi,p:Ascomycota,c:Eurotiomycetes,o:Chaetothyriales"
ASV379,0,0,0,0,0,0,0,0,0,0,31,0,0,0,0,0,0,0,0,0,Fungi,1.00,Basidiomycota,1.00,Agaricomycetes,1.00,Agaricales,1.00,Cortinariaceae,1.00,Cortinarius,1.00,Cortinarius_odorifer,1.00,+,Species,Cortinarius_odorifer,"k:Fungi,p:Basidiomycota,c:Agaricomycetes,o:Agaricales,f:Cortinariaceae,g:Cortinarius,s:Cortinarius_odorifer"
ASV38,0,261,0,374,0,0,0,23,0,0,335,0,0,0,0,0,0,12,0,0,Fungi,1.00,Basidiomycota,1.00,Agaricomycetes,1.00,Agaricales,1.00,Psathyrellaceae,1.00,Coprinellus,1.00,Coprinellus_micaceus,0.94,+,Species,Coprinellus_micaceus,"k:Fungi,p:Basidiomycota,c:Agaricomycetes,o:Agaricales,f:Psathyrellaceae,g:Coprinellus,s:Coprinellus_micaceus"
ASV380,0,0,0,0,0,0,0,0,0,0,31,0,0,0,0,0,0,0,0,0,Fungi,1.00,Mucoromycota,1.00,Mucoromycetes,1.00,Mucorales,1.00,Pilobolaceae,1.00,Pilobolus,1.00,Pilobolus_crystallinus,0.94,+,Species,Pilobolus_crystallinus,"k:Fungi,p:Mucoromycota,c:Mucoromycetes,o:Mucorales,f:Pilobolaceae,g:Pilobolus,s:Pilobolus_crystallinus"
ASV381,0,0,0,0,0,0,0,0,0,0,0,0,0,0,31,0,0,0,0,0,Fungi,1.00,Basidiomycota,1.00,Agaricomycetes,1.00,Boletales,1.00,Melanogastraceae,1.00,Melanogaster,1.00,,,+,Genus,Melanogaster,"k:Fungi,p:Basidiomycota,c:Agaricomycetes,o:Boletales,f:Melanogastraceae,g:Melanogaster"
ASV382,0,0,8,0,0,0,0,0,0,0,0,0,0,0,0,5,4,13,0,0,Fungi,1.00,Ascomycota,1.00,Leotiomycetes,0.97,Thelebolales,0.97,Thelebolaceae,0.97,,,,,-,Family,Thelebolaceae,"k:Fungi,p:Ascomycota,c:Leotiomycetes,o:Thelebolales,f:Thelebolaceae"
ASV383,0,0,0,0,18,0,0,0,0,0,0,0,0,0,0,12,0,0,0,0,Fungi,1.00,,,,,,,,,,,,,+,Kingdom,Fungi,k:Fungi
ASV385,0,0,0,0,0,0,0,0,0,0,30,0,0,0,0,0,0,0,0,0,Fungi,1.00,Ascomycota,1.00,Dothideomycetes,1.00,Capnodiales,0.98,Davidiellaceae,0.98,Devriesia,0.97,,,+,Genus,Devriesia,"k:Fungi,p:Ascomycota,c:Dothideomycetes,o:Capnodiales,f:Davidiellaceae,g:Devriesia"
ASV386,0,0,0,0,0,0,0,0,0,0,30,0,0,0,0,0,0,0,0,0,Fungi,1.00,Ascomycota,1.00,Eurotiomycetes,1.00,Chaetothyriales,1.00,,,,,,,+,Order,Chaetothyriales,"k:Fungi,p:Ascomycota,c:Eurotiomycetes,o:Chaetothyriales"
ASV387,0,0,0,0,0,0,0,0,0,0,30,0,0,0,0,0,0,0,0,0,Fungi,1.00,Ascomycota,1.00,Dothideomycetes,1.00,Venturiales,1.00,Venturiaceae,1.00,Rhizosphaera,1.00,,,+,Genus,Rhizosphaera,"k:Fungi,p:Ascomycota,c:Dothideomycetes,o:Venturiales,f:Venturiaceae,g:Rhizosphaera"
ASV389,0,0,0,0,0,0,29,0,0,0,0,0,0,0,0,0,0,0,0,0,Fungi,1.00,Ascomycota,1.00,Leotiomycetes,1.00,Thelebolales,1.00,Thelebolaceae,1.00,Antarctomyces,0.99,Antarctomyces_psychrotrophicus,0.99,+,Species,Antarctomyces_psychrotrophicus,"k:Fungi,p:Ascomycota,c:Leotiomycetes,o:Thelebolales,f:Thelebolaceae,g:Antarctomyces,s:Antarctomyces_psychrotrophicus"
ASV390,0,0,0,0,0,0,0,29,0,0,0,0,0,0,0,0,0,0,0,0,Fungi,1.00,Ascomycota,1.00,Sordariomycetes,1.00,Hypocreales,1.00,Nectriaceae,1.00,Pleonectria,1.00,Pleonectria_sinopica,1.00,+,Species,Pleonectria_sinopica,"k:Fungi,p:Ascomycota,c:Sordariomycetes,o:Hypocreales,f:Nectriaceae,g:Pleonectria,s:Pleonectria_sinopica"
ASV391,0,0,0,0,0,0,0,0,0,0,29,0,0,0,0,0,0,0,0,0,Fungi,1.00,Ascomycota,1.00,Dothideomycetes,1.00,Mycosphaerellales,0.91,Mycosphaerellaceae,0.91,Pseudocercosporella,0.91,Pseudocercosporella_fraxini,0.91,+,Species,Pseudocercosporella_fraxini,"k:Fungi,p:Ascomycota,c:Dothideomycetes,o:Mycosphaerellales,f:Mycosphaerellaceae,g:Pseudocercosporella,s:Pseudocercosporella_fraxini"
ASV392,0,0,0,0,0,0,0,0,0,0,16,0,0,0,0,0,0,13,0,0,Fungi,1.00,Basidiomycota,1.00,Agaricomycetes,1.00,Agaricales,1.00,Cortinariaceae,0.99,,,,,+,Family,Cortinariaceae,"k:Fungi,p:Basidiomycota,c:Agaricomycetes,o:Agaricales,f:Cortinariaceae"
ASV394,0,28,0,0,0,0,0,0,0,0,0,0,0,0,0,0,0,0,0,0,Fungi,1.00,Basidiomycota,1.00,Agaricomycetes,1.00,Polyporales,1.00,Meruliaceae,1.00,Phlebia,1.00,Phlebia_livida,1.00,+,Species,Phlebia_livida,"k:Fungi,p:Basidiomycota,c:Agaricomycetes,o:Polyporales,f:Meruliaceae,g:Phlebia,s:Phlebia_livida"
ASV396,0,15,0,13,0,0,0,0,0,0,0,0,0,0,0,0,0,0,0,0,Fungi,1.00,Basidiomycota,1.00,Agaricomycetes,1.00,Agaricales,1.00,Cortinariaceae,1.00,Cortinarius,1.00,Cortinarius_maculatocaespitosus,0.91,+,Species,Cortinarius_maculatocaespitosus,"k:Fungi,p:Basidiomycota,c:Agaricomycetes,o:Agaricales,f:Cortinariaceae,g:Cortinarius,s:Cortinarius_maculatocaespitosus"
ASV397,0,13,0,0,0,0,0,0,0,0,15,0,0,0,0,0,0,0,0,0,Fungi,1.00,Ascomycota,1.00,,,,,,,,,,,+,Phylum,Ascomycota,"k:Fungi,p:Ascomycota"
ASV398,0,11,0,0,0,0,0,0,0,0,17,0,0,0,0,0,0,0,0,0,Fungi,1.00,Ascomycota,1.00,Dothideomycetes,1.00,Mycosphaerellales,0.91,Mycosphaerellaceae,0.85,,,,,+,Family,Mycosphaerellaceae,"k:Fungi,p:Ascomycota,c:Dothideomycetes,o:Mycosphaerellales,f:Mycosphaerellaceae"
ASV399,0,6,0,0,3,15,0,0,0,0,0,4,0,0,0,0,0,0,0,0,Fungi,1.00,Basidiomycota,1.00,Agaricomycetes,1.00,Agaricales,1.00,Psathyrellaceae,1.00,Coprinopsis,1.00,,,+,Genus,Coprinopsis,"k:Fungi,p:Basidiomycota,c:Agaricomycetes,o:Agaricales,f:Psathyrellaceae,g:Coprinopsis"
ASV4,0,0,0,0,0,0,0,0,12366,0,0,0,0,0,0,0,0,0,0,0,Fungi,1.00,Ascomycota,1.00,Sordariomycetes,1.00,Hypocreales,1.00,Flammocladiellaceae,0.90,Flammocladiella,0.90,Flammocladiella_decora,0.90,+,Species,Flammocladiella_decora,"k:Fungi,p:Ascomycota,c:Sordariomycetes,o:Hypocreales,f:Flammocladiellaceae,g:Flammocladiella,s:Flammocladiella_decora"
ASV40,0,0,0,0,0,0,291,0,0,76,0,0,237,0,44,185,0,31,0,0,Fungi,1.00,Basidiomycota,1.00,Cystobasidiomycetes,0.99,Cystobasidiales,0.99,Cystobasidiaceae,0.99,Cystobasidium,0.99,,,+,Genus,Cystobasidium,"k:Fungi,p:Basidiomycota,c:Cystobasidiomycetes,o:Cystobasidiales,f:Cystobasidiaceae,g:Cystobasidium"
ASV400,0,3,0,0,0,0,0,0,0,0,25,0,0,0,0,0,0,0,0,0,Fungi,1.00,Ascomycota,1.00,Dothideomycetes,0.93,,,,,,,,,+,Class,Dothideomycetes,"k:Fungi,p:Ascomycota,c:Dothideomycetes"
ASV401,0,0,0,18,0,0,0,0,0,0,10,0,0,0,0,0,0,0,0,0,Fungi,1.00,Ascomycota,1.00,Dothideomycetes,0.98,,,,,,,,,+,Class,Dothideomycetes,"k:Fungi,p:Ascomycota,c:Dothideomycetes"
ASV402,0,0,0,8,0,0,0,0,0,0,20,0,0,0,0,0,0,0,0,0,Fungi,1.00,Basidiomycota,1.00,,,,,,,,,,,+,Phylum,Basidiomycota,"k:Fungi,p:Basidiomycota"
ASV404,0,0,0,0,0,0,0,0,0,0,28,0,0,0,0,0,0,0,0,0,Fungi,1.00,Basidiomycota,0.99,Tremellomycetes,0.97,Tremellales,0.97,,,Dioszegia,0.96,,,+,Genus,Dioszegia,"k:Fungi,p:Basidiomycota,c:Tremellomycetes,o:Tremellales,g:Dioszegia"
ASV405,0,0,0,0,0,0,0,0,0,0,0,0,0,0,28,0,0,0,0,0,Fungi,1.00,,,,,,,,,,,,,+,Kingdom,Fungi,k:Fungi
ASV406,0,27,0,0,0,0,0,0,0,0,0,0,0,0,0,0,0,0,0,0,Fungi,1.00,Basidiomycota,1.00,Agaricomycetes,1.00,Geastrales,1.00,,,Sphaerobolus,1.00,Sphaerobolus_ingoldii,1.00,+,Species,Sphaerobolus_ingoldii,"k:Fungi,p:Basidiomycota,c:Agaricomycetes,o:Geastrales,g:Sphaerobolus,s:Sphaerobolus_ingoldii"
ASV407,0,27,0,0,0,0,0,0,0,0,0,0,0,0,0,0,0,0,0,0,Fungi,1.00,Ascomycota,0.92,,,,,,,,,,,+,Phylum,Ascomycota,"k:Fungi,p:Ascomycota"
ASV408,0,0,0,0,0,0,0,27,0,0,0,0,0,0,0,0,0,0,0,0,Fungi,1.00,Basidiomycota,1.00,Cystobasidiomycetes,0.88,Erythrobasidiales,0.83,,,Erythrobasidium,0.83,Erythrobasidium_sp.,0.83,+,Species,Erythrobasidium_sp.,"k:Fungi,p:Basidiomycota,c:Cystobasidiomycetes,o:Erythrobasidiales,g:Erythrobasidium,s:Erythrobasidium_sp."
ASV409,0,0,0,0,0,0,0,5,2,0,20,0,0,0,0,0,0,0,0,0,Fungi,1.00,Basidiomycota,1.00,Tremellomycetes,1.00,Tremellales,1.00,Tremellaceae,1.00,Papiliotrema,0.98,Papiliotrema_perniciosa,0.95,+,Species,Papiliotrema_perniciosa,"k:Fungi,p:Basidiomycota,c:Tremellomycetes,o:Tremellales,f:Tremellaceae,g:Papiliotrema,s:Papiliotrema_perniciosa"
ASV41,0,0,0,0,0,0,0,0,0,0,0,0,0,0,0,0,862,0,0,0,Fungi,1.00,Basidiomycota,1.00,Cystobasidiomycetes,0.95,Cystobasidiales,0.94,Cystobasidiaceae,0.94,Cystobasidium,0.94,,,+,Genus,Cystobasidium,"k:Fungi,p:Basidiomycota,c:Cystobasidiomycetes,o:Cystobasidiales,f:Cystobasidiaceae,g:Cystobasidium"
ASV410,0,0,0,0,0,0,0,0,0,0,27,0,0,0,0,0,0,0,0,0,Fungi,1.00,Ascomycota,1.00,Dothideomycetes,1.00,Mycosphaerellales,1.00,Mycosphaerellaceae,1.00,Ramularia,0.86,,,+,Genus,Ramularia,"k:Fungi,p:Ascomycota,c:Dothideomycetes,o:Mycosphaerellales,f:Mycosphaerellaceae,g:Ramularia"
ASV413,0,26,0,0,0,0,0,0,0,0,0,0,0,0,0,0,0,0,0,0,Fungi,1.00,Ascomycota,1.00,Sordariomycetes,1.00,Hypocreales,1.00,,,,,,,+,Order,Hypocreales,"k:Fungi,p:Ascomycota,c:Sordariomycetes,o:Hypocreales"
ASV414,0,0,0,26,0,0,0,0,0,0,0,0,0,0,0,0,0,0,0,0,Fungi,1.00,Ascomycota,1.00,Dothideomycetes,1.00,,,,,,,,,+,Class,Dothideomycetes,"k:Fungi,p:Ascomycota,c:Dothideomycetes"
ASV416,0,0,0,0,0,0,0,0,0,0,26,0,0,0,0,0,0,0,0,0,Fungi,1.00,Basidiomycota,0.83,,,,,,,,,,,+,Phylum,Basidiomycota,"k:Fungi,p:Basidiomycota"
ASV417,0,0,0,0,0,0,0,0,0,0,26,0,0,0,0,0,0,0,0,0,Fungi,1.00,Basidiomycota,1.00,Tremellomycetes,1.00,Tremellales,1.00,,,Dioszegia,1.00,Dioszegia_zsoltii,0.96,+,Species,Dioszegia_zsoltii,"k:Fungi,p:Basidiomycota,c:Tremellomycetes,o:Tremellales,g:Dioszegia,s:Dioszegia_zsoltii"
ASV418,0,0,0,0,0,0,0,0,0,0,26,0,0,0,0,0,0,0,0,0,Fungi,1.00,Ascomycota,1.00,,,,,,,,,,,+,Phylum,Ascomycota,"k:Fungi,p:Ascomycota"
ASV419,0,0,0,0,0,0,0,0,0,0,0,0,0,0,26,0,0,0,0,0,Fungi,1.00,Basidiomycota,0.89,,,,,,,,,,,+,Phylum,Basidiomycota,"k:Fungi,p:Basidiomycota"
ASV42,0,32,0,26,0,0,0,0,0,0,766,0,0,0,0,0,0,0,0,0,Fungi,1.00,Ascomycota,1.00,Dothideomycetes,0.99,Pleosporales,0.99,,,,,,,+,Order,Pleosporales,"k:Fungi,p:Ascomycota,c:Dothideomycetes,o:Pleosporales"
ASV421,0,0,0,6,0,0,0,0,0,0,19,0,0,0,0,0,0,0,0,0,Fungi,1.00,Basidiomycota,1.00,Cystobasidiomycetes,0.80,,,Symmetrosporaceae,0.80,Symmetrospora,0.80,,,+,Genus,Symmetrospora,"k:Fungi,p:Basidiomycota,c:Cystobasidiomycetes,f:Symmetrosporaceae,g:Symmetrospora"
ASV423,0,0,0,0,0,0,0,0,0,0,25,0,0,0,0,0,0,0,0,0,Fungi,1.00,Ascomycota,1.00,Sordariomycetes,1.00,,,,,,,,,+,Class,Sordariomycetes,"k:Fungi,p:Ascomycota,c:Sordariomycetes"
ASV424,0,0,0,0,0,0,0,0,0,0,25,0,0,0,0,0,0,0,0,0,Fungi,1.00,Ascomycota,1.00,Dothideomycetes,0.99,,,,,,,,,+,Class,Dothideomycetes,"k:Fungi,p:Ascomycota,c:Dothideomycetes"
ASV425,0,0,0,0,0,0,0,0,0,0,25,0,0,0,0,0,0,0,0,0,Fungi,1.00,Basidiomycota,1.00,Tremellomycetes,1.00,Tremellales,1.00,Bulleribasidiaceae,1.00,Vishniacozyma,1.00,Vishniacozyma_carnescens,1.00,-,Species,Vishniacozyma_carnescens,"k:Fungi,p:Basidiomycota,c:Tremellomycetes,o:Tremellales,f:Bulleribasidiaceae,g:Vishniacozyma,s:Vishniacozyma_carnescens"
ASV426,0,0,0,0,0,0,0,0,0,0,25,0,0,0,0,0,0,0,0,0,Fungi,1.00,Basidiomycota,1.00,Tremellomycetes,0.82,,,,,,,,,+,Class,Tremellomycetes,"k:Fungi,p:Basidiomycota,c:Tremellomycetes"
ASV428,0,0,0,0,0,0,0,0,0,0,24,0,0,0,0,0,0,0,0,0,Fungi,1.00,Ascomycota,1.00,Dothideomycetes,1.00,Mycosphaerellales,0.99,Mycosphaerellaceae,0.92,,,,,+,Family,Mycosphaerellaceae,"k:Fungi,p:Ascomycota,c:Dothideomycetes,o:Mycosphaerellales,f:Mycosphaerellaceae"
ASV429,0,0,0,0,0,0,0,0,0,0,24,0,0,0,0,0,0,0,0,0,Fungi,1.00,Ascomycota,1.00,Ascomycota_class_incertae_sedis,0.88,Ascomycota_order_incertae_sedis,0.88,Ascomycota_family_incertae_sedis,0.88,Preussia,0.88,,,+,Genus,Preussia,"k:Fungi,p:Ascomycota,c:Ascomycota_class_incertae_sedis,o:Ascomycota_order_incertae_sedis,f:Ascomycota_family_incertae_sedis,g:Preussia"
ASV432,0,12,0,0,0,0,0,0,0,0,11,0,0,0,0,0,0,0,0,0,Fungi,1.00,Ascomycota,1.00,Dothideomycetes,1.00,Mycosphaerellales,1.00,Mycosphaerellaceae,1.00,Pseudocercospora,1.00,Pseudocercospora_norchiensis,0.97,+,Species,Pseudocercospora_norchiensis,"k:Fungi,p:Ascomycota,c:Dothideomycetes,o:Mycosphaerellales,f:Mycosphaerellaceae,g:Pseudocercospora,s:Pseudocercospora_norchiensis"
ASV433,0,9,0,14,0,0,0,0,0,0,0,0,0,0,0,0,0,0,0,0,Fungi,1.00,Ascomycota,0.96,Sordariomycetes,0.87,,,,,,,,,+,Class,Sordariomycetes,"k:Fungi,p:Ascomycota,c:Sordariomycetes"
ASV434,0,3,0,20,0,0,0,0,0,0,0,0,0,0,0,0,0,0,0,0,Fungi,1.00,Ascomycota,1.00,,,,,,,,,,,+,Phylum,Ascomycota,"k:Fungi,p:Ascomycota"
ASV435,0,0,0,10,0,0,0,0,0,0,13,0,0,0,0,0,0,0,0,0,Fungi,1.00,Ascomycota,1.00,Dothideomycetes,1.00,Pleosporales,1.00,,,,,,,+,Order,Pleosporales,"k:Fungi,p:Ascomycota,c:Dothideomycetes,o:Pleosporales"
ASV438,0,0,0,0,0,0,0,0,0,0,23,0,0,0,0,0,0,0,0,0,Fungi,1.00,,,,,,,,,,,,,+,Kingdom,Fungi,k:Fungi
ASV439,0,0,0,0,0,0,0,0,0,0,23,0,0,0,0,0,0,0,0,0,Fungi,1.00,Basidiomycota,1.00,Agaricomycetes,1.00,Thelephorales,1.00,Thelephoraceae,1.00,Tomentella,1.00,Tomentella_sp.,0.99,+,Species,Tomentella_sp.,"k:Fungi,p:Basidiomycota,c:Agaricomycetes,o:Thelephorales,f:Thelephoraceae,g:Tomentella,s:Tomentella_sp."
ASV44,0,0,0,0,0,0,0,0,730,0,0,0,0,0,0,0,0,0,0,0,Fungi,1.00,Ascomycota,1.00,Sordariomycetes,0.89,Sordariales,0.82,,,,,,,+,Order,Sordariales,"k:Fungi,p:Ascomycota,c:Sordariomycetes,o:Sordariales"
ASV440,0,0,0,0,0,0,0,0,0,0,23,0,0,0,0,0,0,0,0,0,Fungi,1.00,Ascomycota,1.00,Dothideomycetes,1.00,Botryosphaeriales,0.82,Botryosphaeriaceae,0.82,Dothiora,0.82,,,+,Genus,Dothiora,"k:Fungi,p:Ascomycota,c:Dothideomycetes,o:Botryosphaeriales,f:Botryosphaeriaceae,g:Dothiora"
ASV441,0,0,0,0,0,0,0,0,0,0,23,0,0,0,0,0,0,0,0,0,Fungi,1.00,Ascomycota,0.92,,,,,,,,,,,+,Phylum,Ascomycota,"k:Fungi,p:Ascomycota"
ASV442,0,0,0,0,0,0,0,0,0,0,23,0,0,0,0,0,0,0,0,0,Fungi,1.00,Ascomycota,1.00,,,,,,,,,,,+,Phylum,Ascomycota,"k:Fungi,p:Ascomycota"
ASV443,0,0,0,0,0,0,0,0,0,0,0,0,0,23,0,0,0,0,0,0,Fungi,1.00,Ascomycota,0.99,,,,,,,,,,,+,Phylum,Ascomycota,"k:Fungi,p:Ascomycota"
ASV444,0,22,0,0,0,0,0,0,0,0,0,0,0,0,0,0,0,0,0,0,Fungi,1.00,Ascomycota,0.98,,,,,,,,,,,+,Phylum,Ascomycota,"k:Fungi,p:Ascomycota"
ASV445,0,22,0,0,0,0,0,0,0,0,0,0,0,0,0,0,0,0,0,0,Fungi,1.00,Ascomycota,1.00,Sordariomycetes,0.97,Sordariales,0.97,Lasiosphaeriaceae,0.97,Podospora,0.95,Podospora_glutinans,0.92,+,Species,Podospora_glutinans,"k:Fungi,p:Ascomycota,c:Sordariomycetes,o:Sordariales,f:Lasiosphaeriaceae,g:Podospora,s:Podospora_glutinans"
ASV446,0,0,0,4,0,0,0,0,0,0,18,0,0,0,0,0,0,0,0,0,Fungi,1.00,Ascomycota,1.00,Eurotiomycetes,1.00,Chaetothyriales,1.00,,,,,,,+,Order,Chaetothyriales,"k:Fungi,p:Ascomycota,c:Eurotiomycetes,o:Chaetothyriales"
ASV447,0,0,0,0,22,0,0,0,0,0,0,0,0,0,0,0,0,0,0,0,Fungi,1.00,,,,,,,,,,,,,+,Kingdom,Fungi,k:Fungi
ASV449,0,0,0,0,0,0,0,22,0,0,0,0,0,0,0,0,0,0,0,0,Fungi,1.00,Ascomycota,1.00,Sordariomycetes,1.00,Diaporthales,1.00,Valsaceae,1.00,Cytospora,1.00,,,+,Genus,Cytospora,"k:Fungi,p:Ascomycota,c:Sordariomycetes,o:Diaporthales,f:Valsaceae,g:Cytospora"
ASV45,0,0,701,0,0,0,0,0,0,0,0,0,0,13,0,0,0,0,0,0,Fungi,1.00,Ascomycota,1.00,Dothideomycetes,0.82,Pleosporales,0.82,Sporormiaceae,0.81,,,,,+,Family,Sporormiaceae,"k:Fungi,p:Ascomycota,c:Dothideomycetes,o:Pleosporales,f:Sporormiaceae"
ASV450,0,0,0,0,0,0,0,0,0,0,22,0,0,0,0,0,0,0,0,0,Fungi,1.00,Ascomycota,1.00,Dothideomycetes,1.00,Mycosphaerellales,1.00,Mycosphaerellaceae,1.00,,,,,+,Family,Mycosphaerellaceae,"k:Fungi,p:Ascomycota,c:Dothideomycetes,o:Mycosphaerellales,f:Mycosphaerellaceae"
ASV451,0,0,0,0,0,0,0,0,0,0,22,0,0,0,0,0,0,0,0,0,Fungi,1.00,,,,,,,,,,,,,+,Kingdom,Fungi,k:Fungi
ASV452,0,0,0,0,0,0,0,0,0,0,22,0,0,0,0,0,0,0,0,0,Fungi,1.00,Basidiomycota,1.00,Tremellomycetes,1.00,Tremellales,1.00,Tremellaceae,1.00,Papiliotrema,1.00,Papiliotrema_fuscus,1.00,-,Species,Papiliotrema_fuscus,"k:Fungi,p:Basidiomycota,c:Tremellomycetes,o:Tremellales,f:Tremellaceae,g:Papiliotrema,s:Papiliotrema_fuscus"
ASV453,0,0,0,0,0,0,0,0,0,0,0,0,0,22,0,0,0,0,0,0,Fungi,1.00,Ascomycota,1.00,Sordariomycetes,1.00,Microascales,1.00,Microascaceae,1.00,,,,,+,Family,Microascaceae,"k:Fungi,p:Ascomycota,c:Sordariomycetes,o:Microascales,f:Microascaceae"
ASV454,0,21,0,0,0,0,0,0,0,0,0,0,0,0,0,0,0,0,0,0,Fungi,1.00,Basidiomycota,1.00,Tremellomycetes,0.93,Cystofilobasidiales,0.93,,,Cystofilobasidium,0.93,Cystofilobasidium_macerans,0.93,+,Species,Cystofilobasidium_macerans,"k:Fungi,p:Basidiomycota,c:Tremellomycetes,o:Cystofilobasidiales,g:Cystofilobasidium,s:Cystofilobasidium_macerans"
ASV455,0,13,0,0,0,0,0,0,0,0,8,0,0,0,0,0,0,0,0,0,Fungi,1.00,Basidiomycota,1.00,Exobasidiomycetes,0.99,Exobasidiales,0.99,Exobasidiaceae,0.99,Exobasidium,0.99,,,+,Genus,Exobasidium,"k:Fungi,p:Basidiomycota,c:Exobasidiomycetes,o:Exobasidiales,f:Exobasidiaceae,g:Exobasidium"
ASV457,0,0,0,0,0,0,0,0,0,0,21,0,0,0,0,0,0,0,0,0,Fungi,1.00,Basidiomycota,0.99,,,,,,,,,,,+,Phylum,Basidiomycota,"k:Fungi,p:Basidiomycota"
ASV46,0,0,0,0,0,0,0,0,0,0,0,0,0,0,0,0,0,0,702,0,Fungi,1.00,Ascomycota,1.00,Pezizomycetes,1.00,Pezizales,1.00,,,,,,,+,Order,Pezizales,"k:Fungi,p:Ascomycota,c:Pezizomycetes,o:Pezizales"
ASV460,0,0,0,20,0,0,0,0,0,0,0,0,0,0,0,0,0,0,0,0,Fungi,1.00,,,,,,,,,,,,,+,Kingdom,Fungi,k:Fungi
ASV462,0,0,0,0,0,0,0,0,0,0,20,0,0,0,0,0,0,0,0,0,Fungi,1.00,Ascomycota,0.83,,,,,,,,,,,+,Phylum,Ascomycota,"k:Fungi,p:Ascomycota"
ASV463,0,0,0,0,0,0,0,0,0,0,20,0,0,0,0,0,0,0,0,0,Fungi,1.00,Basidiomycota,1.00,Cystobasidiomycetes,0.86,Erythrobasidiales,0.86,,,Erythrobasidium,0.83,Erythrobasidium_yunnanense,0.81,+,Species,Erythrobasidium_yunnanense,"k:Fungi,p:Basidiomycota,c:Cystobasidiomycetes,o:Erythrobasidiales,g:Erythrobasidium,s:Erythrobasidium_yunnanense"
ASV464,0,0,0,0,0,0,0,0,0,0,20,0,0,0,0,0,0,0,0,0,Fungi,1.00,Basidiomycota,0.98,Agaricomycetes,0.98,,,,,,,,,+,Class,Agaricomycetes,"k:Fungi,p:Basidiomycota,c:Agaricomycetes"
ASV466,0,0,0,0,0,0,0,0,0,0,0,0,0,0,0,0,0,0,20,0,Fungi,1.00,Ascomycota,1.00,Pezizomycetes,1.00,Pezizales,1.00,,,,,,,+,Order,Pezizales,"k:Fungi,p:Ascomycota,c:Pezizomycetes,o:Pezizales"
ASV467,0,19,0,0,0,0,0,0,0,0,0,0,0,0,0,0,0,0,0,0,Fungi,1.00,,,,,,,,,,,,,+,Kingdom,Fungi,k:Fungi
ASV468,0,0,0,19,0,0,0,0,0,0,0,0,0,0,0,0,0,0,0,0,Fungi,1.00,Basidiomycota,0.96,Tremellomycetes,0.96,Tremellales,0.90,,,,,,,+,Order,Tremellales,"k:Fungi,p:Basidiomycota,c:Tremellomycetes,o:Tremellales"
ASV469,0,0,0,19,0,0,0,0,0,0,0,0,0,0,0,0,0,0,0,0,Fungi,1.00,Ascomycota,1.00,Leotiomycetes,0.90,Helotiales,0.88,,,,,,,+,Order,Helotiales,"k:Fungi,p:Ascomycota,c:Leotiomycetes,o:Helotiales"
ASV47,0,0,0,0,0,439,0,0,0,0,262,0,0,0,0,0,0,0,0,0,Fungi,1.00,Ascomycota,1.00,Dothideomycetes,0.99,Capnodiales,0.99,Davidiellaceae,0.99,Cladosporium,0.99,,,+,Genus,Cladosporium,"k:Fungi,p:Ascomycota,c:Dothideomycetes,o:Capnodiales,f:Davidiellaceae,g:Cladosporium"
ASV470,0,0,0,0,0,0,0,7,0,0,0,12,0,0,0,0,0,0,0,0,Fungi,1.00,Ascomycota,1.00,Leotiomycetes,1.00,Thelebolales,1.00,Thelebolaceae,1.00,,,,,-,Family,Thelebolaceae,"k:Fungi,p:Ascomycota,c:Leotiomycetes,o:Thelebolales,f:Thelebolaceae"
ASV471,0,0,0,0,0,0,0,0,0,19,0,0,0,0,0,0,0,0,0,0,Fungi,1.00,Ascomycota,1.00,,,,,,,,,,,+,Phylum,Ascomycota,"k:Fungi,p:Ascomycota"
ASV472,0,0,0,0,0,0,0,0,0,0,19,0,0,0,0,0,0,0,0,0,Fungi,1.00,Ascomycota,1.00,Dothideomycetes,0.93,Pleosporales,0.93,,,,,,,+,Order,Pleosporales,"k:Fungi,p:Ascomycota,c:Dothideomycetes,o:Pleosporales"
ASV473,0,0,0,0,0,0,0,0,0,0,19,0,0,0,0,0,0,0,0,0,Fungi,1.00,Ascomycota,1.00,Eurotiomycetes,1.00,Chaetothyriales,1.00,,,,,,,+,Order,Chaetothyriales,"k:Fungi,p:Ascomycota,c:Eurotiomycetes,o:Chaetothyriales"
ASV474,0,0,0,0,0,0,0,0,0,0,19,0,0,0,0,0,0,0,0,0,Fungi,1.00,Glomeromycota,0.98,Glomeromycetes,0.98,Glomerales,0.98,Glomeraceae,0.98,Glomus,0.98,,,+,Genus,Glomus,"k:Fungi,p:Glomeromycota,c:Glomeromycetes,o:Glomerales,f:Glomeraceae,g:Glomus"
ASV475,0,0,0,18,0,0,0,0,0,0,0,0,0,0,0,0,0,0,0,0,Fungi,1.00,Ascomycota,1.00,Dothideomycetes,1.00,Venturiales,1.00,Venturiaceae,1.00,Rhizosphaera,1.00,Rhizosphaera_oudemansii,1.00,+,Species,Rhizosphaera_oudemansii,"k:Fungi,p:Ascomycota,c:Dothideomycetes,o:Venturiales,f:Venturiaceae,g:Rhizosphaera,s:Rhizosphaera_oudemansii"
ASV476,0,0,0,0,0,0,0,18,0,0,0,0,0,0,0,0,0,0,0,0,Fungi,1.00,Basidiomycota,0.87,,,,,,,,,,,+,Phylum,Basidiomycota,"k:Fungi,p:Basidiomycota"
ASV477,0,0,0,0,0,0,0,18,0,0,0,0,0,0,0,0,0,0,0,0,Fungi,1.00,Ascomycota,1.00,Dothideomycetes,0.93,Pleosporales,0.92,,,,,,,+,Order,Pleosporales,"k:Fungi,p:Ascomycota,c:Dothideomycetes,o:Pleosporales"
ASV479,0,0,0,0,0,0,0,0,0,0,18,0,0,0,0,0,0,0,0,0,Fungi,1.00,Ascomycota,1.00,Dothideomycetes,0.90,,,,,,,,,+,Class,Dothideomycetes,"k:Fungi,p:Ascomycota,c:Dothideomycetes"
ASV48,0,63,0,124,0,0,0,0,0,0,513,0,0,0,0,0,0,0,0,0,Fungi,1.00,Ascomycota,1.00,Dothideomycetes,1.00,Mycosphaerellales,1.00,Mycosphaerellaceae,1.00,Ramularia,0.90,,,+,Genus,Ramularia,"k:Fungi,p:Ascomycota,c:Dothideomycetes,o:Mycosphaerellales,f:Mycosphaerellaceae,g:Ramularia"
ASV480,0,17,0,0,0,0,0,0,0,0,0,0,0,0,0,0,0,0,0,0,Fungi,1.00,Basidiomycota,1.00,Agaricomycetes,1.00,Phallales,1.00,Phallaceae,1.00,Mutinus,1.00,Mutinus_caninus,1.00,+,Species,Mutinus_caninus,"k:Fungi,p:Basidiomycota,c:Agaricomycetes,o:Phallales,f:Phallaceae,g:Mutinus,s:Mutinus_caninus"
ASV483,0,0,0,0,0,0,3,0,14,0,0,0,0,0,0,0,0,0,0,0,Fungi,1.00,Ascomycota,1.00,Sordariomycetes,1.00,,,,,,,,,+,Class,Sordariomycetes,"k:Fungi,p:Ascomycota,c:Sordariomycetes"
ASV484,0,0,0,0,0,0,0,0,0,0,17,0,0,0,0,0,0,0,0,0,Fungi,1.00,Basidiomycota,1.00,Tremellomycetes,1.00,Tremellales,0.99,Cryptococcaceae,0.95,Teunia,0.95,Teunia_betulae,0.87,-,Species,Teunia_betulae,"k:Fungi,p:Basidiomycota,c:Tremellomycetes,o:Tremellales,f:Cryptococcaceae,g:Teunia,s:Teunia_betulae"
ASV485,0,0,0,0,0,0,0,0,0,0,17,0,0,0,0,0,0,0,0,0,Fungi,1.00,Ascomycota,1.00,,,,,,,,,,,+,Phylum,Ascomycota,"k:Fungi,p:Ascomycota"
ASV486,0,0,0,0,0,0,0,0,0,0,17,0,0,0,0,0,0,0,0,0,Fungi,1.00,Ascomycota,1.00,Dothideomycetes,1.00,Pleosporales,1.00,,,,,,,+,Order,Pleosporales,"k:Fungi,p:Ascomycota,c:Dothideomycetes,o:Pleosporales"
ASV487,0,0,0,0,0,0,0,0,0,0,17,0,0,0,0,0,0,0,0,0,Fungi,1.00,Basidiomycota,1.00,Agaricomycetes,1.00,Geastrales,1.00,Geastraceae,1.00,Geastrum,1.00,Geastrum_sp.,0.97,+,Species,Geastrum_sp.,"k:Fungi,p:Basidiomycota,c:Agaricomycetes,o:Geastrales,f:Geastraceae,g:Geastrum,s:Geastrum_sp."
ASV488,0,0,0,0,0,0,0,0,0,0,17,0,0,0,0,0,0,0,0,0,Fungi,1.00,Basidiomycota,0.94,,,,,,,,,,,+,Phylum,Basidiomycota,"k:Fungi,p:Basidiomycota"
ASV489,0,0,0,0,0,0,0,0,0,0,17,0,0,0,0,0,0,0,0,0,Fungi,1.00,Basidiomycota,1.00,Agaricomycetes,1.00,Agaricales,1.00,Agaricaceae,1.00,Lycoperdon,1.00,Lycoperdon_pratense,0.97,+,Species,Lycoperdon_pratense,"k:Fungi,p:Basidiomycota,c:Agaricomycetes,o:Agaricales,f:Agaricaceae,g:Lycoperdon,s:Lycoperdon_pratense"
ASV490,0,0,0,0,0,0,0,0,0,0,17,0,0,0,0,0,0,0,0,0,Fungi,1.00,Ascomycota,1.00,,,,,,,,,,,+,Phylum,Ascomycota,"k:Fungi,p:Ascomycota"
ASV491,0,7,0,0,0,0,0,9,0,0,0,0,0,0,0,0,0,0,0,0,Fungi,1.00,Ascomycota,1.00,Dothideomycetes,1.00,Microthyriales,1.00,Leptopeltidaceae,1.00,Dothiopeltis,1.00,Dothiopeltis_n._sp.,1.00,+,Species,Dothiopeltis_n._sp.,"k:Fungi,p:Ascomycota,c:Dothideomycetes,o:Microthyriales,f:Leptopeltidaceae,g:Dothiopeltis,s:Dothiopeltis_n._sp."
ASV492,0,5,0,0,0,0,0,0,0,0,11,0,0,0,0,0,0,0,0,0,Fungi,1.00,Chytridiomycota,0.99,Chytridiomycetes,0.99,Rhizophydiales,0.89,,,,,,,-,Order,Rhizophydiales,"k:Fungi,p:Chytridiomycota,c:Chytridiomycetes,o:Rhizophydiales"
ASV493,0,5,0,11,0,0,0,0,0,0,0,0,0,0,0,0,0,0,0,0,Fungi,1.00,Ascomycota,1.00,Sordariomycetes,1.00,Hypocreales,1.00,,,,,,,+,Order,Hypocreales,"k:Fungi,p:Ascomycota,c:Sordariomycetes,o:Hypocreales"
ASV494,0,0,0,0,16,0,0,0,0,0,0,0,0,0,0,0,0,0,0,0,Fungi,1.00,,,,,,,,,,,,,+,Kingdom,Fungi,k:Fungi
ASV495,0,0,0,0,0,16,0,0,0,0,0,0,0,0,0,0,0,0,0,0,Fungi,1.00,Ascomycota,1.00,Eurotiomycetes,1.00,Eurotiales,1.00,Trichocomaceae,1.00,Penicillium,1.00,,,+,Genus,Penicillium,"k:Fungi,p:Ascomycota,c:Eurotiomycetes,o:Eurotiales,f:Trichocomaceae,g:Penicillium"
ASV496,0,0,0,0,0,0,0,0,0,0,16,0,0,0,0,0,0,0,0,0,Fungi,1.00,Ascomycota,1.00,,,,,,,,,,,+,Phylum,Ascomycota,"k:Fungi,p:Ascomycota"
ASV497,0,0,0,0,0,0,0,0,0,0,16,0,0,0,0,0,0,0,0,0,Fungi,1.00,Basidiomycota,1.00,Agaricomycetes,1.00,Corticiales,1.00,Corticiaceae,1.00,Sistotrema,1.00,Sistotrema_octosporum,0.93,+,Species,Sistotrema_octosporum,"k:Fungi,p:Basidiomycota,c:Agaricomycetes,o:Corticiales,f:Corticiaceae,g:Sistotrema,s:Sistotrema_octosporum"
ASV498,0,0,0,0,0,0,0,0,0,0,16,0,0,0,0,0,0,0,0,0,Fungi,1.00,Basidiomycota,0.86,,,,,,,,,,,+,Phylum,Basidiomycota,"k:Fungi,p:Basidiomycota"
ASV499,0,0,0,0,0,0,0,0,0,0,16,0,0,0,0,0,0,0,0,0,Fungi,1.00,Ascomycota,1.00,Eurotiomycetes,0.90,Chaetothyriales,0.87,,,,,,,+,Order,Chaetothyriales,"k:Fungi,p:Ascomycota,c:Eurotiomycetes,o:Chaetothyriales"
ASV5,797,0,558,277,0,352,2765,3717,225,485,0,1123,226,358,0,0,0,0,544,371,Fungi,1.00,Ascomycota,1.00,Leotiomycetes,0.96,Thelebolales,0.96,Thelebolaceae,0.96,,,,,+,Family,Thelebolaceae,"k:Fungi,p:Ascomycota,c:Leotiomycetes,o:Thelebolales,f:Thelebolaceae"
ASV50,666,0,0,0,0,0,0,0,0,0,0,0,0,0,0,0,0,0,0,0,Fungi,1.00,Ascomycota,1.00,Sordariomycetes,1.00,Hypocreales,1.00,Nectriaceae,1.00,Nectria,1.00,,,+,Genus,Nectria,"k:Fungi,p:Ascomycota,c:Sordariomycetes,o:Hypocreales,f:Nectriaceae,g:Nectria"
ASV500,0,0,0,0,0,0,0,0,0,0,16,0,0,0,0,0,0,0,0,0,Fungi,1.00,Ascomycota,1.00,Eurotiomycetes,1.00,Chaetothyriales,1.00,,,,,,,+,Order,Chaetothyriales,"k:Fungi,p:Ascomycota,c:Eurotiomycetes,o:Chaetothyriales"
ASV501,0,0,0,0,0,0,0,0,0,0,16,0,0,0,0,0,0,0,0,0,Fungi,1.00,Ascomycota,0.93,,,,,,,,,,,+,Phylum,Ascomycota,"k:Fungi,p:Ascomycota"
ASV502,0,0,0,0,0,0,0,0,0,0,16,0,0,0,0,0,0,0,0,0,Fungi,1.00,Ascomycota,1.00,Sordariomycetes,1.00,Hypocreales,0.99,Cordycipitaceae,0.97,Elaphocordyceps,0.97,Elaphocordyceps_sp._20124794d,0.97,+,Species,Elaphocordyceps_sp._20124794d,"k:Fungi,p:Ascomycota,c:Sordariomycetes,o:Hypocreales,f:Cordycipitaceae,g:Elaphocordyceps,s:Elaphocordyceps_sp._20124794d"
ASV503,0,0,0,0,0,0,0,0,0,0,16,0,0,0,0,0,0,0,0,0,Fungi,1.00,Basidiomycota,0.97,,,,,,,,,,,+,Phylum,Basidiomycota,"k:Fungi,p:Basidiomycota"
ASV506,0,15,0,0,0,0,0,0,0,0,0,0,0,0,0,0,0,0,0,0,Fungi,1.00,Ascomycota,1.00,Dothideomycetes,1.00,Mycosphaerellales,1.00,Mycosphaerellaceae,1.00,,,,,+,Family,Mycosphaerellaceae,"k:Fungi,p:Ascomycota,c:Dothideomycetes,o:Mycosphaerellales,f:Mycosphaerellaceae"
ASV507,0,15,0,0,0,0,0,0,0,0,0,0,0,0,0,0,0,0,0,0,Fungi,1.00,Ascomycota,1.00,Sordariomycetes,1.00,Diaporthales,1.00,Melanconidaceae,1.00,,,,,+,Family,Melanconidaceae,"k:Fungi,p:Ascomycota,c:Sordariomycetes,o:Diaporthales,f:Melanconidaceae"
ASV508,0,11,0,0,0,0,0,0,0,0,4,0,0,0,0,0,0,0,0,0,Fungi,1.00,Ascomycota,1.00,Leotiomycetes,0.96,Helotiales,0.92,,,,,,,+,Order,Helotiales,"k:Fungi,p:Ascomycota,c:Leotiomycetes,o:Helotiales"
ASV509,0,0,0,4,0,0,0,0,0,0,11,0,0,0,0,0,0,0,0,0,Fungi,1.00,Ascomycota,1.00,Dothideomycetes,1.00,Botryosphaeriales,1.00,Botryosphaeriaceae,1.00,Phaeobotryosphaeria,1.00,Phaeobotryosphaeria_visci,1.00,+,Species,Phaeobotryosphaeria_visci,"k:Fungi,p:Ascomycota,c:Dothideomycetes,o:Botryosphaeriales,f:Botryosphaeriaceae,g:Phaeobotryosphaeria,s:Phaeobotryosphaeria_visci"
ASV51,0,0,0,0,0,0,282,313,0,61,0,0,0,0,0,0,0,0,0,0,Fungi,1.00,Ascomycota,1.00,,,,,,,,,,,+,Phylum,Ascomycota,"k:Fungi,p:Ascomycota"
ASV510,0,0,0,0,0,0,0,0,0,0,15,0,0,0,0,0,0,0,0,0,Fungi,1.00,Basidiomycota,1.00,Agaricomycetes,1.00,Polyporales,1.00,Fomitopsidaceae,1.00,Postia,1.00,Postia_subcaesia,0.99,+,Species,Postia_subcaesia,"k:Fungi,p:Basidiomycota,c:Agaricomycetes,o:Polyporales,f:Fomitopsidaceae,g:Postia,s:Postia_subcaesia"
ASV511,0,0,0,0,0,0,0,0,0,0,15,0,0,0,0,0,0,0,0,0,Fungi,1.00,Ascomycota,1.00,Sordariomycetes,0.92,Diaporthales,0.86,,,,,,,+,Order,Diaporthales,"k:Fungi,p:Ascomycota,c:Sordariomycetes,o:Diaporthales"
ASV512,0,0,0,0,0,0,0,0,0,0,15,0,0,0,0,0,0,0,0,0,Fungi,1.00,Basidiomycota,1.00,Agaricomycetes,0.97,,,,,,,,,+,Class,Agaricomycetes,"k:Fungi,p:Basidiomycota,c:Agaricomycetes"
ASV513,0,0,0,0,0,0,0,0,0,0,15,0,0,0,0,0,0,0,0,0,Fungi,1.00,Basidiomycota,1.00,Agaricostilbomycetes,1.00,Agaricostilbales,1.00,,,,,,,+,Order,Agaricostilbales,"k:Fungi,p:Basidiomycota,c:Agaricostilbomycetes,o:Agaricostilbales"
ASV514,0,0,0,0,0,0,0,0,0,0,15,0,0,0,0,0,0,0,0,0,Fungi,1.00,Ascomycota,1.00,Sordariomycetes,1.00,Hypocreales,0.99,Nectriaceae,0.99,Nectria,0.92,Nectria_coryli,0.92,+,Species,Nectria_coryli,"k:Fungi,p:Ascomycota,c:Sordariomycetes,o:Hypocreales,f:Nectriaceae,g:Nectria,s:Nectria_coryli"
ASV515,0,14,0,0,0,0,0,0,0,0,0,0,0,0,0,0,0,0,0,0,Fungi,1.00,Ascomycota,1.00,Sordariomycetes,1.00,Chaetosphaeriales,1.00,,,Dendrophoma,1.00,Dendrophoma_cytisporoides,1.00,+,Species,Dendrophoma_cytisporoides,"k:Fungi,p:Ascomycota,c:Sordariomycetes,o:Chaetosphaeriales,g:Dendrophoma,s:Dendrophoma_cytisporoides"
ASV517,0,0,0,0,0,0,9,5,0,0,0,0,0,0,0,0,0,0,0,0,Fungi,1.00,Ascomycota,1.00,Sordariomycetes,1.00,Coniochaetales,1.00,Coniochaetaceae,1.00,,,,,+,Family,Coniochaetaceae,"k:Fungi,p:Ascomycota,c:Sordariomycetes,o:Coniochaetales,f:Coniochaetaceae"
ASV518,0,0,0,0,0,0,0,14,0,0,0,0,0,0,0,0,0,0,0,0,Fungi,1.00,Basidiomycota,0.90,,,,,,,,,,,+,Phylum,Basidiomycota,"k:Fungi,p:Basidiomycota"
ASV519,0,0,0,0,0,0,0,0,0,0,14,0,0,0,0,0,0,0,0,0,Fungi,1.00,Basidiomycota,1.00,Agaricomycetes,1.00,Agaricales,1.00,Hymenogastraceae,1.00,Hebeloma,1.00,Hebeloma_sinapizans,0.97,+,Species,Hebeloma_sinapizans,"k:Fungi,p:Basidiomycota,c:Agaricomycetes,o:Agaricales,f:Hymenogastraceae,g:Hebeloma,s:Hebeloma_sinapizans"
ASV52,0,30,0,0,0,587,0,0,0,0,9,0,0,21,0,0,0,0,0,0,Fungi,1.00,Ascomycota,1.00,Sordariomycetes,0.88,Hypocreales,0.85,,,,,,,+,Order,Hypocreales,"k:Fungi,p:Ascomycota,c:Sordariomycetes,o:Hypocreales"
ASV520,0,0,0,0,0,0,0,0,0,0,14,0,0,0,0,0,0,0,0,0,Fungi,1.00,Basidiomycota,1.00,Agaricomycetes,1.00,Agaricales,1.00,Physalacriaceae,0.99,Armillaria,0.99,,,+,Genus,Armillaria,"k:Fungi,p:Basidiomycota,c:Agaricomycetes,o:Agaricales,f:Physalacriaceae,g:Armillaria"
ASV521,0,0,0,0,0,0,0,0,0,0,14,0,0,0,0,0,0,0,0,0,Fungi,1.00,Basidiomycota,0.99,Tremellomycetes,0.94,Tremellales,0.92,,,,,,,+,Order,Tremellales,"k:Fungi,p:Basidiomycota,c:Tremellomycetes,o:Tremellales"
ASV522,0,0,0,0,0,0,0,0,0,0,14,0,0,0,0,0,0,0,0,0,Fungi,1.00,Ascomycota,1.00,Sordariomycetes,1.00,Xylariales,1.00,Diatrypaceae,1.00,,,,,+,Family,Diatrypaceae,"k:Fungi,p:Ascomycota,c:Sordariomycetes,o:Xylariales,f:Diatrypaceae"
ASV523,0,13,0,0,0,0,0,0,0,0,0,0,0,0,0,0,0,0,0,0,Fungi,1.00,,,,,,,,,,,,,+,Kingdom,Fungi,k:Fungi
ASV524,0,13,0,0,0,0,0,0,0,0,0,0,0,0,0,0,0,0,0,0,Fungi,1.00,Ascomycota,1.00,,,,,,,,,,,+,Phylum,Ascomycota,"k:Fungi,p:Ascomycota"
ASV525,0,13,0,0,0,0,0,0,0,0,0,0,0,0,0,0,0,0,0,0,Fungi,1.00,Basidiomycota,1.00,Agaricomycetes,1.00,Polyporales,1.00,Polyporaceae,1.00,Lentinus,1.00,Lentinus_brumalis,1.00,+,Species,Lentinus_brumalis,"k:Fungi,p:Basidiomycota,c:Agaricomycetes,o:Polyporales,f:Polyporaceae,g:Lentinus,s:Lentinus_brumalis"
ASV526,0,13,0,0,0,0,0,0,0,0,0,0,0,0,0,0,0,0,0,0,Fungi,1.00,Ascomycota,1.00,,,,,,,,,,,+,Phylum,Ascomycota,"k:Fungi,p:Ascomycota"
ASV527,0,0,0,0,0,0,13,0,0,0,0,0,0,0,0,0,0,0,0,0,Fungi,1.00,Ascomycota,1.00,,,,,,,,,,,+,Phylum,Ascomycota,"k:Fungi,p:Ascomycota"
ASV528,0,0,0,0,0,0,0,13,0,0,0,0,0,0,0,0,0,0,0,0,Fungi,1.00,Ascomycota,0.98,,,,,,,,,,,+,Phylum,Ascomycota,"k:Fungi,p:Ascomycota"
ASV529,0,0,0,0,0,0,0,13,0,0,0,0,0,0,0,0,0,0,0,0,Fungi,1.00,Mucoromycota,1.00,Mucoromycetes,1.00,Mucorales,1.00,Mucoraceae,1.00,Mucor,1.00,,,+,Genus,Mucor,"k:Fungi,p:Mucoromycota,c:Mucoromycetes,o:Mucorales,f:Mucoraceae,g:Mucor"
ASV53,539,0,104,0,0,0,0,0,0,0,0,0,0,0,0,0,0,0,0,0,Fungi,1.00,Ascomycota,1.00,Sordariomycetes,1.00,Microascales,1.00,Microascaceae,0.97,Doratomyces,0.91,,,+,Genus,Doratomyces,"k:Fungi,p:Ascomycota,c:Sordariomycetes,o:Microascales,f:Microascaceae,g:Doratomyces"
ASV530,0,0,0,0,0,0,0,0,0,13,0,0,0,0,0,0,0,0,0,0,Fungi,1.00,Ascomycota,1.00,Pezizomycetes,1.00,Pezizales,1.00,Pyronemataceae,1.00,Scutellinia,1.00,,,+,Genus,Scutellinia,"k:Fungi,p:Ascomycota,c:Pezizomycetes,o:Pezizales,f:Pyronemataceae,g:Scutellinia"
ASV531,0,0,0,0,0,0,0,0,0,0,13,0,0,0,0,0,0,0,0,0,Fungi,1.00,,,,,,,,,,,,,+,Kingdom,Fungi,k:Fungi
ASV532,0,0,0,0,0,0,0,0,0,0,13,0,0,0,0,0,0,0,0,0,Fungi,1.00,Ascomycota,0.98,,,,,,,,,,,+,Phylum,Ascomycota,"k:Fungi,p:Ascomycota"
ASV533,0,0,0,0,0,0,0,0,0,0,13,0,0,0,0,0,0,0,0,0,Fungi,1.00,Basidiomycota,0.91,,,,,,,,,,,+,Phylum,Basidiomycota,"k:Fungi,p:Basidiomycota"
ASV534,0,0,0,0,0,0,0,0,0,0,13,0,0,0,0,0,0,0,0,0,Fungi,1.00,,,,,,,,,,,,,-,Kingdom,Fungi,k:Fungi
ASV535,0,0,0,0,0,0,0,0,0,0,13,0,0,0,0,0,0,0,0,0,Fungi,1.00,Ascomycota,1.00,Sordariomycetes,1.00,Coniochaetales,0.92,Coniochaetaceae,0.92,,,,,+,Family,Coniochaetaceae,"k:Fungi,p:Ascomycota,c:Sordariomycetes,o:Coniochaetales,f:Coniochaetaceae"
ASV536,0,0,0,0,0,0,0,0,0,0,13,0,0,0,0,0,0,0,0,0,Fungi,1.00,Basidiomycota,1.00,,,,,,,,,,,+,Phylum,Basidiomycota,"k:Fungi,p:Basidiomycota"
ASV537,0,0,0,0,0,0,0,0,0,0,13,0,0,0,0,0,0,0,0,0,Fungi,1.00,Mucoromycota,1.00,Mucoromycetes,1.00,Mucorales,1.00,Umbelopsidaceae,1.00,Umbelopsis,1.00,Umbelopsis_isabellina,0.97,+,Species,Umbelopsis_isabellina,"k:Fungi,p:Mucoromycota,c:Mucoromycetes,o:Mucorales,f:Umbelopsidaceae,g:Umbelopsis,s:Umbelopsis_isabellina"
ASV538,0,0,0,0,0,0,0,0,0,0,13,0,0,0,0,0,0,0,0,0,Fungi,1.00,Ascomycota,1.00,Dothideomycetes,0.99,Mycosphaerellales,0.98,Mycosphaerellaceae,0.97,Ramularia,0.81,,,+,Genus,Ramularia,"k:Fungi,p:Ascomycota,c:Dothideomycetes,o:Mycosphaerellales,f:Mycosphaerellaceae,g:Ramularia"
ASV539,0,0,0,0,0,0,0,0,0,0,0,0,13,0,0,0,0,0,0,0,Fungi,1.00,,,,,,,,,,,,,+,Kingdom,Fungi,k:Fungi
ASV54,0,90,0,411,0,6,0,55,0,0,77,0,0,0,0,0,0,3,0,0,Fungi,1.00,Mucoromycota,1.00,Mucoromycetes,1.00,Mucorales,1.00,Pilobolaceae,1.00,Pilobolus,1.00,Pilobolus_crystallinus,1.00,+,Species,Pilobolus_crystallinus,"k:Fungi,p:Mucoromycota,c:Mucoromycetes,o:Mucorales,f:Pilobolaceae,g:Pilobolus,s:Pilobolus_crystallinus"
ASV540,0,0,0,0,0,0,0,0,0,0,0,0,0,0,13,0,0,0,0,0,Fungi,1.00,,,,,,,,,,,,,+,Kingdom,Fungi,k:Fungi
ASV541,0,0,0,0,0,0,0,0,0,0,0,0,0,0,0,0,13,0,0,0,Fungi,1.00,,,,,,,,,,,,,+,Kingdom,Fungi,k:Fungi
ASV542,0,0,0,0,0,0,0,0,0,0,0,0,0,0,0,0,13,0,0,0,Fungi,1.00,,,,,,,,,,,,,+,Kingdom,Fungi,k:Fungi
ASV543,0,12,0,0,0,0,0,0,0,0,0,0,0,0,0,0,0,0,0,0,Fungi,1.00,Basidiomycota,0.94,,,,,,,,,,,+,Phylum,Basidiomycota,"k:Fungi,p:Basidiomycota"
ASV544,0,12,0,0,0,0,0,0,0,0,0,0,0,0,0,0,0,0,0,0,Fungi,1.00,Basidiomycota,0.92,,,,,,,,,,,+,Phylum,Basidiomycota,"k:Fungi,p:Basidiomycota"
ASV545,0,8,0,4,0,0,0,0,0,0,0,0,0,0,0,0,0,0,0,0,Fungi,1.00,Basidiomycota,1.00,,,,,,,,,,,+,Phylum,Basidiomycota,"k:Fungi,p:Basidiomycota"
ASV546,0,0,0,12,0,0,0,0,0,0,0,0,0,0,0,0,0,0,0,0,Fungi,1.00,Basidiomycota,1.00,Tremellomycetes,0.98,Tremellales,0.98,,,,,,,+,Order,Tremellales,"k:Fungi,p:Basidiomycota,c:Tremellomycetes,o:Tremellales"
ASV547,0,0,0,8,0,0,0,4,0,0,0,0,0,0,0,0,0,0,0,0,Fungi,1.00,Ascomycota,1.00,,,,,,,,,,,+,Phylum,Ascomycota,"k:Fungi,p:Ascomycota"
ASV548,0,0,0,0,0,0,0,12,0,0,0,0,0,0,0,0,0,0,0,0,Fungi,1.00,Basidiomycota,0.99,Tremellomycetes,0.83,Tremellales,0.82,,,,,,,+,Order,Tremellales,"k:Fungi,p:Basidiomycota,c:Tremellomycetes,o:Tremellales"
ASV549,0,0,0,0,0,0,0,0,0,0,12,0,0,0,0,0,0,0,0,0,Fungi,1.00,Ascomycota,1.00,Eurotiomycetes,1.00,Chaetothyriales,1.00,,,,,,,+,Order,Chaetothyriales,"k:Fungi,p:Ascomycota,c:Eurotiomycetes,o:Chaetothyriales"
ASV55,0,376,0,234,0,0,0,0,0,0,0,0,0,0,0,0,0,0,0,0,Fungi,1.00,Ascomycota,1.00,Sordariomycetes,1.00,Sordariales,1.00,Lasiosphaeriaceae,1.00,Cercophora,1.00,Cercophora_areolata,1.00,+,Species,Cercophora_areolata,"k:Fungi,p:Ascomycota,c:Sordariomycetes,o:Sordariales,f:Lasiosphaeriaceae,g:Cercophora,s:Cercophora_areolata"
ASV550,0,0,0,0,0,0,0,0,0,0,12,0,0,0,0,0,0,0,0,0,Fungi,1.00,Ascomycota,0.95,,,,,,,,,,,+,Phylum,Ascomycota,"k:Fungi,p:Ascomycota"
ASV551,0,0,0,0,0,0,0,0,0,0,12,0,0,0,0,0,0,0,0,0,Fungi,1.00,Basidiomycota,1.00,Microbotryomycetes,1.00,Leucosporidiales,1.00,,,Leucosporidium,0.93,Leucosporidium_scottii,0.93,+,Species,Leucosporidium_scottii,"k:Fungi,p:Basidiomycota,c:Microbotryomycetes,o:Leucosporidiales,g:Leucosporidium,s:Leucosporidium_scottii"
ASV552,0,0,0,0,0,0,0,0,0,0,12,0,0,0,0,0,0,0,0,0,Fungi,1.00,Ascomycota,1.00,Eurotiomycetes,1.00,Chaetothyriales,1.00,,,,,,,+,Order,Chaetothyriales,"k:Fungi,p:Ascomycota,c:Eurotiomycetes,o:Chaetothyriales"
ASV553,0,0,0,0,0,0,0,0,0,0,12,0,0,0,0,0,0,0,0,0,Fungi,1.00,Ascomycota,1.00,Sordariomycetes,1.00,Hypocreales,1.00,Hypocreaceae,0.87,,,,,+,Family,Hypocreaceae,"k:Fungi,p:Ascomycota,c:Sordariomycetes,o:Hypocreales,f:Hypocreaceae"
ASV554,0,0,0,0,0,0,0,0,0,0,0,0,0,0,0,0,0,0,0,12,Fungi,1.00,Ascomycota,0.99,Sordariomycetes,0.89,,,,,,,,,+,Class,Sordariomycetes,"k:Fungi,p:Ascomycota,c:Sordariomycetes"
ASV555,0,11,0,0,0,0,0,0,0,0,0,0,0,0,0,0,0,0,0,0,Fungi,1.00,Ascomycota,1.00,Dothideomycetes,1.00,Mycosphaerellales,1.00,Mycosphaerellaceae,1.00,Septoria,0.94,Septoria_lycopersici_var._lycopersici,0.93,+,Species,Septoria_lycopersici_var._lycopersici,"k:Fungi,p:Ascomycota,c:Dothideomycetes,o:Mycosphaerellales,f:Mycosphaerellaceae,g:Septoria,s:Septoria_lycopersici_var._lycopersici"
ASV556,0,11,0,0,0,0,0,0,0,0,0,0,0,0,0,0,0,0,0,0,Fungi,1.00,Basidiomycota,1.00,Tremellomycetes,0.99,Tremellales,0.99,Tremellaceae,0.99,Papiliotrema,0.94,Papiliotrema_flavescens,0.94,+,Species,Papiliotrema_flavescens,"k:Fungi,p:Basidiomycota,c:Tremellomycetes,o:Tremellales,f:Tremellaceae,g:Papiliotrema,s:Papiliotrema_flavescens"
ASV557,0,11,0,0,0,0,0,0,0,0,0,0,0,0,0,0,0,0,0,0,Fungi,1.00,Ascomycota,1.00,Sordariomycetes,0.98,Hypocreales,0.98,Nectriaceae,0.98,Fusarium,0.90,,,+,Genus,Fusarium,"k:Fungi,p:Ascomycota,c:Sordariomycetes,o:Hypocreales,f:Nectriaceae,g:Fusarium"
ASV558,0,11,0,0,0,0,0,0,0,0,0,0,0,0,0,0,0,0,0,0,Fungi,1.00,Basidiomycota,1.00,Microbotryomycetes,0.90,Sporidiobolales,0.90,Sporidiobolaceae,0.90,Rhodotorula,0.90,Rhodotorula_sp._CCFEE_5628,0.82,+,Species,Rhodotorula_sp._CCFEE_5628,"k:Fungi,p:Basidiomycota,c:Microbotryomycetes,o:Sporidiobolales,f:Sporidiobolaceae,g:Rhodotorula,s:Rhodotorula_sp._CCFEE_5628"
ASV559,0,11,0,0,0,0,0,0,0,0,0,0,0,0,0,0,0,0,0,0,Fungi,1.00,Mucoromycota,1.00,Mucoromycetes,1.00,Mucorales,1.00,Lichtheimiaceae,1.00,Rhizomucor,1.00,Rhizomucor_pusillus,1.00,+,Species,Rhizomucor_pusillus,"k:Fungi,p:Mucoromycota,c:Mucoromycetes,o:Mucorales,f:Lichtheimiaceae,g:Rhizomucor,s:Rhizomucor_pusillus"
ASV56,0,0,21,0,0,48,224,69,0,0,0,0,143,0,0,73,0,0,0,0,Fungi,1.00,Basidiomycota,1.00,Cystobasidiomycetes,0.99,Cystobasidiales,0.99,Cystobasidiaceae,0.99,Cystobasidium,0.99,,,+,Genus,Cystobasidium,"k:Fungi,p:Basidiomycota,c:Cystobasidiomycetes,o:Cystobasidiales,f:Cystobasidiaceae,g:Cystobasidium"
ASV560,0,0,0,11,0,0,0,0,0,0,0,0,0,0,0,0,0,0,0,0,Fungi,1.00,Basidiomycota,0.88,,,,,,,,,,,+,Phylum,Basidiomycota,"k:Fungi,p:Basidiomycota"
ASV561,0,0,0,0,11,0,0,0,0,0,0,0,0,0,0,0,0,0,0,0,Fungi,1.00,Ascomycota,0.96,,,,,,,,,,,+,Phylum,Ascomycota,"k:Fungi,p:Ascomycota"
ASV562,0,0,0,0,0,0,0,11,0,0,0,0,0,0,0,0,0,0,0,0,Fungi,1.00,Basidiomycota,0.88,,,,,,,,,,,+,Phylum,Basidiomycota,"k:Fungi,p:Basidiomycota"
ASV563,0,0,0,0,0,0,0,0,0,0,11,0,0,0,0,0,0,0,0,0,Fungi,1.00,Ascomycota,1.00,Leotiomycetes,1.00,Helotiales,1.00,Sclerotiniaceae,1.00,,,,,+,Family,Sclerotiniaceae,"k:Fungi,p:Ascomycota,c:Leotiomycetes,o:Helotiales,f:Sclerotiniaceae"
ASV564,0,0,0,0,0,0,0,0,0,0,11,0,0,0,0,0,0,0,0,0,Fungi,1.00,Ascomycota,0.88,,,,,,,,,,,+,Phylum,Ascomycota,"k:Fungi,p:Ascomycota"
ASV565,0,0,0,0,0,0,0,0,0,0,11,0,0,0,0,0,0,0,0,0,Fungi,1.00,,,,,,,,,,,,,+,Kingdom,Fungi,k:Fungi
ASV566,0,0,0,0,0,0,0,0,0,0,11,0,0,0,0,0,0,0,0,0,Fungi,1.00,Basidiomycota,1.00,,,,,,,,,,,+,Phylum,Basidiomycota,"k:Fungi,p:Basidiomycota"
ASV567,0,0,0,0,0,0,0,0,0,0,11,0,0,0,0,0,0,0,0,0,Fungi,1.00,Basidiomycota,1.00,Agaricomycetes,1.00,Agaricales,1.00,Cortinariaceae,1.00,Cortinarius,1.00,Cortinarius_percomis,1.00,+,Species,Cortinarius_percomis,"k:Fungi,p:Basidiomycota,c:Agaricomycetes,o:Agaricales,f:Cortinariaceae,g:Cortinarius,s:Cortinarius_percomis"
ASV568,0,0,0,0,0,0,0,0,0,0,11,0,0,0,0,0,0,0,0,0,Fungi,1.00,Ascomycota,1.00,Dothideomycetes,1.00,,,,,,,,,+,Class,Dothideomycetes,"k:Fungi,p:Ascomycota,c:Dothideomycetes"
ASV569,0,0,0,0,0,0,0,0,0,0,11,0,0,0,0,0,0,0,0,0,Fungi,1.00,Ascomycota,0.99,,,,,,,,,,,+,Phylum,Ascomycota,"k:Fungi,p:Ascomycota"
ASV57,0,0,0,0,0,0,0,0,571,0,0,0,0,0,0,0,0,0,0,0,Fungi,1.00,Ascomycota,1.00,Sordariomycetes,1.00,Hypocreales,0.99,,,,,,,+,Order,Hypocreales,"k:Fungi,p:Ascomycota,c:Sordariomycetes,o:Hypocreales"
ASV570,0,0,0,0,0,0,0,0,0,0,11,0,0,0,0,0,0,0,0,0,Fungi,1.00,Basidiomycota,0.89,,,,,,,,,,,+,Phylum,Basidiomycota,"k:Fungi,p:Basidiomycota"
ASV571,0,0,0,0,0,0,0,0,0,0,11,0,0,0,0,0,0,0,0,0,Fungi,1.00,Ascomycota,0.87,,,,,,,,,,,+,Phylum,Ascomycota,"k:Fungi,p:Ascomycota"
ASV572,0,0,0,0,0,0,0,0,0,0,11,0,0,0,0,0,0,0,0,0,Fungi,1.00,Basidiomycota,1.00,Tremellomycetes,1.00,,,,,,,,,+,Class,Tremellomycetes,"k:Fungi,p:Basidiomycota,c:Tremellomycetes"
ASV573,0,0,0,0,0,0,0,0,0,0,0,0,0,0,0,11,0,0,0,0,Fungi,1.00,,,,,,,,,,,,,+,Kingdom,Fungi,k:Fungi
ASV574,0,10,0,0,0,0,0,0,0,0,0,0,0,0,0,0,0,0,0,0,Fungi,1.00,Ascomycota,1.00,Dothideomycetes,0.88,Mycosphaerellales,0.82,,,,,,,+,Order,Mycosphaerellales,"k:Fungi,p:Ascomycota,c:Dothideomycetes,o:Mycosphaerellales"
ASV575,0,10,0,0,0,0,0,0,0,0,0,0,0,0,0,0,0,0,0,0,Fungi,1.00,Basidiomycota,1.00,Agaricomycetes,1.00,Russulales,1.00,Auriscalpiaceae,1.00,Lentinellus,1.00,,,+,Genus,Lentinellus,"k:Fungi,p:Basidiomycota,c:Agaricomycetes,o:Russulales,f:Auriscalpiaceae,g:Lentinellus"
ASV576,0,10,0,0,0,0,0,0,0,0,0,0,0,0,0,0,0,0,0,0,Fungi,1.00,Ascomycota,1.00,Eurotiomycetes,0.99,Chaetothyriales,0.99,Herpotrichiellaceae,0.99,Phaeococcomyces,0.99,,,+,Genus,Phaeococcomyces,"k:Fungi,p:Ascomycota,c:Eurotiomycetes,o:Chaetothyriales,f:Herpotrichiellaceae,g:Phaeococcomyces"
ASV577,0,10,0,0,0,0,0,0,0,0,0,0,0,0,0,0,0,0,0,0,Fungi,1.00,Ascomycota,0.91,,,,,,,,,,,+,Phylum,Ascomycota,"k:Fungi,p:Ascomycota"
ASV578,0,0,0,10,0,0,0,0,0,0,0,0,0,0,0,0,0,0,0,0,Fungi,1.00,Ascomycota,1.00,Dothideomycetes,1.00,Pleosporales,0.96,Lophiostomataceae,0.89,Lophiostoma,0.89,Lophiostoma_corticola,0.89,+,Species,Lophiostoma_corticola,"k:Fungi,p:Ascomycota,c:Dothideomycetes,o:Pleosporales,f:Lophiostomataceae,g:Lophiostoma,s:Lophiostoma_corticola"
ASV579,0,0,0,10,0,0,0,0,0,0,0,0,0,0,0,0,0,0,0,0,Fungi,1.00,Ascomycota,1.00,Sordariomycetes,1.00,Xylariales,0.97,Diatrypaceae,0.90,,,,,+,Family,Diatrypaceae,"k:Fungi,p:Ascomycota,c:Sordariomycetes,o:Xylariales,f:Diatrypaceae"
ASV58,0,0,0,0,0,0,0,0,0,0,0,0,0,0,0,0,0,0,568,0,Fungi,1.00,,,,,,,,,,,,,+,Kingdom,Fungi,k:Fungi
ASV580,0,0,0,10,0,0,0,0,0,0,0,0,0,0,0,0,0,0,0,0,Fungi,1.00,Ascomycota,1.00,Sordariomycetes,0.84,Diaporthales,0.84,Diaporthaceae,0.84,Diaporthe,0.84,Diaporthe_eres,0.84,+,Species,Diaporthe_eres,"k:Fungi,p:Ascomycota,c:Sordariomycetes,o:Diaporthales,f:Diaporthaceae,g:Diaporthe,s:Diaporthe_eres"
ASV581,0,0,0,0,0,10,0,0,0,0,0,0,0,0,0,0,0,0,0,0,Fungi,1.00,Ascomycota,1.00,Eurotiomycetes,1.00,Eurotiales,1.00,Trichocomaceae,1.00,Penicillium,1.00,,,+,Genus,Penicillium,"k:Fungi,p:Ascomycota,c:Eurotiomycetes,o:Eurotiales,f:Trichocomaceae,g:Penicillium"
ASV583,0,0,0,0,0,0,0,0,10,0,0,0,0,0,0,0,0,0,0,0,Fungi,1.00,Ascomycota,1.00,Saccharomycetes,1.00,Saccharomycetales,1.00,Saccharomycetaceae,0.97,Candida,0.97,Candida_sake,0.97,-,Species,Candida_sake,"k:Fungi,p:Ascomycota,c:Saccharomycetes,o:Saccharomycetales,f:Saccharomycetaceae,g:Candida,s:Candida_sake"
ASV584,0,0,0,0,0,0,0,0,0,0,10,0,0,0,0,0,0,0,0,0,Fungi,1.00,Ascomycota,1.00,Dothideomycetes,0.94,Pleosporales,0.94,Pleosporales_incertae_sedis,0.94,Paraconiothyrium,0.87,,,+,Genus,Paraconiothyrium,"k:Fungi,p:Ascomycota,c:Dothideomycetes,o:Pleosporales,f:Pleosporales_incertae_sedis,g:Paraconiothyrium"
ASV585,0,0,0,0,0,0,0,0,0,0,10,0,0,0,0,0,0,0,0,0,Fungi,1.00,Basidiomycota,0.98,Agaricostilbomycetes,0.96,Agaricostilbales,0.96,Chionosphaeraceae,0.94,Kurtzmanomyces,0.91,Kurtzmanomyces_sp._CBS_12709,0.83,+,Species,Kurtzmanomyces_sp._CBS_12709,"k:Fungi,p:Basidiomycota,c:Agaricostilbomycetes,o:Agaricostilbales,f:Chionosphaeraceae,g:Kurtzmanomyces,s:Kurtzmanomyces_sp._CBS_12709"
ASV586,0,0,0,0,0,0,0,0,0,0,10,0,0,0,0,0,0,0,0,0,Fungi,1.00,Basidiomycota,1.00,Agaricostilbomycetes,0.84,Spiculogloeales,0.84,Spiculogloeaceae,0.84,Phyllozyma,0.84,Phyllozyma_aceris,0.84,+,Species,Phyllozyma_aceris,"k:Fungi,p:Basidiomycota,c:Agaricostilbomycetes,o:Spiculogloeales,f:Spiculogloeaceae,g:Phyllozyma,s:Phyllozyma_aceris"
ASV587,0,0,0,0,0,0,0,0,0,0,10,0,0,0,0,0,0,0,0,0,Fungi,1.00,Ascomycota,1.00,Sordariomycetes,1.00,Hypocreales,1.00,Hypocreaceae,1.00,Hypocrea,1.00,Hypocrea_gelatinosa,1.00,+,Species,Hypocrea_gelatinosa,"k:Fungi,p:Ascomycota,c:Sordariomycetes,o:Hypocreales,f:Hypocreaceae,g:Hypocrea,s:Hypocrea_gelatinosa"
ASV588,0,0,0,0,0,0,0,0,0,0,10,0,0,0,0,0,0,0,0,0,Fungi,1.00,,,,,,,,,,,,,+,Kingdom,Fungi,k:Fungi
ASV589,0,0,0,0,0,0,0,0,0,0,10,0,0,0,0,0,0,0,0,0,Fungi,1.00,Basidiomycota,1.00,Agaricomycetes,1.00,Boletales,1.00,Boletaceae,1.00,,,,,+,Family,Boletaceae,"k:Fungi,p:Basidiomycota,c:Agaricomycetes,o:Boletales,f:Boletaceae"
ASV59,564,0,0,0,0,0,0,0,0,0,0,0,0,0,0,0,0,0,0,0,Fungi,1.00,Ascomycota,1.00,Ascomycota_class_incertae_sedis,1.00,Ascomycota_order_incertae_sedis,1.00,Pseudeurotiaceae,1.00,Pseudogymnoascus,1.00,Pseudogymnoascus_pannorum,1.00,+,Species,Pseudogymnoascus_pannorum,"k:Fungi,p:Ascomycota,c:Ascomycota_class_incertae_sedis,o:Ascomycota_order_incertae_sedis,f:Pseudeurotiaceae,g:Pseudogymnoascus,s:Pseudogymnoascus_pannorum"
ASV590,0,0,0,0,0,0,0,0,0,0,10,0,0,0,0,0,0,0,0,0,Fungi,1.00,Basidiomycota,1.00,Agaricomycetes,1.00,Agaricales,1.00,Psathyrellaceae,1.00,Coprinellus,1.00,Coprinellus_xanthothrix,0.99,+,Species,Coprinellus_xanthothrix,"k:Fungi,p:Basidiomycota,c:Agaricomycetes,o:Agaricales,f:Psathyrellaceae,g:Coprinellus,s:Coprinellus_xanthothrix"
ASV591,0,0,0,0,0,0,0,0,0,0,10,0,0,0,0,0,0,0,0,0,Fungi,1.00,Basidiomycota,1.00,Agaricomycetes,1.00,Agaricales,1.00,,,,,,,+,Order,Agaricales,"k:Fungi,p:Basidiomycota,c:Agaricomycetes,o:Agaricales"
ASV592,0,0,0,0,0,0,0,0,0,0,10,0,0,0,0,0,0,0,0,0,Fungi,1.00,Basidiomycota,1.00,Agaricomycetes,1.00,Thelephorales,1.00,Thelephoraceae,1.00,Tomentella,1.00,Tomentella_sp.,1.00,+,Species,Tomentella_sp.,"k:Fungi,p:Basidiomycota,c:Agaricomycetes,o:Thelephorales,f:Thelephoraceae,g:Tomentella,s:Tomentella_sp."
ASV593,0,0,0,0,0,0,0,0,0,0,0,0,0,0,0,10,0,0,0,0,Fungi,1.00,,,,,,,,,,,,,+,Kingdom,Fungi,k:Fungi
ASV594,0,9,0,0,0,0,0,0,0,0,0,0,0,0,0,0,0,0,0,0,Fungi,1.00,Ascomycota,0.99,,,,,,,,,,,+,Phylum,Ascomycota,"k:Fungi,p:Ascomycota"
ASV595,0,9,0,0,0,0,0,0,0,0,0,0,0,0,0,0,0,0,0,0,Fungi,1.00,Ascomycota,0.97,,,,,,,,,,,+,Phylum,Ascomycota,"k:Fungi,p:Ascomycota"
ASV596,0,9,0,0,0,0,0,0,0,0,0,0,0,0,0,0,0,0,0,0,Fungi,1.00,Basidiomycota,1.00,Agaricomycetes,1.00,Polyporales,1.00,Sistotremataceae,1.00,Trechispora,1.00,Trechispora_sp.,0.83,+,Species,Trechispora_sp.,"k:Fungi,p:Basidiomycota,c:Agaricomycetes,o:Polyporales,f:Sistotremataceae,g:Trechispora,s:Trechispora_sp."
ASV597,0,9,0,0,0,0,0,0,0,0,0,0,0,0,0,0,0,0,0,0,Fungi,1.00,Basidiomycota,1.00,Tremellomycetes,0.99,Tremellales,0.99,Tremellaceae,0.98,Bulleribasidium,0.98,Bulleribasidium_oberjochense,0.98,+,Species,Bulleribasidium_oberjochense,"k:Fungi,p:Basidiomycota,c:Tremellomycetes,o:Tremellales,f:Tremellaceae,g:Bulleribasidium,s:Bulleribasidium_oberjochense"
ASV598,0,3,0,0,0,0,0,0,0,0,6,0,0,0,0,0,0,0,0,0,Fungi,1.00,Ascomycota,1.00,Eurotiomycetes,1.00,Chaetothyriales,1.00,,,,,,,+,Order,Chaetothyriales,"k:Fungi,p:Ascomycota,c:Eurotiomycetes,o:Chaetothyriales"
ASV599,0,0,0,9,0,0,0,0,0,0,0,0,0,0,0,0,0,0,0,0,Fungi,1.00,Ascomycota,0.99,Ascomycota_class_incertae_sedis,0.96,Ascomycota_order_incertae_sedis,0.96,Ascomycota_family_incertae_sedis,0.96,Dendryphion,0.96,,,+,Genus,Dendryphion,"k:Fungi,p:Ascomycota,c:Ascomycota_class_incertae_sedis,o:Ascomycota_order_incertae_sedis,f:Ascomycota_family_incertae_sedis,g:Dendryphion"
ASV6,0,0,0,0,0,0,4584,3846,119,702,0,0,0,0,143,0,0,0,0,0,Fungi,1.00,Basidiomycota,1.00,Tremellomycetes,1.00,Cystofilobasidiales,1.00,Mrakiaceae,1.00,Tausonia,1.00,Tausonia_pullulans,1.00,+,Species,Tausonia_pullulans,"k:Fungi,p:Basidiomycota,c:Tremellomycetes,o:Cystofilobasidiales,f:Mrakiaceae,g:Tausonia,s:Tausonia_pullulans"
ASV60,0,496,0,17,0,0,0,0,0,0,0,0,0,0,0,0,0,0,0,0,Fungi,1.00,Ascomycota,1.00,Sordariomycetes,1.00,Sordariales,1.00,Lasiosphaeriaceae,1.00,Podospora,1.00,Podospora_longicollis,1.00,+,Species,Podospora_longicollis,"k:Fungi,p:Ascomycota,c:Sordariomycetes,o:Sordariales,f:Lasiosphaeriaceae,g:Podospora,s:Podospora_longicollis"
ASV600,0,0,0,9,0,0,0,0,0,0,0,0,0,0,0,0,0,0,0,0,Fungi,1.00,Basidiomycota,1.00,Tremellomycetes,0.94,Tremellales,0.94,,,,,,,+,Order,Tremellales,"k:Fungi,p:Basidiomycota,c:Tremellomycetes,o:Tremellales"
ASV601,0,0,0,9,0,0,0,0,0,0,0,0,0,0,0,0,0,0,0,0,Fungi,1.00,Ascomycota,0.94,Sordariomycetes,0.85,,,,,,,,,+,Class,Sordariomycetes,"k:Fungi,p:Ascomycota,c:Sordariomycetes"
ASV602,0,0,0,9,0,0,0,0,0,0,0,0,0,0,0,0,0,0,0,0,Fungi,1.00,Ascomycota,1.00,Sordariomycetes,0.80,Diaporthales,0.80,Diaporthaceae,0.80,Diaporthe,0.80,Diaporthe_cf._nobilis,0.80,+,Species,Diaporthe_cf._nobilis,"k:Fungi,p:Ascomycota,c:Sordariomycetes,o:Diaporthales,f:Diaporthaceae,g:Diaporthe,s:Diaporthe_cf._nobilis"
ASV603,0,0,0,9,0,0,0,0,0,0,0,0,0,0,0,0,0,0,0,0,Fungi,1.00,Basidiomycota,1.00,Agaricomycetes,1.00,Agaricales,1.00,Strophariaceae,1.00,Stropharia,1.00,Stropharia_aeruginosa,0.83,+,Species,Stropharia_aeruginosa,"k:Fungi,p:Basidiomycota,c:Agaricomycetes,o:Agaricales,f:Strophariaceae,g:Stropharia,s:Stropharia_aeruginosa"
ASV604,0,0,0,9,0,0,0,0,0,0,0,0,0,0,0,0,0,0,0,0,Fungi,1.00,Ascomycota,0.89,,,,,,,,,,,+,Phylum,Ascomycota,"k:Fungi,p:Ascomycota"
ASV605,0,0,0,9,0,0,0,0,0,0,0,0,0,0,0,0,0,0,0,0,Fungi,1.00,Basidiomycota,1.00,,,,,,,,,,,+,Phylum,Basidiomycota,"k:Fungi,p:Basidiomycota"
ASV606,0,0,0,0,0,0,0,9,0,0,0,0,0,0,0,0,0,0,0,0,Fungi,1.00,Basidiomycota,1.00,Agaricomycetes,1.00,Agaricales,1.00,Physalacriaceae,0.99,Armillaria,0.99,,,+,Genus,Armillaria,"k:Fungi,p:Basidiomycota,c:Agaricomycetes,o:Agaricales,f:Physalacriaceae,g:Armillaria"
ASV607,0,0,0,0,0,0,0,9,0,0,0,0,0,0,0,0,0,0,0,0,Fungi,1.00,Basidiomycota,1.00,Tremellomycetes,1.00,Tremellales,1.00,Tremellaceae,0.98,,,,,+,Family,Tremellaceae,"k:Fungi,p:Basidiomycota,c:Tremellomycetes,o:Tremellales,f:Tremellaceae"
ASV609,0,0,0,0,0,0,0,0,0,0,9,0,0,0,0,0,0,0,0,0,Fungi,1.00,Ascomycota,1.00,Pezizomycetes,0.97,Pezizales,0.97,,,,,,,+,Order,Pezizales,"k:Fungi,p:Ascomycota,c:Pezizomycetes,o:Pezizales"
ASV61,0,0,0,0,0,0,0,0,0,504,0,0,0,0,0,0,0,0,0,0,Fungi,1.00,Basidiomycota,1.00,Agaricomycetes,1.00,Agaricales,1.00,Psathyrellaceae,1.00,Coprinopsis,1.00,Coprinopsis_stercorea,0.94,+,Species,Coprinopsis_stercorea,"k:Fungi,p:Basidiomycota,c:Agaricomycetes,o:Agaricales,f:Psathyrellaceae,g:Coprinopsis,s:Coprinopsis_stercorea"
ASV610,0,0,0,0,0,0,0,0,0,0,9,0,0,0,0,0,0,0,0,0,Fungi,1.00,Basidiomycota,1.00,,,,,,,,,,,+,Phylum,Basidiomycota,"k:Fungi,p:Basidiomycota"
ASV611,0,0,0,0,0,0,0,0,0,0,9,0,0,0,0,0,0,0,0,0,Fungi,1.00,Ascomycota,1.00,Sordariomycetes,0.99,Xylariales,0.97,Diatrypaceae,0.91,,,,,+,Family,Diatrypaceae,"k:Fungi,p:Ascomycota,c:Sordariomycetes,o:Xylariales,f:Diatrypaceae"
ASV612,0,0,0,0,0,0,0,0,0,0,9,0,0,0,0,0,0,0,0,0,Fungi,1.00,Basidiomycota,1.00,Agaricomycetes,1.00,Agaricales,1.00,Agaricaceae,1.00,Coprinus,1.00,Coprinus_foetidellus,1.00,+,Species,Coprinus_foetidellus,"k:Fungi,p:Basidiomycota,c:Agaricomycetes,o:Agaricales,f:Agaricaceae,g:Coprinus,s:Coprinus_foetidellus"
ASV613,0,0,0,0,0,0,0,0,0,0,9,0,0,0,0,0,0,0,0,0,Fungi,1.00,Basidiomycota,1.00,Agaricomycetes,1.00,Polyporales,1.00,Ganodermataceae,1.00,Ganoderma,1.00,Ganoderma_applanatum,0.97,+,Species,Ganoderma_applanatum,"k:Fungi,p:Basidiomycota,c:Agaricomycetes,o:Polyporales,f:Ganodermataceae,g:Ganoderma,s:Ganoderma_applanatum"
ASV614,0,0,0,0,0,0,0,0,0,0,9,0,0,0,0,0,0,0,0,0,Fungi,1.00,Ascomycota,1.00,,,,,,,,,,,+,Phylum,Ascomycota,"k:Fungi,p:Ascomycota"
ASV615,0,0,0,0,0,0,0,0,0,0,9,0,0,0,0,0,0,0,0,0,Fungi,1.00,Basidiomycota,1.00,Tremellomycetes,1.00,Filobasidiales,1.00,Piskurozymaceae,1.00,Piskurozyma,1.00,,,-,Genus,Piskurozyma,"k:Fungi,p:Basidiomycota,c:Tremellomycetes,o:Filobasidiales,f:Piskurozymaceae,g:Piskurozyma"
ASV616,0,0,0,0,0,0,0,0,0,0,9,0,0,0,0,0,0,0,0,0,Fungi,1.00,,,,,,,,,,,,,+,Kingdom,Fungi,k:Fungi
ASV617,0,0,0,0,0,0,0,0,0,0,0,0,0,0,0,9,0,0,0,0,Fungi,1.00,Ascomycota,0.99,,,,,,,,,,,+,Phylum,Ascomycota,"k:Fungi,p:Ascomycota"
ASV618,0,0,0,0,0,0,0,0,0,0,0,0,0,0,0,0,0,9,0,0,Fungi,1.00,Basidiomycota,1.00,Agaricomycetes,1.00,Agaricales,1.00,Cortinariaceae,0.99,,,,,+,Family,Cortinariaceae,"k:Fungi,p:Basidiomycota,c:Agaricomycetes,o:Agaricales,f:Cortinariaceae"
ASV619,8,0,0,0,0,0,0,0,0,0,0,0,0,0,0,0,0,0,0,0,Fungi,1.00,,,,,,,,,,,,,+,Kingdom,Fungi,k:Fungi
ASV62,0,502,0,0,0,0,0,0,0,0,0,0,0,0,0,0,0,0,0,0,Fungi,1.00,,,,,,,,,,,,,+,Kingdom,Fungi,k:Fungi
ASV620,0,8,0,0,0,0,0,0,0,0,0,0,0,0,0,0,0,0,0,0,Fungi,1.00,Ascomycota,1.00,Dothideomycetes,1.00,,,,,,,,,+,Class,Dothideomycetes,"k:Fungi,p:Ascomycota,c:Dothideomycetes"
ASV621,0,8,0,0,0,0,0,0,0,0,0,0,0,0,0,0,0,0,0,0,Fungi,1.00,Basidiomycota,1.00,Agaricomycetes,1.00,Geastrales,1.00,,,Sphaerobolus,1.00,Sphaerobolus_ingoldii,1.00,+,Species,Sphaerobolus_ingoldii,"k:Fungi,p:Basidiomycota,c:Agaricomycetes,o:Geastrales,g:Sphaerobolus,s:Sphaerobolus_ingoldii"
ASV622,0,8,0,0,0,0,0,0,0,0,0,0,0,0,0,0,0,0,0,0,Fungi,1.00,Basidiomycota,1.00,Tremellomycetes,1.00,Tremellales,1.00,Tremellaceae,1.00,Cryptococcus,0.99,Cryptococcus_wisconsinensis,0.99,-,Species,Cryptococcus_wisconsinensis,"k:Fungi,p:Basidiomycota,c:Tremellomycetes,o:Tremellales,f:Tremellaceae,g:Cryptococcus,s:Cryptococcus_wisconsinensis"
ASV623,0,8,0,0,0,0,0,0,0,0,0,0,0,0,0,0,0,0,0,0,Fungi,1.00,Ascomycota,1.00,Leotiomycetes,1.00,Helotiales,1.00,,,Pilidium,1.00,Pilidium_acerinum,0.85,+,Species,Pilidium_acerinum,"k:Fungi,p:Ascomycota,c:Leotiomycetes,o:Helotiales,g:Pilidium,s:Pilidium_acerinum"
ASV624,0,8,0,0,0,0,0,0,0,0,0,0,0,0,0,0,0,0,0,0,Fungi,1.00,Basidiomycota,1.00,Agaricomycetes,1.00,Agaricales,1.00,Physalacriaceae,1.00,Armillaria,1.00,,,+,Genus,Armillaria,"k:Fungi,p:Basidiomycota,c:Agaricomycetes,o:Agaricales,f:Physalacriaceae,g:Armillaria"
ASV625,0,0,0,8,0,0,0,0,0,0,0,0,0,0,0,0,0,0,0,0,Fungi,1.00,Ascomycota,1.00,Dothideomycetes,1.00,Pleosporales,0.99,,,Pseudorobillarda,0.99,,,+,Genus,Pseudorobillarda,"k:Fungi,p:Ascomycota,c:Dothideomycetes,o:Pleosporales,g:Pseudorobillarda"
ASV626,0,0,0,8,0,0,0,0,0,0,0,0,0,0,0,0,0,0,0,0,Fungi,1.00,Ascomycota,1.00,Sordariomycetes,1.00,Xylariales,1.00,Xylariaceae,1.00,Biscogniauxia,1.00,Biscogniauxia_mediterranea,0.99,+,Species,Biscogniauxia_mediterranea,"k:Fungi,p:Ascomycota,c:Sordariomycetes,o:Xylariales,f:Xylariaceae,g:Biscogniauxia,s:Biscogniauxia_mediterranea"
ASV627,0,0,0,8,0,0,0,0,0,0,0,0,0,0,0,0,0,0,0,0,Fungi,1.00,Basidiomycota,1.00,Agaricomycetes,1.00,Agaricales,1.00,Agaricaceae,1.00,Cystolepiota,1.00,Cystolepiota_bucknallii,1.00,+,Species,Cystolepiota_bucknallii,"k:Fungi,p:Basidiomycota,c:Agaricomycetes,o:Agaricales,f:Agaricaceae,g:Cystolepiota,s:Cystolepiota_bucknallii"
ASV628,0,0,0,8,0,0,0,0,0,0,0,0,0,0,0,0,0,0,0,0,Fungi,1.00,Basidiomycota,1.00,Agaricomycetes,1.00,Polyporales,1.00,Ganodermataceae,1.00,Ganoderma,1.00,Ganoderma_applanatum,0.91,+,Species,Ganoderma_applanatum,"k:Fungi,p:Basidiomycota,c:Agaricomycetes,o:Polyporales,f:Ganodermataceae,g:Ganoderma,s:Ganoderma_applanatum"
ASV629,0,0,0,0,8,0,0,0,0,0,0,0,0,0,0,0,0,0,0,0,Fungi,1.00,Ascomycota,1.00,Sordariomycetes,0.94,Sordariales,0.90,,,,,,,+,Order,Sordariales,"k:Fungi,p:Ascomycota,c:Sordariomycetes,o:Sordariales"
ASV63,0,0,0,0,290,13,0,0,0,196,0,0,0,0,0,0,0,0,0,0,Fungi,1.00,Basidiomycota,1.00,Agaricomycetes,1.00,Agaricales,1.00,Psathyrellaceae,1.00,Coprinopsis,1.00,,,+,Genus,Coprinopsis,"k:Fungi,p:Basidiomycota,c:Agaricomycetes,o:Agaricales,f:Psathyrellaceae,g:Coprinopsis"
ASV630,0,0,0,0,0,0,0,8,0,0,0,0,0,0,0,0,0,0,0,0,Fungi,1.00,Basidiomycota,0.99,Tremellomycetes,0.99,Tremellales,0.99,,,Dioszegia,0.99,Dioszegia_crocea,0.98,+,Species,Dioszegia_crocea,"k:Fungi,p:Basidiomycota,c:Tremellomycetes,o:Tremellales,g:Dioszegia,s:Dioszegia_crocea"
ASV631,0,0,0,0,0,0,0,0,0,0,8,0,0,0,0,0,0,0,0,0,Fungi,1.00,Basidiomycota,1.00,,,,,,,,,,,+,Phylum,Basidiomycota,"k:Fungi,p:Basidiomycota"
ASV632,0,0,0,0,0,0,0,0,0,0,8,0,0,0,0,0,0,0,0,0,Fungi,1.00,,,,,,,,,,,,,+,Kingdom,Fungi,k:Fungi
ASV633,0,0,0,0,0,0,0,0,0,0,8,0,0,0,0,0,0,0,0,0,Fungi,1.00,Basidiomycota,1.00,Tremellomycetes,0.82,Tremellales,0.80,,,,,,,+,Order,Tremellales,"k:Fungi,p:Basidiomycota,c:Tremellomycetes,o:Tremellales"
ASV634,0,0,0,0,0,0,0,0,0,0,8,0,0,0,0,0,0,0,0,0,Fungi,1.00,Ascomycota,1.00,,,,,,,,,,,+,Phylum,Ascomycota,"k:Fungi,p:Ascomycota"
ASV635,0,0,0,0,0,0,0,0,0,0,8,0,0,0,0,0,0,0,0,0,Fungi,1.00,Ascomycota,1.00,Dothideomycetes,0.89,Pleosporales,0.89,,,,,,,+,Order,Pleosporales,"k:Fungi,p:Ascomycota,c:Dothideomycetes,o:Pleosporales"
ASV636,0,0,0,0,0,0,0,0,0,0,8,0,0,0,0,0,0,0,0,0,Fungi,1.00,Ascomycota,1.00,Sordariomycetes,1.00,Xylariales,1.00,Xylariaceae,1.00,Hypoxylon,1.00,Hypoxylon_howeanum,1.00,+,Species,Hypoxylon_howeanum,"k:Fungi,p:Ascomycota,c:Sordariomycetes,o:Xylariales,f:Xylariaceae,g:Hypoxylon,s:Hypoxylon_howeanum"
ASV637,0,0,0,0,0,0,0,0,0,0,8,0,0,0,0,0,0,0,0,0,Fungi,1.00,Ascomycota,0.98,Dothideomycetes,0.91,Pleosporales,0.90,,,,,,,+,Order,Pleosporales,"k:Fungi,p:Ascomycota,c:Dothideomycetes,o:Pleosporales"
ASV638,0,0,0,0,0,0,0,0,0,0,8,0,0,0,0,0,0,0,0,0,Fungi,1.00,Basidiomycota,1.00,Tremellomycetes,1.00,Tremellales,1.00,Bulleribasidiaceae,1.00,Vishniacozyma,1.00,Vishniacozyma_carnescens,1.00,-,Species,Vishniacozyma_carnescens,"k:Fungi,p:Basidiomycota,c:Tremellomycetes,o:Tremellales,f:Bulleribasidiaceae,g:Vishniacozyma,s:Vishniacozyma_carnescens"
ASV639,0,0,0,0,0,0,0,0,0,0,8,0,0,0,0,0,0,0,0,0,Fungi,1.00,Ascomycota,1.00,Dothideomycetes,1.00,Microthyriales,1.00,Leptopeltidaceae,1.00,Dothiopeltis,1.00,Dothiopeltis_n._sp.,1.00,+,Species,Dothiopeltis_n._sp.,"k:Fungi,p:Ascomycota,c:Dothideomycetes,o:Microthyriales,f:Leptopeltidaceae,g:Dothiopeltis,s:Dothiopeltis_n._sp."
ASV64,293,0,84,0,0,114,0,0,0,0,0,0,0,0,0,0,0,0,0,0,Fungi,1.00,Ascomycota,1.00,Eurotiomycetes,1.00,Eurotiales,1.00,Trichocomaceae,1.00,Penicillium,1.00,,,+,Genus,Penicillium,"k:Fungi,p:Ascomycota,c:Eurotiomycetes,o:Eurotiales,f:Trichocomaceae,g:Penicillium"
ASV640,0,0,0,0,0,0,0,0,0,0,8,0,0,0,0,0,0,0,0,0,Fungi,1.00,Ascomycota,1.00,Ascomycota_class_incertae_sedis,0.97,Ascomycota_order_incertae_sedis,0.97,Ascomycota_family_incertae_sedis,0.97,Plectosphaerella,0.97,Plectosphaerella_cucumerina,0.87,+,Species,Plectosphaerella_cucumerina,"k:Fungi,p:Ascomycota,c:Ascomycota_class_incertae_sedis,o:Ascomycota_order_incertae_sedis,f:Ascomycota_family_incertae_sedis,g:Plectosphaerella,s:Plectosphaerella_cucumerina"
ASV641,0,0,0,0,0,0,0,0,0,0,8,0,0,0,0,0,0,0,0,0,Fungi,1.00,Basidiomycota,1.00,Ustilaginomycetes,1.00,Ustilaginales,1.00,,,Farysizyma,1.00,Farysizyma_itapuensis,1.00,+,Species,Farysizyma_itapuensis,"k:Fungi,p:Basidiomycota,c:Ustilaginomycetes,o:Ustilaginales,g:Farysizyma,s:Farysizyma_itapuensis"
ASV642,0,0,0,0,0,0,0,0,0,0,8,0,0,0,0,0,0,0,0,0,Fungi,1.00,,,,,,,,,,,,,+,Kingdom,Fungi,k:Fungi
ASV643,0,0,0,0,0,0,0,0,0,0,8,0,0,0,0,0,0,0,0,0,Fungi,1.00,Ascomycota,0.84,,,,,,,,,,,+,Phylum,Ascomycota,"k:Fungi,p:Ascomycota"
ASV644,0,0,0,0,0,0,0,0,0,0,0,8,0,0,0,0,0,0,0,0,Fungi,1.00,Mucoromycota,1.00,Mucoromycetes,1.00,Mucorales,1.00,Pilobolaceae,1.00,Pilobolus,1.00,Pilobolus_crystallinus,1.00,+,Species,Pilobolus_crystallinus,"k:Fungi,p:Mucoromycota,c:Mucoromycetes,o:Mucorales,f:Pilobolaceae,g:Pilobolus,s:Pilobolus_crystallinus"
ASV645,0,0,0,0,0,0,0,0,0,0,0,8,0,0,0,0,0,0,0,0,Fungi,1.00,Ascomycota,1.00,Sordariomycetes,1.00,Xylariales,1.00,Xylariales_incertae_sedis,1.00,Microdochium,1.00,Microdochium_phragmitis,0.99,+,Species,Microdochium_phragmitis,"k:Fungi,p:Ascomycota,c:Sordariomycetes,o:Xylariales,f:Xylariales_incertae_sedis,g:Microdochium,s:Microdochium_phragmitis"
ASV646,0,0,0,0,0,0,0,0,0,0,0,0,0,0,8,0,0,0,0,0,Fungi,1.00,,,,,,,,,,,,,+,Kingdom,Fungi,k:Fungi
ASV647,0,7,0,0,0,0,0,0,0,0,0,0,0,0,0,0,0,0,0,0,Fungi,1.00,Basidiomycota,1.00,Agaricomycetes,1.00,Agaricales,1.00,Agaricaceae,1.00,Cyathus,1.00,Cyathus_striatus,1.00,+,Species,Cyathus_striatus,"k:Fungi,p:Basidiomycota,c:Agaricomycetes,o:Agaricales,f:Agaricaceae,g:Cyathus,s:Cyathus_striatus"
ASV648,0,7,0,0,0,0,0,0,0,0,0,0,0,0,0,0,0,0,0,0,Fungi,1.00,Basidiomycota,1.00,Agaricomycetes,1.00,,,,,,,,,+,Class,Agaricomycetes,"k:Fungi,p:Basidiomycota,c:Agaricomycetes"
ASV649,0,7,0,0,0,0,0,0,0,0,0,0,0,0,0,0,0,0,0,0,Fungi,1.00,,,,,,,,,,,,,+,Kingdom,Fungi,k:Fungi
ASV65,0,0,0,160,0,0,0,0,0,0,235,0,0,0,0,7,0,85,0,0,Fungi,1.00,Basidiomycota,1.00,Agaricomycetes,1.00,Agaricales,1.00,Psathyrellaceae,1.00,Coprinellus,1.00,,,+,Genus,Coprinellus,"k:Fungi,p:Basidiomycota,c:Agaricomycetes,o:Agaricales,f:Psathyrellaceae,g:Coprinellus"
ASV650,0,7,0,0,0,0,0,0,0,0,0,0,0,0,0,0,0,0,0,0,Fungi,1.00,Ascomycota,1.00,Sordariomycetes,0.82,,,,,,,,,+,Class,Sordariomycetes,"k:Fungi,p:Ascomycota,c:Sordariomycetes"
ASV651,0,7,0,0,0,0,0,0,0,0,0,0,0,0,0,0,0,0,0,0,Fungi,1.00,Ascomycota,1.00,Sordariomycetes,0.82,Hypocreales,0.82,Bionectriaceae,0.82,Myrothecium,0.82,,,+,Genus,Myrothecium,"k:Fungi,p:Ascomycota,c:Sordariomycetes,o:Hypocreales,f:Bionectriaceae,g:Myrothecium"
ASV652,0,7,0,0,0,0,0,0,0,0,0,0,0,0,0,0,0,0,0,0,Fungi,1.00,Ascomycota,1.00,Dothideomycetes,1.00,Pleosporales,1.00,,,,,,,+,Order,Pleosporales,"k:Fungi,p:Ascomycota,c:Dothideomycetes,o:Pleosporales"
ASV653,0,7,0,0,0,0,0,0,0,0,0,0,0,0,0,0,0,0,0,0,Fungi,1.00,Basidiomycota,1.00,Agaricomycetes,1.00,Agaricales,1.00,Agaricaceae,1.00,Lycoperdon,1.00,Lycoperdon_pyriforme,0.94,+,Species,Lycoperdon_pyriforme,"k:Fungi,p:Basidiomycota,c:Agaricomycetes,o:Agaricales,f:Agaricaceae,g:Lycoperdon,s:Lycoperdon_pyriforme"
ASV654,0,7,0,0,0,0,0,0,0,0,0,0,0,0,0,0,0,0,0,0,Fungi,1.00,Ascomycota,0.98,,,,,,,,,,,+,Phylum,Ascomycota,"k:Fungi,p:Ascomycota"
ASV655,0,7,0,0,0,0,0,0,0,0,0,0,0,0,0,0,0,0,0,0,Fungi,1.00,Ascomycota,1.00,,,,,,,,,,,+,Phylum,Ascomycota,"k:Fungi,p:Ascomycota"
ASV656,0,7,0,0,0,0,0,0,0,0,0,0,0,0,0,0,0,0,0,0,Fungi,1.00,Ascomycota,1.00,Dothideomycetes,1.00,Pleosporales,1.00,,,,,,,+,Order,Pleosporales,"k:Fungi,p:Ascomycota,c:Dothideomycetes,o:Pleosporales"
ASV657,0,7,0,0,0,0,0,0,0,0,0,0,0,0,0,0,0,0,0,0,Fungi,1.00,Ascomycota,1.00,,,,,,,,,,,+,Phylum,Ascomycota,"k:Fungi,p:Ascomycota"
ASV658,0,0,0,7,0,0,0,0,0,0,0,0,0,0,0,0,0,0,0,0,Fungi,1.00,Ascomycota,1.00,Sordariomycetes,0.89,Coniochaetales,0.87,Coniochaetaceae,0.87,,,,,+,Family,Coniochaetaceae,"k:Fungi,p:Ascomycota,c:Sordariomycetes,o:Coniochaetales,f:Coniochaetaceae"
ASV659,0,0,0,7,0,0,0,0,0,0,0,0,0,0,0,0,0,0,0,0,Fungi,1.00,Basidiomycota,0.99,Agaricostilbomycetes,0.99,Spiculogloeales,0.99,Spiculogloeaceae,0.99,Phyllozyma,0.99,Phyllozyma_coprosmicola,0.99,-,Species,Phyllozyma_coprosmicola,"k:Fungi,p:Basidiomycota,c:Agaricostilbomycetes,o:Spiculogloeales,f:Spiculogloeaceae,g:Phyllozyma,s:Phyllozyma_coprosmicola"
ASV66,0,363,0,0,0,0,0,0,0,0,123,0,0,0,0,0,0,0,0,0,Fungi,1.00,Basidiomycota,1.00,Agaricomycetes,1.00,Geastrales,1.00,,,Sphaerobolus,1.00,Sphaerobolus_iowensis,1.00,+,Species,Sphaerobolus_iowensis,"k:Fungi,p:Basidiomycota,c:Agaricomycetes,o:Geastrales,g:Sphaerobolus,s:Sphaerobolus_iowensis"
ASV660,0,0,0,7,0,0,0,0,0,0,0,0,0,0,0,0,0,0,0,0,Fungi,1.00,Ascomycota,1.00,Sordariomycetes,1.00,Hypocreales,1.00,Bionectriaceae,1.00,Stachybotrys,1.00,Stachybotrys_chartarum,0.94,+,Species,Stachybotrys_chartarum,"k:Fungi,p:Ascomycota,c:Sordariomycetes,o:Hypocreales,f:Bionectriaceae,g:Stachybotrys,s:Stachybotrys_chartarum"
ASV661,0,0,0,7,0,0,0,0,0,0,0,0,0,0,0,0,0,0,0,0,Fungi,1.00,Basidiomycota,1.00,,,,,,,,,,,+,Phylum,Basidiomycota,"k:Fungi,p:Basidiomycota"
ASV662,0,0,0,7,0,0,0,0,0,0,0,0,0,0,0,0,0,0,0,0,Fungi,1.00,Ascomycota,0.99,,,,,,,,,,,+,Phylum,Ascomycota,"k:Fungi,p:Ascomycota"
ASV663,0,0,0,0,0,0,0,7,0,0,0,0,0,0,0,0,0,0,0,0,Fungi,1.00,Basidiomycota,0.99,Tremellomycetes,0.98,Tremellales,0.98,Tremellales_incertae_sedis,0.96,Hannaella,0.96,Hannaella_oryzae,0.95,+,Species,Hannaella_oryzae,"k:Fungi,p:Basidiomycota,c:Tremellomycetes,o:Tremellales,f:Tremellales_incertae_sedis,g:Hannaella,s:Hannaella_oryzae"
ASV664,0,0,0,0,0,0,0,7,0,0,0,0,0,0,0,0,0,0,0,0,Fungi,1.00,Ascomycota,1.00,Leotiomycetes,1.00,Helotiales,1.00,,,Pilidium,1.00,Pilidium_concavum,1.00,+,Species,Pilidium_concavum,"k:Fungi,p:Ascomycota,c:Leotiomycetes,o:Helotiales,g:Pilidium,s:Pilidium_concavum"
ASV665,0,0,0,0,0,0,0,7,0,0,0,0,0,0,0,0,0,0,0,0,Fungi,1.00,Basidiomycota,1.00,Microbotryomycetes,1.00,Sporidiobolales,1.00,Sporidiobolaceae,1.00,Rhodosporidiobolus,0.96,Rhodosporidiobolus_colostri,0.96,+,Species,Rhodosporidiobolus_colostri,"k:Fungi,p:Basidiomycota,c:Microbotryomycetes,o:Sporidiobolales,f:Sporidiobolaceae,g:Rhodosporidiobolus,s:Rhodosporidiobolus_colostri"
ASV666,0,0,0,0,0,0,0,7,0,0,0,0,0,0,0,0,0,0,0,0,Fungi,1.00,Ascomycota,1.00,Dothideomycetes,0.90,Pleosporales,0.90,,,,,,,+,Order,Pleosporales,"k:Fungi,p:Ascomycota,c:Dothideomycetes,o:Pleosporales"
ASV667,0,0,0,0,0,0,0,0,0,0,7,0,0,0,0,0,0,0,0,0,Fungi,1.00,,,,,,,,,,,,,+,Kingdom,Fungi,k:Fungi
ASV668,0,0,0,0,0,0,0,0,0,0,7,0,0,0,0,0,0,0,0,0,Fungi,1.00,Ascomycota,1.00,Dothideomycetes,0.82,Pleosporales,0.82,Pleosporales_incertae_sedis,0.82,Epicoccum,0.82,,,+,Genus,Epicoccum,"k:Fungi,p:Ascomycota,c:Dothideomycetes,o:Pleosporales,f:Pleosporales_incertae_sedis,g:Epicoccum"
ASV669,0,0,0,0,0,0,0,0,0,0,7,0,0,0,0,0,0,0,0,0,Fungi,1.00,Ascomycota,1.00,,,,,,,,,,,+,Phylum,Ascomycota,"k:Fungi,p:Ascomycota"
ASV67,0,0,0,200,0,0,0,26,0,0,260,0,0,0,0,0,0,0,0,0,Fungi,1.00,Ascomycota,1.00,Dothideomycetes,1.00,Botryosphaeriales,0.96,Botryosphaeriaceae,0.96,Microdiplodia,0.96,Microdiplodia_sp._A18,0.96,+,Species,Microdiplodia_sp._A18,"k:Fungi,p:Ascomycota,c:Dothideomycetes,o:Botryosphaeriales,f:Botryosphaeriaceae,g:Microdiplodia,s:Microdiplodia_sp._A18"
ASV670,0,0,0,0,0,0,0,0,0,0,7,0,0,0,0,0,0,0,0,0,Fungi,1.00,Basidiomycota,1.00,Agaricomycetes,1.00,Thelephorales,1.00,Thelephoraceae,1.00,Tomentella,1.00,Tomentella_bryophila,0.99,+,Species,Tomentella_bryophila,"k:Fungi,p:Basidiomycota,c:Agaricomycetes,o:Thelephorales,f:Thelephoraceae,g:Tomentella,s:Tomentella_bryophila"
ASV671,0,0,0,0,0,0,0,0,0,0,7,0,0,0,0,0,0,0,0,0,Fungi,1.00,Basidiomycota,1.00,Agaricomycetes,1.00,Boletales,1.00,Paxillaceae,1.00,Paxillus,1.00,Paxillus_involutus,0.99,+,Species,Paxillus_involutus,"k:Fungi,p:Basidiomycota,c:Agaricomycetes,o:Boletales,f:Paxillaceae,g:Paxillus,s:Paxillus_involutus"
ASV672,0,0,0,0,0,0,0,0,0,0,7,0,0,0,0,0,0,0,0,0,Fungi,1.00,Basidiomycota,0.99,Tremellomycetes,0.99,Tremellales,0.99,Trimorphomycetaceae,0.99,Carlosrosaea,0.99,Carlosrosaea_foliicola,0.99,-,Species,Carlosrosaea_foliicola,"k:Fungi,p:Basidiomycota,c:Tremellomycetes,o:Tremellales,f:Trimorphomycetaceae,g:Carlosrosaea,s:Carlosrosaea_foliicola"
ASV673,0,0,0,0,0,0,0,0,0,0,7,0,0,0,0,0,0,0,0,0,Fungi,1.00,Ascomycota,1.00,Eurotiomycetes,1.00,Chaetothyriales,1.00,,,,,,,+,Order,Chaetothyriales,"k:Fungi,p:Ascomycota,c:Eurotiomycetes,o:Chaetothyriales"
ASV674,0,0,0,0,0,0,0,0,0,0,0,0,0,0,7,0,0,0,0,0,Fungi,1.00,,,,,,,,,,,,,+,Kingdom,Fungi,k:Fungi
ASV675,0,0,0,0,0,0,0,0,0,0,0,0,0,0,0,0,0,0,7,0,Fungi,1.00,Basidiomycota,1.00,Cystobasidiomycetes,1.00,Cystobasidiales,1.00,Cystobasidiaceae,1.00,Cystobasidium,1.00,Cystobasidium_raffinophilum,0.83,-,Species,Cystobasidium_raffinophilum,"k:Fungi,p:Basidiomycota,c:Cystobasidiomycetes,o:Cystobasidiales,f:Cystobasidiaceae,g:Cystobasidium,s:Cystobasidium_raffinophilum"
ASV676,0,6,0,0,0,0,0,0,0,0,0,0,0,0,0,0,0,0,0,0,Fungi,1.00,Ascomycota,1.00,Dothideomycetes,0.88,Pleosporales,0.88,,,,,,,+,Order,Pleosporales,"k:Fungi,p:Ascomycota,c:Dothideomycetes,o:Pleosporales"
ASV677,0,6,0,0,0,0,0,0,0,0,0,0,0,0,0,0,0,0,0,0,Fungi,1.00,Basidiomycota,1.00,Agaricomycetes,0.98,Polyporales,0.98,Polyporaceae,0.98,Trametes,0.98,Trametes_hirsuta,0.98,+,Species,Trametes_hirsuta,"k:Fungi,p:Basidiomycota,c:Agaricomycetes,o:Polyporales,f:Polyporaceae,g:Trametes,s:Trametes_hirsuta"
ASV678,0,6,0,0,0,0,0,0,0,0,0,0,0,0,0,0,0,0,0,0,Fungi,1.00,Ascomycota,1.00,Sordariomycetes,1.00,Hypocreales,1.00,Hypocreaceae,1.00,Trichoderma,1.00,Trichoderma_harzianum,0.94,+,Species,Trichoderma_harzianum,"k:Fungi,p:Ascomycota,c:Sordariomycetes,o:Hypocreales,f:Hypocreaceae,g:Trichoderma,s:Trichoderma_harzianum"
ASV679,0,6,0,0,0,0,0,0,0,0,0,0,0,0,0,0,0,0,0,0,Fungi,1.00,Ascomycota,1.00,,,,,,,,,,,+,Phylum,Ascomycota,"k:Fungi,p:Ascomycota"
ASV68,469,14,0,0,0,0,0,0,0,0,0,0,0,0,0,0,0,0,0,0,Fungi,1.00,Ascomycota,1.00,Ascomycota_class_incertae_sedis,0.94,Ascomycota_order_incertae_sedis,0.94,Cephalothecaceae,0.94,,,,,+,Family,Cephalothecaceae,"k:Fungi,p:Ascomycota,c:Ascomycota_class_incertae_sedis,o:Ascomycota_order_incertae_sedis,f:Cephalothecaceae"
ASV680,0,6,0,0,0,0,0,0,0,0,0,0,0,0,0,0,0,0,0,0,Fungi,1.00,Ascomycota,1.00,Dothideomycetes,1.00,Pleosporales,1.00,,,,,,,+,Order,Pleosporales,"k:Fungi,p:Ascomycota,c:Dothideomycetes,o:Pleosporales"
ASV681,0,6,0,0,0,0,0,0,0,0,0,0,0,0,0,0,0,0,0,0,Fungi,1.00,Basidiomycota,1.00,,,,,,,,,,,+,Phylum,Basidiomycota,"k:Fungi,p:Basidiomycota"
ASV682,0,6,0,0,0,0,0,0,0,0,0,0,0,0,0,0,0,0,0,0,Fungi,1.00,Basidiomycota,1.00,Agaricomycetes,1.00,Agaricales,1.00,Cortinariaceae,1.00,Cortinarius,0.99,,,+,Genus,Cortinarius,"k:Fungi,p:Basidiomycota,c:Agaricomycetes,o:Agaricales,f:Cortinariaceae,g:Cortinarius"
ASV683,0,4,0,0,0,0,0,2,0,0,0,0,0,0,0,0,0,0,0,0,Fungi,1.00,Ascomycota,0.93,,,,,,,,,,,+,Phylum,Ascomycota,"k:Fungi,p:Ascomycota"
ASV684,0,0,0,6,0,0,0,0,0,0,0,0,0,0,0,0,0,0,0,0,Fungi,1.00,Basidiomycota,0.99,,,,,,,,,,,-,Phylum,Basidiomycota,"k:Fungi,p:Basidiomycota"
ASV685,0,0,0,6,0,0,0,0,0,0,0,0,0,0,0,0,0,0,0,0,Fungi,1.00,Basidiomycota,1.00,Agaricomycetes,1.00,Thelephorales,1.00,Thelephoraceae,1.00,Tomentella,0.96,,,+,Genus,Tomentella,"k:Fungi,p:Basidiomycota,c:Agaricomycetes,o:Thelephorales,f:Thelephoraceae,g:Tomentella"
ASV686,0,0,0,6,0,0,0,0,0,0,0,0,0,0,0,0,0,0,0,0,Fungi,1.00,Ascomycota,1.00,Dothideomycetes,1.00,Mycosphaerellales,0.94,Mycosphaerellaceae,0.94,Pseudocercosporella,0.94,Pseudocercosporella_fraxini,0.94,+,Species,Pseudocercosporella_fraxini,"k:Fungi,p:Ascomycota,c:Dothideomycetes,o:Mycosphaerellales,f:Mycosphaerellaceae,g:Pseudocercosporella,s:Pseudocercosporella_fraxini"
ASV687,0,0,0,6,0,0,0,0,0,0,0,0,0,0,0,0,0,0,0,0,Fungi,1.00,Ascomycota,1.00,Dothideomycetes,1.00,Pleosporales,1.00,Thyridariaceae,1.00,Thyridaria,1.00,Thyridaria_rubronotata,1.00,+,Species,Thyridaria_rubronotata,"k:Fungi,p:Ascomycota,c:Dothideomycetes,o:Pleosporales,f:Thyridariaceae,g:Thyridaria,s:Thyridaria_rubronotata"
ASV688,0,0,0,6,0,0,0,0,0,0,0,0,0,0,0,0,0,0,0,0,Fungi,1.00,Ascomycota,0.84,,,,,,,,,,,+,Phylum,Ascomycota,"k:Fungi,p:Ascomycota"
ASV689,0,0,0,6,0,0,0,0,0,0,0,0,0,0,0,0,0,0,0,0,Fungi,1.00,Ascomycota,1.00,,,,,,,,,,,+,Phylum,Ascomycota,"k:Fungi,p:Ascomycota"
ASV69,0,46,0,49,0,0,0,0,0,0,383,0,0,0,0,0,0,0,0,0,Fungi,1.00,Ascomycota,1.00,Dothideomycetes,1.00,Pleosporales,1.00,,,,,,,+,Order,Pleosporales,"k:Fungi,p:Ascomycota,c:Dothideomycetes,o:Pleosporales"
ASV690,0,0,0,6,0,0,0,0,0,0,0,0,0,0,0,0,0,0,0,0,Fungi,1.00,Ascomycota,1.00,Sordariomycetes,1.00,Hypocreales,1.00,Hypocreaceae,1.00,,,,,+,Family,Hypocreaceae,"k:Fungi,p:Ascomycota,c:Sordariomycetes,o:Hypocreales,f:Hypocreaceae"
ASV691,0,0,0,0,0,6,0,0,0,0,0,0,0,0,0,0,0,0,0,0,Fungi,1.00,Ascomycota,1.00,Sordariomycetes,0.99,Hypocreales,0.99,Nectriaceae,0.99,,,,,+,Family,Nectriaceae,"k:Fungi,p:Ascomycota,c:Sordariomycetes,o:Hypocreales,f:Nectriaceae"
ASV692,0,0,0,0,0,0,6,0,0,0,0,0,0,0,0,0,0,0,0,0,Fungi,1.00,Ascomycota,1.00,Sordariomycetes,1.00,Diaporthales,1.00,,,Sirococcus,0.99,Sirococcus_conigenus,0.99,+,Species,Sirococcus_conigenus,"k:Fungi,p:Ascomycota,c:Sordariomycetes,o:Diaporthales,g:Sirococcus,s:Sirococcus_conigenus"
ASV693,0,0,0,0,0,0,0,6,0,0,0,0,0,0,0,0,0,0,0,0,Fungi,1.00,Ascomycota,0.94,Leotiomycetes,0.89,Helotiales,0.89,Hyaloscyphaceae,0.87,Capitotricha,0.87,Capitotricha_sp.,0.87,+,Species,Capitotricha_sp.,"k:Fungi,p:Ascomycota,c:Leotiomycetes,o:Helotiales,f:Hyaloscyphaceae,g:Capitotricha,s:Capitotricha_sp."
ASV694,0,0,0,0,0,0,0,0,6,0,0,0,0,0,0,0,0,0,0,0,Fungi,1.00,Ascomycota,1.00,,,,,,,,,,,+,Phylum,Ascomycota,"k:Fungi,p:Ascomycota"
ASV695,0,0,0,0,0,0,0,0,0,0,6,0,0,0,0,0,0,0,0,0,Fungi,1.00,Basidiomycota,1.00,Agaricomycetes,1.00,Thelephorales,1.00,Thelephoraceae,1.00,,,,,+,Family,Thelephoraceae,"k:Fungi,p:Basidiomycota,c:Agaricomycetes,o:Thelephorales,f:Thelephoraceae"
ASV696,0,0,0,0,0,0,0,0,0,0,6,0,0,0,0,0,0,0,0,0,Fungi,1.00,Ascomycota,0.91,Leotiomycetes,0.90,Leotiomycetes_order_Incertae_sedis,0.84,Leotiomycetes_family_incertae_sedis,0.84,Dendrostilbella,0.84,Dendrostilbella_mycophila,0.84,+,Species,Dendrostilbella_mycophila,"k:Fungi,p:Ascomycota,c:Leotiomycetes,o:Leotiomycetes_order_Incertae_sedis,f:Leotiomycetes_family_incertae_sedis,g:Dendrostilbella,s:Dendrostilbella_mycophila"
ASV697,0,0,0,0,0,0,0,0,0,0,6,0,0,0,0,0,0,0,0,0,Fungi,1.00,Basidiomycota,1.00,Microbotryomycetes,1.00,Microbotryomycetes_incertae_sedis,0.99,Chrysozymaceae,0.99,Fellozyma,0.99,Fellozyma_inositophila,0.99,+,Species,Fellozyma_inositophila,"k:Fungi,p:Basidiomycota,c:Microbotryomycetes,o:Microbotryomycetes_incertae_sedis,f:Chrysozymaceae,g:Fellozyma,s:Fellozyma_inositophila"
ASV698,0,0,0,0,0,0,0,0,0,0,6,0,0,0,0,0,0,0,0,0,Fungi,1.00,Basidiomycota,0.88,,,,,,,,,,,+,Phylum,Basidiomycota,"k:Fungi,p:Basidiomycota"
ASV699,0,0,0,0,0,0,0,0,0,0,6,0,0,0,0,0,0,0,0,0,Fungi,1.00,Ascomycota,1.00,Sordariomycetes,1.00,,,,,,,,,+,Class,Sordariomycetes,"k:Fungi,p:Ascomycota,c:Sordariomycetes"
ASV7,6719,0,2344,0,0,466,0,0,0,0,0,0,0,0,0,0,0,0,0,0,Fungi,1.00,Ascomycota,1.00,Eurotiomycetes,1.00,Eurotiales,1.00,Trichocomaceae,1.00,Penicillium,1.00,,,+,Genus,Penicillium,"k:Fungi,p:Ascomycota,c:Eurotiomycetes,o:Eurotiales,f:Trichocomaceae,g:Penicillium"
ASV700,0,0,0,0,0,0,0,0,0,0,6,0,0,0,0,0,0,0,0,0,Fungi,1.00,Ascomycota,1.00,Sordariomycetes,1.00,Diaporthales,1.00,Diaporthales_incertae_sedis,1.00,Valsaria,1.00,,,+,Genus,Valsaria,"k:Fungi,p:Ascomycota,c:Sordariomycetes,o:Diaporthales,f:Diaporthales_incertae_sedis,g:Valsaria"
ASV701,0,0,0,0,0,0,0,0,0,0,6,0,0,0,0,0,0,0,0,0,Fungi,1.00,Ascomycota,1.00,,,,,,,,,,,+,Phylum,Ascomycota,"k:Fungi,p:Ascomycota"
ASV702,0,0,0,0,0,0,0,0,0,0,6,0,0,0,0,0,0,0,0,0,Fungi,1.00,Ascomycota,1.00,,,,,,,,,,,+,Phylum,Ascomycota,"k:Fungi,p:Ascomycota"
ASV703,0,0,0,0,0,0,0,0,0,0,6,0,0,0,0,0,0,0,0,0,Fungi,1.00,Basidiomycota,0.97,Agaricomycetes,0.97,,,,,,,,,+,Class,Agaricomycetes,"k:Fungi,p:Basidiomycota,c:Agaricomycetes"
ASV704,0,0,0,0,0,0,0,0,0,0,6,0,0,0,0,0,0,0,0,0,Fungi,1.00,Basidiomycota,1.00,,,,,,,,,,,+,Phylum,Basidiomycota,"k:Fungi,p:Basidiomycota"
ASV705,0,0,0,0,0,0,0,0,0,0,6,0,0,0,0,0,0,0,0,0,Fungi,1.00,,,,,,,,,,,,,+,Kingdom,Fungi,k:Fungi
ASV706,0,0,0,0,0,0,0,0,0,0,6,0,0,0,0,0,0,0,0,0,Fungi,1.00,Basidiomycota,0.94,,,,,,,,,,,+,Phylum,Basidiomycota,"k:Fungi,p:Basidiomycota"
ASV707,0,0,0,0,0,0,0,0,0,0,6,0,0,0,0,0,0,0,0,0,Fungi,1.00,Basidiomycota,1.00,Microbotryomycetes,1.00,Sporidiobolales,1.00,,,Sporobolomyces,0.97,Sporobolomyces_symmetricus,0.83,+,Species,Sporobolomyces_symmetricus,"k:Fungi,p:Basidiomycota,c:Microbotryomycetes,o:Sporidiobolales,g:Sporobolomyces,s:Sporobolomyces_symmetricus"
ASV708,0,0,0,0,0,0,0,0,0,0,6,0,0,0,0,0,0,0,0,0,Fungi,1.00,Ascomycota,0.99,,,,,,,,,,,+,Phylum,Ascomycota,"k:Fungi,p:Ascomycota"
ASV709,0,0,0,0,0,0,0,0,0,0,6,0,0,0,0,0,0,0,0,0,Fungi,1.00,Basidiomycota,0.99,Agaricomycetes,0.99,Polyporales,0.99,Xenasmataceae,0.99,Xenasma,0.99,,,+,Genus,Xenasma,"k:Fungi,p:Basidiomycota,c:Agaricomycetes,o:Polyporales,f:Xenasmataceae,g:Xenasma"
ASV71,0,11,0,13,0,0,0,0,3,0,442,0,0,0,0,0,0,0,0,0,Fungi,1.00,Basidiomycota,1.00,Tremellomycetes,1.00,Tremellales,1.00,Bulleribasidiaceae,0.90,Vishniacozyma,0.90,,,+,Genus,Vishniacozyma,"k:Fungi,p:Basidiomycota,c:Tremellomycetes,o:Tremellales,f:Bulleribasidiaceae,g:Vishniacozyma"
ASV710,0,0,0,0,0,0,0,0,0,0,6,0,0,0,0,0,0,0,0,0,Fungi,1.00,Basidiomycota,1.00,Agaricomycetes,1.00,Agaricales,1.00,Cortinariaceae,1.00,Cortinarius,1.00,Cortinarius_anserinus,0.99,+,Species,Cortinarius_anserinus,"k:Fungi,p:Basidiomycota,c:Agaricomycetes,o:Agaricales,f:Cortinariaceae,g:Cortinarius,s:Cortinarius_anserinus"
ASV711,0,0,0,0,0,0,0,0,0,0,6,0,0,0,0,0,0,0,0,0,Fungi,1.00,Ascomycota,1.00,Dothideomycetes,0.96,,,,,,,,,+,Class,Dothideomycetes,"k:Fungi,p:Ascomycota,c:Dothideomycetes"
ASV712,0,0,0,0,0,0,0,0,0,0,6,0,0,0,0,0,0,0,0,0,Fungi,1.00,Basidiomycota,1.00,Microbotryomycetes,0.99,Sporidiobolales,0.99,,,Ballistosporomyces,0.94,,,+,Genus,Ballistosporomyces,"k:Fungi,p:Basidiomycota,c:Microbotryomycetes,o:Sporidiobolales,g:Ballistosporomyces"
ASV713,0,0,0,0,0,0,0,0,0,0,0,0,0,6,0,0,0,0,0,0,Fungi,1.00,Ascomycota,1.00,Leotiomycetes,0.92,Thelebolales,0.89,Thelebolaceae,0.89,,,,,+,Family,Thelebolaceae,"k:Fungi,p:Ascomycota,c:Leotiomycetes,o:Thelebolales,f:Thelebolaceae"
ASV714,0,0,0,0,0,0,0,0,0,0,0,0,0,0,0,0,0,6,0,0,Fungi,1.00,Ascomycota,0.92,,,,,,,,,,,+,Phylum,Ascomycota,"k:Fungi,p:Ascomycota"
ASV715,0,0,0,0,0,0,0,0,0,0,0,0,0,0,0,0,0,6,0,0,Fungi,1.00,Basidiomycota,1.00,Agaricomycetes,1.00,Agaricales,1.00,Psathyrellaceae,1.00,Psathyrella,1.00,Psathyrella_gossypina,1.00,+,Species,Psathyrella_gossypina,"k:Fungi,p:Basidiomycota,c:Agaricomycetes,o:Agaricales,f:Psathyrellaceae,g:Psathyrella,s:Psathyrella_gossypina"
ASV716,0,5,0,0,0,0,0,0,0,0,0,0,0,0,0,0,0,0,0,0,Fungi,1.00,Basidiomycota,0.82,,,,,,,,,,,-,Phylum,Basidiomycota,"k:Fungi,p:Basidiomycota"
ASV717,0,5,0,0,0,0,0,0,0,0,0,0,0,0,0,0,0,0,0,0,Fungi,1.00,Ascomycota,1.00,Dothideomycetes,0.90,,,,,,,,,+,Class,Dothideomycetes,"k:Fungi,p:Ascomycota,c:Dothideomycetes"
ASV718,0,5,0,0,0,0,0,0,0,0,0,0,0,0,0,0,0,0,0,0,Fungi,1.00,,,,,,,,,,,,,+,Kingdom,Fungi,k:Fungi
ASV719,0,5,0,0,0,0,0,0,0,0,0,0,0,0,0,0,0,0,0,0,Fungi,1.00,Mucoromycota,1.00,Mucoromycetes,1.00,Mucorales,1.00,Umbelopsidaceae,1.00,Umbelopsis,1.00,Umbelopsis_nana,0.81,+,Species,Umbelopsis_nana,"k:Fungi,p:Mucoromycota,c:Mucoromycetes,o:Mucorales,f:Umbelopsidaceae,g:Umbelopsis,s:Umbelopsis_nana"
ASV720,0,5,0,0,0,0,0,0,0,0,0,0,0,0,0,0,0,0,0,0,Fungi,1.00,Ascomycota,1.00,Dothideomycetes,1.00,Botryosphaeriales,1.00,Botryosphaeriaceae,1.00,,,,,+,Family,Botryosphaeriaceae,"k:Fungi,p:Ascomycota,c:Dothideomycetes,o:Botryosphaeriales,f:Botryosphaeriaceae"
ASV721,0,5,0,0,0,0,0,0,0,0,0,0,0,0,0,0,0,0,0,0,Fungi,1.00,Ascomycota,0.98,Leotiomycetes,0.82,,,,,,,,,+,Class,Leotiomycetes,"k:Fungi,p:Ascomycota,c:Leotiomycetes"
ASV722,0,5,0,0,0,0,0,0,0,0,0,0,0,0,0,0,0,0,0,0,Fungi,1.00,Ascomycota,1.00,Sordariomycetes,1.00,Hypocreales,1.00,Nectriaceae,1.00,Stylonectria,1.00,Stylonectria_norvegica,0.92,+,Species,Stylonectria_norvegica,"k:Fungi,p:Ascomycota,c:Sordariomycetes,o:Hypocreales,f:Nectriaceae,g:Stylonectria,s:Stylonectria_norvegica"
ASV723,0,5,0,0,0,0,0,0,0,0,0,0,0,0,0,0,0,0,0,0,Fungi,1.00,Basidiomycota,1.00,Microbotryomycetes,1.00,Sporidiobolales,1.00,Sporidiobolaceae,1.00,Rhodotorula,1.00,Rhodotorula_sp._KBP_3844,0.98,+,Species,Rhodotorula_sp._KBP_3844,"k:Fungi,p:Basidiomycota,c:Microbotryomycetes,o:Sporidiobolales,f:Sporidiobolaceae,g:Rhodotorula,s:Rhodotorula_sp._KBP_3844"
ASV724,0,0,0,5,0,0,0,0,0,0,0,0,0,0,0,0,0,0,0,0,Fungi,1.00,Basidiomycota,1.00,Agaricomycetes,1.00,Russulales,1.00,Russulaceae,1.00,,,,,+,Family,Russulaceae,"k:Fungi,p:Basidiomycota,c:Agaricomycetes,o:Russulales,f:Russulaceae"
ASV725,0,0,0,5,0,0,0,0,0,0,0,0,0,0,0,0,0,0,0,0,Fungi,1.00,Ascomycota,0.81,,,,,,,,,,,+,Phylum,Ascomycota,"k:Fungi,p:Ascomycota"
ASV726,0,0,0,5,0,0,0,0,0,0,0,0,0,0,0,0,0,0,0,0,Fungi,1.00,Ascomycota,1.00,Sordariomycetes,0.96,Hypocreales,0.96,,,,,,,+,Order,Hypocreales,"k:Fungi,p:Ascomycota,c:Sordariomycetes,o:Hypocreales"
ASV727,0,0,0,5,0,0,0,0,0,0,0,0,0,0,0,0,0,0,0,0,Fungi,1.00,Basidiomycota,1.00,Tremellomycetes,1.00,Tremellales,1.00,Bulleraceae,0.80,Genolevuria,0.80,Genolevuria_amylolytica,0.80,+,Species,Genolevuria_amylolytica,"k:Fungi,p:Basidiomycota,c:Tremellomycetes,o:Tremellales,f:Bulleraceae,g:Genolevuria,s:Genolevuria_amylolytica"
ASV728,0,0,0,0,5,0,0,0,0,0,0,0,0,0,0,0,0,0,0,0,Fungi,1.00,,,,,,,,,,,,,+,Kingdom,Fungi,k:Fungi
ASV729,0,0,0,0,0,0,0,5,0,0,0,0,0,0,0,0,0,0,0,0,Fungi,1.00,Ascomycota,1.00,Sordariomycetes,1.00,Hypocreales,1.00,Bionectriaceae,1.00,Acremonium,1.00,,,+,Genus,Acremonium,"k:Fungi,p:Ascomycota,c:Sordariomycetes,o:Hypocreales,f:Bionectriaceae,g:Acremonium"
ASV73,0,376,0,58,0,0,0,9,8,0,0,10,0,0,0,0,0,0,0,0,Fungi,1.00,Basidiomycota,1.00,Tremellomycetes,1.00,Cystofilobasidiales,1.00,,,Mrakia,1.00,Mrakia_fibulata,0.90,+,Species,Mrakia_fibulata,"k:Fungi,p:Basidiomycota,c:Tremellomycetes,o:Cystofilobasidiales,g:Mrakia,s:Mrakia_fibulata"
ASV730,0,0,0,0,0,0,0,5,0,0,0,0,0,0,0,0,0,0,0,0,Fungi,1.00,Ascomycota,0.99,Leotiomycetes,0.99,Helotiales,0.99,,,,,,,+,Order,Helotiales,"k:Fungi,p:Ascomycota,c:Leotiomycetes,o:Helotiales"
ASV731,0,0,0,0,0,0,0,5,0,0,0,0,0,0,0,0,0,0,0,0,Fungi,1.00,Basidiomycota,0.84,,,,,,,,,,,+,Phylum,Basidiomycota,"k:Fungi,p:Basidiomycota"
ASV732,0,0,0,0,0,0,0,5,0,0,0,0,0,0,0,0,0,0,0,0,Fungi,1.00,Ascomycota,1.00,Sordariomycetes,1.00,Xylariales,1.00,Xylariales_incertae_sedis,1.00,Microdochium,1.00,Microdochium_phragmitis,0.98,+,Species,Microdochium_phragmitis,"k:Fungi,p:Ascomycota,c:Sordariomycetes,o:Xylariales,f:Xylariales_incertae_sedis,g:Microdochium,s:Microdochium_phragmitis"
ASV733,0,0,0,0,0,0,0,5,0,0,0,0,0,0,0,0,0,0,0,0,Fungi,1.00,Ascomycota,1.00,,,,,,,,,,,+,Phylum,Ascomycota,"k:Fungi,p:Ascomycota"
ASV734,0,0,0,0,0,0,0,5,0,0,0,0,0,0,0,0,0,0,0,0,Fungi,1.00,Basidiomycota,0.90,Tremellomycetes,0.83,Tremellales,0.83,,,,,,,+,Order,Tremellales,"k:Fungi,p:Basidiomycota,c:Tremellomycetes,o:Tremellales"
ASV736,0,0,0,0,0,0,0,0,0,0,5,0,0,0,0,0,0,0,0,0,Fungi,1.00,Basidiomycota,1.00,Agaricomycetes,1.00,Hymenochaetales,1.00,Hymenochaetaceae,1.00,Inonotus,0.85,Inonotus_sp.,0.85,+,Species,Inonotus_sp.,"k:Fungi,p:Basidiomycota,c:Agaricomycetes,o:Hymenochaetales,f:Hymenochaetaceae,g:Inonotus,s:Inonotus_sp."
ASV737,0,0,0,0,0,0,0,0,0,0,5,0,0,0,0,0,0,0,0,0,Fungi,1.00,Basidiomycota,1.00,Agaricomycetes,1.00,Thelephorales,1.00,Thelephoraceae,1.00,,,,,+,Family,Thelephoraceae,"k:Fungi,p:Basidiomycota,c:Agaricomycetes,o:Thelephorales,f:Thelephoraceae"
ASV738,0,0,0,0,0,0,0,0,0,0,5,0,0,0,0,0,0,0,0,0,Fungi,1.00,Ascomycota,0.89,,,,,,,,,,,+,Phylum,Ascomycota,"k:Fungi,p:Ascomycota"
ASV739,0,0,0,0,0,0,0,0,0,0,5,0,0,0,0,0,0,0,0,0,Fungi,1.00,Ascomycota,0.94,Sordariomycetes,0.90,Hypocreales,0.87,,,,,,,+,Order,Hypocreales,"k:Fungi,p:Ascomycota,c:Sordariomycetes,o:Hypocreales"
ASV740,0,0,0,0,0,0,0,0,0,0,5,0,0,0,0,0,0,0,0,0,Fungi,1.00,Ascomycota,0.99,,,,,,,,,,,+,Phylum,Ascomycota,"k:Fungi,p:Ascomycota"
ASV741,0,0,0,0,0,0,0,0,0,0,5,0,0,0,0,0,0,0,0,0,Fungi,1.00,Ascomycota,1.00,Dothideomycetes,0.81,,,,,,,,,+,Class,Dothideomycetes,"k:Fungi,p:Ascomycota,c:Dothideomycetes"
ASV742,0,0,0,0,0,0,0,0,0,0,5,0,0,0,0,0,0,0,0,0,Fungi,1.00,Basidiomycota,1.00,Agaricomycetes,1.00,Nidulariales,0.87,Nidulariaceae,0.87,Crucibulum,0.87,,,+,Genus,Crucibulum,"k:Fungi,p:Basidiomycota,c:Agaricomycetes,o:Nidulariales,f:Nidulariaceae,g:Crucibulum"
ASV743,0,0,0,0,0,0,0,0,0,0,5,0,0,0,0,0,0,0,0,0,Fungi,1.00,Ascomycota,1.00,Lecanoromycetes,0.81,,,,,,,,,+,Class,Lecanoromycetes,"k:Fungi,p:Ascomycota,c:Lecanoromycetes"
ASV744,0,0,0,0,0,0,0,0,0,0,5,0,0,0,0,0,0,0,0,0,Fungi,1.00,Ascomycota,1.00,Sordariomycetes,1.00,Xylariales,1.00,Xylariaceae,1.00,Rosellinia,1.00,Rosellinia_corticium,0.99,+,Species,Rosellinia_corticium,"k:Fungi,p:Ascomycota,c:Sordariomycetes,o:Xylariales,f:Xylariaceae,g:Rosellinia,s:Rosellinia_corticium"
ASV745,0,0,0,0,0,0,0,0,0,0,5,0,0,0,0,0,0,0,0,0,Fungi,1.00,Ascomycota,1.00,Ascomycota_class_incertae_sedis,1.00,Ascomycota_order_incertae_sedis,1.00,Pseudeurotiaceae,1.00,,,,,+,Family,Pseudeurotiaceae,"k:Fungi,p:Ascomycota,c:Ascomycota_class_incertae_sedis,o:Ascomycota_order_incertae_sedis,f:Pseudeurotiaceae"
ASV746,0,0,0,0,0,0,0,0,0,0,5,0,0,0,0,0,0,0,0,0,Fungi,1.00,Basidiomycota,0.98,,,,,,,,,,,+,Phylum,Basidiomycota,"k:Fungi,p:Basidiomycota"
ASV747,0,0,0,0,0,0,0,0,0,0,5,0,0,0,0,0,0,0,0,0,Fungi,1.00,Ascomycota,0.89,Leotiomycetes,0.89,Helotiales,0.89,,,,,,,+,Order,Helotiales,"k:Fungi,p:Ascomycota,c:Leotiomycetes,o:Helotiales"
ASV748,0,0,0,0,0,0,0,0,0,0,5,0,0,0,0,0,0,0,0,0,Fungi,1.00,Basidiomycota,0.95,,,,,,,,,,,+,Phylum,Basidiomycota,"k:Fungi,p:Basidiomycota"
ASV749,0,0,0,0,0,0,0,0,0,0,5,0,0,0,0,0,0,0,0,0,Fungi,1.00,Basidiomycota,1.00,Agaricomycetes,1.00,,,,,,,,,+,Class,Agaricomycetes,"k:Fungi,p:Basidiomycota,c:Agaricomycetes"
ASV750,0,0,0,0,0,0,0,0,0,0,5,0,0,0,0,0,0,0,0,0,Fungi,1.00,Ascomycota,1.00,Pezizomycetes,1.00,Pezizales,1.00,Sarcosomataceae,1.00,Plectania,1.00,Plectania_melastoma,1.00,+,Species,Plectania_melastoma,"k:Fungi,p:Ascomycota,c:Pezizomycetes,o:Pezizales,f:Sarcosomataceae,g:Plectania,s:Plectania_melastoma"
ASV751,0,0,0,0,0,0,0,0,0,0,5,0,0,0,0,0,0,0,0,0,Fungi,1.00,Basidiomycota,1.00,Tremellomycetes,1.00,Tremellales,1.00,Tremellaceae,1.00,Cryptococcus,1.00,Cryptococcus_sp.,1.00,+,Species,Cryptococcus_sp.,"k:Fungi,p:Basidiomycota,c:Tremellomycetes,o:Tremellales,f:Tremellaceae,g:Cryptococcus,s:Cryptococcus_sp."
ASV752,0,0,0,0,0,0,0,0,0,0,5,0,0,0,0,0,0,0,0,0,Fungi,1.00,Ascomycota,1.00,Eurotiomycetes,1.00,Chaetothyriales,1.00,,,,,,,+,Order,Chaetothyriales,"k:Fungi,p:Ascomycota,c:Eurotiomycetes,o:Chaetothyriales"
ASV753,0,0,0,0,0,0,0,0,0,0,5,0,0,0,0,0,0,0,0,0,Fungi,1.00,Basidiomycota,0.82,,,,,,,,,,,+,Phylum,Basidiomycota,"k:Fungi,p:Basidiomycota"
ASV754,0,0,0,0,0,0,0,0,0,0,5,0,0,0,0,0,0,0,0,0,Fungi,1.00,Ascomycota,1.00,,,,,,,,,,,+,Phylum,Ascomycota,"k:Fungi,p:Ascomycota"
ASV755,0,0,0,0,0,0,0,0,0,0,5,0,0,0,0,0,0,0,0,0,Fungi,1.00,Ascomycota,1.00,,,,,,,,,,,+,Phylum,Ascomycota,"k:Fungi,p:Ascomycota"
ASV757,0,0,0,0,0,0,0,0,0,0,0,0,0,0,0,5,0,0,0,0,Fungi,1.00,Basidiomycota,1.00,Agaricomycetes,1.00,Agaricales,1.00,Agaricaceae,1.00,Coprinus,1.00,Coprinus_comatus,1.00,+,Species,Coprinus_comatus,"k:Fungi,p:Basidiomycota,c:Agaricomycetes,o:Agaricales,f:Agaricaceae,g:Coprinus,s:Coprinus_comatus"
ASV758,0,0,0,0,0,0,0,0,0,0,0,0,0,0,0,0,0,5,0,0,Fungi,1.00,Basidiomycota,1.00,Agaricomycetes,1.00,Agaricales,1.00,Psathyrellaceae,0.99,Coprinellus,0.99,Coprinellus_radicellus,0.93,+,Species,Coprinellus_radicellus,"k:Fungi,p:Basidiomycota,c:Agaricomycetes,o:Agaricales,f:Psathyrellaceae,g:Coprinellus,s:Coprinellus_radicellus"
ASV759,0,0,0,0,0,0,0,0,0,0,0,0,0,0,0,0,0,5,0,0,Fungi,1.00,,,,,,,,,,,,,-,Kingdom,Fungi,k:Fungi
ASV76,0,194,105,127,0,0,0,0,0,0,0,0,0,0,0,0,0,0,0,0,Fungi,1.00,Ascomycota,1.00,Sordariomycetes,0.98,Sordariales,0.97,Lasiosphaeriaceae,0.84,,,,,+,Family,Lasiosphaeriaceae,"k:Fungi,p:Ascomycota,c:Sordariomycetes,o:Sordariales,f:Lasiosphaeriaceae"
ASV760,4,0,0,0,0,0,0,0,0,0,0,0,0,0,0,0,0,0,0,0,Fungi,1.00,Ascomycota,1.00,Eurotiomycetes,1.00,Eurotiales,1.00,Trichocomaceae,1.00,Penicillium,1.00,,,-,Genus,Penicillium,"k:Fungi,p:Ascomycota,c:Eurotiomycetes,o:Eurotiales,f:Trichocomaceae,g:Penicillium"
ASV761,0,4,0,0,0,0,0,0,0,0,0,0,0,0,0,0,0,0,0,0,Fungi,1.00,Ascomycota,1.00,Eurotiomycetes,1.00,Chaetothyriales,1.00,,,,,,,+,Order,Chaetothyriales,"k:Fungi,p:Ascomycota,c:Eurotiomycetes,o:Chaetothyriales"
ASV762,0,4,0,0,0,0,0,0,0,0,0,0,0,0,0,0,0,0,0,0,Fungi,1.00,Basidiomycota,1.00,Microbotryomycetes,1.00,Sporidiobolales,1.00,Sporidiobolaceae,1.00,Rhodosporidiobolus,1.00,Rhodosporidiobolus_colostri,1.00,+,Species,Rhodosporidiobolus_colostri,"k:Fungi,p:Basidiomycota,c:Microbotryomycetes,o:Sporidiobolales,f:Sporidiobolaceae,g:Rhodosporidiobolus,s:Rhodosporidiobolus_colostri"
ASV763,0,4,0,0,0,0,0,0,0,0,0,0,0,0,0,0,0,0,0,0,Fungi,1.00,Basidiomycota,0.95,Tremellomycetes,0.92,Tremellales,0.90,,,,,,,+,Order,Tremellales,"k:Fungi,p:Basidiomycota,c:Tremellomycetes,o:Tremellales"
ASV764,0,4,0,0,0,0,0,0,0,0,0,0,0,0,0,0,0,0,0,0,Fungi,1.00,Basidiomycota,0.97,,,,,,,,,,,+,Phylum,Basidiomycota,"k:Fungi,p:Basidiomycota"
ASV765,0,4,0,0,0,0,0,0,0,0,0,0,0,0,0,0,0,0,0,0,Fungi,1.00,Basidiomycota,1.00,Tremellomycetes,1.00,Tremellales,1.00,,,Dioszegia,1.00,Dioszegia_takashimae,1.00,+,Species,Dioszegia_takashimae,"k:Fungi,p:Basidiomycota,c:Tremellomycetes,o:Tremellales,g:Dioszegia,s:Dioszegia_takashimae"
ASV766,0,4,0,0,0,0,0,0,0,0,0,0,0,0,0,0,0,0,0,0,Fungi,1.00,Ascomycota,1.00,Dothideomycetes,0.84,Pleosporales,0.84,,,,,,,+,Order,Pleosporales,"k:Fungi,p:Ascomycota,c:Dothideomycetes,o:Pleosporales"
ASV767,0,4,0,0,0,0,0,0,0,0,0,0,0,0,0,0,0,0,0,0,Fungi,1.00,Basidiomycota,0.99,Tremellomycetes,0.98,Tremellales,0.98,Trimorphomycetaceae,0.98,Carlosrosaea,0.98,Carlosrosaea_foliicola,0.98,-,Species,Carlosrosaea_foliicola,"k:Fungi,p:Basidiomycota,c:Tremellomycetes,o:Tremellales,f:Trimorphomycetaceae,g:Carlosrosaea,s:Carlosrosaea_foliicola"
ASV768,0,4,0,0,0,0,0,0,0,0,0,0,0,0,0,0,0,0,0,0,Fungi,1.00,Basidiomycota,1.00,Agaricomycetes,1.00,Agaricales,1.00,Psathyrellaceae,1.00,,,,,+,Family,Psathyrellaceae,"k:Fungi,p:Basidiomycota,c:Agaricomycetes,o:Agaricales,f:Psathyrellaceae"
ASV769,0,4,0,0,0,0,0,0,0,0,0,0,0,0,0,0,0,0,0,0,Fungi,1.00,Basidiomycota,1.00,Agaricomycetes,1.00,Polyporales,1.00,Sistotremataceae,1.00,Trechispora,1.00,Trechispora_microspora,1.00,+,Species,Trechispora_microspora,"k:Fungi,p:Basidiomycota,c:Agaricomycetes,o:Polyporales,f:Sistotremataceae,g:Trechispora,s:Trechispora_microspora"
ASV77,89,0,0,11,0,303,12,0,0,0,0,3,0,0,0,0,0,0,0,0,Fungi,1.00,Ascomycota,1.00,Sordariomycetes,1.00,Hypocreales,1.00,Nectriaceae,1.00,Fusarium,1.00,,,+,Genus,Fusarium,"k:Fungi,p:Ascomycota,c:Sordariomycetes,o:Hypocreales,f:Nectriaceae,g:Fusarium"
ASV770,0,4,0,0,0,0,0,0,0,0,0,0,0,0,0,0,0,0,0,0,Fungi,1.00,Ascomycota,1.00,Taphrinomycetes,0.99,Taphrinales,0.99,Taphrinaceae,0.99,Taphrina,0.99,Taphrina_sp.,0.95,+,Species,Taphrina_sp.,"k:Fungi,p:Ascomycota,c:Taphrinomycetes,o:Taphrinales,f:Taphrinaceae,g:Taphrina,s:Taphrina_sp."
ASV771,0,4,0,0,0,0,0,0,0,0,0,0,0,0,0,0,0,0,0,0,Fungi,1.00,Ascomycota,1.00,Lecanoromycetes,0.85,,,,,,,,,+,Class,Lecanoromycetes,"k:Fungi,p:Ascomycota,c:Lecanoromycetes"
ASV772,0,4,0,0,0,0,0,0,0,0,0,0,0,0,0,0,0,0,0,0,Fungi,1.00,Ascomycota,0.98,Lecanoromycetes,0.82,,,,,,,,,+,Class,Lecanoromycetes,"k:Fungi,p:Ascomycota,c:Lecanoromycetes"
ASV773,0,4,0,0,0,0,0,0,0,0,0,0,0,0,0,0,0,0,0,0,Fungi,1.00,Ascomycota,1.00,Dothideomycetes,1.00,Mycosphaerellales,1.00,Mycosphaerellaceae,1.00,,,,,+,Family,Mycosphaerellaceae,"k:Fungi,p:Ascomycota,c:Dothideomycetes,o:Mycosphaerellales,f:Mycosphaerellaceae"
ASV774,0,4,0,0,0,0,0,0,0,0,0,0,0,0,0,0,0,0,0,0,Fungi,1.00,,,,,,,,,,,,,+,Kingdom,Fungi,k:Fungi
ASV775,0,4,0,0,0,0,0,0,0,0,0,0,0,0,0,0,0,0,0,0,Fungi,1.00,Basidiomycota,0.90,,,,,,,,,,,+,Phylum,Basidiomycota,"k:Fungi,p:Basidiomycota"
ASV776,0,4,0,0,0,0,0,0,0,0,0,0,0,0,0,0,0,0,0,0,Fungi,1.00,Basidiomycota,1.00,Agaricostilbomycetes,1.00,Agaricostilbales,1.00,Agaricostilbaceae,1.00,Bensingtonia,1.00,Bensingtonia_sp._AS_2.2601,1.00,+,Species,Bensingtonia_sp._AS_2.2601,"k:Fungi,p:Basidiomycota,c:Agaricostilbomycetes,o:Agaricostilbales,f:Agaricostilbaceae,g:Bensingtonia,s:Bensingtonia_sp._AS_2.2601"
ASV777,0,0,0,4,0,0,0,0,0,0,0,0,0,0,0,0,0,0,0,0,Fungi,1.00,,,,,,,,,,,,,+,Kingdom,Fungi,k:Fungi
ASV778,0,0,0,4,0,0,0,0,0,0,0,0,0,0,0,0,0,0,0,0,Fungi,1.00,Ascomycota,0.99,Leotiomycetes,0.99,Helotiales,0.99,,,,,,,+,Order,Helotiales,"k:Fungi,p:Ascomycota,c:Leotiomycetes,o:Helotiales"
ASV779,0,0,0,4,0,0,0,0,0,0,0,0,0,0,0,0,0,0,0,0,Fungi,1.00,Ascomycota,0.99,Leotiomycetes,0.99,Helotiales,0.99,Hyaloscyphaceae,0.99,Lachnellula,0.98,,,+,Genus,Lachnellula,"k:Fungi,p:Ascomycota,c:Leotiomycetes,o:Helotiales,f:Hyaloscyphaceae,g:Lachnellula"
ASV78,0,0,0,13,0,43,205,100,27,0,0,0,0,18,0,0,0,0,0,0,Fungi,1.00,Basidiomycota,1.00,Microbotryomycetes,1.00,Sporidiobolales,1.00,Sporidiobolaceae,1.00,Rhodotorula,1.00,Rhodotorula_sp._CCFEE_5628,1.00,+,Species,Rhodotorula_sp._CCFEE_5628,"k:Fungi,p:Basidiomycota,c:Microbotryomycetes,o:Sporidiobolales,f:Sporidiobolaceae,g:Rhodotorula,s:Rhodotorula_sp._CCFEE_5628"
ASV780,0,0,0,4,0,0,0,0,0,0,0,0,0,0,0,0,0,0,0,0,Fungi,1.00,Ascomycota,1.00,,,,,,,,,,,+,Phylum,Ascomycota,"k:Fungi,p:Ascomycota"
ASV781,0,0,0,4,0,0,0,0,0,0,0,0,0,0,0,0,0,0,0,0,Fungi,1.00,Ascomycota,1.00,Sordariomycetes,0.94,Xylariales,0.94,Xylariaceae,0.94,Hypoxylon,0.91,Hypoxylon_fuscum,0.91,+,Species,Hypoxylon_fuscum,"k:Fungi,p:Ascomycota,c:Sordariomycetes,o:Xylariales,f:Xylariaceae,g:Hypoxylon,s:Hypoxylon_fuscum"
ASV782,0,0,0,4,0,0,0,0,0,0,0,0,0,0,0,0,0,0,0,0,Fungi,1.00,Basidiomycota,1.00,Agaricomycetes,1.00,Agaricales,1.00,Tricholomataceae,1.00,Paralepista,1.00,,,+,Genus,Paralepista,"k:Fungi,p:Basidiomycota,c:Agaricomycetes,o:Agaricales,f:Tricholomataceae,g:Paralepista"
ASV783,0,0,0,0,0,4,0,0,0,0,0,0,0,0,0,0,0,0,0,0,Fungi,1.00,Ascomycota,1.00,Sordariomycetes,0.98,Hypocreales,0.95,,,,,,,+,Order,Hypocreales,"k:Fungi,p:Ascomycota,c:Sordariomycetes,o:Hypocreales"
ASV784,0,0,0,0,0,0,4,0,0,0,0,0,0,0,0,0,0,0,0,0,Fungi,1.00,Ascomycota,1.00,Sordariomycetes,1.00,Xylariales,0.94,,,,,,,+,Order,Xylariales,"k:Fungi,p:Ascomycota,c:Sordariomycetes,o:Xylariales"
ASV785,0,0,0,0,0,0,4,0,0,0,0,0,0,0,0,0,0,0,0,0,Fungi,1.00,Ascomycota,1.00,Ascomycota_class_incertae_sedis,0.86,Ascomycota_order_incertae_sedis,0.86,Ascomycota_family_incertae_sedis,0.86,Preussia,0.86,Preussia_africana,0.84,+,Species,Preussia_africana,"k:Fungi,p:Ascomycota,c:Ascomycota_class_incertae_sedis,o:Ascomycota_order_incertae_sedis,f:Ascomycota_family_incertae_sedis,g:Preussia,s:Preussia_africana"
ASV786,0,0,0,0,0,0,0,4,0,0,0,0,0,0,0,0,0,0,0,0,Fungi,1.00,Basidiomycota,1.00,Agaricomycetes,1.00,Agaricales,1.00,Entolomataceae,1.00,Entoloma,0.96,,,+,Genus,Entoloma,"k:Fungi,p:Basidiomycota,c:Agaricomycetes,o:Agaricales,f:Entolomataceae,g:Entoloma"
ASV787,0,0,0,0,0,0,0,4,0,0,0,0,0,0,0,0,0,0,0,0,Fungi,1.00,Mucoromycota,1.00,Mucoromycetes,1.00,Mucorales,1.00,Umbelopsidaceae,1.00,Umbelopsis,1.00,,,+,Genus,Umbelopsis,"k:Fungi,p:Mucoromycota,c:Mucoromycetes,o:Mucorales,f:Umbelopsidaceae,g:Umbelopsis"
ASV788,0,0,0,0,0,0,0,4,0,0,0,0,0,0,0,0,0,0,0,0,Fungi,1.00,Basidiomycota,0.98,Tremellomycetes,0.93,Tremellales,0.92,,,,,,,+,Order,Tremellales,"k:Fungi,p:Basidiomycota,c:Tremellomycetes,o:Tremellales"
ASV789,0,0,0,0,0,0,0,4,0,0,0,0,0,0,0,0,0,0,0,0,Fungi,1.00,Ascomycota,1.00,Dothideomycetes,1.00,Mycosphaerellales,0.99,Mycosphaerellaceae,0.86,,,,,+,Family,Mycosphaerellaceae,"k:Fungi,p:Ascomycota,c:Dothideomycetes,o:Mycosphaerellales,f:Mycosphaerellaceae"
ASV79,0,175,0,159,0,0,0,0,0,0,66,0,0,0,0,0,0,0,0,0,Fungi,1.00,Ascomycota,1.00,Dothideomycetes,0.93,Pleosporales,0.93,Leptosphaeriaceae,0.93,,,,,+,Family,Leptosphaeriaceae,"k:Fungi,p:Ascomycota,c:Dothideomycetes,o:Pleosporales,f:Leptosphaeriaceae"
ASV790,0,0,0,0,0,0,0,4,0,0,0,0,0,0,0,0,0,0,0,0,Fungi,1.00,Ascomycota,1.00,,,,,,,,,,,+,Phylum,Ascomycota,"k:Fungi,p:Ascomycota"
ASV792,0,0,0,0,0,0,0,4,0,0,0,0,0,0,0,0,0,0,0,0,Fungi,1.00,Ascomycota,1.00,Leotiomycetes,1.00,Helotiales,1.00,Hyaloscyphaceae,1.00,Lachnellula,1.00,Lachnellula_subtilissima,0.96,+,Species,Lachnellula_subtilissima,"k:Fungi,p:Ascomycota,c:Leotiomycetes,o:Helotiales,f:Hyaloscyphaceae,g:Lachnellula,s:Lachnellula_subtilissima"
ASV793,0,0,0,0,0,0,0,0,4,0,0,0,0,0,0,0,0,0,0,0,Fungi,1.00,Ascomycota,1.00,,,,,,,,,,,+,Phylum,Ascomycota,"k:Fungi,p:Ascomycota"
ASV794,0,0,0,0,0,0,0,0,4,0,0,0,0,0,0,0,0,0,0,0,Fungi,1.00,,,,,,,,,,,,,+,Kingdom,Fungi,k:Fungi
ASV795,0,0,0,0,0,0,0,0,4,0,0,0,0,0,0,0,0,0,0,0,Fungi,1.00,Ascomycota,1.00,Sordariomycetes,1.00,Hypocreales,1.00,,,,,,,-,Order,Hypocreales,"k:Fungi,p:Ascomycota,c:Sordariomycetes,o:Hypocreales"
ASV796,0,0,0,0,0,0,0,0,0,4,0,0,0,0,0,0,0,0,0,0,Fungi,1.00,,,,,,,,,,,,,+,Kingdom,Fungi,k:Fungi
ASV797,0,0,0,0,0,0,0,0,0,0,4,0,0,0,0,0,0,0,0,0,Fungi,1.00,,,,,,,,,,,,,+,Kingdom,Fungi,k:Fungi
ASV798,0,0,0,0,0,0,0,0,0,0,4,0,0,0,0,0,0,0,0,0,Fungi,1.00,Ascomycota,1.00,Lecanoromycetes,1.00,Agyriales,1.00,Agyriaceae,1.00,Sarea,1.00,,,+,Genus,Sarea,"k:Fungi,p:Ascomycota,c:Lecanoromycetes,o:Agyriales,f:Agyriaceae,g:Sarea"
ASV799,0,0,0,0,0,0,0,0,0,0,4,0,0,0,0,0,0,0,0,0,Fungi,1.00,Ascomycota,1.00,Dothideomycetes,0.94,Pleosporales,0.92,,,,,,,+,Order,Pleosporales,"k:Fungi,p:Ascomycota,c:Dothideomycetes,o:Pleosporales"
ASV8,222,906,391,1491,58,362,274,2248,0,77,213,630,594,563,61,78,0,68,239,769,Fungi,1.00,Ascomycota,1.00,Leotiomycetes,0.96,Thelebolales,0.96,Thelebolaceae,0.96,,,,,+,Family,Thelebolaceae,"k:Fungi,p:Ascomycota,c:Leotiomycetes,o:Thelebolales,f:Thelebolaceae"
ASV80,0,0,0,0,0,0,0,0,304,96,0,0,0,0,0,0,0,0,0,0,Fungi,1.00,,,,,,,,,,,,,+,Kingdom,Fungi,k:Fungi
ASV800,0,0,0,0,0,0,0,0,0,0,4,0,0,0,0,0,0,0,0,0,Fungi,1.00,Basidiomycota,1.00,Tremellomycetes,1.00,Tremellales,1.00,,,Dioszegia,1.00,,,+,Genus,Dioszegia,"k:Fungi,p:Basidiomycota,c:Tremellomycetes,o:Tremellales,g:Dioszegia"
ASV801,0,0,0,0,0,0,0,0,0,0,4,0,0,0,0,0,0,0,0,0,Fungi,1.00,,,,,,,,,,,,,+,Kingdom,Fungi,k:Fungi
ASV802,0,0,0,0,0,0,0,0,0,0,4,0,0,0,0,0,0,0,0,0,Fungi,1.00,Ascomycota,0.85,,,,,,,,,,,+,Phylum,Ascomycota,"k:Fungi,p:Ascomycota"
ASV803,0,0,0,0,0,0,0,0,0,0,4,0,0,0,0,0,0,0,0,0,Fungi,1.00,Basidiomycota,1.00,Agaricomycetes,1.00,Agaricales,1.00,Bolbitiaceae,1.00,Conocybe,1.00,Conocybe_pilosella,1.00,+,Species,Conocybe_pilosella,"k:Fungi,p:Basidiomycota,c:Agaricomycetes,o:Agaricales,f:Bolbitiaceae,g:Conocybe,s:Conocybe_pilosella"
ASV804,0,0,0,0,0,0,0,0,0,0,4,0,0,0,0,0,0,0,0,0,Fungi,1.00,Ascomycota,1.00,Sordariomycetes,1.00,Hypocreales,1.00,,,,,,,+,Order,Hypocreales,"k:Fungi,p:Ascomycota,c:Sordariomycetes,o:Hypocreales"
ASV805,0,0,0,0,0,0,0,0,0,0,4,0,0,0,0,0,0,0,0,0,Fungi,1.00,Ascomycota,1.00,,,,,,,,,,,+,Phylum,Ascomycota,"k:Fungi,p:Ascomycota"
ASV806,0,0,0,0,0,0,0,0,0,0,4,0,0,0,0,0,0,0,0,0,Fungi,1.00,Ascomycota,0.97,,,,,,,,,,,+,Phylum,Ascomycota,"k:Fungi,p:Ascomycota"
ASV807,0,0,0,0,0,0,0,0,0,0,4,0,0,0,0,0,0,0,0,0,Fungi,1.00,Basidiomycota,1.00,Agaricomycetes,1.00,Agaricales,1.00,Agaricaceae,1.00,Macrolepiota,0.93,Macrolepiota_procera,0.93,+,Species,Macrolepiota_procera,"k:Fungi,p:Basidiomycota,c:Agaricomycetes,o:Agaricales,f:Agaricaceae,g:Macrolepiota,s:Macrolepiota_procera"
ASV808,0,0,0,0,0,0,0,0,0,0,4,0,0,0,0,0,0,0,0,0,Fungi,1.00,Ascomycota,1.00,Eurotiomycetes,0.96,Chaetothyriales,0.95,Herpotrichiellaceae,0.93,Capronia,0.91,,,+,Genus,Capronia,"k:Fungi,p:Ascomycota,c:Eurotiomycetes,o:Chaetothyriales,f:Herpotrichiellaceae,g:Capronia"
ASV809,0,0,0,0,0,0,0,0,0,0,4,0,0,0,0,0,0,0,0,0,Fungi,1.00,Basidiomycota,1.00,Agaricomycetes,1.00,Agaricales,1.00,Strophariaceae,1.00,Deconica,0.97,Deconica_inquilina,0.87,+,Species,Deconica_inquilina,"k:Fungi,p:Basidiomycota,c:Agaricomycetes,o:Agaricales,f:Strophariaceae,g:Deconica,s:Deconica_inquilina"
ASV810,0,0,0,0,0,0,0,0,0,0,4,0,0,0,0,0,0,0,0,0,Fungi,1.00,Ascomycota,1.00,Dothideomycetes,1.00,Pleosporales,1.00,Massarinaceae,0.99,Massarina,0.99,Massarina_sp._MUT_4323,0.95,+,Species,Massarina_sp._MUT_4323,"k:Fungi,p:Ascomycota,c:Dothideomycetes,o:Pleosporales,f:Massarinaceae,g:Massarina,s:Massarina_sp._MUT_4323"
ASV811,0,0,0,0,0,0,0,0,0,0,4,0,0,0,0,0,0,0,0,0,Fungi,1.00,Ascomycota,0.99,Sordariomycetes,0.88,Coniochaetales,0.88,Coniochaetaceae,0.88,Lecythophora,0.88,Lecythophora_sp.,0.88,+,Species,Lecythophora_sp.,"k:Fungi,p:Ascomycota,c:Sordariomycetes,o:Coniochaetales,f:Coniochaetaceae,g:Lecythophora,s:Lecythophora_sp."
ASV812,0,0,0,0,0,0,0,0,0,0,4,0,0,0,0,0,0,0,0,0,Fungi,1.00,Ascomycota,0.96,,,,,,,,,,,+,Phylum,Ascomycota,"k:Fungi,p:Ascomycota"
ASV813,0,0,0,0,0,0,0,0,0,0,4,0,0,0,0,0,0,0,0,0,Fungi,1.00,Ascomycota,1.00,Leotiomycetes,1.00,Helotiales,1.00,,,Cadophora,1.00,Cadophora_malorum,1.00,+,Species,Cadophora_malorum,"k:Fungi,p:Ascomycota,c:Leotiomycetes,o:Helotiales,g:Cadophora,s:Cadophora_malorum"
ASV814,0,0,0,0,0,0,0,0,0,0,4,0,0,0,0,0,0,0,0,0,Fungi,1.00,Basidiomycota,0.86,,,,,,,,,,,+,Phylum,Basidiomycota,"k:Fungi,p:Basidiomycota"
ASV815,0,0,0,0,0,0,0,0,0,0,4,0,0,0,0,0,0,0,0,0,Fungi,1.00,Basidiomycota,1.00,Agaricomycetes,1.00,Agaricales,1.00,Agaricaceae,1.00,Lepiota,1.00,Lepiota_rhodorhiza,1.00,+,Species,Lepiota_rhodorhiza,"k:Fungi,p:Basidiomycota,c:Agaricomycetes,o:Agaricales,f:Agaricaceae,g:Lepiota,s:Lepiota_rhodorhiza"
ASV816,0,0,0,0,0,0,0,0,0,0,4,0,0,0,0,0,0,0,0,0,Fungi,1.00,Ascomycota,1.00,Leotiomycetes,0.98,Thelebolales,0.98,Thelebolaceae,0.98,,,,,-,Family,Thelebolaceae,"k:Fungi,p:Ascomycota,c:Leotiomycetes,o:Thelebolales,f:Thelebolaceae"
ASV817,0,0,0,0,0,0,0,0,0,0,4,0,0,0,0,0,0,0,0,0,Fungi,1.00,Ascomycota,1.00,Taphrinomycetes,1.00,Taphrinales,1.00,Taphrinaceae,1.00,,,,,+,Family,Taphrinaceae,"k:Fungi,p:Ascomycota,c:Taphrinomycetes,o:Taphrinales,f:Taphrinaceae"
ASV818,0,0,0,0,0,0,0,0,0,0,4,0,0,0,0,0,0,0,0,0,Fungi,1.00,Basidiomycota,1.00,Agaricostilbomycetes,1.00,Agaricostilbales,1.00,Kondoaceae,1.00,Kondoa,1.00,Kondoa_gutianensis,1.00,-,Species,Kondoa_gutianensis,"k:Fungi,p:Basidiomycota,c:Agaricostilbomycetes,o:Agaricostilbales,f:Kondoaceae,g:Kondoa,s:Kondoa_gutianensis"
ASV819,0,0,0,0,0,0,0,0,0,0,4,0,0,0,0,0,0,0,0,0,Fungi,1.00,Basidiomycota,1.00,Agaricomycetes,1.00,Geastrales,1.00,Geastraceae,1.00,Geastrum,1.00,Geastrum_rufescens,1.00,+,Species,Geastrum_rufescens,"k:Fungi,p:Basidiomycota,c:Agaricomycetes,o:Geastrales,f:Geastraceae,g:Geastrum,s:Geastrum_rufescens"
ASV82,0,0,381,0,0,0,0,0,0,0,0,0,0,0,0,0,0,0,0,0,Fungi,1.00,Ascomycota,1.00,Eurotiomycetes,1.00,Onygenales,1.00,Onygenaceae,1.00,Chrysosporium,1.00,Chrysosporium_carmichaelii,1.00,+,Species,Chrysosporium_carmichaelii,"k:Fungi,p:Ascomycota,c:Eurotiomycetes,o:Onygenales,f:Onygenaceae,g:Chrysosporium,s:Chrysosporium_carmichaelii"
ASV820,0,0,0,0,0,0,0,0,0,0,4,0,0,0,0,0,0,0,0,0,Fungi,1.00,Ascomycota,1.00,Eurotiomycetes,1.00,Chaetothyriales,1.00,Herpotrichiellaceae,1.00,,,,,+,Family,Herpotrichiellaceae,"k:Fungi,p:Ascomycota,c:Eurotiomycetes,o:Chaetothyriales,f:Herpotrichiellaceae"
ASV821,0,0,0,0,0,0,0,0,0,0,4,0,0,0,0,0,0,0,0,0,Fungi,1.00,Ascomycota,0.98,Dothideomycetes,0.86,Pleosporales,0.80,,,,,,,+,Order,Pleosporales,"k:Fungi,p:Ascomycota,c:Dothideomycetes,o:Pleosporales"
ASV822,0,0,0,0,0,0,0,0,0,0,4,0,0,0,0,0,0,0,0,0,Fungi,1.00,Ascomycota,1.00,Sordariomycetes,1.00,Xylariales,1.00,Xylariaceae,1.00,Daldinia,1.00,Daldinia_childiae,0.99,+,Species,Daldinia_childiae,"k:Fungi,p:Ascomycota,c:Sordariomycetes,o:Xylariales,f:Xylariaceae,g:Daldinia,s:Daldinia_childiae"
ASV823,0,0,0,0,0,0,0,0,0,0,4,0,0,0,0,0,0,0,0,0,Fungi,1.00,Ascomycota,1.00,Sordariomycetes,1.00,Xylariales,1.00,Xylariaceae,1.00,Hypoxylon,1.00,Hypoxylon_perforatum,0.94,+,Species,Hypoxylon_perforatum,"k:Fungi,p:Ascomycota,c:Sordariomycetes,o:Xylariales,f:Xylariaceae,g:Hypoxylon,s:Hypoxylon_perforatum"
ASV824,0,0,0,0,0,0,0,0,0,0,0,0,0,4,0,0,0,0,0,0,Fungi,1.00,Ascomycota,1.00,Dothideomycetes,0.80,,,,,,,,,+,Class,Dothideomycetes,"k:Fungi,p:Ascomycota,c:Dothideomycetes"
ASV825,0,0,0,0,0,0,0,0,0,0,0,0,0,4,0,0,0,0,0,0,Fungi,1.00,Ascomycota,0.97,,,,,,,,,,,+,Phylum,Ascomycota,"k:Fungi,p:Ascomycota"
ASV826,0,0,0,0,0,0,0,0,0,0,0,0,0,0,4,0,0,0,0,0,Fungi,1.00,,,,,,,,,,,,,+,Kingdom,Fungi,k:Fungi
ASV827,0,0,0,0,0,0,0,0,0,0,0,0,0,0,0,4,0,0,0,0,Fungi,1.00,,,,,,,,,,,,,+,Kingdom,Fungi,k:Fungi
ASV828,0,0,0,0,0,0,0,0,0,0,0,0,0,0,0,0,0,4,0,0,Fungi,1.00,Ascomycota,0.99,Sordariomycetes,0.87,,,,,,,,,+,Class,Sordariomycetes,"k:Fungi,p:Ascomycota,c:Sordariomycetes"
ASV83,0,0,0,0,0,0,0,0,0,0,9,0,0,0,0,371,0,0,0,0,Fungi,1.00,Basidiomycota,1.00,Agaricomycetes,1.00,Agaricales,1.00,Psathyrellaceae,1.00,Lacrymaria,1.00,Lacrymaria_lacrymabunda,1.00,+,Species,Lacrymaria_lacrymabunda,"k:Fungi,p:Basidiomycota,c:Agaricomycetes,o:Agaricales,f:Psathyrellaceae,g:Lacrymaria,s:Lacrymaria_lacrymabunda"
ASV830,0,3,0,0,0,0,0,0,0,0,0,0,0,0,0,0,0,0,0,0,Fungi,1.00,Basidiomycota,1.00,Agaricomycetes,1.00,Agaricales,1.00,Cortinariaceae,1.00,Cortinarius,1.00,Cortinarius_arcuatorum,0.99,+,Species,Cortinarius_arcuatorum,"k:Fungi,p:Basidiomycota,c:Agaricomycetes,o:Agaricales,f:Cortinariaceae,g:Cortinarius,s:Cortinarius_arcuatorum"
ASV831,0,3,0,0,0,0,0,0,0,0,0,0,0,0,0,0,0,0,0,0,Fungi,1.00,Ascomycota,0.83,,,,,,,,,,,+,Phylum,Ascomycota,"k:Fungi,p:Ascomycota"
ASV832,0,3,0,0,0,0,0,0,0,0,0,0,0,0,0,0,0,0,0,0,Fungi,1.00,Basidiomycota,1.00,Agaricomycetes,1.00,Thelephorales,1.00,Thelephoraceae,1.00,Tomentella,0.98,,,+,Genus,Tomentella,"k:Fungi,p:Basidiomycota,c:Agaricomycetes,o:Thelephorales,f:Thelephoraceae,g:Tomentella"
ASV833,0,3,0,0,0,0,0,0,0,0,0,0,0,0,0,0,0,0,0,0,Fungi,1.00,Ascomycota,1.00,Ascomycota_class_incertae_sedis,1.00,Ascomycota_order_incertae_sedis,1.00,Ascomycota_family_incertae_sedis,1.00,Chalara,1.00,Chalara_holubovae,1.00,+,Species,Chalara_holubovae,"k:Fungi,p:Ascomycota,c:Ascomycota_class_incertae_sedis,o:Ascomycota_order_incertae_sedis,f:Ascomycota_family_incertae_sedis,g:Chalara,s:Chalara_holubovae"
ASV834,0,3,0,0,0,0,0,0,0,0,0,0,0,0,0,0,0,0,0,0,Fungi,1.00,,,,,,,,,,,,,+,Kingdom,Fungi,k:Fungi
ASV835,0,3,0,0,0,0,0,0,0,0,0,0,0,0,0,0,0,0,0,0,Fungi,1.00,Basidiomycota,1.00,Agaricomycetes,1.00,Agaricales,1.00,Lyophyllaceae,0.99,,,,,+,Family,Lyophyllaceae,"k:Fungi,p:Basidiomycota,c:Agaricomycetes,o:Agaricales,f:Lyophyllaceae"
ASV836,0,3,0,0,0,0,0,0,0,0,0,0,0,0,0,0,0,0,0,0,Fungi,1.00,Ascomycota,1.00,,,,,,,,,,,+,Phylum,Ascomycota,"k:Fungi,p:Ascomycota"
ASV837,0,3,0,0,0,0,0,0,0,0,0,0,0,0,0,0,0,0,0,0,Fungi,1.00,Basidiomycota,1.00,Agaricomycetes,1.00,Boletales,1.00,Boletaceae,1.00,Octaviania,0.99,Octaviania_sp.,0.99,+,Species,Octaviania_sp.,"k:Fungi,p:Basidiomycota,c:Agaricomycetes,o:Boletales,f:Boletaceae,g:Octaviania,s:Octaviania_sp."
ASV838,0,3,0,0,0,0,0,0,0,0,0,0,0,0,0,0,0,0,0,0,Fungi,1.00,Ascomycota,1.00,Dothideomycetes,1.00,Botryosphaeriales,0.90,Botryosphaeriaceae,0.90,Dothiora,0.90,,,+,Genus,Dothiora,"k:Fungi,p:Ascomycota,c:Dothideomycetes,o:Botryosphaeriales,f:Botryosphaeriaceae,g:Dothiora"
ASV839,0,3,0,0,0,0,0,0,0,0,0,0,0,0,0,0,0,0,0,0,Fungi,1.00,Ascomycota,1.00,,,,,,,,,,,+,Phylum,Ascomycota,"k:Fungi,p:Ascomycota"
ASV84,0,0,0,0,0,0,0,0,0,0,0,0,52,293,4,24,0,0,0,0,Fungi,1.00,Ascomycota,1.00,Sordariomycetes,1.00,Sordariales,1.00,Lasiosphaeriaceae,0.83,,,,,+,Family,Lasiosphaeriaceae,"k:Fungi,p:Ascomycota,c:Sordariomycetes,o:Sordariales,f:Lasiosphaeriaceae"
ASV840,0,3,0,0,0,0,0,0,0,0,0,0,0,0,0,0,0,0,0,0,Fungi,1.00,Ascomycota,1.00,Sordariomycetes,1.00,Diaporthales,1.00,Valsaceae,1.00,Cytospora,0.96,,,+,Genus,Cytospora,"k:Fungi,p:Ascomycota,c:Sordariomycetes,o:Diaporthales,f:Valsaceae,g:Cytospora"
ASV841,0,3,0,0,0,0,0,0,0,0,0,0,0,0,0,0,0,0,0,0,Fungi,1.00,Ascomycota,1.00,,,,,,,,,,,+,Phylum,Ascomycota,"k:Fungi,p:Ascomycota"
ASV842,0,3,0,0,0,0,0,0,0,0,0,0,0,0,0,0,0,0,0,0,Fungi,1.00,Ascomycota,0.99,Dothideomycetes,0.86,Microthyriales,0.85,Leptopeltidaceae,0.85,Dothiopeltis,0.85,Dothiopeltis_n._sp.,0.85,+,Species,Dothiopeltis_n._sp.,"k:Fungi,p:Ascomycota,c:Dothideomycetes,o:Microthyriales,f:Leptopeltidaceae,g:Dothiopeltis,s:Dothiopeltis_n._sp."
ASV843,0,3,0,0,0,0,0,0,0,0,0,0,0,0,0,0,0,0,0,0,Fungi,1.00,Ascomycota,0.95,Sordariomycetes,0.94,Hypocreales,0.94,Bionectriaceae,0.83,,,,,+,Family,Bionectriaceae,"k:Fungi,p:Ascomycota,c:Sordariomycetes,o:Hypocreales,f:Bionectriaceae"
ASV844,0,3,0,0,0,0,0,0,0,0,0,0,0,0,0,0,0,0,0,0,Fungi,1.00,Ascomycota,1.00,Leotiomycetes,0.95,,,,,,,,,+,Class,Leotiomycetes,"k:Fungi,p:Ascomycota,c:Leotiomycetes"
ASV845,0,0,0,3,0,0,0,0,0,0,0,0,0,0,0,0,0,0,0,0,Fungi,1.00,Ascomycota,1.00,Eurotiomycetes,0.96,Chaetothyriales,0.96,Herpotrichiellaceae,0.96,Ramichloridium,0.96,Ramichloridium_apiculatum,0.80,+,Species,Ramichloridium_apiculatum,"k:Fungi,p:Ascomycota,c:Eurotiomycetes,o:Chaetothyriales,f:Herpotrichiellaceae,g:Ramichloridium,s:Ramichloridium_apiculatum"
ASV846,0,0,0,3,0,0,0,0,0,0,0,0,0,0,0,0,0,0,0,0,Fungi,1.00,Basidiomycota,1.00,Agaricomycetes,1.00,Corticiales,1.00,Corticiaceae,1.00,Vuilleminia,1.00,Vuilleminia_comedens,0.81,+,Species,Vuilleminia_comedens,"k:Fungi,p:Basidiomycota,c:Agaricomycetes,o:Corticiales,f:Corticiaceae,g:Vuilleminia,s:Vuilleminia_comedens"
ASV847,0,0,0,3,0,0,0,0,0,0,0,0,0,0,0,0,0,0,0,0,Fungi,1.00,Ascomycota,1.00,Dothideomycetes,0.99,Mycosphaerellales,0.94,Teratosphaeriaceae,0.82,,,,,+,Family,Teratosphaeriaceae,"k:Fungi,p:Ascomycota,c:Dothideomycetes,o:Mycosphaerellales,f:Teratosphaeriaceae"
ASV848,0,0,0,3,0,0,0,0,0,0,0,0,0,0,0,0,0,0,0,0,Fungi,1.00,Ascomycota,1.00,Dothideomycetes,0.94,,,,,,,,,+,Class,Dothideomycetes,"k:Fungi,p:Ascomycota,c:Dothideomycetes"
ASV849,0,0,0,3,0,0,0,0,0,0,0,0,0,0,0,0,0,0,0,0,Fungi,1.00,Basidiomycota,1.00,Agaricomycetes,1.00,Agaricales,1.00,Psathyrellaceae,1.00,Lacrymaria,1.00,Lacrymaria_lacrymabunda,1.00,+,Species,Lacrymaria_lacrymabunda,"k:Fungi,p:Basidiomycota,c:Agaricomycetes,o:Agaricales,f:Psathyrellaceae,g:Lacrymaria,s:Lacrymaria_lacrymabunda"
ASV85,221,0,150,0,0,0,0,0,0,0,0,0,0,0,0,0,0,0,0,0,Fungi,1.00,Ascomycota,0.99,Sordariomycetes,0.99,Hypocreales,0.99,Nectriaceae,0.92,,,,,+,Family,Nectriaceae,"k:Fungi,p:Ascomycota,c:Sordariomycetes,o:Hypocreales,f:Nectriaceae"
ASV850,0,0,0,3,0,0,0,0,0,0,0,0,0,0,0,0,0,0,0,0,Fungi,1.00,,,,,,,,,,,,,+,Kingdom,Fungi,k:Fungi
ASV851,0,0,0,0,3,0,0,0,0,0,0,0,0,0,0,0,0,0,0,0,Fungi,1.00,Ascomycota,1.00,Leotiomycetes,1.00,Leotiales,1.00,Leotiaceae,1.00,Alatospora,1.00,Alatospora_acuminata,1.00,+,Species,Alatospora_acuminata,"k:Fungi,p:Ascomycota,c:Leotiomycetes,o:Leotiales,f:Leotiaceae,g:Alatospora,s:Alatospora_acuminata"
ASV852,0,0,0,0,0,0,3,0,0,0,0,0,0,0,0,0,0,0,0,0,Fungi,1.00,Ascomycota,1.00,Leotiomycetes,1.00,Helotiales,1.00,,,,,,,+,Order,Helotiales,"k:Fungi,p:Ascomycota,c:Leotiomycetes,o:Helotiales"
ASV853,0,0,0,0,0,0,0,3,0,0,0,0,0,0,0,0,0,0,0,0,Fungi,1.00,Basidiomycota,1.00,Agaricomycetes,1.00,Agaricales,1.00,Tricholomataceae,0.96,,,,,+,Family,Tricholomataceae,"k:Fungi,p:Basidiomycota,c:Agaricomycetes,o:Agaricales,f:Tricholomataceae"
ASV854,0,0,0,0,0,0,0,3,0,0,0,0,0,0,0,0,0,0,0,0,Fungi,1.00,Ascomycota,0.99,,,,,,,,,,,+,Phylum,Ascomycota,"k:Fungi,p:Ascomycota"
ASV855,0,0,0,0,0,0,0,3,0,0,0,0,0,0,0,0,0,0,0,0,Fungi,1.00,Ascomycota,1.00,,,,,,,,,,,+,Phylum,Ascomycota,"k:Fungi,p:Ascomycota"
ASV856,0,0,0,0,0,0,0,3,0,0,0,0,0,0,0,0,0,0,0,0,Fungi,1.00,Basidiomycota,1.00,Agaricomycetes,1.00,Agaricales,1.00,Psathyrellaceae,1.00,Coprinellus,1.00,Coprinellus_heptemerus,1.00,+,Species,Coprinellus_heptemerus,"k:Fungi,p:Basidiomycota,c:Agaricomycetes,o:Agaricales,f:Psathyrellaceae,g:Coprinellus,s:Coprinellus_heptemerus"
ASV857,0,0,0,0,0,0,0,3,0,0,0,0,0,0,0,0,0,0,0,0,Fungi,1.00,Ascomycota,0.98,Leotiomycetes,0.84,Helotiales,0.82,,,,,,,+,Order,Helotiales,"k:Fungi,p:Ascomycota,c:Leotiomycetes,o:Helotiales"
ASV858,0,0,0,0,0,0,0,3,0,0,0,0,0,0,0,0,0,0,0,0,Fungi,1.00,Ascomycota,1.00,,,,,,,,,,,+,Phylum,Ascomycota,"k:Fungi,p:Ascomycota"
ASV859,0,0,0,0,0,0,0,3,0,0,0,0,0,0,0,0,0,0,0,0,Fungi,1.00,Ascomycota,0.93,,,,,,,,,,,+,Phylum,Ascomycota,"k:Fungi,p:Ascomycota"
ASV86,0,0,0,371,0,0,0,0,0,0,0,0,0,0,0,0,0,0,0,0,Fungi,1.00,,,,,,,,,,,,,+,Kingdom,Fungi,k:Fungi
ASV860,0,0,0,0,0,0,0,3,0,0,0,0,0,0,0,0,0,0,0,0,Fungi,1.00,Ascomycota,1.00,Sordariomycetes,1.00,,,,,,,,,+,Class,Sordariomycetes,"k:Fungi,p:Ascomycota,c:Sordariomycetes"
ASV861,0,0,0,0,0,0,0,3,0,0,0,0,0,0,0,0,0,0,0,0,Fungi,1.00,,,,,,,,,,,,,+,Kingdom,Fungi,k:Fungi
ASV862,0,0,0,0,0,0,0,3,0,0,0,0,0,0,0,0,0,0,0,0,Fungi,1.00,,,,,,,,,,,,,+,Kingdom,Fungi,k:Fungi
ASV863,0,0,0,0,0,0,0,0,3,0,0,0,0,0,0,0,0,0,0,0,Fungi,1.00,Basidiomycota,1.00,Tremellomycetes,0.99,Tremellales,0.99,Tremellaceae,0.99,Papiliotrema,0.93,Papiliotrema_flavescens,0.93,+,Species,Papiliotrema_flavescens,"k:Fungi,p:Basidiomycota,c:Tremellomycetes,o:Tremellales,f:Tremellaceae,g:Papiliotrema,s:Papiliotrema_flavescens"
ASV864,0,0,0,0,0,0,0,0,3,0,0,0,0,0,0,0,0,0,0,0,Fungi,1.00,Ascomycota,1.00,Sordariomycetes,1.00,Hypocreales,1.00,Nectriaceae,1.00,Fusarium,1.00,,,+,Genus,Fusarium,"k:Fungi,p:Ascomycota,c:Sordariomycetes,o:Hypocreales,f:Nectriaceae,g:Fusarium"
ASV865,0,0,0,0,0,0,0,0,3,0,0,0,0,0,0,0,0,0,0,0,Fungi,1.00,Ascomycota,1.00,Eurotiomycetes,1.00,Eurotiales,1.00,Trichocomaceae,1.00,Penicillium,1.00,,,+,Genus,Penicillium,"k:Fungi,p:Ascomycota,c:Eurotiomycetes,o:Eurotiales,f:Trichocomaceae,g:Penicillium"
ASV866,0,0,0,0,0,0,0,0,0,3,0,0,0,0,0,0,0,0,0,0,Fungi,1.00,Ascomycota,1.00,Dothideomycetes,0.95,Pleosporales,0.95,Leptosphaeriaceae,0.94,,,,,+,Family,Leptosphaeriaceae,"k:Fungi,p:Ascomycota,c:Dothideomycetes,o:Pleosporales,f:Leptosphaeriaceae"
ASV867,0,0,0,0,0,0,0,0,0,3,0,0,0,0,0,0,0,0,0,0,Fungi,1.00,,,,,,,,,,,,,+,Kingdom,Fungi,k:Fungi
ASV868,0,0,0,0,0,0,0,0,0,3,0,0,0,0,0,0,0,0,0,0,Fungi,1.00,,,,,,,,,,,,,+,Kingdom,Fungi,k:Fungi
ASV869,0,0,0,0,0,0,0,0,0,0,3,0,0,0,0,0,0,0,0,0,Fungi,1.00,Ascomycota,1.00,Leotiomycetes,0.99,Helotiales,0.99,,,,,,,+,Order,Helotiales,"k:Fungi,p:Ascomycota,c:Leotiomycetes,o:Helotiales"
ASV87,0,0,0,0,0,0,0,0,370,0,0,0,0,0,0,0,0,0,0,0,Fungi,1.00,Ascomycota,0.95,Saccharomycetes,0.93,Saccharomycetales,0.93,Dipodascaceae,0.91,Galactomyces,0.90,,,+,Genus,Galactomyces,"k:Fungi,p:Ascomycota,c:Saccharomycetes,o:Saccharomycetales,f:Dipodascaceae,g:Galactomyces"
ASV870,0,0,0,0,0,0,0,0,0,0,3,0,0,0,0,0,0,0,0,0,Fungi,1.00,,,,,,,,,,,,,+,Kingdom,Fungi,k:Fungi
ASV871,0,0,0,0,0,0,0,0,0,0,3,0,0,0,0,0,0,0,0,0,Fungi,1.00,Ascomycota,1.00,Leotiomycetes,0.99,Helotiales,0.99,,,,,,,+,Order,Helotiales,"k:Fungi,p:Ascomycota,c:Leotiomycetes,o:Helotiales"
ASV872,0,0,0,0,0,0,0,0,0,0,3,0,0,0,0,0,0,0,0,0,Fungi,1.00,Ascomycota,1.00,Leotiomycetes,1.00,Helotiales,1.00,,,,,,,+,Order,Helotiales,"k:Fungi,p:Ascomycota,c:Leotiomycetes,o:Helotiales"
ASV873,0,0,0,0,0,0,0,0,0,0,3,0,0,0,0,0,0,0,0,0,Fungi,1.00,Ascomycota,0.80,,,,,,,,,,,+,Phylum,Ascomycota,"k:Fungi,p:Ascomycota"
ASV874,0,0,0,0,0,0,0,0,0,0,3,0,0,0,0,0,0,0,0,0,Fungi,1.00,Basidiomycota,1.00,Agaricomycetes,1.00,Agaricales,1.00,Psathyrellaceae,1.00,Coprinopsis,1.00,,,+,Genus,Coprinopsis,"k:Fungi,p:Basidiomycota,c:Agaricomycetes,o:Agaricales,f:Psathyrellaceae,g:Coprinopsis"
ASV875,0,0,0,0,0,0,0,0,0,0,3,0,0,0,0,0,0,0,0,0,Fungi,1.00,,,,,,,,,,,,,+,Kingdom,Fungi,k:Fungi
ASV876,0,0,0,0,0,0,0,0,0,0,3,0,0,0,0,0,0,0,0,0,Fungi,1.00,,,,,,,,,,,,,+,Kingdom,Fungi,k:Fungi
ASV877,0,0,0,0,0,0,0,0,0,0,3,0,0,0,0,0,0,0,0,0,Fungi,1.00,Basidiomycota,1.00,Agaricomycetes,1.00,Agaricales,1.00,Tricholomataceae,1.00,Melanoleuca,1.00,,,+,Genus,Melanoleuca,"k:Fungi,p:Basidiomycota,c:Agaricomycetes,o:Agaricales,f:Tricholomataceae,g:Melanoleuca"
ASV878,0,0,0,0,0,0,0,0,0,0,3,0,0,0,0,0,0,0,0,0,Fungi,1.00,,,,,,,,,,,,,-,Kingdom,Fungi,k:Fungi
ASV879,0,0,0,0,0,0,0,0,0,0,3,0,0,0,0,0,0,0,0,0,Fungi,1.00,Basidiomycota,1.00,Exobasidiomycetes,1.00,Exobasidiales,1.00,Exobasidiaceae,1.00,Exobasidium,1.00,,,+,Genus,Exobasidium,"k:Fungi,p:Basidiomycota,c:Exobasidiomycetes,o:Exobasidiales,f:Exobasidiaceae,g:Exobasidium"
ASV880,0,0,0,0,0,0,0,0,0,0,3,0,0,0,0,0,0,0,0,0,Fungi,1.00,Basidiomycota,1.00,Agaricostilbomycetes,1.00,Agaricostilbales,1.00,Agaricostilbaceae,1.00,Bensingtonia,1.00,Bensingtonia_naganoensis,1.00,+,Species,Bensingtonia_naganoensis,"k:Fungi,p:Basidiomycota,c:Agaricostilbomycetes,o:Agaricostilbales,f:Agaricostilbaceae,g:Bensingtonia,s:Bensingtonia_naganoensis"
ASV881,0,0,0,0,0,0,0,0,0,0,3,0,0,0,0,0,0,0,0,0,Fungi,1.00,Ascomycota,1.00,Leotiomycetes,1.00,Rhytismatales,1.00,Rhytismataceae,1.00,Lophodermium,1.00,Lophodermium_piceae,1.00,+,Species,Lophodermium_piceae,"k:Fungi,p:Ascomycota,c:Leotiomycetes,o:Rhytismatales,f:Rhytismataceae,g:Lophodermium,s:Lophodermium_piceae"
ASV882,0,0,0,0,0,0,0,0,0,0,3,0,0,0,0,0,0,0,0,0,Fungi,1.00,Basidiomycota,1.00,Agaricomycetes,1.00,Agaricales,1.00,Psathyrellaceae,1.00,Coprinopsis,1.00,Coprinopsis_echinospora,1.00,+,Species,Coprinopsis_echinospora,"k:Fungi,p:Basidiomycota,c:Agaricomycetes,o:Agaricales,f:Psathyrellaceae,g:Coprinopsis,s:Coprinopsis_echinospora"
ASV883,0,0,0,0,0,0,0,0,0,0,3,0,0,0,0,0,0,0,0,0,Fungi,1.00,Basidiomycota,1.00,Tremellomycetes,0.99,Filobasidiales,0.99,Filobasidiaceae,0.99,Filobasidium,0.99,Filobasidium_globosum,0.99,+,Species,Filobasidium_globosum,"k:Fungi,p:Basidiomycota,c:Tremellomycetes,o:Filobasidiales,f:Filobasidiaceae,g:Filobasidium,s:Filobasidium_globosum"
ASV884,0,0,0,0,0,0,0,0,0,0,0,0,0,3,0,0,0,0,0,0,Fungi,1.00,Basidiomycota,1.00,Cystobasidiomycetes,1.00,Cystobasidiales,0.98,Cystobasidiaceae,0.98,Cystobasidium,0.98,,,-,Genus,Cystobasidium,"k:Fungi,p:Basidiomycota,c:Cystobasidiomycetes,o:Cystobasidiales,f:Cystobasidiaceae,g:Cystobasidium"
ASV885,0,0,0,0,0,0,0,0,0,0,0,0,0,3,0,0,0,0,0,0,Fungi,1.00,Ascomycota,1.00,,,,,,,,,,,-,Phylum,Ascomycota,"k:Fungi,p:Ascomycota"
ASV886,0,0,0,0,0,0,0,0,0,0,0,0,0,0,3,0,0,0,0,0,Fungi,1.00,Ascomycota,1.00,Pezizomycetes,1.00,Pezizales,1.00,,,,,,,+,Order,Pezizales,"k:Fungi,p:Ascomycota,c:Pezizomycetes,o:Pezizales"
ASV887,0,0,0,0,0,0,0,0,0,0,0,0,0,0,0,3,0,0,0,0,Fungi,1.00,Basidiomycota,1.00,Tremellomycetes,1.00,Filobasidiales,0.95,Filobasidiaceae,0.95,Naganishia,0.95,Naganishia_albida,0.95,+,Species,Naganishia_albida,"k:Fungi,p:Basidiomycota,c:Tremellomycetes,o:Filobasidiales,f:Filobasidiaceae,g:Naganishia,s:Naganishia_albida"
ASV888,0,0,0,0,0,0,0,0,0,0,0,0,0,0,0,3,0,0,0,0,Fungi,1.00,,,,,,,,,,,,,+,Kingdom,Fungi,k:Fungi
ASV889,0,0,0,0,0,0,0,0,0,0,0,0,0,0,0,0,0,3,0,0,Fungi,1.00,Basidiomycota,1.00,Agaricomycetes,1.00,Agaricales,1.00,Cortinariaceae,1.00,Cortinarius,1.00,,,+,Genus,Cortinarius,"k:Fungi,p:Basidiomycota,c:Agaricomycetes,o:Agaricales,f:Cortinariaceae,g:Cortinarius"
ASV89,0,0,0,56,0,0,0,0,0,0,0,0,293,0,0,0,0,0,0,0,Fungi,1.00,Ascomycota,1.00,Pezizomycetes,1.00,Pezizales,1.00,,,Trichobolus,1.00,Trichobolus_sp._zukalii-CA01,1.00,+,Species,Trichobolus_sp._zukalii-CA01,"k:Fungi,p:Ascomycota,c:Pezizomycetes,o:Pezizales,g:Trichobolus,s:Trichobolus_sp._zukalii-CA01"
ASV890,2,0,0,0,0,0,0,0,0,0,0,0,0,0,0,0,0,0,0,0,Fungi,1.00,Ascomycota,1.00,Sordariomycetes,0.94,Hypocreales,0.94,Nectriaceae,0.91,,,,,+,Family,Nectriaceae,"k:Fungi,p:Ascomycota,c:Sordariomycetes,o:Hypocreales,f:Nectriaceae"
ASV891,0,2,0,0,0,0,0,0,0,0,0,0,0,0,0,0,0,0,0,0,Fungi,1.00,Basidiomycota,1.00,Agaricomycetes,1.00,Corticiales,1.00,Corticiaceae,1.00,Vuilleminia,1.00,Vuilleminia_comedens,1.00,+,Species,Vuilleminia_comedens,"k:Fungi,p:Basidiomycota,c:Agaricomycetes,o:Corticiales,f:Corticiaceae,g:Vuilleminia,s:Vuilleminia_comedens"
ASV892,0,2,0,0,0,0,0,0,0,0,0,0,0,0,0,0,0,0,0,0,Fungi,1.00,Basidiomycota,0.98,,,,,,,,,,,+,Phylum,Basidiomycota,"k:Fungi,p:Basidiomycota"
ASV893,0,2,0,0,0,0,0,0,0,0,0,0,0,0,0,0,0,0,0,0,Fungi,1.00,Basidiomycota,1.00,Agaricomycetes,1.00,Agaricales,1.00,Psathyrellaceae,1.00,,,,,+,Family,Psathyrellaceae,"k:Fungi,p:Basidiomycota,c:Agaricomycetes,o:Agaricales,f:Psathyrellaceae"
ASV894,0,2,0,0,0,0,0,0,0,0,0,0,0,0,0,0,0,0,0,0,Fungi,1.00,Ascomycota,1.00,Leotiomycetes,1.00,Helotiales,1.00,,,,,,,+,Order,Helotiales,"k:Fungi,p:Ascomycota,c:Leotiomycetes,o:Helotiales"
ASV896,0,2,0,0,0,0,0,0,0,0,0,0,0,0,0,0,0,0,0,0,Fungi,1.00,Ascomycota,1.00,Sordariomycetes,1.00,Xylariales,1.00,Xylariaceae,1.00,Hypoxylon,1.00,Hypoxylon_rubiginosum,1.00,+,Species,Hypoxylon_rubiginosum,"k:Fungi,p:Ascomycota,c:Sordariomycetes,o:Xylariales,f:Xylariaceae,g:Hypoxylon,s:Hypoxylon_rubiginosum"
ASV897,0,2,0,0,0,0,0,0,0,0,0,0,0,0,0,0,0,0,0,0,Fungi,1.00,Basidiomycota,1.00,Agaricostilbomycetes,0.96,Agaricostilbales,0.96,Chionosphaeraceae,0.96,Chionosphaera,0.86,Chionosphaera_cuniculicola,0.86,-,Species,Chionosphaera_cuniculicola,"k:Fungi,p:Basidiomycota,c:Agaricostilbomycetes,o:Agaricostilbales,f:Chionosphaeraceae,g:Chionosphaera,s:Chionosphaera_cuniculicola"
ASV898,0,2,0,0,0,0,0,0,0,0,0,0,0,0,0,0,0,0,0,0,Fungi,1.00,Ascomycota,0.97,,,,,,,,,,,+,Phylum,Ascomycota,"k:Fungi,p:Ascomycota"
ASV899,0,2,0,0,0,0,0,0,0,0,0,0,0,0,0,0,0,0,0,0,Fungi,1.00,Ascomycota,1.00,Dothideomycetes,0.98,,,,,,,,,+,Class,Dothideomycetes,"k:Fungi,p:Ascomycota,c:Dothideomycetes"
ASV9,0,0,0,0,846,0,0,0,0,643,0,0,279,0,1716,137,2197,187,1106,0,Fungi,1.00,Ascomycota,1.00,Sordariomycetes,0.93,Sordariales,0.80,,,,,,,+,Order,Sordariales,"k:Fungi,p:Ascomycota,c:Sordariomycetes,o:Sordariales"
ASV900,0,2,0,0,0,0,0,0,0,0,0,0,0,0,0,0,0,0,0,0,Fungi,1.00,Ascomycota,1.00,,,,,,,,,,,+,Phylum,Ascomycota,"k:Fungi,p:Ascomycota"
ASV901,0,2,0,0,0,0,0,0,0,0,0,0,0,0,0,0,0,0,0,0,Fungi,1.00,Ascomycota,1.00,Sordariomycetes,1.00,Hypocreales,1.00,Hypocreaceae,1.00,Trichoderma,1.00,Trichoderma_citrinoviride,0.90,+,Species,Trichoderma_citrinoviride,"k:Fungi,p:Ascomycota,c:Sordariomycetes,o:Hypocreales,f:Hypocreaceae,g:Trichoderma,s:Trichoderma_citrinoviride"
ASV902,0,2,0,0,0,0,0,0,0,0,0,0,0,0,0,0,0,0,0,0,Fungi,1.00,Basidiomycota,0.82,,,,,,,,,,,+,Phylum,Basidiomycota,"k:Fungi,p:Basidiomycota"
ASV903,0,2,0,0,0,0,0,0,0,0,0,0,0,0,0,0,0,0,0,0,Fungi,1.00,Ascomycota,1.00,Ascomycota_class_incertae_sedis,0.88,Ascomycota_order_incertae_sedis,0.88,Ascomycota_family_incertae_sedis,0.88,,,,,+,Family,Ascomycota_family_incertae_sedis,"k:Fungi,p:Ascomycota,c:Ascomycota_class_incertae_sedis,o:Ascomycota_order_incertae_sedis,f:Ascomycota_family_incertae_sedis"
ASV904,0,2,0,0,0,0,0,0,0,0,0,0,0,0,0,0,0,0,0,0,Fungi,1.00,Ascomycota,1.00,Pezizomycetes,1.00,Pezizales,1.00,,,Trichobolus,0.98,Trichobolus_sp._zukalii-CA01,0.98,+,Species,Trichobolus_sp._zukalii-CA01,"k:Fungi,p:Ascomycota,c:Pezizomycetes,o:Pezizales,g:Trichobolus,s:Trichobolus_sp._zukalii-CA01"
ASV905,0,2,0,0,0,0,0,0,0,0,0,0,0,0,0,0,0,0,0,0,Fungi,1.00,Ascomycota,0.97,Dothideomycetes,0.80,Pleosporales,0.80,,,,,,,+,Order,Pleosporales,"k:Fungi,p:Ascomycota,c:Dothideomycetes,o:Pleosporales"
ASV906,0,0,2,0,0,0,0,0,0,0,0,0,0,0,0,0,0,0,0,0,Fungi,1.00,Ascomycota,1.00,Sordariomycetes,0.86,,,,,,,,,+,Class,Sordariomycetes,"k:Fungi,p:Ascomycota,c:Sordariomycetes"
ASV907,0,0,0,2,0,0,0,0,0,0,0,0,0,0,0,0,0,0,0,0,Fungi,1.00,Ascomycota,0.95,Dothideomycetes,0.95,Pleosporales,0.95,,,,,,,+,Order,Pleosporales,"k:Fungi,p:Ascomycota,c:Dothideomycetes,o:Pleosporales"
ASV908,0,0,0,2,0,0,0,0,0,0,0,0,0,0,0,0,0,0,0,0,Fungi,1.00,Ascomycota,0.93,,,,,,,,,,,+,Phylum,Ascomycota,"k:Fungi,p:Ascomycota"
ASV909,0,0,0,2,0,0,0,0,0,0,0,0,0,0,0,0,0,0,0,0,Fungi,1.00,Basidiomycota,1.00,Agaricomycetes,1.00,Agaricales,1.00,Psathyrellaceae,1.00,Coprinopsis,1.00,,,+,Genus,Coprinopsis,"k:Fungi,p:Basidiomycota,c:Agaricomycetes,o:Agaricales,f:Psathyrellaceae,g:Coprinopsis"
ASV91,343,0,0,0,0,0,0,0,0,0,0,0,0,0,0,0,0,0,0,0,Fungi,1.00,Ascomycota,1.00,Sordariomycetes,0.99,Microascales,0.99,Microascaceae,0.98,,,,,+,Family,Microascaceae,"k:Fungi,p:Ascomycota,c:Sordariomycetes,o:Microascales,f:Microascaceae"
ASV910,0,0,0,2,0,0,0,0,0,0,0,0,0,0,0,0,0,0,0,0,Fungi,1.00,Ascomycota,0.95,Dothideomycetes,0.85,Pleosporales,0.84,,,,,,,+,Order,Pleosporales,"k:Fungi,p:Ascomycota,c:Dothideomycetes,o:Pleosporales"
ASV911,0,0,0,2,0,0,0,0,0,0,0,0,0,0,0,0,0,0,0,0,Fungi,1.00,Ascomycota,1.00,Eurotiomycetes,1.00,Chaetothyriales,1.00,,,,,,,+,Order,Chaetothyriales,"k:Fungi,p:Ascomycota,c:Eurotiomycetes,o:Chaetothyriales"
ASV912,0,0,0,2,0,0,0,0,0,0,0,0,0,0,0,0,0,0,0,0,Fungi,1.00,Basidiomycota,1.00,Agaricomycetes,1.00,Polyporales,1.00,Sistotremataceae,1.00,Trechispora,1.00,Trechispora_caucasica,1.00,+,Species,Trechispora_caucasica,"k:Fungi,p:Basidiomycota,c:Agaricomycetes,o:Polyporales,f:Sistotremataceae,g:Trechispora,s:Trechispora_caucasica"
ASV913,0,0,0,2,0,0,0,0,0,0,0,0,0,0,0,0,0,0,0,0,Fungi,1.00,Ascomycota,1.00,Sordariomycetes,1.00,,,,,Xylomelasma,1.00,Xylomelasma_sp._ZK29/08,1.00,+,Species,Xylomelasma_sp._ZK29/08,"k:Fungi,p:Ascomycota,c:Sordariomycetes,g:Xylomelasma,s:Xylomelasma_sp._ZK29/08"
ASV914,0,0,0,0,2,0,0,0,0,0,0,0,0,0,0,0,0,0,0,0,Fungi,1.00,Basidiomycota,1.00,Agaricomycetes,1.00,Agaricales,1.00,Hymenogastraceae,1.00,Hebeloma,1.00,,,+,Genus,Hebeloma,"k:Fungi,p:Basidiomycota,c:Agaricomycetes,o:Agaricales,f:Hymenogastraceae,g:Hebeloma"
ASV916,0,0,0,0,0,0,2,0,0,0,0,0,0,0,0,0,0,0,0,0,Fungi,1.00,Ascomycota,1.00,Leotiomycetes,1.00,Leotiales,1.00,Leotiaceae,1.00,Alatospora,1.00,Alatospora_acuminata,1.00,+,Species,Alatospora_acuminata,"k:Fungi,p:Ascomycota,c:Leotiomycetes,o:Leotiales,f:Leotiaceae,g:Alatospora,s:Alatospora_acuminata"
ASV917,0,0,0,0,0,0,2,0,0,0,0,0,0,0,0,0,0,0,0,0,Fungi,1.00,Ascomycota,1.00,Ascomycota_class_incertae_sedis,0.89,Ascomycota_order_incertae_sedis,0.89,Ascomycota_family_incertae_sedis,0.89,Chalara,0.88,,,+,Genus,Chalara,"k:Fungi,p:Ascomycota,c:Ascomycota_class_incertae_sedis,o:Ascomycota_order_incertae_sedis,f:Ascomycota_family_incertae_sedis,g:Chalara"
ASV918,0,0,0,0,0,0,0,2,0,0,0,0,0,0,0,0,0,0,0,0,Fungi,1.00,Basidiomycota,0.97,,,,,,,,,,,+,Phylum,Basidiomycota,"k:Fungi,p:Basidiomycota"
ASV919,0,0,0,0,0,0,0,2,0,0,0,0,0,0,0,0,0,0,0,0,Fungi,1.00,Basidiomycota,1.00,Microbotryomycetes,1.00,Microbotryomycetes_incertae_sedis,0.98,Chrysozymaceae,0.98,Chrysozyma,0.98,Chrysozyma_griseoflava,0.98,+,Species,Chrysozyma_griseoflava,"k:Fungi,p:Basidiomycota,c:Microbotryomycetes,o:Microbotryomycetes_incertae_sedis,f:Chrysozymaceae,g:Chrysozyma,s:Chrysozyma_griseoflava"
ASV92,0,0,0,0,0,0,0,0,341,0,0,0,0,0,0,0,0,0,0,0,Fungi,1.00,,,,,,,,,,,,,+,Kingdom,Fungi,k:Fungi
ASV920,0,0,0,0,0,0,0,2,0,0,0,0,0,0,0,0,0,0,0,0,Fungi,1.00,Basidiomycota,0.96,Agaricomycetes,0.96,Agaricales,0.96,Hygrophoraceae,0.96,Hygrocybe,0.96,Hygrocybe_intermedia,0.96,+,Species,Hygrocybe_intermedia,"k:Fungi,p:Basidiomycota,c:Agaricomycetes,o:Agaricales,f:Hygrophoraceae,g:Hygrocybe,s:Hygrocybe_intermedia"
ASV921,0,0,0,0,0,0,0,2,0,0,0,0,0,0,0,0,0,0,0,0,Fungi,1.00,Ascomycota,1.00,Sordariomycetes,0.86,Hypocreales,0.86,Cordycipitaceae,0.86,Simplicillium,0.86,Simplicillium_chinense,0.86,+,Species,Simplicillium_chinense,"k:Fungi,p:Ascomycota,c:Sordariomycetes,o:Hypocreales,f:Cordycipitaceae,g:Simplicillium,s:Simplicillium_chinense"
ASV922,0,0,0,0,0,0,0,2,0,0,0,0,0,0,0,0,0,0,0,0,Fungi,1.00,Basidiomycota,1.00,Agaricomycetes,1.00,Agaricales,1.00,Strophariaceae,0.97,Agrocybe,0.97,,,+,Genus,Agrocybe,"k:Fungi,p:Basidiomycota,c:Agaricomycetes,o:Agaricales,f:Strophariaceae,g:Agrocybe"
ASV923,0,0,0,0,0,0,0,2,0,0,0,0,0,0,0,0,0,0,0,0,Fungi,1.00,Ascomycota,1.00,,,,,,,,,,,+,Phylum,Ascomycota,"k:Fungi,p:Ascomycota"
ASV924,0,0,0,0,0,0,0,0,2,0,0,0,0,0,0,0,0,0,0,0,Fungi,1.00,Basidiomycota,1.00,Tremellomycetes,1.00,Trichosporonales,1.00,Trichosporonaceae,1.00,,,,,-,Family,Trichosporonaceae,"k:Fungi,p:Basidiomycota,c:Tremellomycetes,o:Trichosporonales,f:Trichosporonaceae"
ASV925,0,0,0,0,0,0,0,0,2,0,0,0,0,0,0,0,0,0,0,0,Fungi,1.00,,,,,,,,,,,,,+,Kingdom,Fungi,k:Fungi
ASV926,0,0,0,0,0,0,0,0,0,2,0,0,0,0,0,0,0,0,0,0,Fungi,1.00,Basidiomycota,1.00,,,,,,,,,,,+,Phylum,Basidiomycota,"k:Fungi,p:Basidiomycota"
ASV927,0,0,0,0,0,0,0,0,0,2,0,0,0,0,0,0,0,0,0,0,Fungi,1.00,Basidiomycota,1.00,Agaricomycetes,1.00,Agaricales,1.00,Psathyrellaceae,0.93,Coprinellus,0.88,,,+,Genus,Coprinellus,"k:Fungi,p:Basidiomycota,c:Agaricomycetes,o:Agaricales,f:Psathyrellaceae,g:Coprinellus"
ASV928,0,0,0,0,0,0,0,0,0,2,0,0,0,0,0,0,0,0,0,0,Fungi,1.00,Basidiomycota,1.00,Agaricomycetes,1.00,Agaricales,1.00,Entolomataceae,1.00,Entoloma,1.00,,,+,Genus,Entoloma,"k:Fungi,p:Basidiomycota,c:Agaricomycetes,o:Agaricales,f:Entolomataceae,g:Entoloma"
ASV929,0,0,0,0,0,0,0,0,0,0,2,0,0,0,0,0,0,0,0,0,Fungi,1.00,Ascomycota,1.00,Dothideomycetes,1.00,Botryosphaeriales,1.00,Botryosphaeriaceae,1.00,,,,,+,Family,Botryosphaeriaceae,"k:Fungi,p:Ascomycota,c:Dothideomycetes,o:Botryosphaeriales,f:Botryosphaeriaceae"
ASV93,327,0,0,0,0,0,0,0,0,0,0,0,0,0,0,0,0,0,0,0,Fungi,1.00,Ascomycota,1.00,Eurotiomycetes,1.00,Eurotiales,1.00,Trichocomaceae,1.00,Penicillium,1.00,,,+,Genus,Penicillium,"k:Fungi,p:Ascomycota,c:Eurotiomycetes,o:Eurotiales,f:Trichocomaceae,g:Penicillium"
ASV930,0,0,0,0,0,0,0,0,0,0,2,0,0,0,0,0,0,0,0,0,Fungi,1.00,Ascomycota,0.89,,,,,,,,,,,+,Phylum,Ascomycota,"k:Fungi,p:Ascomycota"
ASV931,0,0,0,0,0,0,0,0,0,0,2,0,0,0,0,0,0,0,0,0,Fungi,1.00,Ascomycota,1.00,Dothideomycetes,1.00,Pleosporales,1.00,Phaeosphaeriaceae,1.00,,,,,+,Family,Phaeosphaeriaceae,"k:Fungi,p:Ascomycota,c:Dothideomycetes,o:Pleosporales,f:Phaeosphaeriaceae"
ASV932,0,0,0,0,0,0,0,0,0,0,2,0,0,0,0,0,0,0,0,0,Fungi,1.00,Ascomycota,1.00,Pezizomycetes,0.84,Pezizales,0.84,,,Trichobolus,0.84,Trichobolus_sp._zukalii-CA01,0.84,+,Species,Trichobolus_sp._zukalii-CA01,"k:Fungi,p:Ascomycota,c:Pezizomycetes,o:Pezizales,g:Trichobolus,s:Trichobolus_sp._zukalii-CA01"
ASV933,0,0,0,0,0,0,0,0,0,0,2,0,0,0,0,0,0,0,0,0,Fungi,1.00,,,,,,,,,,,,,+,Kingdom,Fungi,k:Fungi
ASV934,0,0,0,0,0,0,0,0,0,0,2,0,0,0,0,0,0,0,0,0,Fungi,1.00,Basidiomycota,1.00,Agaricomycetes,1.00,Boletales,1.00,Coniophoraceae,1.00,Coniophora,1.00,Coniophora_puteana,1.00,+,Species,Coniophora_puteana,"k:Fungi,p:Basidiomycota,c:Agaricomycetes,o:Boletales,f:Coniophoraceae,g:Coniophora,s:Coniophora_puteana"
ASV935,0,0,0,0,0,0,0,0,0,0,2,0,0,0,0,0,0,0,0,0,Fungi,1.00,Ascomycota,1.00,,,,,,,,,,,+,Phylum,Ascomycota,"k:Fungi,p:Ascomycota"
ASV936,0,0,0,0,0,0,0,0,0,0,2,0,0,0,0,0,0,0,0,0,Fungi,1.00,,,,,,,,,,,,,+,Kingdom,Fungi,k:Fungi
ASV937,0,0,0,0,0,0,0,0,0,0,2,0,0,0,0,0,0,0,0,0,Fungi,1.00,Ascomycota,1.00,,,,,,,,,,,+,Phylum,Ascomycota,"k:Fungi,p:Ascomycota"
ASV938,0,0,0,0,0,0,0,0,0,0,2,0,0,0,0,0,0,0,0,0,Fungi,1.00,,,,,,,,,,,,,+,Kingdom,Fungi,k:Fungi
ASV94,0,319,0,0,0,0,0,0,0,0,0,0,0,0,0,0,0,0,0,0,Fungi,1.00,Ascomycota,1.00,Dothideomycetes,0.99,Botryosphaeriales,0.91,Botryosphaeriaceae,0.91,Microdiplodia,0.91,Microdiplodia_sp._A18,0.86,+,Species,Microdiplodia_sp._A18,"k:Fungi,p:Ascomycota,c:Dothideomycetes,o:Botryosphaeriales,f:Botryosphaeriaceae,g:Microdiplodia,s:Microdiplodia_sp._A18"
ASV940,0,0,0,0,0,0,0,0,0,0,2,0,0,0,0,0,0,0,0,0,Fungi,1.00,Ascomycota,1.00,Leotiomycetes,1.00,Helotiales,1.00,,,,,,,+,Order,Helotiales,"k:Fungi,p:Ascomycota,c:Leotiomycetes,o:Helotiales"
ASV941,0,0,0,0,0,0,0,0,0,0,2,0,0,0,0,0,0,0,0,0,Fungi,1.00,Ascomycota,1.00,Leotiomycetes,0.97,Helotiales,0.97,Dermateaceae,0.94,Calloria,0.94,Calloria_neglecta,0.94,+,Species,Calloria_neglecta,"k:Fungi,p:Ascomycota,c:Leotiomycetes,o:Helotiales,f:Dermateaceae,g:Calloria,s:Calloria_neglecta"
ASV942,0,0,0,0,0,0,0,0,0,0,2,0,0,0,0,0,0,0,0,0,Fungi,1.00,Basidiomycota,1.00,Agaricomycetes,1.00,Boletales,1.00,Boletaceae,1.00,Leccinellum,0.95,,,+,Genus,Leccinellum,"k:Fungi,p:Basidiomycota,c:Agaricomycetes,o:Boletales,f:Boletaceae,g:Leccinellum"
ASV943,0,0,0,0,0,0,0,0,0,0,2,0,0,0,0,0,0,0,0,0,Fungi,1.00,Ascomycota,0.99,Taphrinomycetes,0.95,Taphrinales,0.95,Taphrinaceae,0.95,Taphrina,0.92,,,+,Genus,Taphrina,"k:Fungi,p:Ascomycota,c:Taphrinomycetes,o:Taphrinales,f:Taphrinaceae,g:Taphrina"
ASV944,0,0,0,0,0,0,0,0,0,0,0,2,0,0,0,0,0,0,0,0,Fungi,1.00,Ascomycota,1.00,Leotiomycetes,1.00,Helotiales,1.00,,,Pilidium,1.00,Pilidium_concavum,1.00,+,Species,Pilidium_concavum,"k:Fungi,p:Ascomycota,c:Leotiomycetes,o:Helotiales,g:Pilidium,s:Pilidium_concavum"
ASV945,0,0,0,0,0,0,0,0,0,0,0,0,0,2,0,0,0,0,0,0,Fungi,1.00,,,,,,,,,,,,,+,Kingdom,Fungi,k:Fungi
ASV946,0,0,0,0,0,0,0,0,0,0,0,0,0,2,0,0,0,0,0,0,Fungi,1.00,Ascomycota,0.92,,,,,,,,,,,+,Phylum,Ascomycota,"k:Fungi,p:Ascomycota"
ASV947,0,0,0,0,0,0,0,0,0,0,0,0,0,0,2,0,0,0,0,0,Fungi,1.00,Basidiomycota,1.00,Agaricomycetes,1.00,Agaricales,1.00,Agaricaceae,1.00,Lycoperdon,1.00,,,+,Genus,Lycoperdon,"k:Fungi,p:Basidiomycota,c:Agaricomycetes,o:Agaricales,f:Agaricaceae,g:Lycoperdon"
ASV948,0,0,0,0,0,0,0,0,0,0,0,0,0,0,0,2,0,0,0,0,Fungi,1.00,Ascomycota,1.00,,,,,,,,,,,+,Phylum,Ascomycota,"k:Fungi,p:Ascomycota"
ASV949,0,0,0,0,0,0,0,0,0,0,0,0,0,0,0,2,0,0,0,0,Fungi,1.00,Ascomycota,1.00,Leotiomycetes,1.00,Rhytismatales,1.00,Rhytismataceae,1.00,Lophodermium,1.00,Lophodermium_piceae,1.00,+,Species,Lophodermium_piceae,"k:Fungi,p:Ascomycota,c:Leotiomycetes,o:Rhytismatales,f:Rhytismataceae,g:Lophodermium,s:Lophodermium_piceae"
ASV950,0,0,0,0,0,0,0,0,0,0,0,0,0,0,0,0,0,2,0,0,Fungi,1.00,Basidiomycota,0.98,Microbotryomycetes,0.93,,,,,,,,,+,Class,Microbotryomycetes,"k:Fungi,p:Basidiomycota,c:Microbotryomycetes"
ASV951,0,0,0,0,0,0,0,0,0,0,0,0,0,0,0,0,0,2,0,0,Fungi,1.00,,,,,,,,,,,,,+,Kingdom,Fungi,k:Fungi
ASV96,0,0,0,0,0,0,0,319,0,0,0,0,0,0,0,0,0,0,0,0,Fungi,1.00,Ascomycota,0.99,Sordariomycetes,0.96,Hypocreales,0.93,,,,,,,+,Order,Hypocreales,"k:Fungi,p:Ascomycota,c:Sordariomycetes,o:Hypocreales"
ASV97,0,0,0,0,315,0,0,0,0,0,0,0,0,0,0,0,0,0,0,0,Fungi,1.00,Ascomycota,0.89,,,,,,,,,,,+,Phylum,Ascomycota,"k:Fungi,p:Ascomycota"
ASV98,0,0,0,0,0,0,0,0,315,0,0,0,0,0,0,0,0,0,0,0,Fungi,1.00,Basidiomycota,1.00,Tremellomycetes,1.00,Trichosporonales,0.97,Trichosporonaceae,0.97,,,,,+,Family,Trichosporonaceae,"k:Fungi,p:Basidiomycota,c:Tremellomycetes,o:Trichosporonales,f:Trichosporonaceae"
ASV99,0,0,0,0,301,0,0,0,0,0,11,0,0,0,0,0,0,0,0,0,Fungi,1.00,Ascomycota,0.90,,,,,,,,,,,+,Phylum,Ascomycota,"k:Fungi,p:Ascomycota"
