ASV,Tax_Rank,Phylum,Class,Order,Family,Subfamily,Genus,Species,Confidence,Supporting_Recs,Best_ID_percent,Number_of_BOLD_hits,Top_hit_families,Top_hit_genera,Top_hit_species,Ambiguous_family,Ambiguous_genus,Ambiguous_species,Assignment_status
ASV1053,GENUS,Tracheophyta,Magnoliopsida,Rosales,Rosaceae,Rosoideae,Rubus,,100.0,100,99.75,100,Rosaceae,Rubus,Rubus aciodonthus;Rubus adulans;Rubus arrheniiformis;Rubus asperidens;Rubus bovinus;Rubus braeuckeriformis;Rubus calotemnus;Rubus campaniensis;Rubus caninitergi;Rubus chloocladus;Rubus cochinchinensis;Rubus condensatus;Rubus confusidens;Rubus dasyphyllus;Rubus dejonghii;Rubus diversus;Rubus eglandulosus;Rubus egregius;Rubus elegantispinosus;Rubus euryanthemus;Rubus flagelliflorus;Rubus flexuosus;Rubus foersteri;Rubus frederici;Rubus gelertii;Rubus gloriosus;Rubus guestphalicus;Rubus hastiferus;Rubus henrici-weberi;Rubus holerythros;Rubus hypomalacus;Rubus insectifolius;Rubus integribasis;Rubus iuvenis;Rubus langei;Rubus lasiandrus;Rubus latiarcuatus;Rubus lindleianus;Rubus loehrii;Rubus muenteri;Rubus muridens;Rubus negatus;Rubus nemoralis;Rubus nitidiformis;Rubus opacus;Rubus picearum;Rubus platyacanthus;Rubus plicatus;Rubus poliothyrsus;Rubus polyanthemus;Rubus praticolor;Rubus procerus;Rubus psilops;Rubus pugiunculosus;Rubus radula;Rubus raduloides;Rubus rubercadaver;Rubus rufescens;Rubus schlechtendalii;Rubus schleicheri;Rubus sciocharis;Rubus senticosus;Rubus tubanticus;Rubus vulgaris,NO,NO,YES,Assigned
ASV1123,GENUS,Tracheophyta,Magnoliopsida,Rosales,Rosaceae,Rosoideae,Rubus,,100.0,100,99.02,100,Rosaceae,Rubus,Rubus aciodonthus;Rubus adulans;Rubus allegheniensis;Rubus arrheniiformis;Rubus bertramii;Rubus braeuckeriformis;Rubus calotemnus;Rubus campaniensis;Rubus canadensis;Rubus caninitergi;Rubus cochinchinensis;Rubus dasyphyllus;Rubus dejonghii;Rubus divaricatus;Rubus edeesii;Rubus eglandulosus;Rubus eifeliensis;Rubus euryanthemus;Rubus flagelliflorus;Rubus flexuosus;Rubus foliosus;Rubus frederici;Rubus gelertii;Rubus gloriosus;Rubus guestphalicus;Rubus hastiferus;Rubus henrici-weberi;Rubus hypomalacus;Rubus insectifolius;Rubus integribasis;Rubus iuvenis;Rubus langei;Rubus lasiandrus;Rubus latiarcuatus;Rubus leucandrus;Rubus lindebergii;Rubus muenteri;Rubus nemoralis;Rubus nitidiformis;Rubus opacus;Rubus oreades;Rubus plicatus;Rubus poliothyrsus;Rubus polyanthemus;Rubus praticolor;Rubus psilops;Rubus pugiunculosus;Rubus radula;Rubus raduloides;Rubus rubercadaver;Rubus rufescens;Rubus schlechtendalii;Rubus sciocharis;Rubus scissoides;Rubus senticosus;Rubus tubanticus;Rubus vulgaris,NO,NO,YES,Assigned
ASV1137,GENUS,Tracheophyta,Magnoliopsida,Rosales,Rosaceae,Rosoideae,Rubus,,100.0,100,100.00,100,Rosaceae,Rubus,Rubus aciodonthus;Rubus adspersus;Rubus amisiensis;Rubus arrheniiformis;Rubus bovinus;Rubus braeuckeriformis;Rubus campaniensis;Rubus canescens;Rubus chloocladus;Rubus cochinchinensis;Rubus dasyphyllus;Rubus deweveri;Rubus divaricatus;Rubus eglandulosus;Rubus eifeliensis;Rubus elegantispinosus;Rubus favillatus;Rubus flagellaris;Rubus frederici;Rubus fruticosus agg.;Rubus genevieri;Rubus gloriosus;Rubus hispidus;Rubus insectifolius;Rubus iuvenis;Rubus langei;Rubus lasiandrus;Rubus leucandrus;Rubus longior;Rubus montanus;Rubus mucronipetalus;Rubus neanias;Rubus nelliae;Rubus nemoripatens;Rubus nitidiformis;Rubus opacus;Rubus paludosus;Rubus passionis;Rubus planus;Rubus plicatus;Rubus poliothyrsus;Rubus praticolor;Rubus psilops;Rubus pugiunculosus;Rubus radula;Rubus raduloides;Rubus rubercadaver;Rubus rufescens;Rubus schlechtendalii;Rubus sciocharis;Rubus sp. Glandulosi MS-2014b;Rubus sp. MS-2014a;Rubus sp. MS-2014i;Rubus sp. MS-2014k;Rubus spina-curva;Rubus splendidus;Rubus sprengelii;Rubus stereacanthos;Rubus tubanticus;Rubus ulmifolius;Rubus ursinus;Rubus urticifolius;Rubus vulgaris;Rubus winteri,NO,NO,YES,Assigned
ASV1104,CLASS,Tracheophyta,Magnoliopsida,,,,,,100.0,95,99.43,100,Rosaceae,Rubus,Rubus fruticosus agg.,NO,NO,NO,Assigned
ASV1033,CLASS,Tracheophyta,Magnoliopsida,,,,,,100.0,94,99.78,100,Euphorbiaceae,Mercurialis,Mercurialis perennis,NO,NO,NO,Assigned
ASV1089,CLASS,Tracheophyta,Magnoliopsida,,,,,,100.0,94,100.00,100,Orobanchaceae,Lathraea,Lathraea squamaria,NO,NO,NO,Assigned
ASV1157,CLASS,Tracheophyta,Magnoliopsida,,,,,,100.0,94,99.29,100,Cucurbitaceae,Sicyos,Sicyos baderoa,NO,NO,NO,Assigned
ASV117,CLASS,Tracheophyta,Magnoliopsida,,,,,,100.0,88,100.00,100,Ranunculaceae,Hepatica,Hepatica nobilis,NO,NO,NO,Assigned
ASV130,CLASS,Tracheophyta,Magnoliopsida,,,,,,100.0,88,99.02,100,Boraginaceae,Omphalodes,Omphalodes verna,NO,NO,NO,Assigned
ASV1087,SUBFAMILY,Tracheophyta,Magnoliopsida,Brassicales,Brassicaceae,Brassicoideae,,,100.0,85,99.67,100,Brassicaceae,Cardamine,Cardamine microphylla,NO,NO,NO,Assigned
ASV1160,CLASS,Tracheophyta,Magnoliopsida,,,,,,100.0,73,99.31,100,Oxalidaceae,Oxalis,Oxalis acetosella,NO,NO,NO,Assigned
ASV1057,GENUS,Tracheophyta,Magnoliopsida,Rosales,Rosaceae,Rosoideae,Rubus,,100.0,35,99.40,100,Rosaceae,Rubus,Rubus laciniatus;Rubus vestitus,NO,NO,YES,Assigned
ASV155,GENUS,Tracheophyta,Magnoliopsida,Rosales,Rosaceae,Rosoideae,Rubus,,100.0,35,96.80,100,Rosaceae,Rubus,Rubus aciodonthus;Rubus adulans;Rubus arrheniiformis;Rubus asperidens;Rubus bovinus;Rubus braeuckeriformis;Rubus calotemnus;Rubus campaniensis;Rubus canduliger;Rubus caninitergi;Rubus chloocladus;Rubus cochinchinensis;Rubus condensatus;Rubus confusidens;Rubus dasyphyllus;Rubus dejonghii;Rubus diversus;Rubus eglandulosus;Rubus egregius;Rubus elegantispinosus;Rubus euryanthemus;Rubus flagelliflorus;Rubus flexuosus;Rubus foersteri;Rubus frederici;Rubus gelertii;Rubus gloriosus;Rubus guestphalicus;Rubus hastiferus;Rubus henrici-weberi;Rubus holerythros;Rubus hypomalacus;Rubus insectifolius;Rubus integribasis;Rubus iuvenis;Rubus langei;Rubus lasiandrus;Rubus latiarcuatus;Rubus lindleianus;Rubus loehrii;Rubus muenteri;Rubus muridens;Rubus negatus;Rubus nemoralis;Rubus nitidiformis;Rubus opacus;Rubus picearum;Rubus planus;Rubus platyacanthus;Rubus plicatus;Rubus poliothyrsus;Rubus polyanthemus;Rubus praticolor;Rubus procerus;Rubus psilops;Rubus pugiunculosus;Rubus radula;Rubus raduloides;Rubus rubercadaver;Rubus rufescens;Rubus schlechtendalii;Rubus schleicheri;Rubus sciocharis;Rubus senticosus;Rubus tubanticus;Rubus vulgaris,NO,NO,YES,Assigned
ASV1058,GENUS,Tracheophyta,Magnoliopsida,Rosales,Rosaceae,Rosoideae,Rubus,,100.0,26,98.77,100,Rosaceae,Rubus,Rubus urticifolius,NO,NO,NO,Assigned
ASV1153,GENUS,Tracheophyta,Magnoliopsida,Rosales,Rosaceae,Rosoideae,Rubus,,100.0,12,97.71,100,Rosaceae,Rubus,Rubus flagellaris;Rubus lasiandrus;Rubus pentagonus;Rubus pinnatisepalus;Rubus reflexus,NO,NO,YES,Assigned
ASV1114,SUBFAMILY,Tracheophyta,Magnoliopsida,Rosales,Rosaceae,Rosoideae,,,100.0,10,100.00,100,Rosaceae,Rubus,Rubus cochinchinensis;Rubus fruticosus agg.;Rubus ichangensis;Rubus idaeus;Rubus pungens var. indefensus;Rubus saxatilis;Rubus sumatranus,NO,NO,YES,Assigned
ASV1090,GENUS,Tracheophyta,Magnoliopsida,Fagales,Betulaceae,Coryloideae,Corylus,,100.0,8,98.00,100,,,,NO,NO,NO,Assigned
ASV1190,GENUS,Tracheophyta,Magnoliopsida,Fagales,Betulaceae,Coryloideae,Corylus,,100.0,8,98.00,100,,,,NO,NO,NO,Assigned
ASV1014,GENUS,Tracheophyta,Magnoliopsida,Rosales,Rosaceae,Rosoideae,Rubus,,100.0,6,97.24,100,Rosaceae,Rubus,Rubus acuminatus;Rubus stimulans;Rubus subornatus,NO,NO,YES,Assigned
ASV1032,SUBFAMILY,Tracheophyta,Magnoliopsida,Apiales,Apiaceae,Apioideae,,,100.0,5,98.86,100,Apiaceae,Meum,Meum athamanticum,NO,NO,NO,Assigned
ASV123,GENUS,Tracheophyta,Magnoliopsida,Rosales,Rosaceae,Rosoideae,Aremonia,,100.0,1,100.00,100,Rosaceae,Aremonia,Aremonia agrimonioides,NO,NO,NO,Assigned
ASV1337,GENUS,Tracheophyta,Magnoliopsida,Rosales,Rosaceae,Rosoideae,Rubus,,99.99,26,98.62,100,Rosaceae,Rubus,Rubus acuminatus;Rubus stimulans;Rubus subornatus,NO,NO,YES,Assigned
ASV125,GENUS,Tracheophyta,Magnoliopsida,Rosales,Rosaceae,Rosoideae,Rubus,,99.97,92,99.20,100,Rosaceae,Rubus,Rubus aciodonthus;Rubus adulans;Rubus arrheniiformis;Rubus asperidens;Rubus bovinus;Rubus braeuckeriformis;Rubus calotemnus;Rubus campaniensis;Rubus caninitergi;Rubus chloocladus;Rubus cochinchinensis;Rubus condensatus;Rubus confusidens;Rubus dasyphyllus;Rubus dejonghii;Rubus diversus;Rubus eglandulosus;Rubus egregius;Rubus elegantispinosus;Rubus euryanthemus;Rubus flagelliflorus;Rubus flexuosus;Rubus foersteri;Rubus frederici;Rubus gelertii;Rubus gloriosus;Rubus guestphalicus;Rubus hastiferus;Rubus henrici-weberi;Rubus holerythros;Rubus hypomalacus;Rubus insectifolius;Rubus integribasis;Rubus iuvenis;Rubus langei;Rubus lasiandrus;Rubus latiarcuatus;Rubus lindleianus;Rubus loehrii;Rubus muenteri;Rubus nemoralis;Rubus nitidiformis;Rubus opacus;Rubus planus;Rubus platyacanthus;Rubus plicatus;Rubus poliothyrsus;Rubus polyanthemus;Rubus praticolor;Rubus procerus;Rubus psilops;Rubus pugiunculosus;Rubus radula;Rubus raduloides;Rubus rubercadaver;Rubus rufescens;Rubus schlechtendalii;Rubus schleicheri;Rubus sciocharis;Rubus senticosus;Rubus tubanticus;Rubus vulgaris,NO,NO,YES,Assigned
ASV1094,GENUS,Tracheophyta,Magnoliopsida,Fagales,Betulaceae,Coryloideae,Corylus,,99.95,8,98.00,100,,,,NO,NO,NO,Assigned
ASV127,GENUS,Tracheophyta,Magnoliopsida,Rosales,Rosaceae,Rosoideae,Rubus,,99.9,90,100.00,100,Rosaceae,Rubus,Rubus aciodonthus;Rubus adulans;Rubus arrheniiformis;Rubus asperidens;Rubus bovinus;Rubus braeuckeriformis;Rubus calotemnus;Rubus campaniensis;Rubus caninitergi;Rubus chloocladus;Rubus cochinchinensis;Rubus confusidens;Rubus dasyphyllus;Rubus dejonghii;Rubus diversus;Rubus eglandulosus;Rubus egregius;Rubus elegantispinosus;Rubus euryanthemus;Rubus flagelliflorus;Rubus flexuosus;Rubus frederici;Rubus gelertii;Rubus gloriosus;Rubus guestphalicus;Rubus hastiferus;Rubus henrici-weberi;Rubus holerythros;Rubus hypomalacus;Rubus insectifolius;Rubus integribasis;Rubus iuvenis;Rubus langei;Rubus lasiandrus;Rubus latiarcuatus;Rubus loehrii;Rubus muenteri;Rubus nemoralis;Rubus nitidiformis;Rubus opacus;Rubus planus;Rubus platyacanthus;Rubus plicatus;Rubus poliothyrsus;Rubus polyanthemus;Rubus praticolor;Rubus psilops;Rubus pugiunculosus;Rubus radula;Rubus raduloides;Rubus rubercadaver;Rubus rufescens;Rubus schlechtendalii;Rubus sciocharis;Rubus senticosus;Rubus tubanticus;Rubus vulgaris,NO,NO,YES,Assigned
ASV1064,GENUS,Tracheophyta,Magnoliopsida,Rosales,Rosaceae,Rosoideae,Rubus,,99.87,27,98.91,100,Rosaceae,Rubus,Rubus pensilvanicus,NO,NO,NO,Assigned
ASV131,GENUS,Tracheophyta,Magnoliopsida,Rosales,Rosaceae,Rosoideae,Rubus,,99.7,94,100.00,100,Rosaceae,Rubus,Rubus aciodonthus;Rubus adulans;Rubus arrheniiformis;Rubus asperidens;Rubus bovinus;Rubus braeuckeriformis;Rubus calotemnus;Rubus campaniensis;Rubus caninitergi;Rubus chloocladus;Rubus cochinchinensis;Rubus confusidens;Rubus dasyphyllus;Rubus dejonghii;Rubus diversus;Rubus eglandulosus;Rubus egregius;Rubus elegantispinosus;Rubus euryanthemus;Rubus flagelliflorus;Rubus flexuosus;Rubus frederici;Rubus gelertii;Rubus gloriosus;Rubus guestphalicus;Rubus hastiferus;Rubus henrici-weberi;Rubus holerythros;Rubus hypomalacus;Rubus insectifolius;Rubus integribasis;Rubus iuvenis;Rubus langei;Rubus lasiandrus;Rubus latiarcuatus;Rubus loehrii;Rubus muenteri;Rubus nemoralis;Rubus nitidiformis;Rubus opacus;Rubus planus;Rubus platyacanthus;Rubus plicatus;Rubus poliothyrsus;Rubus polyanthemus;Rubus praticolor;Rubus psilops;Rubus pugiunculosus;Rubus radula;Rubus raduloides;Rubus rubercadaver;Rubus rufescens;Rubus schlechtendalii;Rubus sciocharis;Rubus senticosus;Rubus tubanticus;Rubus vulgaris,NO,NO,YES,Assigned
ASV1257,CLASS,Tracheophyta,Magnoliopsida,,,,,,99.61,95,100.00,100,Betulaceae,Corylus,Corylus colurna,NO,NO,NO,Assigned
ASV14,GENUS,Tracheophyta,Magnoliopsida,Rosales,Rosaceae,Rosoideae,Rubus,,99.6,98,100.00,100,Rosaceae,Rubus,Rubus aciodonthus;Rubus adulans;Rubus arrheniiformis;Rubus asperidens;Rubus bovinus;Rubus braeuckeriformis;Rubus calotemnus;Rubus campaniensis;Rubus caninitergi;Rubus chloocladus;Rubus cochinchinensis;Rubus confusidens;Rubus dasyphyllus;Rubus dejonghii;Rubus diversus;Rubus eglandulosus;Rubus egregius;Rubus elegantispinosus;Rubus euryanthemus;Rubus flagelliflorus;Rubus flexuosus;Rubus frederici;Rubus gelertii;Rubus gloriosus;Rubus guestphalicus;Rubus hastiferus;Rubus henrici-weberi;Rubus holerythros;Rubus hypomalacus;Rubus insectifolius;Rubus integribasis;Rubus iuvenis;Rubus langei;Rubus lasiandrus;Rubus latiarcuatus;Rubus loehrii;Rubus muenteri;Rubus nemoralis;Rubus nitidiformis;Rubus opacus;Rubus planus;Rubus platyacanthus;Rubus plicatus;Rubus poliothyrsus;Rubus polyanthemus;Rubus praticolor;Rubus psilops;Rubus pugiunculosus;Rubus radula;Rubus raduloides;Rubus rubercadaver;Rubus rufescens;Rubus schlechtendalii;Rubus sciocharis;Rubus senticosus;Rubus tubanticus;Rubus vulgaris,NO,NO,YES,Assigned
ASV1017,GENUS,Tracheophyta,Magnoliopsida,Rosales,Rosaceae,Rosoideae,Rubus,,99.59,96,99.47,100,Rosaceae,Rubus,Rubus cochinchinensis;Rubus longior;Rubus negatus;Rubus oreades,NO,NO,YES,Assigned
ASV13,GENUS,Tracheophyta,Magnoliopsida,Rosales,Rosaceae,Rosoideae,Rubus,,99.58,98,99.77,100,Rosaceae,Rubus,Rubus fruticosus agg.,NO,NO,NO,Assigned
ASV157,GENUS,Tracheophyta,Magnoliopsida,Ranunculales,Ranunculaceae,Ranunculoideae,Clematis,,99.49,70,100.00,100,Ranunculaceae,Clematis,Clematis vitalba,NO,NO,NO,Assigned
ASV1312,GENUS,Tracheophyta,Magnoliopsida,Rosales,Rosaceae,Rosoideae,Rubus,,99.46,35,99.54,100,Rosaceae,Rubus,Rubus flagellaris;Rubus lasiandrus;Rubus pentagonus;Rubus pinnatisepalus;Rubus reflexus,NO,NO,YES,Assigned
ASV1060,GENUS,Tracheophyta,Magnoliopsida,Rosales,Rosaceae,Rosoideae,Rubus,,99.45,37,99.54,100,Rosaceae,Rubus,Rubus flagellaris;Rubus lasiandrus;Rubus pentagonus;Rubus pinnatisepalus;Rubus reflexus,NO,NO,YES,Assigned
ASV1336,GENUS,Tracheophyta,Magnoliopsida,Rosales,Rosaceae,Rosoideae,Rubus,,99.44,35,99.54,100,Rosaceae,Rubus,Rubus flagellaris;Rubus lasiandrus;Rubus pentagonus;Rubus pinnatisepalus;Rubus reflexus,NO,NO,YES,Assigned
ASV1,GENUS,Tracheophyta,Magnoliopsida,Rosales,Rosaceae,Rosoideae,Rubus,,99.33,98,100.00,100,Rosaceae,Rubus,Rubus aciodonthus;Rubus adulans;Rubus arrheniiformis;Rubus bovinus;Rubus braeuckeriformis;Rubus calotemnus;Rubus campaniensis;Rubus caninitergi;Rubus chloocladus;Rubus cochinchinensis;Rubus confusidens;Rubus dasyphyllus;Rubus dejonghii;Rubus diversus;Rubus eglandulosus;Rubus egregius;Rubus elegantispinosus;Rubus euryanthemus;Rubus flagelliflorus;Rubus flexuosus;Rubus frederici;Rubus fruticosus agg.;Rubus gelertii;Rubus gloriosus;Rubus guestphalicus;Rubus hastiferus;Rubus henrici-weberi;Rubus hypomalacus;Rubus insectifolius;Rubus integribasis;Rubus iuvenis;Rubus langei;Rubus lasiandrus;Rubus latiarcuatus;Rubus loehrii;Rubus muenteri;Rubus nemoralis;Rubus nitidiformis;Rubus opacus;Rubus planus;Rubus platyacanthus;Rubus plicatus;Rubus poliothyrsus;Rubus polyanthemus;Rubus praticolor;Rubus psilops;Rubus pugiunculosus;Rubus radula;Rubus raduloides;Rubus rubercadaver;Rubus rufescens;Rubus schlechtendalii;Rubus sciocharis;Rubus senticosus;Rubus tubanticus;Rubus vulgaris,NO,NO,YES,Assigned
ASV1100,GENUS,Tracheophyta,Magnoliopsida,Rosales,Rosaceae,Rosoideae,Rubus,,99.32,98,99.73,100,Rosaceae,Rubus,Rubus cochinchinensis;Rubus longior;Rubus negatus;Rubus oreades,NO,NO,YES,Assigned
ASV1035,CLASS,Tracheophyta,Magnoliopsida,,,,,,99.31,95,100.00,100,Asteraceae;Rosaceae;Sapindaceae,Acer;Dittrichia;Rubus,Acer pseudoplatanus;Dittrichia viscosa;Rubus aff. adenotrichos PGGS-2007;Rubus allegheniensis;Rubus arcticus;Rubus caesius;Rubus canadensis;Rubus chroosepalus;Rubus ellipticus;Rubus hispidus;Rubus pensilvanicus;Rubus pentagonus;Rubus pinnatisepalus;Rubus reflexus;Rubus ursinus,YES,YES,YES,Assigned
ASV152,GENUS,Tracheophyta,Magnoliopsida,Rosales,Rosaceae,Rosoideae,Rubus,,99.3,97,99.73,100,Rosaceae,Rubus,Rubus cochinchinensis;Rubus longior;Rubus negatus;Rubus oreades,NO,NO,YES,Assigned
ASV1072,GENUS,Tracheophyta,Magnoliopsida,Rosales,Rosaceae,Rosoideae,Rubus,,99.29,93,99.59,100,Rosaceae,Rubus,Rubus cochinchinensis;Rubus longior;Rubus negatus;Rubus oreades,NO,NO,YES,Assigned
ASV121,CLASS,Tracheophyta,Magnoliopsida,,,,,,99.24,95,100.00,100,Ranunculaceae,Helleborus,Helleborus orientalis,NO,NO,NO,Assigned
ASV1125,CLASS,Tracheophyta,Magnoliopsida,,,,,,99.21,94,99.23,100,Viburnaceae,Adoxa,Adoxa moschatellina,NO,NO,NO,Assigned
ASV1086,GENUS,Tracheophyta,Magnoliopsida,Rosales,Rosaceae,Rosoideae,Rubus,,99.06,69,99.70,100,Rosaceae,Rubus,Rubus cochinchinensis;Rubus idaeus;Rubus saxatilis,NO,NO,YES,Assigned
ASV11,GENUS,Tracheophyta,Magnoliopsida,Malpighiales,Violaceae,Violoideae,Viola,,98.72,96,100.00,100,Violaceae,Viola,Viola reichenbachiana;Viola riviniana,NO,NO,YES,Assigned
ASV100,GENUS,Tracheophyta,Magnoliopsida,Rosales,Rosaceae,Rosoideae,Rubus,,98.55,79,99.77,100,Rosaceae,Rubus,Rubus idaeus;Rubus saxatilis,NO,NO,YES,Assigned
ASV105,GENUS,Tracheophyta,Magnoliopsida,Rosales,Rosaceae,Rosoideae,Rubus,,98.54,78,99.77,100,Rosaceae,Rubus,Rubus idaeus;Rubus saxatilis,NO,NO,YES,Assigned
ASV146,SUBFAMILY,Tracheophyta,Magnoliopsida,Fabales,Fabaceae,Papilionoideae,,,98.35,52,99.42,100,Fabaceae,Lathyrus,Lathyrus vernus,NO,NO,NO,Assigned
ASV1040,GENUS,Tracheophyta,Magnoliopsida,Boraginales,Boraginaceae,,Omphalodes,,98.2,6,99.34,100,Boraginaceae,Omphalodes,Omphalodes verna,NO,NO,NO,Assigned
ASV1031,FAMILY,Tracheophyta,Magnoliopsida,Malpighiales,Violaceae,,,,97.62,12,94.24,100,Violaceae,Viola,Viola adunca,NO,NO,NO,Assigned
ASV120,GENUS,Tracheophyta,Magnoliopsida,Asterales,Asteraceae,Asteroideae,Solidago,,96.17,96,100.00,100,Asteraceae,Solidago,Solidago virgaurea,NO,NO,NO,Assigned
ASV1102,GENUS,Tracheophyta,Magnoliopsida,Rosales,Rosaceae,Amygdaloideae,Sorbus,,95.71,50,99.67,100,Rosaceae,Sorbus,Sorbus amabilis,NO,NO,NO,Assigned
ASV1154,SUBFAMILY,Tracheophyta,Magnoliopsida,Rosales,Rosaceae,Rosoideae,,,95.07,73,100.00,100,Orobanchaceae;Rosaceae,Castilleja;Rubus,Castilleja unalaschcensis;Rubus coreanus;Rubus fruticosus agg.;Rubus ichangensis;Rubus idaeus;Rubus lambertianus;Rubus parviflorus;Rubus pubescens;Rubus pungens var. indefensus;Rubus saxatilis;Rubus sumatranus,YES,YES,YES,Assigned
ASV1374,GENUS,Tracheophyta,Magnoliopsida,Lamiales,Lamiaceae,Lamioideae,Lamium,,93.33,11,99.10,100,Lamiaceae,Lamium,Lamium galeobdolon subsp. flavidum,NO,NO,NO,Assigned
ASV12,SUBFAMILY,Tracheophyta,Magnoliopsida,Brassicales,Brassicaceae,Brassicoideae,,,91.13,56,100.00,100,Primulaceae,Cyclamen,Cyclamen purpurascens,NO,NO,NO,Assigned
ASV1028,GENUS,Tracheophyta,Magnoliopsida,Rosales,Rosaceae,Rosoideae,Rubus,,90.32,85,100.00,100,Betulaceae,Corylus,Corylus avellana;Corylus cornuta,NO,NO,YES,Assigned
ASV1261,FAMILY,Tracheophyta,Magnoliopsida,Fagales,Fagaceae,,,,90.05,19,98.86,100,,,,NO,NO,NO,Assigned
ASV1215,SUBFAMILY,Tracheophyta,Magnoliopsida,Rosales,Rosaceae,Rosoideae,,,88.82,80,100.00,100,Apiaceae,Aegopodium,Aegopodium podagraria,NO,NO,NO,Assigned
ASV1116,SUBFAMILY,Tracheophyta,Magnoliopsida,Boraginales,Boraginaceae,Cynoglossoideae,,,85.68,14,99.21,100,Boraginaceae,Amsinckia;Cryptantha;Myosotis,Amsinckia menziesii;Cryptantha parviflora;Myosotis secunda,NO,YES,YES,Assigned
ASV1061,FAMILY,Tracheophyta,Magnoliopsida,Asterales,Asteraceae,,,,84.45,84,100.00,100,Asteraceae,Carlina;Cirsium;Saussurea,Carlina vulgaris;Cirsium acaule;Cirsium oleraceum;Saussurea alpina;Saussurea angustifolia,NO,YES,YES,Assigned
ASV1206,SUBFAMILY,Tracheophyta,Magnoliopsida,Fagales,Betulaceae,Coryloideae,,,79.71,60,100.00,100,Betulaceae,Corylus,Corylus heterophylla;Corylus sieboldiana,NO,NO,YES,Low-confidence
ASV1066,FAMILY,Tracheophyta,Magnoliopsida,Boraginales,Boraginaceae,,,,78.97,65,100.00,100,Boraginaceae;Orobanchaceae,Castilleja;Eritrichium;Hackelia;Lycopsis;Mertensia;Myosotis;Pentaglottis,Castilleja yukonis;Eritrichium splendens;Hackelia micrantha;Lycopsis arvensis;Mertensia longiflora;Mertensia maritima;Mertensia paniculata;Myosotis alpestris;Myosotis arvensis;Myosotis laxa;Myosotis ramosissima;Myosotis scorpioides;Myosotis stolonifera;Myosotis sylvatica;Pentaglottis sempervirens,YES,YES,YES,Low-confidence
ASV1159,SUBFAMILY,Tracheophyta,Magnoliopsida,Asterales,Asteraceae,Asteroideae,,,78.43,38,97.74,100,Asteraceae,Achillea;Arnica;Chromolaena;Praxelis;Riencourtia;Sigesbeckia;Viguiera,Achillea maritima;Arnica chamissonis;Chromolaena multiflosculosa;Praxelis asperulacea;Riencourtia pedunculosa;Sigesbeckia flosculosa;Viguiera dentata,NO,YES,YES,Low-confidence
ASV1041,SUBFAMILY,Tracheophyta,Magnoliopsida,Asterales,Asteraceae,Asteroideae,,,75.57,22,97.26,100,Cucurbitaceae,Thladiantha,Thladiantha cordifolia,NO,NO,NO,Low-confidence
ASV1103,SUBFAMILY,Tracheophyta,Magnoliopsida,Brassicales,Brassicaceae,Brassicoideae,,,75.24,20,98.85,100,Primulaceae,Cyclamen,Cyclamen purpurascens,NO,NO,NO,Low-confidence
ASV1068,ORDER,Tracheophyta,Magnoliopsida,Rosales,,,,,74.14,74,97.86,100,Boraginaceae,Symphytum,Symphytum tuberosum,NO,NO,NO,Low-confidence
ASV1209,SUBFAMILY,Tracheophyta,Magnoliopsida,Boraginales,Boraginaceae,Boraginoideae,,,71.5,3,99.50,100,,,,NO,NO,NO,Low-confidence
ASV101,Unassigned,,,,,,,,,0,,0,,,,NO,NO,NO,Unassigned
ASV102,Unassigned,,,,,,,,,0,,0,,,,NO,NO,NO,Unassigned
ASV1026,Unassigned,,,,,,,,,0,,0,,,,NO,NO,NO,Unassigned
ASV1029,Unassigned,,,,,,,,,0,,0,,,,NO,NO,NO,Unassigned
ASV1037,Unassigned,,,,,,,,,0,,0,,,,NO,NO,NO,Unassigned
ASV104,Unassigned,,,,,,,,,0,,0,,,,NO,NO,NO,Unassigned
ASV107,Unassigned,,,,,,,,,0,,0,,,,NO,NO,NO,Unassigned
ASV109,Unassigned,,,,,,,,,0,,0,,,,NO,NO,NO,Unassigned
ASV114,Unassigned,,,,,,,,,0,,0,,,,NO,NO,NO,Unassigned
ASV1146,Unassigned,,,,,,,,,0,,0,,,,NO,NO,NO,Unassigned
ASV115,Unassigned,,,,,,,,,0,,0,,,,NO,NO,NO,Unassigned
ASV1178,Unassigned,,,,,,,,,0,,0,,,,NO,NO,NO,Unassigned
ASV1233,Unassigned,,,,,,,,,0,,0,,,,NO,NO,NO,Unassigned
ASV1234,Unassigned,,,,,,,,,0,,0,,,,NO,NO,NO,Unassigned
ASV1235,Unassigned,,,,,,,,,0,,0,,,,NO,NO,NO,Unassigned
ASV1237,Unassigned,,,,,,,,,0,,0,,,,NO,NO,NO,Unassigned
ASV1238,Unassigned,,,,,,,,,0,,0,,,,NO,NO,NO,Unassigned
ASV124,Unassigned,,,,,,,,,0,,0,,,,NO,NO,NO,Unassigned
ASV1240,Unassigned,,,,,,,,,0,,0,,,,NO,NO,NO,Unassigned
ASV1241,Unassigned,,,,,,,,,0,,0,,,,NO,NO,NO,Unassigned
ASV1242,Unassigned,,,,,,,,,0,80.11,11,Fabaceae,Crotalaria,Crotalaria juncea,NO,NO,NO,Unassigned
ASV1245,Unassigned,,,,,,,,,0,,0,,,,NO,NO,NO,Unassigned
ASV1252,Unassigned,,,,,,,,,0,,0,,,,NO,NO,NO,Unassigned
ASV1256,Unassigned,,,,,,,,,0,85.00,100,,Jaagichlorella,Jaagichlorella geometrica,NO,NO,NO,Unassigned
ASV128,Unassigned,,,,,,,,,0,,0,,,,NO,NO,NO,Unassigned
ASV129,Unassigned,,,,,,,,,0,,0,,,,NO,NO,NO,Unassigned
ASV132,Unassigned,,,,,,,,,0,,0,,,,NO,NO,NO,Unassigned
ASV133,Unassigned,,,,,,,,,0,,0,,,,NO,NO,NO,Unassigned
ASV135,Unassigned,,,,,,,,,0,,0,,,,NO,NO,NO,Unassigned
ASV137,Unassigned,,,,,,,,,0,,0,,,,NO,NO,NO,Unassigned
ASV140,Unassigned,,,,,,,,,0,,0,,,,NO,NO,NO,Unassigned
ASV143,Unassigned,,,,,,,,,0,,0,,,,NO,NO,NO,Unassigned
ASV151,Unassigned,,,,,,,,,0,,0,,,,NO,NO,NO,Unassigned
ASV154,Unassigned,,,,,,,,,0,,0,,,,NO,NO,NO,Unassigned
ASV177,GENUS,Tracheophyta,Magnoliopsida,Malpighiales,Salicaceae,,Salix,,100.0,100,100.00,100,Salicaceae,Salix,Salix alba;Salix alba x rubens;Salix babylonica;Salix fragilis;Salix rosthornii;Salix x rubens,NO,NO,YES,Assigned
ASV314,GENUS,Tracheophyta,Magnoliopsida,Rosales,Rosaceae,Rosoideae,Rubus,,100.0,100,100.00,100,Rosaceae,Rubus,Rubus cochinchinensis;Rubus longior;Rubus negatus;Rubus oreades,NO,NO,YES,Assigned
ASV325,GENUS,Tracheophyta,Magnoliopsida,Rosales,Rosaceae,Rosoideae,Rubus,,100.0,100,100.00,100,Rosaceae,Rubus,Rubus cochinchinensis;Rubus longior;Rubus negatus;Rubus oreades,NO,NO,YES,Assigned
ASV270,CLASS,Tracheophyta,Magnoliopsida,,,,,,100.0,96,99.77,100,Ranunculaceae,Helleborus,Helleborus viridis,NO,NO,NO,Assigned
ASV338,CLASS,Tracheophyta,Magnoliopsida,,,,,,100.0,94,100.00,100,Euphorbiaceae,Mercurialis,Mercurialis ovata,NO,NO,NO,Assigned
ASV276,CLASS,Tracheophyta,Magnoliopsida,,,,,,100.0,93,100.00,100,Euphorbiaceae,Mercurialis,Mercurialis perennis,NO,NO,NO,Assigned
ASV159,CLASS,Tracheophyta,Magnoliopsida,,,,,,100.0,89,99.02,100,Boraginaceae,Omphalodes,Omphalodes verna,NO,NO,NO,Assigned
ASV171,CLASS,Tracheophyta,Magnoliopsida,,,,,,100.0,89,99.02,100,Boraginaceae,Omphalodes,Omphalodes verna,NO,NO,NO,Assigned
ASV330,CLASS,Tracheophyta,Magnoliopsida,,,,,,100.0,89,99.02,100,Boraginaceae,Omphalodes,Omphalodes verna,NO,NO,NO,Assigned
ASV165,SUBFAMILY,Tracheophyta,Magnoliopsida,Brassicales,Brassicaceae,Brassicoideae,,,100.0,88,98.40,100,Brassicaceae,Cardamine,Cardamine parviflora,NO,NO,NO,Assigned
ASV198,CLASS,Tracheophyta,Magnoliopsida,,,,,,100.0,88,100.00,100,Ranunculaceae,Anemone,Anemone nemorosa,NO,NO,NO,Assigned
ASV306,GENUS,Tracheophyta,Magnoliopsida,Rosales,Rosaceae,Rosoideae,Rubus,,100.0,85,97.94,100,Rosaceae,Rubus,Rubus fruticosus agg.,NO,NO,NO,Assigned
ASV161,GENUS,Tracheophyta,Magnoliopsida,Rosales,Rosaceae,Rosoideae,Rubus,,100.0,73,97.33,100,Rosaceae,Rubus,Rubus aciodonthus;Rubus adulans;Rubus arrheniiformis;Rubus asperidens;Rubus bovinus;Rubus braeuckeriformis;Rubus calotemnus;Rubus campaniensis;Rubus canduliger;Rubus caninitergi;Rubus chloocladus;Rubus cochinchinensis;Rubus condensatus;Rubus confusidens;Rubus dasyphyllus;Rubus dejonghii;Rubus diversus;Rubus eglandulosus;Rubus egregius;Rubus elegantispinosus;Rubus euryanthemus;Rubus flagelliflorus;Rubus flexuosus;Rubus foersteri;Rubus frederici;Rubus gelertii;Rubus gloriosus;Rubus guestphalicus;Rubus hastiferus;Rubus henrici-weberi;Rubus holerythros;Rubus hypomalacus;Rubus insectifolius;Rubus integribasis;Rubus iuvenis;Rubus langei;Rubus lasiandrus;Rubus latiarcuatus;Rubus lindleianus;Rubus loehrii;Rubus muenteri;Rubus muridens;Rubus negatus;Rubus nemoralis;Rubus nitidiformis;Rubus opacus;Rubus picearum;Rubus planus;Rubus platyacanthus;Rubus plicatus;Rubus poliothyrsus;Rubus polyanthemus;Rubus praticolor;Rubus procerus;Rubus psilops;Rubus pugiunculosus;Rubus radula;Rubus raduloides;Rubus rubercadaver;Rubus rufescens;Rubus schlechtendalii;Rubus schleicheri;Rubus sciocharis;Rubus senticosus;Rubus tubanticus;Rubus vulgaris,NO,NO,YES,Assigned
ASV195,GENUS,Tracheophyta,Magnoliopsida,Rosales,Rosaceae,Rosoideae,Rubus,,100.0,55,97.07,100,Rosaceae,Rubus,Rubus aciodonthus;Rubus adulans;Rubus arrheniiformis;Rubus asperidens;Rubus bovinus;Rubus braeuckeriformis;Rubus calotemnus;Rubus campaniensis;Rubus canduliger;Rubus caninitergi;Rubus chloocladus;Rubus cochinchinensis;Rubus condensatus;Rubus confusidens;Rubus dasyphyllus;Rubus dejonghii;Rubus diversus;Rubus eglandulosus;Rubus egregius;Rubus elegantispinosus;Rubus euryanthemus;Rubus flagelliflorus;Rubus flexuosus;Rubus foersteri;Rubus frederici;Rubus gelertii;Rubus gloriosus;Rubus guestphalicus;Rubus hastiferus;Rubus henrici-weberi;Rubus holerythros;Rubus hypomalacus;Rubus insectifolius;Rubus integribasis;Rubus iuvenis;Rubus langei;Rubus lasiandrus;Rubus latiarcuatus;Rubus lindleianus;Rubus loehrii;Rubus muenteri;Rubus muridens;Rubus negatus;Rubus nemoralis;Rubus nitidiformis;Rubus opacus;Rubus picearum;Rubus planus;Rubus platyacanthus;Rubus plicatus;Rubus poliothyrsus;Rubus polyanthemus;Rubus praticolor;Rubus procerus;Rubus psilops;Rubus pugiunculosus;Rubus radula;Rubus raduloides;Rubus rubercadaver;Rubus rufescens;Rubus schlechtendalii;Rubus schleicheri;Rubus sciocharis;Rubus senticosus;Rubus tubanticus;Rubus vulgaris,NO,NO,YES,Assigned
ASV229,GENUS,Tracheophyta,Magnoliopsida,Rosales,Rosaceae,Rosoideae,Rubus,,100.0,55,97.07,100,Rosaceae,Rubus,Rubus aciodonthus;Rubus adulans;Rubus arrheniiformis;Rubus asperidens;Rubus bovinus;Rubus braeuckeriformis;Rubus calotemnus;Rubus campaniensis;Rubus canduliger;Rubus caninitergi;Rubus chloocladus;Rubus cochinchinensis;Rubus condensatus;Rubus confusidens;Rubus dasyphyllus;Rubus dejonghii;Rubus diversus;Rubus eglandulosus;Rubus egregius;Rubus elegantispinosus;Rubus euryanthemus;Rubus flagelliflorus;Rubus flexuosus;Rubus foersteri;Rubus frederici;Rubus gelertii;Rubus gloriosus;Rubus guestphalicus;Rubus hastiferus;Rubus henrici-weberi;Rubus holerythros;Rubus hypomalacus;Rubus insectifolius;Rubus integribasis;Rubus iuvenis;Rubus langei;Rubus lasiandrus;Rubus latiarcuatus;Rubus lindleianus;Rubus loehrii;Rubus muenteri;Rubus muridens;Rubus negatus;Rubus nemoralis;Rubus nitidiformis;Rubus opacus;Rubus picearum;Rubus planus;Rubus platyacanthus;Rubus plicatus;Rubus poliothyrsus;Rubus polyanthemus;Rubus praticolor;Rubus procerus;Rubus psilops;Rubus pugiunculosus;Rubus radula;Rubus raduloides;Rubus rubercadaver;Rubus rufescens;Rubus schlechtendalii;Rubus schleicheri;Rubus sciocharis;Rubus senticosus;Rubus tubanticus;Rubus vulgaris,NO,NO,YES,Assigned
ASV183,GENUS,Tracheophyta,Magnoliopsida,Rosales,Rosaceae,Rosoideae,Fragaria,,100.0,43,99.76,100,Rosaceae,Fragaria,Fragaria vesca,NO,NO,NO,Assigned
ASV19,GENUS,Tracheophyta,Magnoliopsida,Rosales,Rosaceae,Rosoideae,Fragaria,,100.0,43,99.76,100,Rosaceae,Fragaria,Fragaria vesca,NO,NO,NO,Assigned
ASV334,GENUS,Tracheophyta,Magnoliopsida,Rosales,Rosaceae,Rosoideae,Fragaria,,100.0,40,99.74,100,Rosaceae,Fragaria,Fragaria vesca,NO,NO,NO,Assigned
ASV335,GENUS,Tracheophyta,Magnoliopsida,Rosales,Rosaceae,Rosoideae,Rubus,,100.0,36,96.80,100,Rosaceae,Rubus,Rubus aciodonthus;Rubus adulans;Rubus arrheniiformis;Rubus asperidens;Rubus bovinus;Rubus braeuckeriformis;Rubus calotemnus;Rubus campaniensis;Rubus canduliger;Rubus caninitergi;Rubus chloocladus;Rubus cochinchinensis;Rubus condensatus;Rubus confusidens;Rubus dasyphyllus;Rubus dejonghii;Rubus diversus;Rubus eglandulosus;Rubus egregius;Rubus elegantispinosus;Rubus erinulus;Rubus euryanthemus;Rubus flagelliflorus;Rubus flexuosus;Rubus foersteri;Rubus frederici;Rubus gelertii;Rubus gloriosus;Rubus guestphalicus;Rubus hastiferus;Rubus henrici-weberi;Rubus holerythros;Rubus hypomalacus;Rubus insectifolius;Rubus integribasis;Rubus iuvenis;Rubus langei;Rubus lasiandrus;Rubus latiarcuatus;Rubus lindleianus;Rubus loehrii;Rubus muenteri;Rubus muridens;Rubus negatus;Rubus nemoralis;Rubus nitidiformis;Rubus opacus;Rubus picearum;Rubus planus;Rubus platyacanthus;Rubus plicatus;Rubus poliothyrsus;Rubus polyanthemus;Rubus praticolor;Rubus procerus;Rubus psilops;Rubus pugiunculosus;Rubus radula;Rubus raduloides;Rubus rubercadaver;Rubus rufescens;Rubus schlechtendalii;Rubus schleicheri;Rubus sciocharis;Rubus senticosus;Rubus tubanticus;Rubus vulgaris,NO,NO,YES,Assigned
ASV339,GENUS,Tracheophyta,Magnoliopsida,Rosales,Rosaceae,Rosoideae,Rubus,,100.0,12,97.71,100,Rosaceae,Rubus,Rubus flagellaris;Rubus lasiandrus;Rubus pentagonus;Rubus pinnatisepalus;Rubus reflexus,NO,NO,YES,Assigned
ASV236,SUBFAMILY,Tracheophyta,Magnoliopsida,Rosales,Rosaceae,Rosoideae,,,100.0,4,99.51,100,Rosaceae,Aremonia,Aremonia agrimonioides,NO,NO,NO,Assigned
ASV257,SUBFAMILY,Tracheophyta,Magnoliopsida,Rosales,Rosaceae,Rosoideae,,,100.0,3,99.51,100,Rosaceae,Aremonia,Aremonia agrimonioides,NO,NO,NO,Assigned
ASV320,GENUS,Tracheophyta,Magnoliopsida,Rosales,Rosaceae,Rosoideae,Rubus,,99.99,26,98.62,100,Rosaceae,Rubus,Rubus acuminatus;Rubus stimulans;Rubus subornatus,NO,NO,YES,Assigned
ASV312,GENUS,Tracheophyta,Magnoliopsida,Rosales,Rosaceae,Rosoideae,Rubus,,99.9,92,100.00,100,Rosaceae,Rubus,Rubus aciodonthus;Rubus adulans;Rubus arrheniiformis;Rubus asperidens;Rubus bovinus;Rubus braeuckeriformis;Rubus calotemnus;Rubus campaniensis;Rubus caninitergi;Rubus chloocladus;Rubus cochinchinensis;Rubus confusidens;Rubus dasyphyllus;Rubus dejonghii;Rubus diversus;Rubus eglandulosus;Rubus egregius;Rubus elegantispinosus;Rubus euryanthemus;Rubus flagelliflorus;Rubus flexuosus;Rubus frederici;Rubus gelertii;Rubus gloriosus;Rubus guestphalicus;Rubus hastiferus;Rubus henrici-weberi;Rubus holerythros;Rubus hypomalacus;Rubus insectifolius;Rubus integribasis;Rubus iuvenis;Rubus langei;Rubus lasiandrus;Rubus latiarcuatus;Rubus loehrii;Rubus muenteri;Rubus nemoralis;Rubus nitidiformis;Rubus opacus;Rubus planus;Rubus platyacanthus;Rubus plicatus;Rubus poliothyrsus;Rubus polyanthemus;Rubus praticolor;Rubus psilops;Rubus pugiunculosus;Rubus radula;Rubus raduloides;Rubus rubercadaver;Rubus rufescens;Rubus schlechtendalii;Rubus sciocharis;Rubus senticosus;Rubus tubanticus;Rubus vulgaris,NO,NO,YES,Assigned
ASV216,GENUS,Tracheophyta,Magnoliopsida,Rosales,Rosaceae,Rosoideae,Rubus,,99.88,26,98.91,100,Rosaceae,Rubus,Rubus pensilvanicus,NO,NO,NO,Assigned
ASV319,GENUS,Tracheophyta,Magnoliopsida,Rosales,Rosaceae,Rosoideae,Rubus,,99.85,46,100.00,100,Rosaceae,Rubus,Rubus caesius;Rubus caesius x Rubus idaeus;Rubus idaeus;Rubus saxatilis,NO,NO,YES,Assigned
ASV302,GENUS,Tracheophyta,Magnoliopsida,Rosales,Rosaceae,Rosoideae,Rubus,,99.84,87,98.62,100,Rosaceae,Rubus,Rubus fruticosus agg.,NO,NO,NO,Assigned
ASV318,GENUS,Tracheophyta,Magnoliopsida,Rosales,Rosaceae,Rosoideae,Rubus,,99.84,87,98.62,100,Rosaceae,Rubus,Rubus fruticosus agg.,NO,NO,NO,Assigned
ASV224,CLASS,Tracheophyta,Magnoliopsida,,,,,,99.83,83,99.34,100,Boraginaceae,Omphalodes,Omphalodes verna,NO,NO,NO,Assigned
ASV244,CLASS,Tracheophyta,Magnoliopsida,,,,,,99.83,83,99.34,100,Boraginaceae,Omphalodes,Omphalodes verna,NO,NO,NO,Assigned
ASV329,GENUS,Tracheophyta,Magnoliopsida,Ranunculales,Ranunculaceae,Ranunculoideae,Clematis,,99.77,60,99.77,100,Ranunculaceae,Clematis,Clematis vitalba,NO,NO,NO,Assigned
ASV328,GENUS,Tracheophyta,Magnoliopsida,Rosales,Rosaceae,Rosoideae,Rubus,,99.72,93,99.73,100,Rosaceae,Rubus,Rubus aciodonthus;Rubus adulans;Rubus arrheniiformis;Rubus asperidens;Rubus bovinus;Rubus braeuckeriformis;Rubus calotemnus;Rubus campaniensis;Rubus caninitergi;Rubus chloocladus;Rubus cochinchinensis;Rubus confusidens;Rubus dasyphyllus;Rubus dejonghii;Rubus diversus;Rubus eglandulosus;Rubus egregius;Rubus elegantispinosus;Rubus euryanthemus;Rubus flagelliflorus;Rubus flexuosus;Rubus frederici;Rubus gelertii;Rubus gloriosus;Rubus guestphalicus;Rubus hastiferus;Rubus henrici-weberi;Rubus holerythros;Rubus hypomalacus;Rubus insectifolius;Rubus integribasis;Rubus iuvenis;Rubus langei;Rubus lasiandrus;Rubus latiarcuatus;Rubus loehrii;Rubus muenteri;Rubus nemoralis;Rubus nitidiformis;Rubus opacus;Rubus planus;Rubus platyacanthus;Rubus plicatus;Rubus poliothyrsus;Rubus polyanthemus;Rubus praticolor;Rubus psilops;Rubus pugiunculosus;Rubus radula;Rubus raduloides;Rubus rubercadaver;Rubus rufescens;Rubus schlechtendalii;Rubus sciocharis;Rubus senticosus;Rubus tubanticus;Rubus vulgaris,NO,NO,YES,Assigned
ASV235,GENUS,Tracheophyta,Magnoliopsida,Rosales,Rosaceae,Rosoideae,Rubus,,99.63,89,98.85,100,Rosaceae,Rubus,Rubus fruticosus agg.,NO,NO,NO,Assigned
ASV3,GENUS,Tracheophyta,Magnoliopsida,Rosales,Rosaceae,Rosoideae,Rubus,,99.6,96,100.00,100,Rosaceae,Rubus,Rubus cochinchinensis,NO,NO,NO,Assigned
ASV25,GENUS,Tracheophyta,Magnoliopsida,Rosales,Rosaceae,Rosoideae,Rubus,,99.59,97,100.00,100,Rosaceae,Rubus,Rubus aciodonthus;Rubus adulans;Rubus arrheniiformis;Rubus asperidens;Rubus bovinus;Rubus braeuckeriformis;Rubus calotemnus;Rubus campaniensis;Rubus caninitergi;Rubus chloocladus;Rubus cochinchinensis;Rubus confusidens;Rubus dasyphyllus;Rubus dejonghii;Rubus diversus;Rubus eglandulosus;Rubus egregius;Rubus elegantispinosus;Rubus euryanthemus;Rubus flagelliflorus;Rubus flexuosus;Rubus frederici;Rubus gelertii;Rubus gloriosus;Rubus guestphalicus;Rubus hastiferus;Rubus henrici-weberi;Rubus holerythros;Rubus hypomalacus;Rubus insectifolius;Rubus integribasis;Rubus iuvenis;Rubus langei;Rubus lasiandrus;Rubus latiarcuatus;Rubus loehrii;Rubus muenteri;Rubus nemoralis;Rubus nitidiformis;Rubus opacus;Rubus planus;Rubus platyacanthus;Rubus plicatus;Rubus poliothyrsus;Rubus polyanthemus;Rubus praticolor;Rubus psilops;Rubus pugiunculosus;Rubus radula;Rubus raduloides;Rubus rubercadaver;Rubus rufescens;Rubus schlechtendalii;Rubus sciocharis;Rubus senticosus;Rubus tubanticus;Rubus vulgaris,NO,NO,YES,Assigned
ASV189,GENUS,Tracheophyta,Magnoliopsida,Rosales,Rosaceae,Rosoideae,Rubus,,99.59,96,99.73,100,Rosaceae,Rubus,Rubus cordiformis;Rubus surrectus,NO,NO,YES,Assigned
ASV26,GENUS,Tracheophyta,Magnoliopsida,Rosales,Rosaceae,Rosoideae,Rubus,,99.58,98,99.77,100,Rosaceae,Rubus,Rubus fruticosus agg.,NO,NO,NO,Assigned
ASV202,GENUS,Tracheophyta,Magnoliopsida,Rosales,Rosaceae,Rosoideae,Rubus,,99.58,97,99.77,100,Rosaceae,Rubus,Rubus fruticosus agg.,NO,NO,NO,Assigned
ASV233,GENUS,Tracheophyta,Magnoliopsida,Rosales,Rosaceae,Rosoideae,Rubus,,99.58,97,99.77,100,Rosaceae,Rubus,Rubus fruticosus agg.,NO,NO,NO,Assigned
ASV20,GENUS,Tracheophyta,Magnoliopsida,Rosales,Rosaceae,Rosoideae,Rubus,,99.57,97,100.00,100,Rosaceae,Rubus,Rubus leucandrus,NO,NO,NO,Assigned
ASV170,GENUS,Tracheophyta,Magnoliopsida,Rosales,Rosaceae,Rosoideae,Rubus,,99.57,96,99.47,100,Rosaceae,Rubus,Rubus cochinchinensis;Rubus longior;Rubus negatus;Rubus oreades,NO,NO,YES,Assigned
ASV268,GENUS,Tracheophyta,Magnoliopsida,Rosales,Rosaceae,Rosoideae,Rubus,,99.57,96,99.47,100,Rosaceae,Rubus,Rubus cochinchinensis;Rubus longior;Rubus negatus;Rubus oreades,NO,NO,YES,Assigned
ASV27,GENUS,Tracheophyta,Magnoliopsida,Rosales,Rosaceae,Rosoideae,Rubus,,99.57,96,99.47,100,Rosaceae,Rubus,Rubus cochinchinensis;Rubus longior;Rubus negatus;Rubus oreades,NO,NO,YES,Assigned
ASV223,GENUS,Tracheophyta,Magnoliopsida,Fagales,Betulaceae,Coryloideae,Corylus,,99.56,6,98.00,100,,,,NO,NO,NO,Assigned
ASV160,GENUS,Tracheophyta,Magnoliopsida,Rosales,Rosaceae,Amygdaloideae,Sorbus,,99.49,85,100.00,100,Rosaceae,Sorbus,Sorbus aria;Sorbus arvonensis;Sorbus cambrensis;Sorbus cheddarensis;Sorbus cuneifolia;Sorbus danubialis;Sorbus devoniensis;Sorbus eminens;Sorbus eminentiformis;Sorbus graeca;Sorbus hibernica;Sorbus leighensis;Sorbus leptophylla;Sorbus parviloba;Sorbus porrigentiformis;Sorbus richii;Sorbus rupicola;Sorbus rupicoloides;Sorbus saxicola;Sorbus stenophylla;Sorbus stirtoniana;Sorbus vexans;Sorbus whiteana,NO,NO,YES,Assigned
ASV24,GENUS,Tracheophyta,Magnoliopsida,Ranunculales,Ranunculaceae,Ranunculoideae,Clematis,,99.48,69,100.00,100,Ranunculaceae,Clematis,Clematis vitalba,NO,NO,NO,Assigned
ASV275,GENUS,Tracheophyta,Magnoliopsida,Rosales,Rosaceae,Rosoideae,Rubus,,99.35,83,100.00,100,Rosaceae,Rubus,Rubus cochinchinensis;Rubus idaeus,NO,NO,YES,Assigned
ASV31,GENUS,Tracheophyta,Magnoliopsida,Rosales,Rosaceae,Rosoideae,Rosa,,99.33,99,100.00,100,Rosaceae,Rosa,Rosa arvensis;Rosa caesia;Rosa canina;Rosa micrantha;Rosa obtusifolia;Rosa sericea;Rosa tomentosa,NO,NO,YES,Assigned
ASV18,GENUS,Tracheophyta,Magnoliopsida,Rosales,Rosaceae,Rosoideae,Rubus,,99.32,98,100.00,100,Rosaceae,Rubus,Rubus adspersus;Rubus cochinchinensis;Rubus edeesii,NO,NO,YES,Assigned
ASV2,GENUS,Tracheophyta,Magnoliopsida,Rosales,Rosaceae,Rosoideae,Rubus,,99.31,98,100.00,100,Rosaceae,Rubus,Rubus cochinchinensis;Rubus longior;Rubus negatus;Rubus oreades,NO,NO,YES,Assigned
ASV16,GENUS,Tracheophyta,Magnoliopsida,Rosales,Rosaceae,Rosoideae,Rubus,,99.29,97,99.73,100,Rosaceae,Rubus,Rubus cochinchinensis;Rubus longior;Rubus negatus;Rubus oreades,NO,NO,YES,Assigned
ASV254,CLASS,Tracheophyta,Magnoliopsida,,,,,,99.22,95,99.77,100,Ranunculaceae,Helleborus,Helleborus viridis,NO,NO,NO,Assigned
ASV218,CLASS,Tracheophyta,Magnoliopsida,,,,,,99.21,95,99.54,100,Ranunculaceae,Helleborus,Helleborus viridis,NO,NO,NO,Assigned
ASV309,GENUS,Tracheophyta,Magnoliopsida,Rosales,Rosaceae,Amygdaloideae,Sorbus,,99.11,84,99.77,100,Rosaceae,Sorbus,Sorbus aria;Sorbus arvonensis;Sorbus cambrensis;Sorbus cheddarensis;Sorbus eminens;Sorbus eminentiformis;Sorbus hibernica;Sorbus leighensis;Sorbus leptophylla;Sorbus parviloba;Sorbus porrigentiformis;Sorbus richii;Sorbus rupicola;Sorbus rupicoloides;Sorbus saxicola;Sorbus stenophylla;Sorbus stirtoniana;Sorbus vexans;Sorbus whiteana,NO,NO,YES,Assigned
ASV34,GENUS,Tracheophyta,Magnoliopsida,Rosales,Rosaceae,Rosoideae,Rubus,,99.02,98,99.48,100,Rosaceae,Rubus,Rubus shihae,NO,NO,NO,Assigned
ASV162,GENUS,Tracheophyta,Magnoliopsida,Rosales,Rosaceae,Rosoideae,Rubus,,98.67,88,100.00,100,Rosaceae,Rubus,Rubus cochinchinensis;Rubus idaeus;Rubus saxatilis,NO,NO,YES,Assigned
ASV21,GENUS,Tracheophyta,Magnoliopsida,Rosales,Rosaceae,Rosoideae,Rubus,,98.51,79,99.77,100,Rosaceae,Rubus,Rubus idaeus;Rubus saxatilis,NO,NO,YES,Assigned
ASV248,SPECIES,Tracheophyta,Magnoliopsida,Lamiales,Plantaginaceae,Digitalidoideae,Veronica,Veronica officinalis,94.52,17,100.00,100,Plantaginaceae,Veronica,Veronica officinalis,NO,NO,NO,Assigned
ASV188,SUBFAMILY,Tracheophyta,Magnoliopsida,Ranunculales,Ranunculaceae,Ranunculoideae,,,87.39,25,100.00,100,Ranunculaceae,Aconitum,Aconitum lycoctonum,NO,NO,NO,Assigned
ASV299,SUBFAMILY,Tracheophyta,Magnoliopsida,Rosales,Rosaceae,Amygdaloideae,,,76.49,64,100.00,100,Ranunculaceae,Helleborus,Helleborus niger,NO,NO,NO,Low-confidence
ASV28,SUBFAMILY,Tracheophyta,Magnoliopsida,Asterales,Asteraceae,Asteroideae,,,70.1,16,99.34,100,Boraginaceae,Omphalodes,Omphalodes verna,NO,NO,NO,Low-confidence
ASV158,Unassigned,,,,,,,,,0,,0,,,,NO,NO,NO,Unassigned
ASV167,Unassigned,,,,,,,,,0,,0,,,,NO,NO,NO,Unassigned
ASV174,Unassigned,,,,,,,,,0,,0,,,,NO,NO,NO,Unassigned
ASV179,Unassigned,,,,,,,,,0,,0,,,,NO,NO,NO,Unassigned
ASV180,Unassigned,,,,,,,,,0,,0,,,,NO,NO,NO,Unassigned
ASV182,Unassigned,,,,,,,,,0,,0,,,,NO,NO,NO,Unassigned
ASV197,Unassigned,,,,,,,,,0,,0,,,,NO,NO,NO,Unassigned
ASV200,Unassigned,,,,,,,,,0,,0,,,,NO,NO,NO,Unassigned
ASV201,Unassigned,,,,,,,,,0,,0,,,,NO,NO,NO,Unassigned
ASV203,Unassigned,,,,,,,,,0,,0,,,,NO,NO,NO,Unassigned
ASV204,Unassigned,,,,,,,,,0,,0,,,,NO,NO,NO,Unassigned
ASV206,Unassigned,,,,,,,,,0,,0,,,,NO,NO,NO,Unassigned
ASV207,Unassigned,,,,,,,,,0,,0,,,,NO,NO,NO,Unassigned
ASV211,Unassigned,,,,,,,,,0,,0,,,,NO,NO,NO,Unassigned
ASV219,Unassigned,,,,,,,,,0,,0,,,,NO,NO,NO,Unassigned
ASV226,Unassigned,,,,,,,,,0,,0,,,,NO,NO,NO,Unassigned
ASV231,Unassigned,,,,,,,,,0,,0,,,,NO,NO,NO,Unassigned
ASV243,Unassigned,,,,,,,,,0,,0,,,,NO,NO,NO,Unassigned
ASV247,Unassigned,,,,,,,,,0,,0,,,,NO,NO,NO,Unassigned
ASV251,Unassigned,,,,,,,,,0,,0,,,,NO,NO,NO,Unassigned
ASV265,Unassigned,,,,,,,,,0,,0,,,,NO,NO,NO,Unassigned
ASV267,Unassigned,,,,,,,,,0,,0,,,,NO,NO,NO,Unassigned
ASV269,Unassigned,,,,,,,,,0,,0,,,,NO,NO,NO,Unassigned
ASV281,Unassigned,,,,,,,,,0,,0,,,,NO,NO,NO,Unassigned
ASV282,Unassigned,,,,,,,,,0,,0,,,,NO,NO,NO,Unassigned
ASV284,Unassigned,,,,,,,,,0,,0,,,,NO,NO,NO,Unassigned
ASV286,Unassigned,,,,,,,,,0,,0,,,,NO,NO,NO,Unassigned
ASV289,Unassigned,,,,,,,,,0,,0,,,,NO,NO,NO,Unassigned
ASV29,Unassigned,,,,,,,,,0,,0,,,,NO,NO,NO,Unassigned
ASV290,Unassigned,,,,,,,,,0,,0,,,,NO,NO,NO,Unassigned
ASV303,Unassigned,,,,,,,,,0,,0,,,,NO,NO,NO,Unassigned
ASV305,Unassigned,,,,,,,,,0,,0,,,,NO,NO,NO,Unassigned
ASV315,Unassigned,,,,,,,,,0,,0,,,,NO,NO,NO,Unassigned
ASV316,Unassigned,,,,,,,,,0,,0,,,,NO,NO,NO,Unassigned
ASV317,Unassigned,,,,,,,,,0,,0,,,,NO,NO,NO,Unassigned
ASV32,Unassigned,,,,,,,,,0,,0,,,,NO,NO,NO,Unassigned
ASV322,Unassigned,,,,,,,,,0,,0,,,,NO,NO,NO,Unassigned
ASV323,Unassigned,,,,,,,,,0,,0,,,,NO,NO,NO,Unassigned
ASV327,Unassigned,,,,,,,,,0,,0,,,,NO,NO,NO,Unassigned
ASV412,GENUS,Tracheophyta,Magnoliopsida,Rosales,Rosaceae,Rosoideae,Rubus,,100.0,100,100.00,100,Rosaceae,Rubus,Rubus aciodonthus;Rubus adulans;Rubus amisiensis;Rubus aphidifer;Rubus arrheniiformis;Rubus bertramii;Rubus bovinus;Rubus braeuckeriformis;Rubus caesius;Rubus calotemnus;Rubus campaniensis;Rubus caninitergi;Rubus chloocladus;Rubus cochinchinensis;Rubus dasyphyllus;Rubus dejonghii;Rubus divaricatus;Rubus edeesii;Rubus eglandulosus;Rubus eifeliensis;Rubus euryanthemus;Rubus flagelliflorus;Rubus flexuosus;Rubus foliosus;Rubus frederici;Rubus gelertii;Rubus gloriosus;Rubus griesiae;Rubus guestphalicus;Rubus hastiferus;Rubus henrici-weberi;Rubus horrefactus;Rubus hypomalacus;Rubus incisior;Rubus insectifolius;Rubus integribasis;Rubus iuvenis;Rubus langei;Rubus lasiandrus;Rubus latiarcuatus;Rubus leucandrus;Rubus lindebergii;Rubus lobatidens;Rubus magnisepalus;Rubus montanus;Rubus muenteri;Rubus mus;Rubus nemoralis;Rubus nemoripatens;Rubus nitidiformis;Rubus opacus;Rubus oreades;Rubus phoenicolasius;Rubus plicatus;Rubus poliothyrsus;Rubus polyanthemus;Rubus praticolor;Rubus psilops;Rubus pugiunculosus;Rubus radula;Rubus raduloides;Rubus rubercadaver;Rubus rufescens;Rubus schlechtendalii;Rubus scidularum;Rubus sciocharis;Rubus senticosus;Rubus spiculus;Rubus tubanticus;Rubus ubericus;Rubus vulgaris,NO,NO,YES,Assigned
ASV532,GENUS,Tracheophyta,Magnoliopsida,Rosales,Rosaceae,Rosoideae,Rubus,,100.0,100,99.60,100,Rosaceae,Rubus,Rubus aciodonthus;Rubus adulans;Rubus arrheniiformis;Rubus asperidens;Rubus bovinus;Rubus braeuckeriformis;Rubus calotemnus;Rubus campaniensis;Rubus caninitergi;Rubus chloocladus;Rubus cochinchinensis;Rubus condensatus;Rubus confusidens;Rubus dasyphyllus;Rubus dejonghii;Rubus diversus;Rubus eglandulosus;Rubus egregius;Rubus eifeliensis;Rubus elegantispinosus;Rubus euryanthemus;Rubus flagellaris;Rubus flagelliflorus;Rubus flexuosus;Rubus foersteri;Rubus foliosus;Rubus frederici;Rubus fruticosus agg.;Rubus gelertii;Rubus gloriosus;Rubus guestphalicus;Rubus hastiferus;Rubus henrici-weberi;Rubus holerythros;Rubus hypomalacus;Rubus ignoratus;Rubus incarnatus;Rubus insectifolius;Rubus integribasis;Rubus iuvenis;Rubus langei;Rubus lasiandrus;Rubus latiarcuatus;Rubus lindleianus;Rubus loehrii;Rubus muenteri;Rubus nemoralis;Rubus nitidiformis;Rubus opacus;Rubus planus;Rubus platyacanthus;Rubus plicatus;Rubus poliothyrsus;Rubus polyanthemus;Rubus praticolor;Rubus procerus;Rubus psilops;Rubus pugiunculosus;Rubus radula;Rubus raduloides;Rubus rubercadaver;Rubus rufescens;Rubus schlechtendalii;Rubus schleicheri;Rubus sciocharis;Rubus senticosus;Rubus sprengelii;Rubus teretiusculus;Rubus tubanticus;Rubus ulmifolius;Rubus urticifolius;Rubus vulgaris,NO,NO,YES,Assigned
ASV373,CLASS,Tracheophyta,Magnoliopsida,,,,,,100.0,94,100.00,100,Euphorbiaceae,Mercurialis,Mercurialis ovata;Mercurialis perennis,NO,NO,YES,Assigned
ASV478,CLASS,Tracheophyta,Magnoliopsida,,,,,,100.0,94,99.78,100,Euphorbiaceae,Mercurialis,Mercurialis perennis,NO,NO,NO,Assigned
ASV394,CLASS,Tracheophyta,Magnoliopsida,,,,,,100.0,92,100.00,100,Euphorbiaceae,Euphorbia,Euphorbia carniolica,NO,NO,NO,Assigned
ASV359,CLASS,Tracheophyta,Magnoliopsida,,,,,,100.0,91,99.26,100,Malvaceae,Hibiscus,Hibiscus acetosella;Hibiscus cannabinus,NO,NO,YES,Assigned
ASV396,CLASS,Tracheophyta,Magnoliopsida,,,,,,100.0,89,99.02,100,Boraginaceae,Omphalodes,Omphalodes verna,NO,NO,NO,Assigned
ASV512,SUBFAMILY,Tracheophyta,Magnoliopsida,Brassicales,Brassicaceae,Brassicoideae,,,100.0,85,100.00,100,Brassicaceae,Cardamine,Cardamine microphylla,NO,NO,NO,Assigned
ASV401,GENUS,Tracheophyta,Magnoliopsida,Rosales,Rosaceae,Rosoideae,Rubus,,100.0,72,97.34,100,Rosaceae,Rubus,Rubus aciodonthus;Rubus adulans;Rubus arrheniiformis;Rubus asperidens;Rubus bovinus;Rubus braeuckeriformis;Rubus calotemnus;Rubus campaniensis;Rubus caninitergi;Rubus chloocladus;Rubus cochinchinensis;Rubus condensatus;Rubus confusidens;Rubus dasyphyllus;Rubus dejonghii;Rubus diversus;Rubus eglandulosus;Rubus egregius;Rubus elegantispinosus;Rubus euryanthemus;Rubus flagelliflorus;Rubus flexuosus;Rubus foersteri;Rubus frederici;Rubus gelertii;Rubus gloriosus;Rubus guestphalicus;Rubus hastiferus;Rubus henrici-weberi;Rubus holerythros;Rubus hypomalacus;Rubus insectifolius;Rubus integribasis;Rubus iuvenis;Rubus langei;Rubus lasiandrus;Rubus latiarcuatus;Rubus lindleianus;Rubus loehrii;Rubus muenteri;Rubus muridens;Rubus negatus;Rubus nemoralis;Rubus nitidiformis;Rubus opacus;Rubus picearum;Rubus planus;Rubus platyacanthus;Rubus plicatus;Rubus poliothyrsus;Rubus polyanthemus;Rubus praticolor;Rubus procerus;Rubus psilops;Rubus pugiunculosus;Rubus radula;Rubus raduloides;Rubus rubercadaver;Rubus rufescens;Rubus schlechtendalii;Rubus schleicheri;Rubus sciocharis;Rubus senticosus;Rubus tubanticus;Rubus vulgaris,NO,NO,YES,Assigned
ASV497,GENUS,Tracheophyta,Magnoliopsida,Rosales,Rosaceae,Rosoideae,Rubus,,100.0,55,97.07,100,Rosaceae,Rubus,Rubus aciodonthus;Rubus adulans;Rubus arrheniiformis;Rubus asperidens;Rubus bovinus;Rubus braeuckeriformis;Rubus calotemnus;Rubus campaniensis;Rubus canduliger;Rubus caninitergi;Rubus chloocladus;Rubus cochinchinensis;Rubus condensatus;Rubus confusidens;Rubus dasyphyllus;Rubus dejonghii;Rubus diversus;Rubus eglandulosus;Rubus egregius;Rubus elegantispinosus;Rubus euryanthemus;Rubus flagelliflorus;Rubus flexuosus;Rubus foersteri;Rubus frederici;Rubus gelertii;Rubus gloriosus;Rubus guestphalicus;Rubus hastiferus;Rubus henrici-weberi;Rubus holerythros;Rubus hypomalacus;Rubus insectifolius;Rubus integribasis;Rubus iuvenis;Rubus langei;Rubus lasiandrus;Rubus latiarcuatus;Rubus lindleianus;Rubus loehrii;Rubus muenteri;Rubus muridens;Rubus negatus;Rubus nemoralis;Rubus nitidiformis;Rubus opacus;Rubus picearum;Rubus planus;Rubus platyacanthus;Rubus plicatus;Rubus poliothyrsus;Rubus polyanthemus;Rubus praticolor;Rubus procerus;Rubus psilops;Rubus pugiunculosus;Rubus radula;Rubus raduloides;Rubus rubercadaver;Rubus rufescens;Rubus schlechtendalii;Rubus schleicheri;Rubus sciocharis;Rubus senticosus;Rubus tubanticus;Rubus vulgaris,NO,NO,YES,Assigned
ASV369,GENUS,Tracheophyta,Magnoliopsida,Rosales,Rosaceae,Rosoideae,Rubus,,100.0,54,97.06,100,Rosaceae,Rubus,Rubus aciodonthus;Rubus adulans;Rubus arrheniiformis;Rubus asperidens;Rubus bovinus;Rubus braeuckeriformis;Rubus calotemnus;Rubus campaniensis;Rubus canduliger;Rubus caninitergi;Rubus chloocladus;Rubus cochinchinensis;Rubus condensatus;Rubus confusidens;Rubus dasyphyllus;Rubus dejonghii;Rubus diversus;Rubus eglandulosus;Rubus egregius;Rubus elegantispinosus;Rubus euryanthemus;Rubus flagelliflorus;Rubus flexuosus;Rubus foersteri;Rubus frederici;Rubus gelertii;Rubus gloriosus;Rubus guestphalicus;Rubus hastiferus;Rubus henrici-weberi;Rubus holerythros;Rubus hypomalacus;Rubus insectifolius;Rubus integribasis;Rubus iuvenis;Rubus langei;Rubus lasiandrus;Rubus latiarcuatus;Rubus lindleianus;Rubus loehrii;Rubus muenteri;Rubus muridens;Rubus negatus;Rubus nemoralis;Rubus nitidiformis;Rubus opacus;Rubus picearum;Rubus planus;Rubus platyacanthus;Rubus plicatus;Rubus poliothyrsus;Rubus polyanthemus;Rubus praticolor;Rubus procerus;Rubus psilops;Rubus pugiunculosus;Rubus radula;Rubus raduloides;Rubus rubercadaver;Rubus rufescens;Rubus schlechtendalii;Rubus schleicheri;Rubus sciocharis;Rubus senticosus;Rubus tubanticus;Rubus vulgaris,NO,NO,YES,Assigned
ASV49,GENUS,Tracheophyta,Magnoliopsida,Rosales,Rosaceae,Rosoideae,Fragaria,,100.0,44,100.00,100,Rosaceae,Fragaria,Fragaria vesca,NO,NO,NO,Assigned
ASV467,GENUS,Tracheophyta,Magnoliopsida,Rosales,Rosaceae,Rosoideae,Rubus,,100.0,36,96.80,100,Rosaceae,Rubus,Rubus aciodonthus;Rubus adulans;Rubus arrheniiformis;Rubus asperidens;Rubus bovinus;Rubus braeuckeriformis;Rubus calotemnus;Rubus campaniensis;Rubus canduliger;Rubus caninitergi;Rubus chloocladus;Rubus cochinchinensis;Rubus condensatus;Rubus confusidens;Rubus dasyphyllus;Rubus dejonghii;Rubus diversus;Rubus eglandulosus;Rubus egregius;Rubus elegantispinosus;Rubus erinulus;Rubus euryanthemus;Rubus flagelliflorus;Rubus flexuosus;Rubus foersteri;Rubus frederici;Rubus gelertii;Rubus gloriosus;Rubus guestphalicus;Rubus hastiferus;Rubus henrici-weberi;Rubus holerythros;Rubus hypomalacus;Rubus insectifolius;Rubus integribasis;Rubus iuvenis;Rubus langei;Rubus lasiandrus;Rubus latiarcuatus;Rubus lindleianus;Rubus loehrii;Rubus muenteri;Rubus muridens;Rubus negatus;Rubus nemoralis;Rubus nitidiformis;Rubus opacus;Rubus picearum;Rubus planus;Rubus platyacanthus;Rubus plicatus;Rubus poliothyrsus;Rubus polyanthemus;Rubus praticolor;Rubus procerus;Rubus psilops;Rubus pugiunculosus;Rubus radula;Rubus raduloides;Rubus rubercadaver;Rubus rufescens;Rubus schlechtendalii;Rubus schleicheri;Rubus sciocharis;Rubus senticosus;Rubus tubanticus;Rubus vulgaris,NO,NO,YES,Assigned
ASV416,GENUS,Tracheophyta,Magnoliopsida,Rosales,Rosaceae,Rosoideae,Rubus,,100.0,20,96.53,100,Rosaceae,Rubus,Rubus aciodonthus;Rubus adulans;Rubus arrheniiformis;Rubus asperidens;Rubus bovinus;Rubus braeuckeriformis;Rubus calotemnus;Rubus campaniensis;Rubus canduliger;Rubus caninitergi;Rubus chloocladus;Rubus cochinchinensis;Rubus condensatus;Rubus confusidens;Rubus dasyphyllus;Rubus dejonghii;Rubus diversus;Rubus eglandulosus;Rubus egregius;Rubus elegantispinosus;Rubus erinulus;Rubus euryanthemus;Rubus flagelliflorus;Rubus flexuosus;Rubus foersteri;Rubus frederici;Rubus gelertii;Rubus gloriosus;Rubus guestphalicus;Rubus hastiferus;Rubus henrici-weberi;Rubus holerythros;Rubus hypomalacus;Rubus insectifolius;Rubus integribasis;Rubus iuvenis;Rubus langei;Rubus lasiandrus;Rubus latiarcuatus;Rubus lindleianus;Rubus loehrii;Rubus muenteri;Rubus muridens;Rubus negatus;Rubus nemoralis;Rubus nitidiformis;Rubus opacus;Rubus picearum;Rubus planus;Rubus platyacanthus;Rubus plicatus;Rubus poliothyrsus;Rubus polyanthemus;Rubus praticolor;Rubus procerus;Rubus psilops;Rubus pugiunculosus;Rubus radula;Rubus raduloides;Rubus rubercadaver;Rubus rufescens;Rubus schlechtendalii;Rubus schleicheri;Rubus sciocharis;Rubus senticosus;Rubus tubanticus;Rubus vulgaris,NO,NO,YES,Assigned
ASV381,SPECIES,Tracheophyta,Magnoliopsida,Fabales,Fabaceae,,Genista,Genista tinctoria,100.0,12,100.00,100,Fabaceae,Genista,Genista tinctoria,NO,NO,NO,Assigned
ASV383,GENUS,Tracheophyta,Magnoliopsida,Rosales,Rosaceae,Rosoideae,Rubus,,100.0,10,96.26,100,Rosaceae,Rubus,Rubus adspersus;Rubus amisiensis;Rubus bovinus;Rubus chloocladus;Rubus cochinchinensis;Rubus deweveri;Rubus divaricatus;Rubus elegantispinosus;Rubus genevieri;Rubus longior;Rubus montanus;Rubus mucronipetalus;Rubus neanias;Rubus nelliae;Rubus nemoripatens;Rubus opacus;Rubus paludosus;Rubus passionis;Rubus poliothyrsus;Rubus pugiunculosus;Rubus rufescens;Rubus sciocharis;Rubus sp. Glandulosi MS-2014b;Rubus sp. MS-2014a;Rubus spina-curva;Rubus splendidus;Rubus stereacanthos;Rubus winteri,NO,NO,YES,Assigned
ASV531,GENUS,Tracheophyta,Magnoliopsida,Rosales,Rosaceae,Rosoideae,Rubus,,100.0,10,96.28,100,Rosaceae,Rubus,Rubus adspersus;Rubus bovinus;Rubus chloocladus;Rubus cochinchinensis;Rubus deweveri;Rubus divaricatus;Rubus longior;Rubus montanus;Rubus nelliae;Rubus nemoripatens;Rubus poliothyrsus;Rubus spina-curva;Rubus winteri,NO,NO,YES,Assigned
ASV347,GENUS,Tracheophyta,Magnoliopsida,Apiales,Araliaceae,,Hedera,,100.0,6,97.89,100,Araliaceae,Hedera,Hedera helix,NO,NO,NO,Assigned
ASV382,SUBFAMILY,Tracheophyta,Magnoliopsida,Apiales,Apiaceae,Saniculoideae,,,100.0,6,96.09,100,Apiaceae,Sanicula,Sanicula epipactis,NO,NO,NO,Assigned
ASV40,SUBFAMILY,Tracheophyta,Magnoliopsida,Rosales,Rosaceae,Rosoideae,,,100.0,4,100.00,100,Rosaceae,Aremonia,Aremonia agrimonioides,NO,NO,NO,Assigned
ASV483,SPECIES,Tracheophyta,Magnoliopsida,Lamiales,Oleaceae,,Fraxinus,Fraxinus ornus,100.0,3,99.65,100,Oleaceae,Fraxinus,Fraxinus ornus,NO,NO,NO,Assigned
ASV444,SUBFAMILY,Tracheophyta,Magnoliopsida,Rosales,Rosaceae,Rosoideae,,,100.0,2,99.51,100,Rosaceae,Aremonia,Aremonia agrimonioides,NO,NO,NO,Assigned
ASV479,GENUS,Tracheophyta,Magnoliopsida,Rosales,Rosaceae,Rosoideae,Fragaria,,100.0,2,97.36,100,Rosaceae,Fragaria,Fragaria vesca,NO,NO,NO,Assigned
ASV426,GENUS,Tracheophyta,Magnoliopsida,Rosales,Rosaceae,Rosoideae,Fragaria,,99.99,46,100.00,100,Rosaceae,Fragaria,Fragaria vesca,NO,NO,NO,Assigned
ASV400,GENUS,Tracheophyta,Magnoliopsida,Malpighiales,Salicaceae,,Salix,,99.98,99,100.00,100,Salicaceae,Salix,Salix bebbiana;Salix caprea;Salix repens,NO,NO,YES,Assigned
ASV530,GENUS,Tracheophyta,Magnoliopsida,Rosales,Rosaceae,Rosoideae,Rubus,,99.91,89,98.39,100,Rosaceae,Rubus,Rubus fruticosus agg.,NO,NO,NO,Assigned
ASV343,GENUS,Tracheophyta,Magnoliopsida,Rosales,Rosaceae,Rosoideae,Rubus,,99.73,93,99.20,100,Rosaceae,Rubus,Rubus aciodonthus;Rubus adulans;Rubus arrheniiformis;Rubus asperidens;Rubus bovinus;Rubus braeuckeriformis;Rubus calotemnus;Rubus campaniensis;Rubus caninitergi;Rubus chloocladus;Rubus cochinchinensis;Rubus confusidens;Rubus dasyphyllus;Rubus dejonghii;Rubus diversus;Rubus eglandulosus;Rubus egregius;Rubus elegantispinosus;Rubus euryanthemus;Rubus flagelliflorus;Rubus flexuosus;Rubus frederici;Rubus gelertii;Rubus gloriosus;Rubus guestphalicus;Rubus hastiferus;Rubus henrici-weberi;Rubus holerythros;Rubus hypomalacus;Rubus insectifolius;Rubus integribasis;Rubus iuvenis;Rubus langei;Rubus lasiandrus;Rubus latiarcuatus;Rubus loehrii;Rubus muenteri;Rubus nemoralis;Rubus nitidiformis;Rubus opacus;Rubus planus;Rubus platyacanthus;Rubus plicatus;Rubus poliothyrsus;Rubus polyanthemus;Rubus praticolor;Rubus psilops;Rubus pugiunculosus;Rubus radula;Rubus raduloides;Rubus rubercadaver;Rubus rufescens;Rubus schlechtendalii;Rubus sciocharis;Rubus senticosus;Rubus tubanticus;Rubus vulgaris,NO,NO,YES,Assigned
ASV363,GENUS,Tracheophyta,Magnoliopsida,Rosales,Rosaceae,Rosoideae,Rubus,,99.71,96,100.00,100,Rosaceae,Rubus,Rubus aciodonthus;Rubus adulans;Rubus arrheniiformis;Rubus asperidens;Rubus bovinus;Rubus braeuckeriformis;Rubus calotemnus;Rubus campaniensis;Rubus caninitergi;Rubus chloocladus;Rubus cochinchinensis;Rubus confusidens;Rubus dasyphyllus;Rubus dejonghii;Rubus diversus;Rubus eglandulosus;Rubus egregius;Rubus elegantispinosus;Rubus euryanthemus;Rubus flagelliflorus;Rubus flexuosus;Rubus foersteri;Rubus frederici;Rubus gelertii;Rubus gloriosus;Rubus guestphalicus;Rubus hastiferus;Rubus henrici-weberi;Rubus holerythros;Rubus hypomalacus;Rubus insectifolius;Rubus integribasis;Rubus iuvenis;Rubus langei;Rubus lasiandrus;Rubus latiarcuatus;Rubus lindleianus;Rubus loehrii;Rubus muenteri;Rubus nemoralis;Rubus nitidiformis;Rubus opacus;Rubus planus;Rubus platyacanthus;Rubus plicatus;Rubus poliothyrsus;Rubus polyanthemus;Rubus praticolor;Rubus procerus;Rubus psilops;Rubus pugiunculosus;Rubus radula;Rubus raduloides;Rubus rubercadaver;Rubus rufescens;Rubus schlechtendalii;Rubus schleicheri;Rubus sciocharis;Rubus senticosus;Rubus tubanticus;Rubus vulgaris,NO,NO,YES,Assigned
ASV514,GENUS,Tracheophyta,Magnoliopsida,Rosales,Rosaceae,Rosoideae,Rubus,,99.71,96,100.00,100,Rosaceae,Rubus,Rubus aciodonthus;Rubus adulans;Rubus arrheniiformis;Rubus asperidens;Rubus bovinus;Rubus braeuckeriformis;Rubus calotemnus;Rubus campaniensis;Rubus caninitergi;Rubus chloocladus;Rubus cochinchinensis;Rubus confusidens;Rubus dasyphyllus;Rubus dejonghii;Rubus diversus;Rubus eglandulosus;Rubus egregius;Rubus elegantispinosus;Rubus euryanthemus;Rubus flagelliflorus;Rubus flexuosus;Rubus foersteri;Rubus frederici;Rubus gelertii;Rubus gloriosus;Rubus guestphalicus;Rubus hastiferus;Rubus henrici-weberi;Rubus holerythros;Rubus hypomalacus;Rubus insectifolius;Rubus integribasis;Rubus iuvenis;Rubus langei;Rubus lasiandrus;Rubus latiarcuatus;Rubus lindleianus;Rubus loehrii;Rubus muenteri;Rubus nemoralis;Rubus nitidiformis;Rubus opacus;Rubus planus;Rubus platyacanthus;Rubus plicatus;Rubus poliothyrsus;Rubus polyanthemus;Rubus praticolor;Rubus psilops;Rubus pugiunculosus;Rubus radula;Rubus raduloides;Rubus rubercadaver;Rubus rufescens;Rubus schlechtendalii;Rubus schleicheri;Rubus sciocharis;Rubus senticosus;Rubus tubanticus;Rubus vulgaris,NO,NO,YES,Assigned
ASV498,GENUS,Tracheophyta,Magnoliopsida,Rosales,Rosaceae,Rosoideae,Rubus,,99.64,94,99.77,100,Rosaceae,Rubus,Rubus caesius,NO,NO,NO,Assigned
ASV410,GENUS,Tracheophyta,Magnoliopsida,Rosales,Rosaceae,Rosoideae,Rubus,,99.62,85,98.41,100,Rosaceae,Rubus,Rubus cochinchinensis;Rubus longior;Rubus negatus;Rubus oreades,NO,NO,YES,Assigned
ASV508,GENUS,Tracheophyta,Magnoliopsida,Rosales,Rosaceae,Rosoideae,Rubus,,99.6,97,99.73,100,Rosaceae,Rubus,,NO,NO,NO,Assigned
ASV39,GENUS,Tracheophyta,Magnoliopsida,Rosales,Rosaceae,Rosoideae,Rubus,,99.6,96,100.00,100,Rosaceae,Rubus,Rubus bertramii,NO,NO,NO,Assigned
ASV52,GENUS,Tracheophyta,Magnoliopsida,Rosales,Rosaceae,Rosoideae,Rubus,,99.6,96,99.54,100,Rosaceae,Rubus,Rubus fruticosus agg.,NO,NO,NO,Assigned
ASV342,GENUS,Tracheophyta,Magnoliopsida,Rosales,Rosaceae,Rosoideae,Rubus,,99.59,96,99.54,100,Rosaceae,Rubus,Rubus fruticosus agg.,NO,NO,NO,Assigned
ASV419,GENUS,Tracheophyta,Magnoliopsida,Rosales,Rosaceae,Rosoideae,Rubus,,99.59,96,99.54,100,Rosaceae,Rubus,Rubus fruticosus agg.,NO,NO,NO,Assigned
ASV35,GENUS,Tracheophyta,Magnoliopsida,Rosales,Rosaceae,Rosoideae,Rubus,,99.58,97,99.77,100,Rosaceae,Rubus,Rubus fruticosus agg.,NO,NO,NO,Assigned
ASV4,GENUS,Tracheophyta,Magnoliopsida,Rosales,Rosaceae,Rosoideae,Rubus,,99.58,97,100.00,100,Rosaceae,Rubus,Rubus cordiformis;Rubus surrectus,NO,NO,YES,Assigned
ASV41,GENUS,Tracheophyta,Magnoliopsida,Rosales,Rosaceae,Rosoideae,Rubus,,99.48,35,99.54,100,Rosaceae,Rubus,Rubus flagellaris;Rubus lasiandrus;Rubus pentagonus;Rubus pinnatisepalus;Rubus reflexus,NO,NO,YES,Assigned
ASV397,GENUS,Tracheophyta,Magnoliopsida,Rosales,Rosaceae,Rosoideae,Rubus,,99.31,98,99.73,100,Rosaceae,Rubus,Rubus bertramii,NO,NO,NO,Assigned
ASV5,GENUS,Tracheophyta,Magnoliopsida,Rosales,Rosaceae,Rosoideae,Rubus,,99.3,98,99.73,100,Rosaceae,Rubus,Rubus cochinchinensis;Rubus longior;Rubus negatus;Rubus oreades,NO,NO,YES,Assigned
ASV510,CLASS,Tracheophyta,Magnoliopsida,,,,,,99.23,95,99.72,100,Ranunculaceae,Helleborus,Helleborus orientalis,NO,NO,NO,Assigned
ASV505,GENUS,Tracheophyta,Magnoliopsida,Rosales,Rosaceae,Amygdaloideae,Sorbus,,98.7,85,100.00,100,Rosaceae,Sorbus,Sorbus eminens;Sorbus eminentoides;Sorbus vexans,NO,NO,YES,Assigned
ASV406,GENUS,Tracheophyta,Magnoliopsida,Rosales,Rosaceae,Rosoideae,Rubus,,97.66,50,99.07,100,Rosaceae,Rubus,Rubus allegheniensis;Rubus canadensis;Rubus pensilvanicus,NO,NO,YES,Assigned
ASV464,GENUS,Tracheophyta,Magnoliopsida,Asterales,Asteraceae,Asteroideae,Solidago,,96.85,95,99.55,100,Asteraceae,Solidago,Solidago virgaurea,NO,NO,NO,Assigned
ASV451,GENUS,Tracheophyta,Magnoliopsida,Rosales,Rosaceae,Amygdaloideae,Sorbus,,96.35,72,100.00,100,Rosaceae,Sorbus,Sorbus arranensis;Sorbus aucuparia;Sorbus cuneifolia,NO,NO,YES,Assigned
ASV482,GENUS,Tracheophyta,Magnoliopsida,Lamiales,Oleaceae,,Fraxinus,,96.0,47,100.00,100,Oleaceae,Fraxinus,Fraxinus angustifolia;Fraxinus excelsior,NO,NO,YES,Assigned
ASV428,SPECIES,Tracheophyta,Magnoliopsida,Crossosomatales,Staphyleaceae,,Staphylea,Staphylea pinnata,93.42,3,100.00,100,Staphyleaceae,Staphylea,Staphylea pinnata,NO,NO,NO,Assigned
ASV513,GENUS,Tracheophyta,Magnoliopsida,Apiales,Araliaceae,,Hedera,,92.89,17,99.56,100,Araliaceae;Ranunculaceae,Clematis;Hedera,Clematis flammula;Hedera helix;Hedera helix subsp. helix,YES,YES,YES,Assigned
ASV511,SPECIES,Tracheophyta,Magnoliopsida,Lamiales,Plantaginaceae,Digitalidoideae,Veronica,Veronica montana,92.79,10,100.00,100,Plantaginaceae,Veronica,Veronica montana,NO,NO,NO,Assigned
ASV368,SUBFAMILY,Tracheophyta,Magnoliopsida,Brassicales,Brassicaceae,Brassicoideae,,,91.64,57,99.75,100,Primulaceae,Cyclamen,Cyclamen purpurascens,NO,NO,NO,Assigned
ASV354,SUBFAMILY,Tracheophyta,Magnoliopsida,Brassicales,Brassicaceae,Brassicoideae,,,91.51,56,100.00,100,Myrsinaceae,Anagallis,Anagallis arvensis,NO,NO,NO,Assigned
ASV527,SUBFAMILY,Tracheophyta,Magnoliopsida,Ranunculales,Ranunculaceae,Ranunculoideae,,,91.28,49,99.74,100,Ranunculaceae,Anemone,Anemone nemorosa,NO,NO,NO,Assigned
ASV450,SUBFAMILY,Tracheophyta,Magnoliopsida,Brassicales,Brassicaceae,Brassicoideae,,,90.23,55,99.75,100,Primulaceae,Cyclamen,Cyclamen purpurascens,NO,NO,NO,Assigned
ASV348,ORDER,Tracheophyta,Magnoliopsida,Lamiales,,,,,87.33,65,99.34,100,Boraginaceae;Orobanchaceae,Omphalodes;Rhinanthus,Omphalodes verna;Rhinanthus freynii,YES,YES,YES,Assigned
ASV447,SUBFAMILY,Tracheophyta,Magnoliopsida,Brassicales,Brassicaceae,Brassicoideae,,,87.28,52,100.00,100,Myrsinaceae;Primulaceae,Anagallis;Lysimachia,Anagallis arvensis;Lysimachia terrestris,YES,YES,YES,Assigned
ASV463,GENUS,Tracheophyta,Magnoliopsida,Lamiales,Lamiaceae,Ajugoideae,Teucrium,,86.07,17,100.00,100,Lamiaceae,Teucrium,Teucrium scordium;Teucrium scorodonia,NO,NO,YES,Assigned
ASV395,GENUS,Tracheophyta,Magnoliopsida,Lamiales,Lamiaceae,Lamioideae,Lamium,,84.44,13,99.10,100,Lamiaceae,Lamium,Lamium galeobdolon subsp. flavidum,NO,NO,NO,Assigned
ASV350,Unassigned,,,,,,,,,0,,0,,,,NO,NO,NO,Unassigned
ASV351,Unassigned,,,,,,,,,0,,0,,,,NO,NO,NO,Unassigned
ASV352,Unassigned,,,,,,,,,0,,0,,,,NO,NO,NO,Unassigned
ASV353,Unassigned,,,,,,,,,0,,0,,,,NO,NO,NO,Unassigned
ASV357,Unassigned,,,,,,,,,0,,0,,,,NO,NO,NO,Unassigned
ASV358,Unassigned,,,,,,,,,0,,0,,,,NO,NO,NO,Unassigned
ASV364,Unassigned,,,,,,,,,0,,0,,,,NO,NO,NO,Unassigned
ASV366,Unassigned,,,,,,,,,0,,0,,,,NO,NO,NO,Unassigned
ASV367,Unassigned,,,,,,,,,0,,0,,,,NO,NO,NO,Unassigned
ASV372,Unassigned,,,,,,,,,0,,0,,,,NO,NO,NO,Unassigned
ASV376,Unassigned,,,,,,,,,0,,0,,,,NO,NO,NO,Unassigned
ASV377,Unassigned,,,,,,,,,0,,0,,,,NO,NO,NO,Unassigned
ASV378,Unassigned,,,,,,,,,0,,0,,,,NO,NO,NO,Unassigned
ASV38,Unassigned,,,,,,,,,0,,0,,,,NO,NO,NO,Unassigned
ASV384,Unassigned,,,,,,,,,0,,0,,,,NO,NO,NO,Unassigned
ASV391,Unassigned,,,,,,,,,0,,0,,,,NO,NO,NO,Unassigned
ASV392,Unassigned,,,,,,,,,0,,0,,,,NO,NO,NO,Unassigned
ASV393,Unassigned,,,,,,,,,0,,0,,,,NO,NO,NO,Unassigned
ASV404,Unassigned,,,,,,,,,0,,0,,,,NO,NO,NO,Unassigned
ASV408,Unassigned,,,,,,,,,0,,0,,,,NO,NO,NO,Unassigned
ASV415,Unassigned,,,,,,,,,0,,0,,,,NO,NO,NO,Unassigned
ASV42,Unassigned,,,,,,,,,0,,0,,,,NO,NO,NO,Unassigned
ASV423,Unassigned,,,,,,,,,0,,0,,,,NO,NO,NO,Unassigned
ASV43,Unassigned,,,,,,,,,0,,0,,,,NO,NO,NO,Unassigned
ASV434,Unassigned,,,,,,,,,0,,0,,,,NO,NO,NO,Unassigned
ASV44,Unassigned,,,,,,,,,0,,0,,,,NO,NO,NO,Unassigned
ASV441,Unassigned,,,,,,,,,0,,0,,,,NO,NO,NO,Unassigned
ASV445,Unassigned,,,,,,,,,0,,0,,,,NO,NO,NO,Unassigned
ASV45,Unassigned,,,,,,,,,0,,0,,,,NO,NO,NO,Unassigned
ASV47,Unassigned,,,,,,,,,0,,0,,,,NO,NO,NO,Unassigned
ASV472,Unassigned,,,,,,,,,0,,0,,,,NO,NO,NO,Unassigned
ASV473,Unassigned,,,,,,,,,0,,0,,,,NO,NO,NO,Unassigned
ASV48,Unassigned,,,,,,,,,0,,0,,,,NO,NO,NO,Unassigned
ASV480,Unassigned,,,,,,,,,0,,0,,,,NO,NO,NO,Unassigned
ASV491,Unassigned,,,,,,,,,0,,0,,,,NO,NO,NO,Unassigned
ASV496,Unassigned,,,,,,,,,0,,0,,,,NO,NO,NO,Unassigned
ASV50,Unassigned,,,,,,,,,0,,0,,,,NO,NO,NO,Unassigned
ASV504,Unassigned,,,,,,,,,0,,0,,,,NO,NO,NO,Unassigned
ASV519,Unassigned,,,,,,,,,0,,0,,,,NO,NO,NO,Unassigned
ASV53,Unassigned,,,,,,,,,0,,0,,,,NO,NO,NO,Unassigned
ASV533,Unassigned,,,,,,,,,0,,0,,,,NO,NO,NO,Unassigned
ASV537,Unassigned,,,,,,,,,0,,0,,,,NO,NO,NO,Unassigned
ASV759,GENUS,Tracheophyta,Magnoliopsida,Rosales,Rosaceae,Rosoideae,Rubus,,100.0,100,100.00,100,Rosaceae,Rubus,Rubus aciodonthus;Rubus adulans;Rubus amisiensis;Rubus aphidifer;Rubus arrheniiformis;Rubus bertramii;Rubus bovinus;Rubus braeuckeriformis;Rubus caesius;Rubus calotemnus;Rubus campaniensis;Rubus caninitergi;Rubus chloocladus;Rubus cochinchinensis;Rubus dasyphyllus;Rubus dejonghii;Rubus divaricatus;Rubus edeesii;Rubus eglandulosus;Rubus eifeliensis;Rubus euryanthemus;Rubus flagelliflorus;Rubus flexuosus;Rubus foliosus;Rubus frederici;Rubus gelertii;Rubus gloriosus;Rubus griesiae;Rubus guestphalicus;Rubus hastiferus;Rubus henrici-weberi;Rubus horrefactus;Rubus hypomalacus;Rubus incisior;Rubus insectifolius;Rubus integribasis;Rubus iuvenis;Rubus langei;Rubus lasiandrus;Rubus latiarcuatus;Rubus leucandrus;Rubus lindebergii;Rubus lobatidens;Rubus magnisepalus;Rubus montanus;Rubus muenteri;Rubus mus;Rubus nemoralis;Rubus nemoripatens;Rubus nitidiformis;Rubus opacus;Rubus oreades;Rubus phoenicolasius;Rubus plicatus;Rubus poliothyrsus;Rubus polyanthemus;Rubus praticolor;Rubus psilops;Rubus pugiunculosus;Rubus radula;Rubus raduloides;Rubus rubercadaver;Rubus rufescens;Rubus schlechtendalii;Rubus scidularum;Rubus sciocharis;Rubus senticosus;Rubus spiculus;Rubus tubanticus;Rubus ubericus;Rubus vulgaris,NO,NO,YES,Assigned
ASV602,CLASS,Tracheophyta,Magnoliopsida,,,,,,100.0,95,99.72,100,Ranunculaceae,Helleborus,Helleborus orientalis,NO,NO,NO,Assigned
ASV691,CLASS,Tracheophyta,Magnoliopsida,,,,,,100.0,95,99.76,100,Ranunculaceae,Helleborus,Helleborus viridis,NO,NO,NO,Assigned
ASV575,CLASS,Tracheophyta,Magnoliopsida,,,,,,100.0,94,99.70,100,Celastraceae,Euonymus,Euonymus verrucosus,NO,NO,NO,Assigned
ASV658,CLASS,Tracheophyta,Magnoliopsida,,,,,,100.0,94,99.30,100,Malvaceae,Grewia,Grewia hirsuta,NO,NO,NO,Assigned
ASV674,CLASS,Tracheophyta,Magnoliopsida,,,,,,100.0,94,98.48,100,Boraginaceae,Pulmonaria,Pulmonaria angustifolia;Pulmonaria obscura;Pulmonaria officinalis,NO,NO,YES,Assigned
ASV539,CLASS,Tracheophyta,Magnoliopsida,,,,,,100.0,93,99.54,100,Euphorbiaceae,Mercurialis,Mercurialis ovata,NO,NO,NO,Assigned
ASV626,CLASS,Tracheophyta,Magnoliopsida,,,,,,100.0,93,100.00,100,Euphorbiaceae,Mercurialis,Mercurialis ovata,NO,NO,NO,Assigned
ASV687,CLASS,Tracheophyta,Magnoliopsida,,,,,,100.0,93,100.00,100,Euphorbiaceae,Mercurialis,Mercurialis perennis,NO,NO,NO,Assigned
ASV689,CLASS,Tracheophyta,Magnoliopsida,,,,,,100.0,93,99.45,100,Euphorbiaceae,Euphorbia,Euphorbia carniolica,NO,NO,NO,Assigned
ASV693,CLASS,Tracheophyta,Magnoliopsida,,,,,,100.0,93,99.32,100,Ranunculaceae,Anemone,Anemone nemorosa,NO,NO,NO,Assigned
ASV705,CLASS,Tracheophyta,Magnoliopsida,,,,,,100.0,93,100.00,100,Euphorbiaceae,Mercurialis,Mercurialis ovata,NO,NO,NO,Assigned
ASV649,GENUS,Tracheophyta,Magnoliopsida,Rosales,Rosaceae,Rosoideae,Rubus,,100.0,92,97.94,100,Rosaceae,Rubus,Rubus fruticosus agg.,NO,NO,NO,Assigned
ASV735,CLASS,Tracheophyta,Magnoliopsida,,,,,,100.0,91,99.30,100,Malvaceae,Grewia,Grewia hirsuta,NO,NO,NO,Assigned
ASV597,CLASS,Tracheophyta,Magnoliopsida,,,,,,100.0,89,98.69,100,Boraginaceae,Omphalodes,Omphalodes verna,NO,NO,NO,Assigned
ASV6,CLASS,Tracheophyta,Magnoliopsida,,,,,,100.0,89,99.34,100,Boraginaceae,Omphalodes,Omphalodes verna,NO,NO,NO,Assigned
ASV630,CLASS,Tracheophyta,Magnoliopsida,,,,,,100.0,89,99.02,100,Boraginaceae,Omphalodes,Omphalodes verna,NO,NO,NO,Assigned
ASV764,CLASS,Tracheophyta,Magnoliopsida,,,,,,100.0,81,100.00,100,Euphorbiaceae,Euphorbia,Euphorbia amygdaloides;Euphorbia characias,NO,NO,YES,Assigned
ASV662,GENUS,Tracheophyta,Magnoliopsida,Ranunculales,Ranunculaceae,Ranunculoideae,Clematis,,100.0,61,100.00,100,Ranunculaceae,Clematis,Clematis vitalba,NO,NO,NO,Assigned
ASV639,GENUS,Tracheophyta,Magnoliopsida,Rosales,Rosaceae,Rosoideae,Rubus,,100.0,54,97.06,100,Rosaceae,Rubus,Rubus aciodonthus;Rubus adulans;Rubus arrheniiformis;Rubus asperidens;Rubus bovinus;Rubus braeuckeriformis;Rubus calotemnus;Rubus campaniensis;Rubus canduliger;Rubus caninitergi;Rubus chloocladus;Rubus cochinchinensis;Rubus condensatus;Rubus confusidens;Rubus dasyphyllus;Rubus dejonghii;Rubus diversus;Rubus eglandulosus;Rubus egregius;Rubus elegantispinosus;Rubus euryanthemus;Rubus flagelliflorus;Rubus flexuosus;Rubus foersteri;Rubus frederici;Rubus gelertii;Rubus gloriosus;Rubus guestphalicus;Rubus hastiferus;Rubus henrici-weberi;Rubus holerythros;Rubus hypomalacus;Rubus insectifolius;Rubus integribasis;Rubus iuvenis;Rubus langei;Rubus lasiandrus;Rubus latiarcuatus;Rubus lindleianus;Rubus loehrii;Rubus muenteri;Rubus muridens;Rubus negatus;Rubus nemoralis;Rubus nitidiformis;Rubus opacus;Rubus picearum;Rubus planus;Rubus platyacanthus;Rubus plicatus;Rubus poliothyrsus;Rubus polyanthemus;Rubus praticolor;Rubus procerus;Rubus psilops;Rubus pugiunculosus;Rubus radula;Rubus raduloides;Rubus rubercadaver;Rubus rufescens;Rubus schlechtendalii;Rubus schleicheri;Rubus sciocharis;Rubus senticosus;Rubus tubanticus;Rubus vulgaris,NO,NO,YES,Assigned
ASV583,GENUS,Tracheophyta,Magnoliopsida,Rosales,Rosaceae,Rosoideae,Fragaria,,100.0,43,99.52,100,Rosaceae,Fragaria,Fragaria vesca,NO,NO,NO,Assigned
ASV714,GENUS,Tracheophyta,Magnoliopsida,Rosales,Rosaceae,Rosoideae,Rubus,,100.0,40,96.97,100,Rosaceae,Rubus,Rubus oreades,NO,NO,NO,Assigned
ASV634,GENUS,Tracheophyta,Magnoliopsida,Rosales,Rosaceae,Rosoideae,Rubus,,100.0,36,96.80,100,Rosaceae,Rubus,Rubus aciodonthus;Rubus adulans;Rubus arrheniiformis;Rubus asperidens;Rubus bovinus;Rubus braeuckeriformis;Rubus calotemnus;Rubus campaniensis;Rubus canduliger;Rubus caninitergi;Rubus chloocladus;Rubus cochinchinensis;Rubus condensatus;Rubus confusidens;Rubus dasyphyllus;Rubus dejonghii;Rubus diversus;Rubus eglandulosus;Rubus egregius;Rubus elegantispinosus;Rubus erinulus;Rubus euryanthemus;Rubus flagelliflorus;Rubus flexuosus;Rubus foersteri;Rubus frederici;Rubus gelertii;Rubus gloriosus;Rubus guestphalicus;Rubus hastiferus;Rubus henrici-weberi;Rubus holerythros;Rubus hypomalacus;Rubus insectifolius;Rubus integribasis;Rubus iuvenis;Rubus langei;Rubus lasiandrus;Rubus latiarcuatus;Rubus lindleianus;Rubus loehrii;Rubus muenteri;Rubus muridens;Rubus negatus;Rubus nemoralis;Rubus nitidiformis;Rubus opacus;Rubus picearum;Rubus planus;Rubus platyacanthus;Rubus plicatus;Rubus poliothyrsus;Rubus polyanthemus;Rubus praticolor;Rubus procerus;Rubus psilops;Rubus pugiunculosus;Rubus radula;Rubus raduloides;Rubus rubercadaver;Rubus rufescens;Rubus schlechtendalii;Rubus schleicheri;Rubus sciocharis;Rubus senticosus;Rubus tubanticus;Rubus vulgaris,NO,NO,YES,Assigned
ASV697,GENUS,Tracheophyta,Magnoliopsida,Rosales,Rosaceae,Rosoideae,Fragaria,,100.0,36,99.28,100,Rosaceae,Fragaria,Fragaria vesca,NO,NO,NO,Assigned
ASV757,GENUS,Tracheophyta,Magnoliopsida,Rosales,Rosaceae,Rosoideae,Fragaria,,100.0,36,99.04,100,Rosaceae,Fragaria,Fragaria vesca,NO,NO,NO,Assigned
ASV785,GENUS,Tracheophyta,Magnoliopsida,Rosales,Rosaceae,Rosoideae,Rubus,,100.0,35,96.80,100,Rosaceae,Rubus,Rubus aciodonthus;Rubus adulans;Rubus arrheniiformis;Rubus asperidens;Rubus bovinus;Rubus braeuckeriformis;Rubus calotemnus;Rubus campaniensis;Rubus canduliger;Rubus caninitergi;Rubus chloocladus;Rubus cochinchinensis;Rubus condensatus;Rubus confusidens;Rubus dasyphyllus;Rubus dejonghii;Rubus diversus;Rubus eglandulosus;Rubus egregius;Rubus elegantispinosus;Rubus euryanthemus;Rubus flagelliflorus;Rubus flexuosus;Rubus foersteri;Rubus frederici;Rubus gelertii;Rubus gloriosus;Rubus guestphalicus;Rubus hastiferus;Rubus henrici-weberi;Rubus holerythros;Rubus hypomalacus;Rubus insectifolius;Rubus integribasis;Rubus iuvenis;Rubus langei;Rubus lasiandrus;Rubus latiarcuatus;Rubus lindleianus;Rubus loehrii;Rubus muenteri;Rubus muridens;Rubus negatus;Rubus nemoralis;Rubus nitidiformis;Rubus opacus;Rubus picearum;Rubus planus;Rubus platyacanthus;Rubus plicatus;Rubus poliothyrsus;Rubus polyanthemus;Rubus praticolor;Rubus procerus;Rubus psilops;Rubus pugiunculosus;Rubus radula;Rubus raduloides;Rubus rubercadaver;Rubus rufescens;Rubus schlechtendalii;Rubus schleicheri;Rubus sciocharis;Rubus senticosus;Rubus tubanticus;Rubus vulgaris,NO,NO,YES,Assigned
ASV716,SUBFAMILY,Tracheophyta,Magnoliopsida,Rosales,Rosaceae,Rosoideae,,,100.0,3,96.39,100,Rosaceae,Fragaria,Fragaria vesca,NO,NO,NO,Assigned
ASV742,GENUS,Tracheophyta,Magnoliopsida,Rosales,Rosaceae,Rosoideae,Fragaria,,100.0,3,97.36,100,Rosaceae,Fragaria,Fragaria vesca,NO,NO,NO,Assigned
ASV773,GENUS,Tracheophyta,Magnoliopsida,Rosales,Rosaceae,Rosoideae,Aremonia,,100.0,1,99.51,100,Rosaceae,Aremonia,Aremonia agrimonioides,NO,NO,NO,Assigned
ASV544,GENUS,Tracheophyta,Magnoliopsida,Rosales,Rosaceae,Rosoideae,Rubus,,99.94,93,99.47,100,Rosaceae,Rubus,Rubus cochinchinensis;Rubus longior;Rubus negatus;Rubus oreades,NO,NO,YES,Assigned
ASV778,CLASS,Tracheophyta,Magnoliopsida,,,,,,99.92,84,99.34,100,Boraginaceae,Omphalodes,Omphalodes verna,NO,NO,NO,Assigned
ASV551,GENUS,Tracheophyta,Magnoliopsida,Rosales,Rosaceae,Rosoideae,Rubus,,99.91,93,99.73,100,Rosaceae,Rubus,Rubus cochinchinensis;Rubus longior;Rubus negatus;Rubus oreades,NO,NO,YES,Assigned
ASV543,GENUS,Tracheophyta,Magnoliopsida,Rosales,Rosaceae,Rosoideae,Rubus,,99.89,93,99.20,100,Rosaceae,Rubus,Rubus cochinchinensis;Rubus longior;Rubus negatus;Rubus oreades,NO,NO,YES,Assigned
ASV739,GENUS,Tracheophyta,Magnoliopsida,Fagales,Fagaceae,Quercoideae,Quercus,,99.88,72,98.93,100,Fagaceae,Quercus,Quercus aliena,NO,NO,NO,Assigned
ASV574,GENUS,Tracheophyta,Magnoliopsida,Rosales,Rosaceae,Rosoideae,Rubus,,99.83,90,100.00,100,Rosaceae,Rubus,Rubus dumetorum;Rubus lobatidens;Rubus plicatus,NO,NO,YES,Assigned
ASV670,GENUS,Tracheophyta,Magnoliopsida,Rosales,Rosaceae,Rosoideae,Rubus,,99.74,94,100.00,100,Rosaceae,Rubus,Rubus aciodonthus;Rubus adulans;Rubus arrheniiformis;Rubus asperidens;Rubus bovinus;Rubus braeuckeriformis;Rubus calotemnus;Rubus campaniensis;Rubus caninitergi;Rubus chloocladus;Rubus cochinchinensis;Rubus confusidens;Rubus dasyphyllus;Rubus dejonghii;Rubus diversus;Rubus eglandulosus;Rubus egregius;Rubus elegantispinosus;Rubus euryanthemus;Rubus flagelliflorus;Rubus flexuosus;Rubus frederici;Rubus gelertii;Rubus gloriosus;Rubus guestphalicus;Rubus hastiferus;Rubus henrici-weberi;Rubus holerythros;Rubus hypomalacus;Rubus insectifolius;Rubus integribasis;Rubus iuvenis;Rubus langei;Rubus lasiandrus;Rubus latiarcuatus;Rubus lindleianus;Rubus loehrii;Rubus muenteri;Rubus nemoralis;Rubus nitidiformis;Rubus opacus;Rubus planus;Rubus platyacanthus;Rubus plicatus;Rubus poliothyrsus;Rubus polyanthemus;Rubus praticolor;Rubus psilops;Rubus pugiunculosus;Rubus radula;Rubus raduloides;Rubus rubercadaver;Rubus rufescens;Rubus schlechtendalii;Rubus schleicheri;Rubus sciocharis;Rubus senticosus;Rubus tubanticus;Rubus vulgaris,NO,NO,YES,Assigned
ASV767,GENUS,Tracheophyta,Magnoliopsida,Rosales,Rosaceae,Rosoideae,Rubus,,99.67,95,99.47,100,Rosaceae,Rubus,Rubus aciodonthus;Rubus adulans;Rubus arrheniiformis;Rubus asperidens;Rubus bovinus;Rubus braeuckeriformis;Rubus calotemnus;Rubus campaniensis;Rubus caninitergi;Rubus chloocladus;Rubus cochinchinensis;Rubus confusidens;Rubus dasyphyllus;Rubus dejonghii;Rubus diversus;Rubus eglandulosus;Rubus egregius;Rubus elegantispinosus;Rubus euryanthemus;Rubus flagelliflorus;Rubus flexuosus;Rubus frederici;Rubus gelertii;Rubus gloriosus;Rubus guestphalicus;Rubus hastiferus;Rubus henrici-weberi;Rubus holerythros;Rubus hypomalacus;Rubus insectifolius;Rubus integribasis;Rubus iuvenis;Rubus langei;Rubus lasiandrus;Rubus latiarcuatus;Rubus loehrii;Rubus muenteri;Rubus nemoralis;Rubus nitidiformis;Rubus opacus;Rubus planus;Rubus platyacanthus;Rubus plicatus;Rubus poliothyrsus;Rubus polyanthemus;Rubus praticolor;Rubus psilops;Rubus pugiunculosus;Rubus radula;Rubus raduloides;Rubus rubercadaver;Rubus rufescens;Rubus schlechtendalii;Rubus sciocharis;Rubus senticosus;Rubus tubanticus;Rubus vulgaris,NO,NO,YES,Assigned
ASV736,GENUS,Tracheophyta,Magnoliopsida,Rosales,Rosaceae,Rosoideae,Rubus,,99.63,44,98.78,100,Rosaceae,Rubus,Rubus coreanus;Rubus inopertus;Rubus inopertus var. echinocalyx;Rubus mesogaeus;Rubus phoenicolasius;Rubus subinopertus,NO,NO,YES,Assigned
ASV609,GENUS,Tracheophyta,Magnoliopsida,Rosales,Rosaceae,Rosoideae,Rubus,,99.62,92,99.37,100,Rosaceae,Rubus,Rubus fruticosus agg.,NO,NO,NO,Assigned
ASV753,FAMILY,Tracheophyta,Magnoliopsida,Rosales,Rosaceae,,,,99.61,23,94.87,100,Rosaceae,Acaena,Acaena ovalifolia,NO,NO,NO,Assigned
ASV679,GENUS,Tracheophyta,Magnoliopsida,Rosales,Rosaceae,Rosoideae,Rubus,,99.59,96,99.73,100,Rosaceae,Rubus,Rubus leucandrus,NO,NO,NO,Assigned
ASV65,GENUS,Tracheophyta,Magnoliopsida,Rosales,Rosaceae,Rosoideae,Rubus,,99.58,98,99.77,100,Rosaceae,Rubus,Rubus fruticosus agg.,NO,NO,NO,Assigned
ASV596,GENUS,Tracheophyta,Magnoliopsida,Rosales,Rosaceae,Rosoideae,Rubus,,99.57,93,98.93,100,Rosaceae,Rubus,Rubus aciodonthus;Rubus adulans;Rubus arrheniiformis;Rubus bovinus;Rubus braeuckeriformis;Rubus calotemnus;Rubus campaniensis;Rubus caninitergi;Rubus chloocladus;Rubus cochinchinensis;Rubus dasyphyllus;Rubus dejonghii;Rubus diversus;Rubus eglandulosus;Rubus egregius;Rubus elegantispinosus;Rubus euryanthemus;Rubus flagelliflorus;Rubus flexuosus;Rubus frederici;Rubus gelertii;Rubus gloriosus;Rubus guestphalicus;Rubus hastiferus;Rubus henrici-weberi;Rubus hypomalacus;Rubus insectifolius;Rubus integribasis;Rubus iuvenis;Rubus langei;Rubus lasiandrus;Rubus latiarcuatus;Rubus muenteri;Rubus nemoralis;Rubus nitidiformis;Rubus opacus;Rubus planus;Rubus platyacanthus;Rubus plicatus;Rubus poliothyrsus;Rubus polyanthemus;Rubus praticolor;Rubus psilops;Rubus pugiunculosus;Rubus radula;Rubus raduloides;Rubus rubercadaver;Rubus rufescens;Rubus schlechtendalii;Rubus sciocharis;Rubus senticosus;Rubus tubanticus;Rubus vulgaris,NO,NO,YES,Assigned
ASV713,GENUS,Tracheophyta,Magnoliopsida,Rosales,Rosaceae,Rosoideae,Rubus,,99.52,92,99.08,100,Rosaceae,Rubus,Rubus fruticosus agg.,NO,NO,NO,Assigned
ASV547,GENUS,Tracheophyta,Magnoliopsida,Rosales,Rosaceae,Rosoideae,Rosa,,99.47,97,99.49,100,Rosaceae,Rosa,Rosa omeiensis,NO,NO,NO,Assigned
ASV734,GENUS,Tracheophyta,Magnoliopsida,Rosales,Rosaceae,Rosoideae,Rubus,,99.46,35,99.54,100,Rosaceae,Rubus,Rubus flagellaris;Rubus lasiandrus;Rubus pentagonus;Rubus pinnatisepalus;Rubus reflexus,NO,NO,YES,Assigned
ASV627,GENUS,Tracheophyta,Magnoliopsida,Rosales,Rosaceae,Rosoideae,Rubus,,99.34,98,100.00,100,Rosaceae,Rubus,Rubus aciodonthus;Rubus adulans;Rubus arrheniiformis;Rubus asperidens;Rubus bovinus;Rubus braeuckeriformis;Rubus calotemnus;Rubus campaniensis;Rubus caninitergi;Rubus chloocladus;Rubus cochinchinensis;Rubus confusidens;Rubus dasyphyllus;Rubus dejonghii;Rubus diversus;Rubus eglandulosus;Rubus egregius;Rubus elegantispinosus;Rubus euryanthemus;Rubus flagelliflorus;Rubus flexuosus;Rubus frederici;Rubus fruticosus agg.;Rubus gelertii;Rubus gloriosus;Rubus guestphalicus;Rubus hastiferus;Rubus henrici-weberi;Rubus holerythros;Rubus hypomalacus;Rubus insectifolius;Rubus integribasis;Rubus iuvenis;Rubus langei;Rubus lasiandrus;Rubus latiarcuatus;Rubus loehrii;Rubus muenteri;Rubus nemoralis;Rubus nitidiformis;Rubus opacus;Rubus planus;Rubus platyacanthus;Rubus plicatus;Rubus poliothyrsus;Rubus polyanthemus;Rubus praticolor;Rubus psilops;Rubus pugiunculosus;Rubus radula;Rubus raduloides;Rubus rubercadaver;Rubus rufescens;Rubus schlechtendalii;Rubus sciocharis;Rubus senticosus;Rubus tubanticus;Rubus vulgaris,NO,NO,YES,Assigned
ASV671,CLASS,Tracheophyta,Magnoliopsida,,,,,,99.3,95,99.30,100,Orobanchaceae;Rosaceae,Castilleja;Rubus,Castilleja unalaschcensis;Rubus cochinchinensis;Rubus fruticosus agg.;Rubus ichangensis;Rubus idaeus;Rubus parviflorus;Rubus pubescens;Rubus pungens var. indefensus;Rubus saxatilis;Rubus sumatranus,YES,YES,YES,Assigned
ASV60,CLASS,Tracheophyta,Magnoliopsida,,,,,,99.24,95,100.00,100,Ranunculaceae,Helleborus,Helleborus viridis,NO,NO,NO,Assigned
ASV756,GENUS,Tracheophyta,Magnoliopsida,Rosales,Rosaceae,Rosoideae,Rubus,,99.22,86,100.00,100,Rosaceae,Rubus,Rubus cochinchinensis;Rubus idaeus,NO,NO,YES,Assigned
ASV677,SUBFAMILY,Tracheophyta,Magnoliopsida,Lamiales,Plantaginaceae,Digitalidoideae,,,98.89,50,100.00,100,Plantaginaceae,Veronica,Veronica officinalis,NO,NO,NO,Assigned
ASV538,CLASS,Tracheophyta,Magnoliopsida,,,,,,98.72,94,99.15,100,Boraginaceae;Orobanchaceae,Castilleja;Mertensia,Castilleja yukonis;Mertensia longiflora;Mertensia maritima;Mertensia paniculata,YES,YES,YES,Assigned
ASV7,GENUS,Tracheophyta,Magnoliopsida,Rosales,Rosaceae,Rosoideae,Rubus,,98.7,86,100.00,100,Rosaceae,Rubus,Rubus cochinchinensis;Rubus idaeus;Rubus saxatilis,NO,NO,YES,Assigned
ASV73,GENUS,Tracheophyta,Magnoliopsida,Rosales,Rosaceae,Rosoideae,Rubus,,98.66,87,100.00,100,Rosaceae,Rubus,Rubus cochinchinensis;Rubus idaeus,NO,NO,YES,Assigned
ASV71,GENUS,Tracheophyta,Magnoliopsida,Rosales,Rosaceae,Rosoideae,Rubus,,98.54,79,99.77,100,Rosaceae,Rubus,Rubus idaeus;Rubus saxatilis,NO,NO,YES,Assigned
ASV647,GENUS,Tracheophyta,Magnoliopsida,Rosales,Rosaceae,Rosoideae,Rubus,,98.48,69,100.00,100,Rosaceae,Rubus,Rubus cochinchinensis;Rubus coreanus;Rubus idaeus;Rubus phoenicolasius;Rubus saxatilis,NO,NO,YES,Assigned
ASV766,GENUS,Tracheophyta,Magnoliopsida,Rosales,Rosaceae,Amygdaloideae,Prunus,,98.28,83,100.00,100,Rosaceae,Prunus,Prunus domestica subsp. insititia;Prunus tenella,NO,NO,YES,Assigned
ASV720,GENUS,Tracheophyta,Magnoliopsida,Boraginales,Boraginaceae,,Omphalodes,,98.12,6,99.34,100,Boraginaceae,Omphalodes,Omphalodes verna,NO,NO,NO,Assigned
ASV788,GENUS,Tracheophyta,Magnoliopsida,Rosales,Rosaceae,Amygdaloideae,Sorbus,,96.65,66,99.77,100,Rosaceae,Sorbus,Sorbus arranensis;Sorbus cuneifolia,NO,NO,YES,Assigned
ASV643,GENUS,Tracheophyta,Magnoliopsida,Rosales,Rosaceae,Amygdaloideae,Sorbus,,96.58,52,100.00,100,Rosaceae,Sorbus,Sorbus aucuparia;Sorbus minima,NO,NO,YES,Assigned
ASV625,SPECIES,Tracheophyta,Magnoliopsida,Malpighiales,Euphorbiaceae,,Mercurialis,Mercurialis perennis,95.89,9,99.33,100,Euphorbiaceae,Mercurialis,Mercurialis perennis,NO,NO,NO,Assigned
ASV765,SUBFAMILY,Tracheophyta,Magnoliopsida,Brassicales,Brassicaceae,Brassicoideae,,,94.64,51,98.51,100,Myrsinaceae,Anagallis,Anagallis arvensis,NO,NO,NO,Assigned
ASV624,SUBFAMILY,Tracheophyta,Magnoliopsida,Brassicales,Brassicaceae,Brassicoideae,,,92.85,55,100.00,100,Myrsinaceae,Anagallis,Anagallis arvensis,NO,NO,NO,Assigned
ASV664,SUBFAMILY,Tracheophyta,Magnoliopsida,Rosales,Rosaceae,Amygdaloideae,,,91.75,16,100.00,100,Juglandaceae,Platycarya,,NO,NO,NO,Assigned
ASV786,GENUS,Tracheophyta,Magnoliopsida,Lamiales,Oleaceae,,Fraxinus,,91.14,50,100.00,100,Oleaceae,Fraxinus,Fraxinus excelsior,NO,NO,NO,Assigned
ASV702,SPECIES,Tracheophyta,Magnoliopsida,Lamiales,Oleaceae,,Fraxinus,Fraxinus excelsior,91.03,24,99.77,100,Oleaceae,Fraxinus,Fraxinus excelsior,NO,NO,NO,Assigned
ASV644,SUBFAMILY,Tracheophyta,Magnoliopsida,Asterales,Campanulaceae,Campanuloideae,,,86.15,8,98.69,100,Boraginaceae,Omphalodes,Omphalodes verna,NO,NO,NO,Assigned
ASV732,GENUS,Tracheophyta,Magnoliopsida,Ranunculales,Ranunculaceae,Ranunculoideae,Aconitum,,86.04,26,99.34,100,Ranunculaceae,Aconitum,Aconitum lycoctonum;Aconitum moldavicum,NO,NO,YES,Assigned
ASV690,SUBFAMILY,Tracheophyta,Magnoliopsida,Ranunculales,Ranunculaceae,Ranunculoideae,,,85.51,25,98.73,100,Ranunculaceae,Aconitum,Aconitum barbatum var. puberulum,NO,NO,NO,Assigned
ASV755,ORDER,Tracheophyta,Magnoliopsida,Saxifragales,,,,,83.49,58,100.00,100,Saxifragaceae,Micranthes;Saxifraga,Micranthes razshivinii;Saxifraga bronchialis;Saxifraga mertensiana,NO,YES,YES,Assigned
ASV743,GENUS,Tracheophyta,Magnoliopsida,Lamiales,Lamiaceae,Lamioideae,Lamium,,83.29,10,98.49,100,Lamiaceae,Lamium,Lamium galeobdolon subsp. flavidum,NO,NO,NO,Assigned
ASV781,FAMILY,Tracheophyta,Magnoliopsida,Rosales,Rosaceae,,,,82.0,41,94.00,100,Geraniaceae;Rosaceae;Urticaceae,Alchemilla;Aphanes;Drymocallis;Erodium;Filipendula;Geranium;Geum;Parietaria;Potentilla;Rosa;Rubus;Sibbaldia,Alchemilla alpina;Alchemilla conjuncta;Alchemilla filicaulis;Alchemilla glabra;Alchemilla glaucescens;Alchemilla glomerulans;Alchemilla micans;Alchemilla sciura;Alchemilla subcrenata;Alchemilla subglobosa;Alchemilla vulgaris;Alchemilla wichurae;Alchemilla xanthochlora;Aphanes arvensis;Aphanes australis;Drymocallis rupestris;Erodium maritimum;Filipendula ulmaria;Filipendula vulgaris;Geranium rotundifolium;Geum urbanum;Parietaria debilis;Potentilla anserina;Potentilla argentea;Potentilla indica;Potentilla pensylvanica;Rosa arvensis;Rosa canina;Rosa micrantha;Rosa obtusifolia;Rosa sherardii;Rosa spinosissima;Rosa tomentosa;Rubus arcticus;Rubus caesius;Rubus cochinchinensis;Rubus fruticosus agg.;Rubus idaeus;Rubus reflexus var. lanceolobus;Rubus saxatilis;Rubus sumatranus;Rubus urticifolius;Sibbaldia procumbens,YES,YES,YES,Assigned
ASV595,SUBFAMILY,Tracheophyta,Magnoliopsida,Ranunculales,Ranunculaceae,Ranunculoideae,,,81.26,23,98.41,100,Ranunculaceae,Aconitum,Aconitum barbatum var. puberulum,NO,NO,NO,Assigned
ASV54,Unassigned,,,,,,,,,0,,0,,,,NO,NO,NO,Unassigned
ASV540,Unassigned,,,,,,,,,0,,0,,,,NO,NO,NO,Unassigned
ASV541,Unassigned,,,,,,,,,0,,0,,,,NO,NO,NO,Unassigned
ASV542,Unassigned,,,,,,,,,0,,0,,,,NO,NO,NO,Unassigned
ASV55,Unassigned,,,,,,,,,0,,0,,,,NO,NO,NO,Unassigned
ASV56,Unassigned,,,,,,,,,0,,0,,,,NO,NO,NO,Unassigned
ASV560,Unassigned,,,,,,,,,0,,0,,,,NO,NO,NO,Unassigned
ASV561,Unassigned,,,,,,,,,0,,0,,,,NO,NO,NO,Unassigned
ASV57,Unassigned,,,,,,,,,0,,0,,,,NO,NO,NO,Unassigned
ASV58,Unassigned,,,,,,,,,0,,0,,,,NO,NO,NO,Unassigned
ASV582,Unassigned,,,,,,,,,0,,0,,,,NO,NO,NO,Unassigned
ASV601,Unassigned,,,,,,,,,0,,0,,,,NO,NO,NO,Unassigned
ASV67,Unassigned,,,,,,,,,0,,0,,,,NO,NO,NO,Unassigned
ASV675,Unassigned,,,,,,,,,0,82.00,100,Chlorodendraceae,Tetraselmis,Tetraselmis sp. KMMCC 1449,NO,NO,NO,Unassigned
ASV70,Unassigned,,,,,,,,,0,,0,,,,NO,NO,NO,Unassigned
ASV725,Unassigned,,,,,,,,,0,,0,,,,NO,NO,NO,Unassigned
ASV726,Unassigned,,,,,,,,,0,,0,,,,NO,NO,NO,Unassigned
ASV727,Unassigned,,,,,,,,,0,,0,,,,NO,NO,NO,Unassigned
ASV74,Unassigned,,,,,,,,,0,,0,,,,NO,NO,NO,Unassigned
ASV741,Unassigned,,,,,,,,,0,,0,,,,NO,NO,NO,Unassigned
ASV762,Unassigned,,,,,,,,,0,,0,,,,NO,NO,NO,Unassigned
ASV77,Unassigned,,,,,,,,,0,,0,,,,NO,NO,NO,Unassigned
ASV78,Unassigned,,,,,,,,,0,,0,,,,NO,NO,NO,Unassigned
ASV780,Unassigned,,,,,,,,,0,84.16,100,Chlorodendraceae,Tetraselmis,Tetraselmis sp. KMMCC 1449,NO,NO,NO,Unassigned
ASV782,Unassigned,,,,,,,,,0,,0,,,,NO,NO,NO,Unassigned
ASV784,Unassigned,,,,,,,,,0,,0,,,,NO,NO,NO,Unassigned
ASV790,Unassigned,,,,,,,,,0,,0,,,,NO,NO,NO,Unassigned
ASV836,GENUS,Tracheophyta,Magnoliopsida,Rosales,Rosaceae,Rosoideae,Rubus,,100.0,100,98.93,100,Rosaceae,Rubus,Rubus aciodonthus;Rubus adulans;Rubus arrheniiformis;Rubus asperidens;Rubus bovinus;Rubus braeuckeriformis;Rubus calotemnus;Rubus campaniensis;Rubus caninitergi;Rubus chloocladus;Rubus cochinchinensis;Rubus condensatus;Rubus confusidens;Rubus dasyphyllus;Rubus dejonghii;Rubus diversus;Rubus eglandulosus;Rubus egregius;Rubus elegantispinosus;Rubus euryanthemus;Rubus flagelliflorus;Rubus flexuosus;Rubus foersteri;Rubus frederici;Rubus gelertii;Rubus gloriosus;Rubus guestphalicus;Rubus hastiferus;Rubus henrici-weberi;Rubus holerythros;Rubus hypomalacus;Rubus insectifolius;Rubus integribasis;Rubus iuvenis;Rubus langei;Rubus lasiandrus;Rubus latiarcuatus;Rubus lindleianus;Rubus loehrii;Rubus muenteri;Rubus muridens;Rubus negatus;Rubus nemoralis;Rubus nitidiformis;Rubus opacus;Rubus picearum;Rubus planus;Rubus platyacanthus;Rubus plicatus;Rubus poliothyrsus;Rubus polyanthemus;Rubus praticolor;Rubus procerus;Rubus psilops;Rubus pugiunculosus;Rubus radula;Rubus raduloides;Rubus rubercadaver;Rubus rufescens;Rubus schlechtendalii;Rubus schleicheri;Rubus sciocharis;Rubus senticosus;Rubus tubanticus;Rubus vulgaris,NO,NO,YES,Assigned
ASV867,GENUS,Tracheophyta,Magnoliopsida,Rosales,Rosaceae,Rosoideae,Rubus,,100.0,100,100.00,100,Rosaceae,Rubus,Rubus aciodonthus;Rubus adulans;Rubus amisiensis;Rubus aphidifer;Rubus arrheniiformis;Rubus bertramii;Rubus bovinus;Rubus braeuckeriformis;Rubus caesius;Rubus calotemnus;Rubus campaniensis;Rubus caninitergi;Rubus chloocladus;Rubus cochinchinensis;Rubus dasyphyllus;Rubus dejonghii;Rubus divaricatus;Rubus eglandulosus;Rubus eifeliensis;Rubus euryanthemus;Rubus flagelliflorus;Rubus flexuosus;Rubus foliosus;Rubus frederici;Rubus gelertii;Rubus gloriosus;Rubus griesiae;Rubus guestphalicus;Rubus hastiferus;Rubus henrici-weberi;Rubus horrefactus;Rubus hypomalacus;Rubus incisior;Rubus insectifolius;Rubus integribasis;Rubus iuvenis;Rubus langei;Rubus lasiandrus;Rubus latiarcuatus;Rubus leucandrus;Rubus lindebergii;Rubus lobatidens;Rubus magnisepalus;Rubus montanus;Rubus muenteri;Rubus mus;Rubus nemoralis;Rubus nemoripatens;Rubus nitidiformis;Rubus opacus;Rubus oreades;Rubus phoenicolasius;Rubus plicatus;Rubus poliothyrsus;Rubus polyanthemus;Rubus praticolor;Rubus psilops;Rubus pugiunculosus;Rubus radula;Rubus raduloides;Rubus rubercadaver;Rubus rufescens;Rubus schlechtendalii;Rubus scidularum;Rubus sciocharis;Rubus senticosus;Rubus spiculus;Rubus tubanticus;Rubus ubericus;Rubus vulgaris,NO,NO,YES,Assigned
ASV938,GENUS,Tracheophyta,Magnoliopsida,Rosales,Rosaceae,Rosoideae,Rubus,,100.0,100,100.00,100,Rosaceae,Rubus,Rubus cochinchinensis;Rubus longior;Rubus negatus;Rubus oreades,NO,NO,YES,Assigned
ASV969,GENUS,Tracheophyta,Magnoliopsida,Rosales,Rosaceae,Rosoideae,Rubus,,100.0,100,99.42,100,Rosaceae,Rubus,Rubus sp. Glandulosi MS-2014b,NO,NO,NO,Assigned
ASV990,GENUS,Tracheophyta,Magnoliopsida,Rosales,Rosaceae,Rosoideae,Rubus,,100.0,100,100.00,100,Rosaceae,Rubus,Rubus aciodonthus;Rubus adulans;Rubus arrheniiformis;Rubus asperidens;Rubus bovinus;Rubus braeuckeriformis;Rubus calotemnus;Rubus campaniensis;Rubus caninitergi;Rubus chloocladus;Rubus cochinchinensis;Rubus condensatus;Rubus confusidens;Rubus dasyphyllus;Rubus dejonghii;Rubus diversus;Rubus eglandulosus;Rubus egregius;Rubus elegantispinosus;Rubus euryanthemus;Rubus flagelliflorus;Rubus flexuosus;Rubus foersteri;Rubus frederici;Rubus fruticosus agg.;Rubus gelertii;Rubus gloriosus;Rubus guestphalicus;Rubus hastiferus;Rubus henrici-weberi;Rubus holerythros;Rubus hypomalacus;Rubus insectifolius;Rubus integribasis;Rubus iuvenis;Rubus langei;Rubus lasiandrus;Rubus latiarcuatus;Rubus lindleianus;Rubus loehrii;Rubus muenteri;Rubus muridens;Rubus negatus;Rubus nemoralis;Rubus nitidiformis;Rubus opacus;Rubus picearum;Rubus planus;Rubus platyacanthus;Rubus plicatus;Rubus poliothyrsus;Rubus polyanthemus;Rubus praticolor;Rubus procerus;Rubus psilops;Rubus pugiunculosus;Rubus radula;Rubus raduloides;Rubus rubercadaver;Rubus rufescens;Rubus schlechtendalii;Rubus schleicheri;Rubus sciocharis;Rubus senticosus;Rubus tubanticus;Rubus vulgaris,NO,NO,YES,Assigned
ASV846,GENUS,Tracheophyta,Magnoliopsida,Rosales,Rosaceae,Rosoideae,Rubus,,100.0,99,99.20,100,Rosaceae,Rubus,Rubus cochinchinensis;Rubus longior;Rubus negatus;Rubus oreades,NO,NO,YES,Assigned
ASV845,GENUS,Tracheophyta,Magnoliopsida,Rosales,Rosaceae,Rosoideae,Rubus,,100.0,97,99.47,100,Rosaceae,Rubus,Rubus cordiformis;Rubus surrectus,NO,NO,YES,Assigned
ASV908,GENUS,Tracheophyta,Magnoliopsida,Rosales,Rosaceae,Rosoideae,Rubus,,100.0,97,100.00,100,Rosaceae,Rubus,Rubus cochinchinensis;Rubus idaeus,NO,NO,YES,Assigned
ASV874,CLASS,Tracheophyta,Magnoliopsida,,,,,,100.0,95,100.00,100,Ranunculaceae,Helleborus,Helleborus niger,NO,NO,NO,Assigned
ASV801,CLASS,Tracheophyta,Magnoliopsida,,,,,,100.0,94,98.48,100,Ranunculaceae,Eranthis,Eranthis hyemalis,NO,NO,NO,Assigned
ASV881,CLASS,Tracheophyta,Magnoliopsida,,,,,,100.0,94,98.51,100,Boraginaceae,Omphalodes,Omphalodes verna,NO,NO,NO,Assigned
ASV89,CLASS,Tracheophyta,Magnoliopsida,,,,,,100.0,94,100.00,100,Euphorbiaceae,Mercurialis,Mercurialis perennis,NO,NO,NO,Assigned
ASV976,CLASS,Tracheophyta,Magnoliopsida,,,,,,100.0,94,98.36,100,Boraginaceae,Omphalodes,Omphalodes verna,NO,NO,NO,Assigned
ASV796,CLASS,Tracheophyta,Magnoliopsida,,,,,,100.0,93,97.89,100,Vitaceae,Causonis,Causonis mollis,NO,NO,NO,Assigned
ASV802,CLASS,Tracheophyta,Magnoliopsida,,,,,,100.0,93,100.00,100,Celastraceae,Euonymus,Euonymus europaeus,NO,NO,NO,Assigned
ASV859,CLASS,Tracheophyta,Magnoliopsida,,,,,,100.0,93,98.69,100,Boraginaceae,Omphalodes,Omphalodes verna,NO,NO,NO,Assigned
ASV810,CLASS,Tracheophyta,Magnoliopsida,,,,,,100.0,91,99.10,100,Celastraceae,Euonymus,Euonymus latifolius,NO,NO,NO,Assigned
ASV914,CLASS,Tracheophyta,Magnoliopsida,,,,,,100.0,91,99.70,100,Ulmaceae,Ulmus,Ulmus procera,NO,NO,NO,Assigned
ASV840,CLASS,Tracheophyta,Magnoliopsida,,,,,,100.0,90,99.54,100,Ulmaceae,Ulmus,Ulmus glabra;Ulmus procera,NO,NO,YES,Assigned
ASV8,CLASS,Tracheophyta,Magnoliopsida,,,,,,100.0,89,99.34,100,Boraginaceae,Omphalodes,Omphalodes verna,NO,NO,NO,Assigned
ASV897,CLASS,Tracheophyta,Magnoliopsida,,,,,,100.0,87,99.02,100,Boraginaceae,Omphalodes,Omphalodes verna,NO,NO,NO,Assigned
ASV842,GENUS,Tracheophyta,Magnoliopsida,Rosales,Rosaceae,Rosoideae,Rubus,,100.0,82,98.16,100,Rosaceae,Rubus,Rubus fruticosus agg.,NO,NO,NO,Assigned
ASV921,GENUS,Tracheophyta,Magnoliopsida,Rosales,Rosaceae,Rosoideae,Rubus,,100.0,73,97.71,100,Rosaceae,Rubus,Rubus fruticosus agg.,NO,NO,NO,Assigned
ASV876,GENUS,Tracheophyta,Magnoliopsida,Rosales,Rosaceae,Rosoideae,Rubus,,100.0,56,97.48,100,Rosaceae,Rubus,Rubus fruticosus agg.,NO,NO,NO,Assigned
ASV915,FAMILY,Tracheophyta,Magnoliopsida,Apiales,Araliaceae,,,,100.0,35,95.72,100,Araliaceae,Hedera,Hedera helix,NO,NO,NO,Assigned
ASV973,FAMILY,Tracheophyta,Magnoliopsida,Rosales,Rosaceae,,,,100.0,22,97.69,100,Rosaceae,Sorbus,Sorbus scopulina,NO,NO,NO,Assigned
ASV943,GENUS,Tracheophyta,Magnoliopsida,Rosales,Rosaceae,Rosoideae,Fragaria,,100.0,16,98.31,100,Rosaceae,Fragaria,Fragaria vesca,NO,NO,NO,Assigned
ASV962,GENUS,Tracheophyta,Magnoliopsida,Rosales,Rosaceae,Rosoideae,Rubus,,100.0,7,96.76,100,Rosaceae,Rubus,Rubus fruticosus agg.,NO,NO,NO,Assigned
ASV886,SUBFAMILY,Tracheophyta,Magnoliopsida,Rosales,Rosaceae,Rosoideae,,,100.0,4,99.51,100,Rosaceae,Aremonia,Aremonia agrimonioides,NO,NO,NO,Assigned
ASV903,SUBFAMILY,Tracheophyta,Magnoliopsida,Rosales,Rosaceae,Rosoideae,,,100.0,3,96.40,100,Rosaceae,Fragaria,Fragaria vesca,NO,NO,NO,Assigned
ASV955,SUBFAMILY,Tracheophyta,Magnoliopsida,Rosales,Rosaceae,Rosoideae,,,100.0,3,96.16,100,Rosaceae,Fragaria,Fragaria vesca,NO,NO,NO,Assigned
ASV99,GENUS,Tracheophyta,Magnoliopsida,Rosales,Rosaceae,Rosoideae,Rubus,,99.66,95,99.47,100,Rosaceae,Rubus,Rubus aciodonthus;Rubus adulans;Rubus arrheniiformis;Rubus asperidens;Rubus bovinus;Rubus braeuckeriformis;Rubus calotemnus;Rubus campaniensis;Rubus caninitergi;Rubus chloocladus;Rubus cochinchinensis;Rubus confusidens;Rubus dasyphyllus;Rubus dejonghii;Rubus diversus;Rubus eglandulosus;Rubus egregius;Rubus elegantispinosus;Rubus euryanthemus;Rubus flagelliflorus;Rubus flexuosus;Rubus frederici;Rubus gelertii;Rubus gloriosus;Rubus guestphalicus;Rubus hastiferus;Rubus henrici-weberi;Rubus holerythros;Rubus hypomalacus;Rubus insectifolius;Rubus integribasis;Rubus iuvenis;Rubus langei;Rubus lasiandrus;Rubus latiarcuatus;Rubus loehrii;Rubus muenteri;Rubus nemoralis;Rubus nitidiformis;Rubus opacus;Rubus planus;Rubus platyacanthus;Rubus plicatus;Rubus poliothyrsus;Rubus polyanthemus;Rubus praticolor;Rubus psilops;Rubus pugiunculosus;Rubus radula;Rubus raduloides;Rubus rubercadaver;Rubus rufescens;Rubus schlechtendalii;Rubus sciocharis;Rubus senticosus;Rubus tubanticus;Rubus vulgaris,NO,NO,YES,Assigned
ASV919,GENUS,Tracheophyta,Magnoliopsida,Ranunculales,Ranunculaceae,Ranunculoideae,Clematis,,99.41,62,100.00,100,Ranunculaceae,Clematis,Clematis vitalba,NO,NO,NO,Assigned
ASV880,GENUS,Tracheophyta,Magnoliopsida,Rosales,Rosaceae,Rosoideae,Rubus,,99.4,94,99.20,100,Rosaceae,Rubus,Rubus cochinchinensis;Rubus longior;Rubus negatus;Rubus oreades,NO,NO,YES,Assigned
ASV975,CLASS,Tracheophyta,Magnoliopsida,,,,,,99.3,95,99.30,100,Orobanchaceae;Rosaceae,Castilleja;Rubus,Castilleja unalaschcensis;Rubus cochinchinensis;Rubus fruticosus agg.;Rubus ichangensis;Rubus idaeus;Rubus parviflorus;Rubus pubescens;Rubus pungens var. indefensus;Rubus saxatilis;Rubus sumatranus,YES,YES,YES,Assigned
ASV83,GENUS,Tracheophyta,Magnoliopsida,Rosales,Rosaceae,Rosoideae,Rubus,,99.29,97,99.73,100,Rosaceae,Rubus,Rubus cochinchinensis;Rubus longior;Rubus negatus;Rubus oreades,NO,NO,YES,Assigned
ASV820,GENUS,Tracheophyta,Magnoliopsida,Fagales,Fagaceae,Quercoideae,Quercus,,99.24,76,99.68,100,Fagaceae,Quercus,Quercus falcata,NO,NO,NO,Assigned
ASV961,CLASS,Tracheophyta,Magnoliopsida,,,,,,99.22,95,99.77,100,Ranunculaceae,Helleborus,Helleborus viridis,NO,NO,NO,Assigned
ASV923,CLASS,Tracheophyta,Magnoliopsida,,,,,,99.17,94,99.23,100,Viburnaceae,Adoxa,Adoxa moschatellina,NO,NO,NO,Assigned
ASV93,GENUS,Tracheophyta,Magnoliopsida,Malpighiales,Violaceae,Violoideae,Viola,,99.11,94,99.77,100,Violaceae,Viola,Viola reichenbachiana;Viola riviniana,NO,NO,YES,Assigned
ASV88,GENUS,Tracheophyta,Magnoliopsida,Rosales,Rosaceae,Rosoideae,Rubus,,98.54,78,99.77,100,Rosaceae,Rubus,Rubus idaeus;Rubus saxatilis,NO,NO,YES,Assigned
ASV922,GENUS,Tracheophyta,Magnoliopsida,Fagales,Betulaceae,Coryloideae,Corylus,,98.3,57,99.58,100,Betulaceae,Corylus,Corylus heterophylla var. sutchuenensis,NO,NO,NO,Assigned
ASV981,GENUS,Tracheophyta,Magnoliopsida,Fagales,Fagaceae,Quercoideae,Quercus,,98.25,88,99.66,100,Fagaceae,Quercus,Quercus sadleriana,NO,NO,NO,Assigned
ASV905,GENUS,Tracheophyta,Magnoliopsida,Boraginales,Boraginaceae,,Omphalodes,,98.25,6,99.34,100,Boraginaceae,Omphalodes,Omphalodes verna,NO,NO,NO,Assigned
ASV856,GENUS,Tracheophyta,Magnoliopsida,Rosales,Rosaceae,Amygdaloideae,Crataegus,,98.12,21,99.77,100,Rosaceae,Crataegus,Crataegus laevigata,NO,NO,NO,Assigned
ASV879,GENUS,Tracheophyta,Magnoliopsida,Rosales,Rosaceae,Amygdaloideae,Sorbus,,97.46,44,100.00,100,Rosaceae,Sorbus,Sorbus aucuparia,NO,NO,NO,Assigned
ASV871,GENUS,Tracheophyta,Magnoliopsida,Rosales,Rosaceae,Amygdaloideae,Prunus,,96.81,78,99.77,100,Rosaceae,Prunus,Prunus avium;Prunus emarginata,NO,NO,YES,Assigned
ASV995,CLASS,Tracheophyta,Magnoliopsida,,,,,,96.75,89,99.73,100,Euphorbiaceae,Euphorbia,Euphorbia carniolica,NO,NO,NO,Assigned
ASV993,GENUS,Tracheophyta,Magnoliopsida,Malpighiales,Violaceae,Violoideae,Viola,,96.53,68,99.19,100,Juncaceae,Juncus,Juncus brevicaudatus,NO,NO,NO,Assigned
ASV902,GENUS,Tracheophyta,Magnoliopsida,Rosales,Rosaceae,Amygdaloideae,Sorbus,,96.31,72,99.77,100,Rosaceae,Sorbus,Sorbus leyana,NO,NO,NO,Assigned
ASV813,ORDER,Tracheophyta,Magnoliopsida,Lamiales,,,,,91.78,43,91.11,100,Plantaginaceae,Gratiola,Gratiola aurea;Gratiola japonica,NO,NO,YES,Assigned
ASV942,FAMILY,Tracheophyta,Magnoliopsida,Boraginales,Boraginaceae,,,,91.36,47,99.21,100,Boraginaceae,Amsinckia;Cryptantha;Cynoglossum;Myosotis,Amsinckia menziesii;Cryptantha parviflora;Cynoglossum germanicum;Myosotis secunda,NO,YES,YES,Assigned
ASV935,CLASS,Tracheophyta,Magnoliopsida,,,,,,91.19,74,99.68,100,Rosaceae,Crataegus,Crataegus laevigata;Crataegus monogyna,NO,NO,YES,Assigned
ASV909,GENUS,Tracheophyta,Magnoliopsida,Apiales,Araliaceae,,Hedera,,90.71,9,97.36,100,Araliaceae;Ranunculaceae,Clematis;Hedera,Clematis flammula;Hedera helix;Hedera helix subsp. helix,YES,YES,YES,Assigned
ASV865,SUBFAMILY,Tracheophyta,Magnoliopsida,Rosales,Rosaceae,Rosoideae,,,89.38,62,100.00,100,Orobanchaceae;Rosaceae,Castilleja;Potentilla;Rosa;Rubus,Castilleja unalaschcensis;Potentilla sterilis;Rosa spinosissima;Rubus coreanus;Rubus ichangensis;Rubus idaeus;Rubus lambertianus;Rubus saxatilis;Rubus shihae,YES,YES,YES,Assigned
ASV951,ORDER,Tracheophyta,Magnoliopsida,Asterales,,,,,87.9,85,97.26,100,Boraginaceae;Cucurbitaceae,Paracaryum;Thladiantha,Paracaryum rugulosum;Thladiantha cordifolia,YES,YES,YES,Assigned
ASV795,SUBFAMILY,Tracheophyta,Magnoliopsida,Apiales,Apiaceae,Apioideae,,,87.66,20,99.39,100,Apiaceae,Aegopodium,Aegopodium podagraria,NO,NO,NO,Assigned
ASV862,FAMILY,Tracheophyta,Magnoliopsida,Boraginales,Boraginaceae,,,,86.97,74,100.00,100,Boraginaceae,Cynoglossum;Lappula,Cynoglossum officinale;Lappula balchaschensis,NO,YES,YES,Assigned
ASV873,GENUS,Tracheophyta,Magnoliopsida,Apiales,Araliaceae,,Hedera,,86.68,5,96.92,100,Araliaceae;Ranunculaceae,Clematis;Hedera,Clematis flammula;Hedera helix;Hedera helix subsp. helix,YES,YES,YES,Assigned
ASV966,GENUS,Tracheophyta,Magnoliopsida,Boraginales,Boraginaceae,,Pulmonaria,,85.71,31,99.75,100,Boraginaceae,Pulmonaria,Pulmonaria obscura,NO,NO,NO,Assigned
ASV972,SUBFAMILY,Tracheophyta,Magnoliopsida,Brassicales,Brassicaceae,Brassicoideae,,,84.15,48,100.00,100,Myrsinaceae,Anagallis,Anagallis arvensis,NO,NO,NO,Assigned
ASV977,GENUS,Tracheophyta,Magnoliopsida,Rosales,Ulmaceae,,Ulmus,,82.13,50,100.00,100,Ulmaceae,Ulmus,Ulmus castaneifolia;Ulmus davidiana;Ulmus glabra;Ulmus glabra Huds.;Ulmus glaucescens;Ulmus minor;Ulmus pumila;Ulmus rubra,NO,NO,YES,Assigned
ASV999,FAMILY,Tracheophyta,Magnoliopsida,Asterales,Asteraceae,,,,80.49,81,100.00,100,Asteraceae,Carlina;Cirsium;Saussurea,Carlina vulgaris;Cirsium acaule;Cirsium oleraceum;Saussurea alpina;Saussurea angustifolia,NO,YES,YES,Assigned
ASV806,FAMILY,Tracheophyta,Magnoliopsida,Boraginales,Boraginaceae,,,,72.74,53,100.00,100,Boraginaceae,Lappula,Lappula balchaschensis,NO,NO,NO,Low-confidence
ASV854,FAMILY,Tracheophyta,Magnoliopsida,Rosales,Ulmaceae,,,,70.18,61,100.00,100,Ulmaceae,Ulmus,Ulmus bergmanniana;Ulmus castaneifolia;Ulmus davidiana;Ulmus glabra;Ulmus glabra Huds.;Ulmus glaucescens;Ulmus minor;Ulmus procera;Ulmus pumila;Ulmus rubra,NO,NO,YES,Low-confidence
ASV792,Unassigned,,,,,,,,,0,,0,,,,NO,NO,NO,Unassigned
ASV793,Unassigned,,,,,,,,,0,,0,,,,NO,NO,NO,Unassigned
ASV81,Unassigned,,,,,,,,,0,,0,,,,NO,NO,NO,Unassigned
ASV816,Unassigned,,,,,,,,,0,,0,,,,NO,NO,NO,Unassigned
ASV817,Unassigned,,,,,,,,,0,,0,,,,NO,NO,NO,Unassigned
ASV818,Unassigned,,,,,,,,,0,,0,,,,NO,NO,NO,Unassigned
ASV84,Unassigned,,,,,,,,,0,,0,,,,NO,NO,NO,Unassigned
ASV843,Unassigned,,,,,,,,,0,84.16,100,Chlorodendraceae,Tetraselmis,Tetraselmis sp. KMMCC 1449,NO,NO,NO,Unassigned
ASV844,Unassigned,,,,,,,,,0,,0,,,,NO,NO,NO,Unassigned
ASV85,Unassigned,,,,,,,,,0,,0,,,,NO,NO,NO,Unassigned
ASV855,Unassigned,,,,,,,,,0,,0,,,,NO,NO,NO,Unassigned
ASV87,Unassigned,,,,,,,,,0,,0,,,,NO,NO,NO,Unassigned
ASV90,Unassigned,,,,,,,,,0,,0,,,,NO,NO,NO,Unassigned
ASV91,Unassigned,,,,,,,,,0,,0,,,,NO,NO,NO,Unassigned
ASV925,Unassigned,,,,,,,,,0,,0,,,,NO,NO,NO,Unassigned
ASV94,Unassigned,,,,,,,,,0,,0,,,,NO,NO,NO,Unassigned
ASV95,Unassigned,,,,,,,,,0,,0,,,,NO,NO,NO,Unassigned
ASV968,Unassigned,,,,,,,,,0,,0,,,,NO,NO,NO,Unassigned
ASV97,Unassigned,,,,,,,,,0,,0,,,,NO,NO,NO,Unassigned
ASV971,Unassigned,,,,,,,,,0,,0,,,,NO,NO,NO,Unassigned
