ASV,Total_reads,LME1636,LME1637,LME1656,LME1663,LME1668,LME1670,LME1679,LME1689,LME1692,LME1695,LME1698,LME1701,LME1702,LME1705,LME1708,LME1714,Tax_Rank,Phylum,Class,Order,Family,Subfamily,Genus,Species,Confidence,Supporting_Recs,Best_ID_percent,Number_of_BOLD_hits,Top_hit_families,Top_hit_genera,Top_hit_species,Ambiguous_family,Ambiguous_genus,Ambiguous_species,Assignment_status
ASV1,213803,9485,5117,15573,5881,15253,9213,7455,2036,0,16655,24710,23995,21726,24967,16183,15554,GENUS,Tracheophyta,Magnoliopsida,Rosales,Rosaceae,Rosoideae,Rubus,,99.33,98,100.00,100,Rosaceae,Rubus,Rubus aciodonthus;Rubus adulans;Rubus arrheniiformis;Rubus bovinus;Rubus braeuckeriformis;Rubus calotemnus;Rubus campaniensis;Rubus caninitergi;Rubus chloocladus;Rubus cochinchinensis;Rubus confusidens;Rubus dasyphyllus;Rubus dejonghii;Rubus diversus;Rubus eglandulosus;Rubus egregius;Rubus elegantispinosus;Rubus euryanthemus;Rubus flagelliflorus;Rubus flexuosus;Rubus frederici;Rubus fruticosus agg.;Rubus gelertii;Rubus gloriosus;Rubus guestphalicus;Rubus hastiferus;Rubus henrici-weberi;Rubus hypomalacus;Rubus insectifolius;Rubus integribasis;Rubus iuvenis;Rubus langei;Rubus lasiandrus;Rubus latiarcuatus;Rubus loehrii;Rubus muenteri;Rubus nemoralis;Rubus nitidiformis;Rubus opacus;Rubus planus;Rubus platyacanthus;Rubus plicatus;Rubus poliothyrsus;Rubus polyanthemus;Rubus praticolor;Rubus psilops;Rubus pugiunculosus;Rubus radula;Rubus raduloides;Rubus rubercadaver;Rubus rufescens;Rubus schlechtendalii;Rubus sciocharis;Rubus senticosus;Rubus tubanticus;Rubus vulgaris,NO,NO,YES,Assigned
ASV100,275,0,0,0,0,0,0,0,0,275,0,0,0,0,0,0,0,GENUS,Tracheophyta,Magnoliopsida,Rosales,Rosaceae,Rosoideae,Rubus,,98.55,79,99.77,100,Rosaceae,Rubus,Rubus idaeus;Rubus saxatilis,NO,NO,YES,Assigned
ASV1014,4,0,0,0,0,0,0,0,0,4,0,0,0,0,0,0,0,GENUS,Tracheophyta,Magnoliopsida,Rosales,Rosaceae,Rosoideae,Rubus,,100.0,6,97.24,100,Rosaceae,Rubus,Rubus acuminatus;Rubus stimulans;Rubus subornatus,NO,NO,YES,Assigned
ASV1017,4,0,0,0,0,0,0,0,0,0,4,0,0,0,0,0,0,GENUS,Tracheophyta,Magnoliopsida,Rosales,Rosaceae,Rosoideae,Rubus,,99.59,96,99.47,100,Rosaceae,Rubus,Rubus cochinchinensis;Rubus longior;Rubus negatus;Rubus oreades,NO,NO,YES,Assigned
ASV1028,4,0,0,0,0,0,0,0,0,0,0,0,0,0,0,4,0,GENUS,Tracheophyta,Magnoliopsida,Rosales,Rosaceae,Rosoideae,Rubus,,90.32,85,100.00,100,Betulaceae,Corylus,Corylus avellana;Corylus cornuta,NO,NO,YES,Assigned
ASV1031,4,0,0,0,0,0,0,0,0,0,0,0,0,0,0,0,4,FAMILY,Tracheophyta,Magnoliopsida,Malpighiales,Violaceae,,,,97.62,12,94.24,100,Violaceae,Viola,Viola adunca,NO,NO,NO,Assigned
ASV1032,4,0,0,0,0,0,0,0,0,0,0,0,0,0,0,0,4,SUBFAMILY,Tracheophyta,Magnoliopsida,Apiales,Apiaceae,Apioideae,,,100.0,5,98.86,100,Apiaceae,Meum,Meum athamanticum,NO,NO,NO,Assigned
ASV1033,4,0,0,0,0,0,0,0,0,0,0,0,0,0,0,0,4,CLASS,Tracheophyta,Magnoliopsida,,,,,,100.0,94,99.78,100,Euphorbiaceae,Mercurialis,Mercurialis perennis,NO,NO,NO,Assigned
ASV1035,4,0,0,0,0,0,0,0,0,0,0,0,0,0,0,0,4,CLASS,Tracheophyta,Magnoliopsida,,,,,,99.31,95,100.00,100,Asteraceae;Rosaceae;Sapindaceae,Acer;Dittrichia;Rubus,Acer pseudoplatanus;Dittrichia viscosa;Rubus aff. adenotrichos PGGS-2007;Rubus allegheniensis;Rubus arcticus;Rubus caesius;Rubus canadensis;Rubus chroosepalus;Rubus ellipticus;Rubus hispidus;Rubus pensilvanicus;Rubus pentagonus;Rubus pinnatisepalus;Rubus reflexus;Rubus ursinus,YES,YES,YES,Assigned
ASV1040,3,0,3,0,0,0,0,0,0,0,0,0,0,0,0,0,0,GENUS,Tracheophyta,Magnoliopsida,Boraginales,Boraginaceae,,Omphalodes,,98.2,6,99.34,100,Boraginaceae,Omphalodes,Omphalodes verna,NO,NO,NO,Assigned
ASV1041,3,0,3,0,0,0,0,0,0,0,0,0,0,0,0,0,0,SUBFAMILY,Tracheophyta,Magnoliopsida,Asterales,Asteraceae,Asteroideae,,,75.57,22,97.26,100,Cucurbitaceae,Thladiantha,Thladiantha cordifolia,NO,NO,NO,Low-confidence
ASV105,262,0,0,0,0,0,0,0,0,262,0,0,0,0,0,0,0,GENUS,Tracheophyta,Magnoliopsida,Rosales,Rosaceae,Rosoideae,Rubus,,98.54,78,99.77,100,Rosaceae,Rubus,Rubus idaeus;Rubus saxatilis,NO,NO,YES,Assigned
ASV1053,3,0,0,3,0,0,0,0,0,0,0,0,0,0,0,0,0,GENUS,Tracheophyta,Magnoliopsida,Rosales,Rosaceae,Rosoideae,Rubus,,100.0,100,99.75,100,Rosaceae,Rubus,Rubus aciodonthus;Rubus adulans;Rubus arrheniiformis;Rubus asperidens;Rubus bovinus;Rubus braeuckeriformis;Rubus calotemnus;Rubus campaniensis;Rubus caninitergi;Rubus chloocladus;Rubus cochinchinensis;Rubus condensatus;Rubus confusidens;Rubus dasyphyllus;Rubus dejonghii;Rubus diversus;Rubus eglandulosus;Rubus egregius;Rubus elegantispinosus;Rubus euryanthemus;Rubus flagelliflorus;Rubus flexuosus;Rubus foersteri;Rubus frederici;Rubus gelertii;Rubus gloriosus;Rubus guestphalicus;Rubus hastiferus;Rubus henrici-weberi;Rubus holerythros;Rubus hypomalacus;Rubus insectifolius;Rubus integribasis;Rubus iuvenis;Rubus langei;Rubus lasiandrus;Rubus latiarcuatus;Rubus lindleianus;Rubus loehrii;Rubus muenteri;Rubus muridens;Rubus negatus;Rubus nemoralis;Rubus nitidiformis;Rubus opacus;Rubus picearum;Rubus platyacanthus;Rubus plicatus;Rubus poliothyrsus;Rubus polyanthemus;Rubus praticolor;Rubus procerus;Rubus psilops;Rubus pugiunculosus;Rubus radula;Rubus raduloides;Rubus rubercadaver;Rubus rufescens;Rubus schlechtendalii;Rubus schleicheri;Rubus sciocharis;Rubus senticosus;Rubus tubanticus;Rubus vulgaris,NO,NO,YES,Assigned
ASV1057,3,0,0,0,0,3,0,0,0,0,0,0,0,0,0,0,0,GENUS,Tracheophyta,Magnoliopsida,Rosales,Rosaceae,Rosoideae,Rubus,,100.0,35,99.40,100,Rosaceae,Rubus,Rubus laciniatus;Rubus vestitus,NO,NO,YES,Assigned
ASV1058,3,0,0,0,0,3,0,0,0,0,0,0,0,0,0,0,0,GENUS,Tracheophyta,Magnoliopsida,Rosales,Rosaceae,Rosoideae,Rubus,,100.0,26,98.77,100,Rosaceae,Rubus,Rubus urticifolius,NO,NO,NO,Assigned
ASV1060,3,0,0,0,0,0,3,0,0,0,0,0,0,0,0,0,0,GENUS,Tracheophyta,Magnoliopsida,Rosales,Rosaceae,Rosoideae,Rubus,,99.45,37,99.54,100,Rosaceae,Rubus,Rubus flagellaris;Rubus lasiandrus;Rubus pentagonus;Rubus pinnatisepalus;Rubus reflexus,NO,NO,YES,Assigned
ASV1061,3,0,0,0,0,0,3,0,0,0,0,0,0,0,0,0,0,FAMILY,Tracheophyta,Magnoliopsida,Asterales,Asteraceae,,,,84.45,84,100.00,100,Asteraceae,Carlina;Cirsium;Saussurea,Carlina vulgaris;Cirsium acaule;Cirsium oleraceum;Saussurea alpina;Saussurea angustifolia,NO,YES,YES,Assigned
ASV1064,3,0,0,0,0,0,3,0,0,0,0,0,0,0,0,0,0,GENUS,Tracheophyta,Magnoliopsida,Rosales,Rosaceae,Rosoideae,Rubus,,99.87,27,98.91,100,Rosaceae,Rubus,Rubus pensilvanicus,NO,NO,NO,Assigned
ASV1066,3,0,0,0,0,0,3,0,0,0,0,0,0,0,0,0,0,FAMILY,Tracheophyta,Magnoliopsida,Boraginales,Boraginaceae,,,,78.97,65,100.00,100,Boraginaceae;Orobanchaceae,Castilleja;Eritrichium;Hackelia;Lycopsis;Mertensia;Myosotis;Pentaglottis,Castilleja yukonis;Eritrichium splendens;Hackelia micrantha;Lycopsis arvensis;Mertensia longiflora;Mertensia maritima;Mertensia paniculata;Myosotis alpestris;Myosotis arvensis;Myosotis laxa;Myosotis ramosissima;Myosotis scorpioides;Myosotis stolonifera;Myosotis sylvatica;Pentaglottis sempervirens,YES,YES,YES,Low-confidence
ASV1068,3,0,0,0,0,0,3,0,0,0,0,0,0,0,0,0,0,ORDER,Tracheophyta,Magnoliopsida,Rosales,,,,,74.14,74,97.86,100,Boraginaceae,Symphytum,Symphytum tuberosum,NO,NO,NO,Low-confidence
ASV1072,3,0,0,0,0,0,0,3,0,0,0,0,0,0,0,0,0,GENUS,Tracheophyta,Magnoliopsida,Rosales,Rosaceae,Rosoideae,Rubus,,99.29,93,99.59,100,Rosaceae,Rubus,Rubus cochinchinensis;Rubus longior;Rubus negatus;Rubus oreades,NO,NO,YES,Assigned
ASV1086,3,0,0,0,0,0,0,0,0,3,0,0,0,0,0,0,0,GENUS,Tracheophyta,Magnoliopsida,Rosales,Rosaceae,Rosoideae,Rubus,,99.06,69,99.70,100,Rosaceae,Rubus,Rubus cochinchinensis;Rubus idaeus;Rubus saxatilis,NO,NO,YES,Assigned
ASV1087,3,0,0,0,0,0,0,0,0,3,0,0,0,0,0,0,0,SUBFAMILY,Tracheophyta,Magnoliopsida,Brassicales,Brassicaceae,Brassicoideae,,,100.0,85,99.67,100,Brassicaceae,Cardamine,Cardamine microphylla,NO,NO,NO,Assigned
ASV1089,3,0,0,0,0,0,0,0,0,3,0,0,0,0,0,0,0,CLASS,Tracheophyta,Magnoliopsida,,,,,,100.0,94,100.00,100,Orobanchaceae,Lathraea,Lathraea squamaria,NO,NO,NO,Assigned
ASV1090,3,0,0,0,0,0,0,0,0,3,0,0,0,0,0,0,0,GENUS,Tracheophyta,Magnoliopsida,Fagales,Betulaceae,Coryloideae,Corylus,,100.0,8,98.00,100,,,,NO,NO,NO,Assigned
ASV1094,3,0,0,0,0,0,0,0,0,3,0,0,0,0,0,0,0,GENUS,Tracheophyta,Magnoliopsida,Fagales,Betulaceae,Coryloideae,Corylus,,99.95,8,98.00,100,,,,NO,NO,NO,Assigned
ASV11,3683,0,0,0,0,472,541,64,239,71,0,142,250,772,212,543,377,GENUS,Tracheophyta,Magnoliopsida,Malpighiales,Violaceae,Violoideae,Viola,,98.72,96,100.00,100,Violaceae,Viola,Viola reichenbachiana;Viola riviniana,NO,NO,YES,Assigned
ASV1100,3,0,0,0,0,0,0,0,0,0,3,0,0,0,0,0,0,GENUS,Tracheophyta,Magnoliopsida,Rosales,Rosaceae,Rosoideae,Rubus,,99.32,98,99.73,100,Rosaceae,Rubus,Rubus cochinchinensis;Rubus longior;Rubus negatus;Rubus oreades,NO,NO,YES,Assigned
ASV1102,3,0,0,0,0,0,0,0,0,0,3,0,0,0,0,0,0,GENUS,Tracheophyta,Magnoliopsida,Rosales,Rosaceae,Amygdaloideae,Sorbus,,95.71,50,99.67,100,Rosaceae,Sorbus,Sorbus amabilis,NO,NO,NO,Assigned
ASV1103,3,0,0,0,0,0,0,0,0,0,3,0,0,0,0,0,0,SUBFAMILY,Tracheophyta,Magnoliopsida,Brassicales,Brassicaceae,Brassicoideae,,,75.24,20,98.85,100,Primulaceae,Cyclamen,Cyclamen purpurascens,NO,NO,NO,Low-confidence
ASV1104,3,0,0,0,0,0,0,0,0,0,0,3,0,0,0,0,0,CLASS,Tracheophyta,Magnoliopsida,,,,,,100.0,95,99.43,100,Rosaceae,Rubus,Rubus fruticosus agg.,NO,NO,NO,Assigned
ASV1114,3,0,0,0,0,0,0,0,0,0,0,0,0,3,0,0,0,SUBFAMILY,Tracheophyta,Magnoliopsida,Rosales,Rosaceae,Rosoideae,,,100.0,10,100.00,100,Rosaceae,Rubus,Rubus cochinchinensis;Rubus fruticosus agg.;Rubus ichangensis;Rubus idaeus;Rubus pungens var. indefensus;Rubus saxatilis;Rubus sumatranus,NO,NO,YES,Assigned
ASV1116,3,0,0,0,0,0,0,0,0,0,0,0,0,3,0,0,0,SUBFAMILY,Tracheophyta,Magnoliopsida,Boraginales,Boraginaceae,Cynoglossoideae,,,85.68,14,99.21,100,Boraginaceae,Amsinckia;Cryptantha;Myosotis,Amsinckia menziesii;Cryptantha parviflora;Myosotis secunda,NO,YES,YES,Assigned
ASV1123,3,0,0,0,0,0,0,0,0,0,0,0,0,0,0,3,0,GENUS,Tracheophyta,Magnoliopsida,Rosales,Rosaceae,Rosoideae,Rubus,,100.0,100,99.02,100,Rosaceae,Rubus,Rubus aciodonthus;Rubus adulans;Rubus allegheniensis;Rubus arrheniiformis;Rubus bertramii;Rubus braeuckeriformis;Rubus calotemnus;Rubus campaniensis;Rubus canadensis;Rubus caninitergi;Rubus cochinchinensis;Rubus dasyphyllus;Rubus dejonghii;Rubus divaricatus;Rubus edeesii;Rubus eglandulosus;Rubus eifeliensis;Rubus euryanthemus;Rubus flagelliflorus;Rubus flexuosus;Rubus foliosus;Rubus frederici;Rubus gelertii;Rubus gloriosus;Rubus guestphalicus;Rubus hastiferus;Rubus henrici-weberi;Rubus hypomalacus;Rubus insectifolius;Rubus integribasis;Rubus iuvenis;Rubus langei;Rubus lasiandrus;Rubus latiarcuatus;Rubus leucandrus;Rubus lindebergii;Rubus muenteri;Rubus nemoralis;Rubus nitidiformis;Rubus opacus;Rubus oreades;Rubus plicatus;Rubus poliothyrsus;Rubus polyanthemus;Rubus praticolor;Rubus psilops;Rubus pugiunculosus;Rubus radula;Rubus raduloides;Rubus rubercadaver;Rubus rufescens;Rubus schlechtendalii;Rubus sciocharis;Rubus scissoides;Rubus senticosus;Rubus tubanticus;Rubus vulgaris,NO,NO,YES,Assigned
ASV1125,3,0,0,0,0,0,0,0,0,0,0,0,0,0,0,0,3,CLASS,Tracheophyta,Magnoliopsida,,,,,,99.21,94,99.23,100,Viburnaceae,Adoxa,Adoxa moschatellina,NO,NO,NO,Assigned
ASV1137,2,2,0,0,0,0,0,0,0,0,0,0,0,0,0,0,0,GENUS,Tracheophyta,Magnoliopsida,Rosales,Rosaceae,Rosoideae,Rubus,,100.0,100,100.00,100,Rosaceae,Rubus,Rubus aciodonthus;Rubus adspersus;Rubus amisiensis;Rubus arrheniiformis;Rubus bovinus;Rubus braeuckeriformis;Rubus campaniensis;Rubus canescens;Rubus chloocladus;Rubus cochinchinensis;Rubus dasyphyllus;Rubus deweveri;Rubus divaricatus;Rubus eglandulosus;Rubus eifeliensis;Rubus elegantispinosus;Rubus favillatus;Rubus flagellaris;Rubus frederici;Rubus fruticosus agg.;Rubus genevieri;Rubus gloriosus;Rubus hispidus;Rubus insectifolius;Rubus iuvenis;Rubus langei;Rubus lasiandrus;Rubus leucandrus;Rubus longior;Rubus montanus;Rubus mucronipetalus;Rubus neanias;Rubus nelliae;Rubus nemoripatens;Rubus nitidiformis;Rubus opacus;Rubus paludosus;Rubus passionis;Rubus planus;Rubus plicatus;Rubus poliothyrsus;Rubus praticolor;Rubus psilops;Rubus pugiunculosus;Rubus radula;Rubus raduloides;Rubus rubercadaver;Rubus rufescens;Rubus schlechtendalii;Rubus sciocharis;Rubus sp. Glandulosi MS-2014b;Rubus sp. MS-2014a;Rubus sp. MS-2014i;Rubus sp. MS-2014k;Rubus spina-curva;Rubus splendidus;Rubus sprengelii;Rubus stereacanthos;Rubus tubanticus;Rubus ulmifolius;Rubus ursinus;Rubus urticifolius;Rubus vulgaris;Rubus winteri,NO,NO,YES,Assigned
ASV1153,2,0,0,0,0,2,0,0,0,0,0,0,0,0,0,0,0,GENUS,Tracheophyta,Magnoliopsida,Rosales,Rosaceae,Rosoideae,Rubus,,100.0,12,97.71,100,Rosaceae,Rubus,Rubus flagellaris;Rubus lasiandrus;Rubus pentagonus;Rubus pinnatisepalus;Rubus reflexus,NO,NO,YES,Assigned
ASV1154,2,0,0,0,0,0,2,0,0,0,0,0,0,0,0,0,0,SUBFAMILY,Tracheophyta,Magnoliopsida,Rosales,Rosaceae,Rosoideae,,,95.07,73,100.00,100,Orobanchaceae;Rosaceae,Castilleja;Rubus,Castilleja unalaschcensis;Rubus coreanus;Rubus fruticosus agg.;Rubus ichangensis;Rubus idaeus;Rubus lambertianus;Rubus parviflorus;Rubus pubescens;Rubus pungens var. indefensus;Rubus saxatilis;Rubus sumatranus,YES,YES,YES,Assigned
ASV1157,2,0,0,0,0,0,2,0,0,0,0,0,0,0,0,0,0,CLASS,Tracheophyta,Magnoliopsida,,,,,,100.0,94,99.29,100,Cucurbitaceae,Sicyos,Sicyos baderoa,NO,NO,NO,Assigned
ASV1159,2,0,0,0,0,0,2,0,0,0,0,0,0,0,0,0,0,SUBFAMILY,Tracheophyta,Magnoliopsida,Asterales,Asteraceae,Asteroideae,,,78.43,38,97.74,100,Asteraceae,Achillea;Arnica;Chromolaena;Praxelis;Riencourtia;Sigesbeckia;Viguiera,Achillea maritima;Arnica chamissonis;Chromolaena multiflosculosa;Praxelis asperulacea;Riencourtia pedunculosa;Sigesbeckia flosculosa;Viguiera dentata,NO,YES,YES,Low-confidence
ASV1160,2,0,0,0,0,0,2,0,0,0,0,0,0,0,0,0,0,CLASS,Tracheophyta,Magnoliopsida,,,,,,100.0,73,99.31,100,Oxalidaceae,Oxalis,Oxalis acetosella,NO,NO,NO,Assigned
ASV117,234,23,27,0,0,6,13,0,13,0,0,24,13,30,0,0,85,CLASS,Tracheophyta,Magnoliopsida,,,,,,100.0,88,100.00,100,Ranunculaceae,Hepatica,Hepatica nobilis,NO,NO,NO,Assigned
ASV1190,2,0,0,0,0,0,0,0,0,2,0,0,0,0,0,0,0,GENUS,Tracheophyta,Magnoliopsida,Fagales,Betulaceae,Coryloideae,Corylus,,100.0,8,98.00,100,,,,NO,NO,NO,Assigned
ASV12,2914,0,0,46,0,444,247,72,32,38,224,0,666,395,87,294,369,SUBFAMILY,Tracheophyta,Magnoliopsida,Brassicales,Brassicaceae,Brassicoideae,,,91.13,56,100.00,100,Primulaceae,Cyclamen,Cyclamen purpurascens,NO,NO,NO,Assigned
ASV120,230,0,0,0,0,0,0,0,0,0,13,194,23,0,0,0,0,GENUS,Tracheophyta,Magnoliopsida,Asterales,Asteraceae,Asteroideae,Solidago,,96.17,96,100.00,100,Asteraceae,Solidago,Solidago virgaurea,NO,NO,NO,Assigned
ASV1206,2,0,0,0,0,0,0,0,0,2,0,0,0,0,0,0,0,SUBFAMILY,Tracheophyta,Magnoliopsida,Fagales,Betulaceae,Coryloideae,,,79.71,60,100.00,100,Betulaceae,Corylus,Corylus heterophylla;Corylus sieboldiana,NO,NO,YES,Low-confidence
ASV1209,2,0,0,0,0,0,0,0,0,0,2,0,0,0,0,0,0,SUBFAMILY,Tracheophyta,Magnoliopsida,Boraginales,Boraginaceae,Boraginoideae,,,71.5,3,99.50,100,,,,NO,NO,NO,Low-confidence
ASV121,229,0,0,0,0,183,0,0,0,0,23,0,0,23,0,0,0,CLASS,Tracheophyta,Magnoliopsida,,,,,,99.24,95,100.00,100,Ranunculaceae,Helleborus,Helleborus orientalis,NO,NO,NO,Assigned
ASV1215,2,0,0,0,0,0,0,0,0,0,0,2,0,0,0,0,0,SUBFAMILY,Tracheophyta,Magnoliopsida,Rosales,Rosaceae,Rosoideae,,,88.82,80,100.00,100,Apiaceae,Aegopodium,Aegopodium podagraria,NO,NO,NO,Assigned
ASV123,226,0,0,0,0,0,15,57,32,41,0,0,22,24,0,35,0,GENUS,Tracheophyta,Magnoliopsida,Rosales,Rosaceae,Rosoideae,Aremonia,,100.0,1,100.00,100,Rosaceae,Aremonia,Aremonia agrimonioides,NO,NO,NO,Assigned
ASV125,215,11,0,20,0,0,16,0,0,2,0,0,34,32,37,20,43,GENUS,Tracheophyta,Magnoliopsida,Rosales,Rosaceae,Rosoideae,Rubus,,99.97,92,99.20,100,Rosaceae,Rubus,Rubus aciodonthus;Rubus adulans;Rubus arrheniiformis;Rubus asperidens;Rubus bovinus;Rubus braeuckeriformis;Rubus calotemnus;Rubus campaniensis;Rubus caninitergi;Rubus chloocladus;Rubus cochinchinensis;Rubus condensatus;Rubus confusidens;Rubus dasyphyllus;Rubus dejonghii;Rubus diversus;Rubus eglandulosus;Rubus egregius;Rubus elegantispinosus;Rubus euryanthemus;Rubus flagelliflorus;Rubus flexuosus;Rubus foersteri;Rubus frederici;Rubus gelertii;Rubus gloriosus;Rubus guestphalicus;Rubus hastiferus;Rubus henrici-weberi;Rubus holerythros;Rubus hypomalacus;Rubus insectifolius;Rubus integribasis;Rubus iuvenis;Rubus langei;Rubus lasiandrus;Rubus latiarcuatus;Rubus lindleianus;Rubus loehrii;Rubus muenteri;Rubus nemoralis;Rubus nitidiformis;Rubus opacus;Rubus planus;Rubus platyacanthus;Rubus plicatus;Rubus poliothyrsus;Rubus polyanthemus;Rubus praticolor;Rubus procerus;Rubus psilops;Rubus pugiunculosus;Rubus radula;Rubus raduloides;Rubus rubercadaver;Rubus rufescens;Rubus schlechtendalii;Rubus schleicheri;Rubus sciocharis;Rubus senticosus;Rubus tubanticus;Rubus vulgaris,NO,NO,YES,Assigned
ASV1257,2,0,0,0,0,0,0,0,0,0,0,0,0,0,0,2,0,CLASS,Tracheophyta,Magnoliopsida,,,,,,99.61,95,100.00,100,Betulaceae,Corylus,Corylus colurna,NO,NO,NO,Assigned
ASV1261,2,0,0,0,0,0,0,0,0,0,0,0,0,0,0,0,2,FAMILY,Tracheophyta,Magnoliopsida,Fagales,Fagaceae,,,,90.05,19,98.86,100,,,,NO,NO,NO,Assigned
ASV127,212,30,0,0,0,0,0,0,39,0,0,0,0,0,0,91,52,GENUS,Tracheophyta,Magnoliopsida,Rosales,Rosaceae,Rosoideae,Rubus,,99.9,90,100.00,100,Rosaceae,Rubus,Rubus aciodonthus;Rubus adulans;Rubus arrheniiformis;Rubus asperidens;Rubus bovinus;Rubus braeuckeriformis;Rubus calotemnus;Rubus campaniensis;Rubus caninitergi;Rubus chloocladus;Rubus cochinchinensis;Rubus confusidens;Rubus dasyphyllus;Rubus dejonghii;Rubus diversus;Rubus eglandulosus;Rubus egregius;Rubus elegantispinosus;Rubus euryanthemus;Rubus flagelliflorus;Rubus flexuosus;Rubus frederici;Rubus gelertii;Rubus gloriosus;Rubus guestphalicus;Rubus hastiferus;Rubus henrici-weberi;Rubus holerythros;Rubus hypomalacus;Rubus insectifolius;Rubus integribasis;Rubus iuvenis;Rubus langei;Rubus lasiandrus;Rubus latiarcuatus;Rubus loehrii;Rubus muenteri;Rubus nemoralis;Rubus nitidiformis;Rubus opacus;Rubus planus;Rubus platyacanthus;Rubus plicatus;Rubus poliothyrsus;Rubus polyanthemus;Rubus praticolor;Rubus psilops;Rubus pugiunculosus;Rubus radula;Rubus raduloides;Rubus rubercadaver;Rubus rufescens;Rubus schlechtendalii;Rubus sciocharis;Rubus senticosus;Rubus tubanticus;Rubus vulgaris,NO,NO,YES,Assigned
ASV13,2839,0,0,279,0,341,294,0,0,0,328,0,0,0,484,658,455,GENUS,Tracheophyta,Magnoliopsida,Rosales,Rosaceae,Rosoideae,Rubus,,99.58,98,99.77,100,Rosaceae,Rubus,Rubus fruticosus agg.,NO,NO,NO,Assigned
ASV130,204,0,0,0,0,0,0,148,0,56,0,0,0,0,0,0,0,CLASS,Tracheophyta,Magnoliopsida,,,,,,100.0,88,99.02,100,Boraginaceae,Omphalodes,Omphalodes verna,NO,NO,NO,Assigned
ASV131,203,0,0,0,0,0,0,0,0,0,0,0,0,203,0,0,0,GENUS,Tracheophyta,Magnoliopsida,Rosales,Rosaceae,Rosoideae,Rubus,,99.7,94,100.00,100,Rosaceae,Rubus,Rubus aciodonthus;Rubus adulans;Rubus arrheniiformis;Rubus asperidens;Rubus bovinus;Rubus braeuckeriformis;Rubus calotemnus;Rubus campaniensis;Rubus caninitergi;Rubus chloocladus;Rubus cochinchinensis;Rubus confusidens;Rubus dasyphyllus;Rubus dejonghii;Rubus diversus;Rubus eglandulosus;Rubus egregius;Rubus elegantispinosus;Rubus euryanthemus;Rubus flagelliflorus;Rubus flexuosus;Rubus frederici;Rubus gelertii;Rubus gloriosus;Rubus guestphalicus;Rubus hastiferus;Rubus henrici-weberi;Rubus holerythros;Rubus hypomalacus;Rubus insectifolius;Rubus integribasis;Rubus iuvenis;Rubus langei;Rubus lasiandrus;Rubus latiarcuatus;Rubus loehrii;Rubus muenteri;Rubus nemoralis;Rubus nitidiformis;Rubus opacus;Rubus planus;Rubus platyacanthus;Rubus plicatus;Rubus poliothyrsus;Rubus polyanthemus;Rubus praticolor;Rubus psilops;Rubus pugiunculosus;Rubus radula;Rubus raduloides;Rubus rubercadaver;Rubus rufescens;Rubus schlechtendalii;Rubus sciocharis;Rubus senticosus;Rubus tubanticus;Rubus vulgaris,NO,NO,YES,Assigned
ASV1312,1,0,0,0,0,0,1,0,0,0,0,0,0,0,0,0,0,GENUS,Tracheophyta,Magnoliopsida,Rosales,Rosaceae,Rosoideae,Rubus,,99.46,35,99.54,100,Rosaceae,Rubus,Rubus flagellaris;Rubus lasiandrus;Rubus pentagonus;Rubus pinnatisepalus;Rubus reflexus,NO,NO,YES,Assigned
ASV1336,1,0,0,0,0,0,0,0,1,0,0,0,0,0,0,0,0,GENUS,Tracheophyta,Magnoliopsida,Rosales,Rosaceae,Rosoideae,Rubus,,99.44,35,99.54,100,Rosaceae,Rubus,Rubus flagellaris;Rubus lasiandrus;Rubus pentagonus;Rubus pinnatisepalus;Rubus reflexus,NO,NO,YES,Assigned
ASV1337,1,0,0,0,0,0,0,0,1,0,0,0,0,0,0,0,0,GENUS,Tracheophyta,Magnoliopsida,Rosales,Rosaceae,Rosoideae,Rubus,,99.99,26,98.62,100,Rosaceae,Rubus,Rubus acuminatus;Rubus stimulans;Rubus subornatus,NO,NO,YES,Assigned
ASV1374,1,0,0,0,0,0,0,0,0,0,0,0,1,0,0,0,0,GENUS,Tracheophyta,Magnoliopsida,Lamiales,Lamiaceae,Lamioideae,Lamium,,93.33,11,99.10,100,Lamiaceae,Lamium,Lamium galeobdolon subsp. flavidum,NO,NO,NO,Assigned
ASV14,2311,170,218,235,0,139,425,153,236,0,104,30,0,0,105,496,0,GENUS,Tracheophyta,Magnoliopsida,Rosales,Rosaceae,Rosoideae,Rubus,,99.6,98,100.00,100,Rosaceae,Rubus,Rubus aciodonthus;Rubus adulans;Rubus arrheniiformis;Rubus asperidens;Rubus bovinus;Rubus braeuckeriformis;Rubus calotemnus;Rubus campaniensis;Rubus caninitergi;Rubus chloocladus;Rubus cochinchinensis;Rubus confusidens;Rubus dasyphyllus;Rubus dejonghii;Rubus diversus;Rubus eglandulosus;Rubus egregius;Rubus elegantispinosus;Rubus euryanthemus;Rubus flagelliflorus;Rubus flexuosus;Rubus frederici;Rubus gelertii;Rubus gloriosus;Rubus guestphalicus;Rubus hastiferus;Rubus henrici-weberi;Rubus holerythros;Rubus hypomalacus;Rubus insectifolius;Rubus integribasis;Rubus iuvenis;Rubus langei;Rubus lasiandrus;Rubus latiarcuatus;Rubus loehrii;Rubus muenteri;Rubus nemoralis;Rubus nitidiformis;Rubus opacus;Rubus planus;Rubus platyacanthus;Rubus plicatus;Rubus poliothyrsus;Rubus polyanthemus;Rubus praticolor;Rubus psilops;Rubus pugiunculosus;Rubus radula;Rubus raduloides;Rubus rubercadaver;Rubus rufescens;Rubus schlechtendalii;Rubus sciocharis;Rubus senticosus;Rubus tubanticus;Rubus vulgaris,NO,NO,YES,Assigned
ASV146,179,0,32,0,0,0,0,0,0,7,0,54,0,51,13,0,22,SUBFAMILY,Tracheophyta,Magnoliopsida,Fabales,Fabaceae,Papilionoideae,,,98.35,52,99.42,100,Fabaceae,Lathyrus,Lathyrus vernus,NO,NO,NO,Assigned
ASV152,172,0,0,0,0,0,0,0,0,0,0,0,0,55,0,0,117,GENUS,Tracheophyta,Magnoliopsida,Rosales,Rosaceae,Rosoideae,Rubus,,99.3,97,99.73,100,Rosaceae,Rubus,Rubus cochinchinensis;Rubus longior;Rubus negatus;Rubus oreades,NO,NO,YES,Assigned
ASV155,167,0,0,0,0,0,27,0,0,0,0,0,74,0,66,0,0,GENUS,Tracheophyta,Magnoliopsida,Rosales,Rosaceae,Rosoideae,Rubus,,100.0,35,96.80,100,Rosaceae,Rubus,Rubus aciodonthus;Rubus adulans;Rubus arrheniiformis;Rubus asperidens;Rubus bovinus;Rubus braeuckeriformis;Rubus calotemnus;Rubus campaniensis;Rubus canduliger;Rubus caninitergi;Rubus chloocladus;Rubus cochinchinensis;Rubus condensatus;Rubus confusidens;Rubus dasyphyllus;Rubus dejonghii;Rubus diversus;Rubus eglandulosus;Rubus egregius;Rubus elegantispinosus;Rubus euryanthemus;Rubus flagelliflorus;Rubus flexuosus;Rubus foersteri;Rubus frederici;Rubus gelertii;Rubus gloriosus;Rubus guestphalicus;Rubus hastiferus;Rubus henrici-weberi;Rubus holerythros;Rubus hypomalacus;Rubus insectifolius;Rubus integribasis;Rubus iuvenis;Rubus langei;Rubus lasiandrus;Rubus latiarcuatus;Rubus lindleianus;Rubus loehrii;Rubus muenteri;Rubus muridens;Rubus negatus;Rubus nemoralis;Rubus nitidiformis;Rubus opacus;Rubus picearum;Rubus planus;Rubus platyacanthus;Rubus plicatus;Rubus poliothyrsus;Rubus polyanthemus;Rubus praticolor;Rubus procerus;Rubus psilops;Rubus pugiunculosus;Rubus radula;Rubus raduloides;Rubus rubercadaver;Rubus rufescens;Rubus schlechtendalii;Rubus schleicheri;Rubus sciocharis;Rubus senticosus;Rubus tubanticus;Rubus vulgaris,NO,NO,YES,Assigned
ASV157,166,0,0,0,0,0,0,0,0,0,130,0,0,0,36,0,0,GENUS,Tracheophyta,Magnoliopsida,Ranunculales,Ranunculaceae,Ranunculoideae,Clematis,,99.49,70,100.00,100,Ranunculaceae,Clematis,Clematis vitalba,NO,NO,NO,Assigned
ASV159,163,66,0,0,0,0,0,97,0,0,0,0,0,0,0,0,0,CLASS,Tracheophyta,Magnoliopsida,,,,,,100.0,89,99.02,100,Boraginaceae,Omphalodes,Omphalodes verna,NO,NO,NO,Assigned
ASV16,1644,0,0,0,0,0,0,0,0,0,0,601,321,337,385,0,0,GENUS,Tracheophyta,Magnoliopsida,Rosales,Rosaceae,Rosoideae,Rubus,,99.29,97,99.73,100,Rosaceae,Rubus,Rubus cochinchinensis;Rubus longior;Rubus negatus;Rubus oreades,NO,NO,YES,Assigned
ASV160,163,0,0,0,0,0,163,0,0,0,0,0,0,0,0,0,0,GENUS,Tracheophyta,Magnoliopsida,Rosales,Rosaceae,Amygdaloideae,Sorbus,,99.49,85,100.00,100,Rosaceae,Sorbus,Sorbus aria;Sorbus arvonensis;Sorbus cambrensis;Sorbus cheddarensis;Sorbus cuneifolia;Sorbus danubialis;Sorbus devoniensis;Sorbus eminens;Sorbus eminentiformis;Sorbus graeca;Sorbus hibernica;Sorbus leighensis;Sorbus leptophylla;Sorbus parviloba;Sorbus porrigentiformis;Sorbus richii;Sorbus rupicola;Sorbus rupicoloides;Sorbus saxicola;Sorbus stenophylla;Sorbus stirtoniana;Sorbus vexans;Sorbus whiteana,NO,NO,YES,Assigned
ASV161,163,0,0,0,0,0,12,0,0,0,0,0,0,32,37,27,55,GENUS,Tracheophyta,Magnoliopsida,Rosales,Rosaceae,Rosoideae,Rubus,,100.0,73,97.33,100,Rosaceae,Rubus,Rubus aciodonthus;Rubus adulans;Rubus arrheniiformis;Rubus asperidens;Rubus bovinus;Rubus braeuckeriformis;Rubus calotemnus;Rubus campaniensis;Rubus canduliger;Rubus caninitergi;Rubus chloocladus;Rubus cochinchinensis;Rubus condensatus;Rubus confusidens;Rubus dasyphyllus;Rubus dejonghii;Rubus diversus;Rubus eglandulosus;Rubus egregius;Rubus elegantispinosus;Rubus euryanthemus;Rubus flagelliflorus;Rubus flexuosus;Rubus foersteri;Rubus frederici;Rubus gelertii;Rubus gloriosus;Rubus guestphalicus;Rubus hastiferus;Rubus henrici-weberi;Rubus holerythros;Rubus hypomalacus;Rubus insectifolius;Rubus integribasis;Rubus iuvenis;Rubus langei;Rubus lasiandrus;Rubus latiarcuatus;Rubus lindleianus;Rubus loehrii;Rubus muenteri;Rubus muridens;Rubus negatus;Rubus nemoralis;Rubus nitidiformis;Rubus opacus;Rubus picearum;Rubus planus;Rubus platyacanthus;Rubus plicatus;Rubus poliothyrsus;Rubus polyanthemus;Rubus praticolor;Rubus procerus;Rubus psilops;Rubus pugiunculosus;Rubus radula;Rubus raduloides;Rubus rubercadaver;Rubus rufescens;Rubus schlechtendalii;Rubus schleicheri;Rubus sciocharis;Rubus senticosus;Rubus tubanticus;Rubus vulgaris,NO,NO,YES,Assigned
ASV162,163,0,0,0,0,0,0,0,0,0,0,43,0,0,0,120,0,GENUS,Tracheophyta,Magnoliopsida,Rosales,Rosaceae,Rosoideae,Rubus,,98.67,88,100.00,100,Rosaceae,Rubus,Rubus cochinchinensis;Rubus idaeus;Rubus saxatilis,NO,NO,YES,Assigned
ASV165,162,0,0,0,0,0,17,0,5,0,0,0,0,92,0,48,0,SUBFAMILY,Tracheophyta,Magnoliopsida,Brassicales,Brassicaceae,Brassicoideae,,,100.0,88,98.40,100,Brassicaceae,Cardamine,Cardamine parviflora,NO,NO,NO,Assigned
ASV170,149,0,0,0,0,0,29,0,0,0,0,64,0,0,56,0,0,GENUS,Tracheophyta,Magnoliopsida,Rosales,Rosaceae,Rosoideae,Rubus,,99.57,96,99.47,100,Rosaceae,Rubus,Rubus cochinchinensis;Rubus longior;Rubus negatus;Rubus oreades,NO,NO,YES,Assigned
ASV171,148,0,0,0,0,0,0,0,0,113,0,0,0,0,0,0,35,CLASS,Tracheophyta,Magnoliopsida,,,,,,100.0,89,99.02,100,Boraginaceae,Omphalodes,Omphalodes verna,NO,NO,NO,Assigned
ASV177,143,0,0,0,0,143,0,0,0,0,0,0,0,0,0,0,0,GENUS,Tracheophyta,Magnoliopsida,Malpighiales,Salicaceae,,Salix,,100.0,100,100.00,100,Salicaceae,Salix,Salix alba;Salix alba x rubens;Salix babylonica;Salix fragilis;Salix rosthornii;Salix x rubens,NO,NO,YES,Assigned
ASV18,1560,0,0,0,0,773,0,0,0,0,122,0,0,445,0,0,220,GENUS,Tracheophyta,Magnoliopsida,Rosales,Rosaceae,Rosoideae,Rubus,,99.32,98,100.00,100,Rosaceae,Rubus,Rubus adspersus;Rubus cochinchinensis;Rubus edeesii,NO,NO,YES,Assigned
ASV183,140,0,0,0,0,0,0,0,140,0,0,0,0,0,0,0,0,GENUS,Tracheophyta,Magnoliopsida,Rosales,Rosaceae,Rosoideae,Fragaria,,100.0,43,99.76,100,Rosaceae,Fragaria,Fragaria vesca,NO,NO,NO,Assigned
ASV188,133,0,0,0,0,110,0,0,0,0,0,0,0,0,0,13,10,SUBFAMILY,Tracheophyta,Magnoliopsida,Ranunculales,Ranunculaceae,Ranunculoideae,,,87.39,25,100.00,100,Ranunculaceae,Aconitum,Aconitum lycoctonum,NO,NO,NO,Assigned
ASV189,129,0,0,0,0,0,0,129,0,0,0,0,0,0,0,0,0,GENUS,Tracheophyta,Magnoliopsida,Rosales,Rosaceae,Rosoideae,Rubus,,99.59,96,99.73,100,Rosaceae,Rubus,Rubus cordiformis;Rubus surrectus,NO,NO,YES,Assigned
ASV19,1401,0,0,25,0,184,160,222,0,132,0,47,68,226,59,179,99,GENUS,Tracheophyta,Magnoliopsida,Rosales,Rosaceae,Rosoideae,Fragaria,,100.0,43,99.76,100,Rosaceae,Fragaria,Fragaria vesca,NO,NO,NO,Assigned
ASV195,123,0,0,0,0,0,0,24,0,0,44,33,0,0,0,22,0,GENUS,Tracheophyta,Magnoliopsida,Rosales,Rosaceae,Rosoideae,Rubus,,100.0,55,97.07,100,Rosaceae,Rubus,Rubus aciodonthus;Rubus adulans;Rubus arrheniiformis;Rubus asperidens;Rubus bovinus;Rubus braeuckeriformis;Rubus calotemnus;Rubus campaniensis;Rubus canduliger;Rubus caninitergi;Rubus chloocladus;Rubus cochinchinensis;Rubus condensatus;Rubus confusidens;Rubus dasyphyllus;Rubus dejonghii;Rubus diversus;Rubus eglandulosus;Rubus egregius;Rubus elegantispinosus;Rubus euryanthemus;Rubus flagelliflorus;Rubus flexuosus;Rubus foersteri;Rubus frederici;Rubus gelertii;Rubus gloriosus;Rubus guestphalicus;Rubus hastiferus;Rubus henrici-weberi;Rubus holerythros;Rubus hypomalacus;Rubus insectifolius;Rubus integribasis;Rubus iuvenis;Rubus langei;Rubus lasiandrus;Rubus latiarcuatus;Rubus lindleianus;Rubus loehrii;Rubus muenteri;Rubus muridens;Rubus negatus;Rubus nemoralis;Rubus nitidiformis;Rubus opacus;Rubus picearum;Rubus planus;Rubus platyacanthus;Rubus plicatus;Rubus poliothyrsus;Rubus polyanthemus;Rubus praticolor;Rubus procerus;Rubus psilops;Rubus pugiunculosus;Rubus radula;Rubus raduloides;Rubus rubercadaver;Rubus rufescens;Rubus schlechtendalii;Rubus schleicheri;Rubus sciocharis;Rubus senticosus;Rubus tubanticus;Rubus vulgaris,NO,NO,YES,Assigned
ASV198,121,28,0,0,0,0,0,0,0,0,0,0,0,0,0,36,57,CLASS,Tracheophyta,Magnoliopsida,,,,,,100.0,88,100.00,100,Ranunculaceae,Anemone,Anemone nemorosa,NO,NO,NO,Assigned
ASV2,79290,2789,1483,7142,2323,6084,3412,1929,498,0,5033,7680,8020,8904,13359,5361,5273,GENUS,Tracheophyta,Magnoliopsida,Rosales,Rosaceae,Rosoideae,Rubus,,99.31,98,100.00,100,Rosaceae,Rubus,Rubus cochinchinensis;Rubus longior;Rubus negatus;Rubus oreades,NO,NO,YES,Assigned
ASV20,1233,150,45,82,0,0,0,57,0,0,395,0,348,58,42,0,56,GENUS,Tracheophyta,Magnoliopsida,Rosales,Rosaceae,Rosoideae,Rubus,,99.57,97,100.00,100,Rosaceae,Rubus,Rubus leucandrus,NO,NO,NO,Assigned
ASV202,119,0,0,0,0,0,0,0,0,0,0,0,0,0,0,0,119,GENUS,Tracheophyta,Magnoliopsida,Rosales,Rosaceae,Rosoideae,Rubus,,99.58,97,99.77,100,Rosaceae,Rubus,Rubus fruticosus agg.,NO,NO,NO,Assigned
ASV21,1097,0,0,0,0,0,0,0,0,1097,0,0,0,0,0,0,0,GENUS,Tracheophyta,Magnoliopsida,Rosales,Rosaceae,Rosoideae,Rubus,,98.51,79,99.77,100,Rosaceae,Rubus,Rubus idaeus;Rubus saxatilis,NO,NO,YES,Assigned
ASV216,110,0,0,0,0,0,76,0,0,0,0,0,0,0,0,34,0,GENUS,Tracheophyta,Magnoliopsida,Rosales,Rosaceae,Rosoideae,Rubus,,99.88,26,98.91,100,Rosaceae,Rubus,Rubus pensilvanicus,NO,NO,NO,Assigned
ASV218,109,0,0,0,0,109,0,0,0,0,0,0,0,0,0,0,0,CLASS,Tracheophyta,Magnoliopsida,,,,,,99.21,95,99.54,100,Ranunculaceae,Helleborus,Helleborus viridis,NO,NO,NO,Assigned
ASV223,108,0,0,18,0,0,35,0,0,0,7,0,0,0,0,44,4,GENUS,Tracheophyta,Magnoliopsida,Fagales,Betulaceae,Coryloideae,Corylus,,99.56,6,98.00,100,,,,NO,NO,NO,Assigned
ASV224,108,0,0,0,0,0,0,108,0,0,0,0,0,0,0,0,0,CLASS,Tracheophyta,Magnoliopsida,,,,,,99.83,83,99.34,100,Boraginaceae,Omphalodes,Omphalodes verna,NO,NO,NO,Assigned
ASV229,106,0,0,0,0,0,0,0,0,0,0,0,38,45,23,0,0,GENUS,Tracheophyta,Magnoliopsida,Rosales,Rosaceae,Rosoideae,Rubus,,100.0,55,97.07,100,Rosaceae,Rubus,Rubus aciodonthus;Rubus adulans;Rubus arrheniiformis;Rubus asperidens;Rubus bovinus;Rubus braeuckeriformis;Rubus calotemnus;Rubus campaniensis;Rubus canduliger;Rubus caninitergi;Rubus chloocladus;Rubus cochinchinensis;Rubus condensatus;Rubus confusidens;Rubus dasyphyllus;Rubus dejonghii;Rubus diversus;Rubus eglandulosus;Rubus egregius;Rubus elegantispinosus;Rubus euryanthemus;Rubus flagelliflorus;Rubus flexuosus;Rubus foersteri;Rubus frederici;Rubus gelertii;Rubus gloriosus;Rubus guestphalicus;Rubus hastiferus;Rubus henrici-weberi;Rubus holerythros;Rubus hypomalacus;Rubus insectifolius;Rubus integribasis;Rubus iuvenis;Rubus langei;Rubus lasiandrus;Rubus latiarcuatus;Rubus lindleianus;Rubus loehrii;Rubus muenteri;Rubus muridens;Rubus negatus;Rubus nemoralis;Rubus nitidiformis;Rubus opacus;Rubus picearum;Rubus planus;Rubus platyacanthus;Rubus plicatus;Rubus poliothyrsus;Rubus polyanthemus;Rubus praticolor;Rubus procerus;Rubus psilops;Rubus pugiunculosus;Rubus radula;Rubus raduloides;Rubus rubercadaver;Rubus rufescens;Rubus schlechtendalii;Rubus schleicheri;Rubus sciocharis;Rubus senticosus;Rubus tubanticus;Rubus vulgaris,NO,NO,YES,Assigned
ASV233,102,102,0,0,0,0,0,0,0,0,0,0,0,0,0,0,0,GENUS,Tracheophyta,Magnoliopsida,Rosales,Rosaceae,Rosoideae,Rubus,,99.58,97,99.77,100,Rosaceae,Rubus,Rubus fruticosus agg.,NO,NO,NO,Assigned
ASV235,101,23,0,0,0,0,0,14,0,0,0,0,0,0,0,64,0,GENUS,Tracheophyta,Magnoliopsida,Rosales,Rosaceae,Rosoideae,Rubus,,99.63,89,98.85,100,Rosaceae,Rubus,Rubus fruticosus agg.,NO,NO,NO,Assigned
ASV236,99,0,0,0,0,0,0,41,0,0,0,0,52,0,0,0,6,SUBFAMILY,Tracheophyta,Magnoliopsida,Rosales,Rosaceae,Rosoideae,,,100.0,4,99.51,100,Rosaceae,Aremonia,Aremonia agrimonioides,NO,NO,NO,Assigned
ASV24,968,0,0,8,0,269,0,0,0,0,331,18,0,342,0,0,0,GENUS,Tracheophyta,Magnoliopsida,Ranunculales,Ranunculaceae,Ranunculoideae,Clematis,,99.48,69,100.00,100,Ranunculaceae,Clematis,Clematis vitalba,NO,NO,NO,Assigned
ASV244,96,0,0,0,0,0,0,96,0,0,0,0,0,0,0,0,0,CLASS,Tracheophyta,Magnoliopsida,,,,,,99.83,83,99.34,100,Boraginaceae,Omphalodes,Omphalodes verna,NO,NO,NO,Assigned
ASV248,93,8,0,0,0,0,14,19,18,0,0,0,0,0,0,17,17,SPECIES,Tracheophyta,Magnoliopsida,Lamiales,Plantaginaceae,Digitalidoideae,Veronica,Veronica officinalis,94.52,17,100.00,100,Plantaginaceae,Veronica,Veronica officinalis,NO,NO,NO,Assigned
ASV25,951,382,56,0,0,45,0,45,0,0,43,0,102,146,0,72,60,GENUS,Tracheophyta,Magnoliopsida,Rosales,Rosaceae,Rosoideae,Rubus,,99.59,97,100.00,100,Rosaceae,Rubus,Rubus aciodonthus;Rubus adulans;Rubus arrheniiformis;Rubus asperidens;Rubus bovinus;Rubus braeuckeriformis;Rubus calotemnus;Rubus campaniensis;Rubus caninitergi;Rubus chloocladus;Rubus cochinchinensis;Rubus confusidens;Rubus dasyphyllus;Rubus dejonghii;Rubus diversus;Rubus eglandulosus;Rubus egregius;Rubus elegantispinosus;Rubus euryanthemus;Rubus flagelliflorus;Rubus flexuosus;Rubus frederici;Rubus gelertii;Rubus gloriosus;Rubus guestphalicus;Rubus hastiferus;Rubus henrici-weberi;Rubus holerythros;Rubus hypomalacus;Rubus insectifolius;Rubus integribasis;Rubus iuvenis;Rubus langei;Rubus lasiandrus;Rubus latiarcuatus;Rubus loehrii;Rubus muenteri;Rubus nemoralis;Rubus nitidiformis;Rubus opacus;Rubus planus;Rubus platyacanthus;Rubus plicatus;Rubus poliothyrsus;Rubus polyanthemus;Rubus praticolor;Rubus psilops;Rubus pugiunculosus;Rubus radula;Rubus raduloides;Rubus rubercadaver;Rubus rufescens;Rubus schlechtendalii;Rubus sciocharis;Rubus senticosus;Rubus tubanticus;Rubus vulgaris,NO,NO,YES,Assigned
ASV254,86,0,0,0,0,86,0,0,0,0,0,0,0,0,0,0,0,CLASS,Tracheophyta,Magnoliopsida,,,,,,99.22,95,99.77,100,Ranunculaceae,Helleborus,Helleborus viridis,NO,NO,NO,Assigned
ASV257,85,0,0,0,0,0,0,55,0,0,0,0,0,30,0,0,0,SUBFAMILY,Tracheophyta,Magnoliopsida,Rosales,Rosaceae,Rosoideae,,,100.0,3,99.51,100,Rosaceae,Aremonia,Aremonia agrimonioides,NO,NO,NO,Assigned
ASV26,902,0,0,0,0,0,0,0,0,0,639,0,263,0,0,0,0,GENUS,Tracheophyta,Magnoliopsida,Rosales,Rosaceae,Rosoideae,Rubus,,99.58,98,99.77,100,Rosaceae,Rubus,Rubus fruticosus agg.,NO,NO,NO,Assigned
ASV268,81,0,0,0,0,0,0,0,0,0,0,0,81,0,0,0,0,GENUS,Tracheophyta,Magnoliopsida,Rosales,Rosaceae,Rosoideae,Rubus,,99.57,96,99.47,100,Rosaceae,Rubus,Rubus cochinchinensis;Rubus longior;Rubus negatus;Rubus oreades,NO,NO,YES,Assigned
ASV27,895,0,0,40,0,0,0,0,0,0,90,317,163,103,182,0,0,GENUS,Tracheophyta,Magnoliopsida,Rosales,Rosaceae,Rosoideae,Rubus,,99.57,96,99.47,100,Rosaceae,Rubus,Rubus cochinchinensis;Rubus longior;Rubus negatus;Rubus oreades,NO,NO,YES,Assigned
ASV270,80,0,0,0,0,80,0,0,0,0,0,0,0,0,0,0,0,CLASS,Tracheophyta,Magnoliopsida,,,,,,100.0,96,99.77,100,Ranunculaceae,Helleborus,Helleborus viridis,NO,NO,NO,Assigned
ASV275,79,0,0,0,0,0,0,0,64,15,0,0,0,0,0,0,0,GENUS,Tracheophyta,Magnoliopsida,Rosales,Rosaceae,Rosoideae,Rubus,,99.35,83,100.00,100,Rosaceae,Rubus,Rubus cochinchinensis;Rubus idaeus,NO,NO,YES,Assigned
ASV276,79,0,0,0,0,0,0,0,0,0,79,0,0,0,0,0,0,CLASS,Tracheophyta,Magnoliopsida,,,,,,100.0,93,100.00,100,Euphorbiaceae,Mercurialis,Mercurialis perennis,NO,NO,NO,Assigned
ASV28,884,277,0,0,0,0,0,402,0,205,0,0,0,0,0,0,0,SUBFAMILY,Tracheophyta,Magnoliopsida,Asterales,Asteraceae,Asteroideae,,,70.1,16,99.34,100,Boraginaceae,Omphalodes,Omphalodes verna,NO,NO,NO,Low-confidence
ASV299,67,0,0,0,0,0,4,0,0,0,0,0,0,0,0,0,63,SUBFAMILY,Tracheophyta,Magnoliopsida,Rosales,Rosaceae,Amygdaloideae,,,76.49,64,100.00,100,Ranunculaceae,Helleborus,Helleborus niger,NO,NO,NO,Low-confidence
ASV3,27837,523,168,1435,917,1517,1281,791,171,0,2638,3930,3671,1976,4613,2142,2064,GENUS,Tracheophyta,Magnoliopsida,Rosales,Rosaceae,Rosoideae,Rubus,,99.6,96,100.00,100,Rosaceae,Rubus,Rubus cochinchinensis,NO,NO,NO,Assigned
ASV302,65,0,0,0,0,0,0,0,0,0,12,0,7,6,18,8,14,GENUS,Tracheophyta,Magnoliopsida,Rosales,Rosaceae,Rosoideae,Rubus,,99.84,87,98.62,100,Rosaceae,Rubus,Rubus fruticosus agg.,NO,NO,NO,Assigned
ASV306,64,0,0,0,0,0,39,0,0,0,0,0,0,0,0,25,0,GENUS,Tracheophyta,Magnoliopsida,Rosales,Rosaceae,Rosoideae,Rubus,,100.0,85,97.94,100,Rosaceae,Rubus,Rubus fruticosus agg.,NO,NO,NO,Assigned
ASV309,63,0,0,0,0,0,63,0,0,0,0,0,0,0,0,0,0,GENUS,Tracheophyta,Magnoliopsida,Rosales,Rosaceae,Amygdaloideae,Sorbus,,99.11,84,99.77,100,Rosaceae,Sorbus,Sorbus aria;Sorbus arvonensis;Sorbus cambrensis;Sorbus cheddarensis;Sorbus eminens;Sorbus eminentiformis;Sorbus hibernica;Sorbus leighensis;Sorbus leptophylla;Sorbus parviloba;Sorbus porrigentiformis;Sorbus richii;Sorbus rupicola;Sorbus rupicoloides;Sorbus saxicola;Sorbus stenophylla;Sorbus stirtoniana;Sorbus vexans;Sorbus whiteana,NO,NO,YES,Assigned
ASV31,777,9,0,93,89,0,24,24,84,0,43,289,0,0,59,43,20,GENUS,Tracheophyta,Magnoliopsida,Rosales,Rosaceae,Rosoideae,Rosa,,99.33,99,100.00,100,Rosaceae,Rosa,Rosa arvensis;Rosa caesia;Rosa canina;Rosa micrantha;Rosa obtusifolia;Rosa sericea;Rosa tomentosa,NO,NO,YES,Assigned
ASV312,62,0,62,0,0,0,0,0,0,0,0,0,0,0,0,0,0,GENUS,Tracheophyta,Magnoliopsida,Rosales,Rosaceae,Rosoideae,Rubus,,99.9,92,100.00,100,Rosaceae,Rubus,Rubus aciodonthus;Rubus adulans;Rubus arrheniiformis;Rubus asperidens;Rubus bovinus;Rubus braeuckeriformis;Rubus calotemnus;Rubus campaniensis;Rubus caninitergi;Rubus chloocladus;Rubus cochinchinensis;Rubus confusidens;Rubus dasyphyllus;Rubus dejonghii;Rubus diversus;Rubus eglandulosus;Rubus egregius;Rubus elegantispinosus;Rubus euryanthemus;Rubus flagelliflorus;Rubus flexuosus;Rubus frederici;Rubus gelertii;Rubus gloriosus;Rubus guestphalicus;Rubus hastiferus;Rubus henrici-weberi;Rubus holerythros;Rubus hypomalacus;Rubus insectifolius;Rubus integribasis;Rubus iuvenis;Rubus langei;Rubus lasiandrus;Rubus latiarcuatus;Rubus loehrii;Rubus muenteri;Rubus nemoralis;Rubus nitidiformis;Rubus opacus;Rubus planus;Rubus platyacanthus;Rubus plicatus;Rubus poliothyrsus;Rubus polyanthemus;Rubus praticolor;Rubus psilops;Rubus pugiunculosus;Rubus radula;Rubus raduloides;Rubus rubercadaver;Rubus rufescens;Rubus schlechtendalii;Rubus sciocharis;Rubus senticosus;Rubus tubanticus;Rubus vulgaris,NO,NO,YES,Assigned
ASV314,62,0,0,0,0,0,0,0,0,0,10,0,19,4,7,2,20,GENUS,Tracheophyta,Magnoliopsida,Rosales,Rosaceae,Rosoideae,Rubus,,100.0,100,100.00,100,Rosaceae,Rubus,Rubus cochinchinensis;Rubus longior;Rubus negatus;Rubus oreades,NO,NO,YES,Assigned
ASV318,61,0,0,0,0,0,61,0,0,0,0,0,0,0,0,0,0,GENUS,Tracheophyta,Magnoliopsida,Rosales,Rosaceae,Rosoideae,Rubus,,99.84,87,98.62,100,Rosaceae,Rubus,Rubus fruticosus agg.,NO,NO,NO,Assigned
ASV319,61,0,0,0,0,0,0,0,61,0,0,0,0,0,0,0,0,GENUS,Tracheophyta,Magnoliopsida,Rosales,Rosaceae,Rosoideae,Rubus,,99.85,46,100.00,100,Rosaceae,Rubus,Rubus caesius;Rubus caesius x Rubus idaeus;Rubus idaeus;Rubus saxatilis,NO,NO,YES,Assigned
ASV320,61,0,0,0,0,0,0,0,51,10,0,0,0,0,0,0,0,GENUS,Tracheophyta,Magnoliopsida,Rosales,Rosaceae,Rosoideae,Rubus,,99.99,26,98.62,100,Rosaceae,Rubus,Rubus acuminatus;Rubus stimulans;Rubus subornatus,NO,NO,YES,Assigned
ASV325,58,14,0,12,0,0,12,0,0,0,0,11,0,0,9,0,0,GENUS,Tracheophyta,Magnoliopsida,Rosales,Rosaceae,Rosoideae,Rubus,,100.0,100,100.00,100,Rosaceae,Rubus,Rubus cochinchinensis;Rubus longior;Rubus negatus;Rubus oreades,NO,NO,YES,Assigned
ASV328,58,0,0,0,0,0,0,0,0,0,0,58,0,0,0,0,0,GENUS,Tracheophyta,Magnoliopsida,Rosales,Rosaceae,Rosoideae,Rubus,,99.72,93,99.73,100,Rosaceae,Rubus,Rubus aciodonthus;Rubus adulans;Rubus arrheniiformis;Rubus asperidens;Rubus bovinus;Rubus braeuckeriformis;Rubus calotemnus;Rubus campaniensis;Rubus caninitergi;Rubus chloocladus;Rubus cochinchinensis;Rubus confusidens;Rubus dasyphyllus;Rubus dejonghii;Rubus diversus;Rubus eglandulosus;Rubus egregius;Rubus elegantispinosus;Rubus euryanthemus;Rubus flagelliflorus;Rubus flexuosus;Rubus frederici;Rubus gelertii;Rubus gloriosus;Rubus guestphalicus;Rubus hastiferus;Rubus henrici-weberi;Rubus holerythros;Rubus hypomalacus;Rubus insectifolius;Rubus integribasis;Rubus iuvenis;Rubus langei;Rubus lasiandrus;Rubus latiarcuatus;Rubus loehrii;Rubus muenteri;Rubus nemoralis;Rubus nitidiformis;Rubus opacus;Rubus planus;Rubus platyacanthus;Rubus plicatus;Rubus poliothyrsus;Rubus polyanthemus;Rubus praticolor;Rubus psilops;Rubus pugiunculosus;Rubus radula;Rubus raduloides;Rubus rubercadaver;Rubus rufescens;Rubus schlechtendalii;Rubus sciocharis;Rubus senticosus;Rubus tubanticus;Rubus vulgaris,NO,NO,YES,Assigned
ASV329,58,0,0,0,0,0,0,0,0,0,0,0,0,58,0,0,0,GENUS,Tracheophyta,Magnoliopsida,Ranunculales,Ranunculaceae,Ranunculoideae,Clematis,,99.77,60,99.77,100,Ranunculaceae,Clematis,Clematis vitalba,NO,NO,NO,Assigned
ASV330,57,57,0,0,0,0,0,0,0,0,0,0,0,0,0,0,0,CLASS,Tracheophyta,Magnoliopsida,,,,,,100.0,89,99.02,100,Boraginaceae,Omphalodes,Omphalodes verna,NO,NO,NO,Assigned
ASV334,57,0,0,0,0,57,0,0,0,0,0,0,0,0,0,0,0,GENUS,Tracheophyta,Magnoliopsida,Rosales,Rosaceae,Rosoideae,Fragaria,,100.0,40,99.74,100,Rosaceae,Fragaria,Fragaria vesca,NO,NO,NO,Assigned
ASV335,56,28,0,28,0,0,0,0,0,0,0,0,0,0,0,0,0,GENUS,Tracheophyta,Magnoliopsida,Rosales,Rosaceae,Rosoideae,Rubus,,100.0,36,96.80,100,Rosaceae,Rubus,Rubus aciodonthus;Rubus adulans;Rubus arrheniiformis;Rubus asperidens;Rubus bovinus;Rubus braeuckeriformis;Rubus calotemnus;Rubus campaniensis;Rubus canduliger;Rubus caninitergi;Rubus chloocladus;Rubus cochinchinensis;Rubus condensatus;Rubus confusidens;Rubus dasyphyllus;Rubus dejonghii;Rubus diversus;Rubus eglandulosus;Rubus egregius;Rubus elegantispinosus;Rubus erinulus;Rubus euryanthemus;Rubus flagelliflorus;Rubus flexuosus;Rubus foersteri;Rubus frederici;Rubus gelertii;Rubus gloriosus;Rubus guestphalicus;Rubus hastiferus;Rubus henrici-weberi;Rubus holerythros;Rubus hypomalacus;Rubus insectifolius;Rubus integribasis;Rubus iuvenis;Rubus langei;Rubus lasiandrus;Rubus latiarcuatus;Rubus lindleianus;Rubus loehrii;Rubus muenteri;Rubus muridens;Rubus negatus;Rubus nemoralis;Rubus nitidiformis;Rubus opacus;Rubus picearum;Rubus planus;Rubus platyacanthus;Rubus plicatus;Rubus poliothyrsus;Rubus polyanthemus;Rubus praticolor;Rubus procerus;Rubus psilops;Rubus pugiunculosus;Rubus radula;Rubus raduloides;Rubus rubercadaver;Rubus rufescens;Rubus schlechtendalii;Rubus schleicheri;Rubus sciocharis;Rubus senticosus;Rubus tubanticus;Rubus vulgaris,NO,NO,YES,Assigned
ASV338,56,0,0,0,0,56,0,0,0,0,0,0,0,0,0,0,0,CLASS,Tracheophyta,Magnoliopsida,,,,,,100.0,94,100.00,100,Euphorbiaceae,Mercurialis,Mercurialis ovata,NO,NO,NO,Assigned
ASV339,56,0,0,0,0,26,0,0,0,0,0,0,0,0,0,30,0,GENUS,Tracheophyta,Magnoliopsida,Rosales,Rosaceae,Rosoideae,Rubus,,100.0,12,97.71,100,Rosaceae,Rubus,Rubus flagellaris;Rubus lasiandrus;Rubus pentagonus;Rubus pinnatisepalus;Rubus reflexus,NO,NO,YES,Assigned
ASV34,757,21,57,26,76,6,0,92,231,185,11,13,5,0,0,34,0,GENUS,Tracheophyta,Magnoliopsida,Rosales,Rosaceae,Rosoideae,Rubus,,99.02,98,99.48,100,Rosaceae,Rubus,Rubus shihae,NO,NO,NO,Assigned
ASV342,55,55,0,0,0,0,0,0,0,0,0,0,0,0,0,0,0,GENUS,Tracheophyta,Magnoliopsida,Rosales,Rosaceae,Rosoideae,Rubus,,99.59,96,99.54,100,Rosaceae,Rubus,Rubus fruticosus agg.,NO,NO,NO,Assigned
ASV343,55,55,0,0,0,0,0,0,0,0,0,0,0,0,0,0,0,GENUS,Tracheophyta,Magnoliopsida,Rosales,Rosaceae,Rosoideae,Rubus,,99.73,93,99.20,100,Rosaceae,Rubus,Rubus aciodonthus;Rubus adulans;Rubus arrheniiformis;Rubus asperidens;Rubus bovinus;Rubus braeuckeriformis;Rubus calotemnus;Rubus campaniensis;Rubus caninitergi;Rubus chloocladus;Rubus cochinchinensis;Rubus confusidens;Rubus dasyphyllus;Rubus dejonghii;Rubus diversus;Rubus eglandulosus;Rubus egregius;Rubus elegantispinosus;Rubus euryanthemus;Rubus flagelliflorus;Rubus flexuosus;Rubus frederici;Rubus gelertii;Rubus gloriosus;Rubus guestphalicus;Rubus hastiferus;Rubus henrici-weberi;Rubus holerythros;Rubus hypomalacus;Rubus insectifolius;Rubus integribasis;Rubus iuvenis;Rubus langei;Rubus lasiandrus;Rubus latiarcuatus;Rubus loehrii;Rubus muenteri;Rubus nemoralis;Rubus nitidiformis;Rubus opacus;Rubus planus;Rubus platyacanthus;Rubus plicatus;Rubus poliothyrsus;Rubus polyanthemus;Rubus praticolor;Rubus psilops;Rubus pugiunculosus;Rubus radula;Rubus raduloides;Rubus rubercadaver;Rubus rufescens;Rubus schlechtendalii;Rubus sciocharis;Rubus senticosus;Rubus tubanticus;Rubus vulgaris,NO,NO,YES,Assigned
ASV347,53,29,0,0,0,0,0,0,0,0,0,0,8,16,0,0,0,GENUS,Tracheophyta,Magnoliopsida,Apiales,Araliaceae,,Hedera,,100.0,6,97.89,100,Araliaceae,Hedera,Hedera helix,NO,NO,NO,Assigned
ASV348,53,0,53,0,0,0,0,0,0,0,0,0,0,0,0,0,0,ORDER,Tracheophyta,Magnoliopsida,Lamiales,,,,,87.33,65,99.34,100,Boraginaceae;Orobanchaceae,Omphalodes;Rhinanthus,Omphalodes verna;Rhinanthus freynii,YES,YES,YES,Assigned
ASV35,735,0,0,0,0,0,0,0,0,0,63,191,156,94,231,0,0,GENUS,Tracheophyta,Magnoliopsida,Rosales,Rosaceae,Rosoideae,Rubus,,99.58,97,99.77,100,Rosaceae,Rubus,Rubus fruticosus agg.,NO,NO,NO,Assigned
ASV354,52,0,0,0,0,0,0,0,0,0,0,52,0,0,0,0,0,SUBFAMILY,Tracheophyta,Magnoliopsida,Brassicales,Brassicaceae,Brassicoideae,,,91.51,56,100.00,100,Myrsinaceae,Anagallis,Anagallis arvensis,NO,NO,NO,Assigned
ASV359,51,0,0,0,0,0,51,0,0,0,0,0,0,0,0,0,0,CLASS,Tracheophyta,Magnoliopsida,,,,,,100.0,91,99.26,100,Malvaceae,Hibiscus,Hibiscus acetosella;Hibiscus cannabinus,NO,NO,YES,Assigned
ASV363,49,0,49,0,0,0,0,0,0,0,0,0,0,0,0,0,0,GENUS,Tracheophyta,Magnoliopsida,Rosales,Rosaceae,Rosoideae,Rubus,,99.71,96,100.00,100,Rosaceae,Rubus,Rubus aciodonthus;Rubus adulans;Rubus arrheniiformis;Rubus asperidens;Rubus bovinus;Rubus braeuckeriformis;Rubus calotemnus;Rubus campaniensis;Rubus caninitergi;Rubus chloocladus;Rubus cochinchinensis;Rubus confusidens;Rubus dasyphyllus;Rubus dejonghii;Rubus diversus;Rubus eglandulosus;Rubus egregius;Rubus elegantispinosus;Rubus euryanthemus;Rubus flagelliflorus;Rubus flexuosus;Rubus foersteri;Rubus frederici;Rubus gelertii;Rubus gloriosus;Rubus guestphalicus;Rubus hastiferus;Rubus henrici-weberi;Rubus holerythros;Rubus hypomalacus;Rubus insectifolius;Rubus integribasis;Rubus iuvenis;Rubus langei;Rubus lasiandrus;Rubus latiarcuatus;Rubus lindleianus;Rubus loehrii;Rubus muenteri;Rubus nemoralis;Rubus nitidiformis;Rubus opacus;Rubus planus;Rubus platyacanthus;Rubus plicatus;Rubus poliothyrsus;Rubus polyanthemus;Rubus praticolor;Rubus procerus;Rubus psilops;Rubus pugiunculosus;Rubus radula;Rubus raduloides;Rubus rubercadaver;Rubus rufescens;Rubus schlechtendalii;Rubus schleicheri;Rubus sciocharis;Rubus senticosus;Rubus tubanticus;Rubus vulgaris,NO,NO,YES,Assigned
ASV368,49,0,0,0,0,49,0,0,0,0,0,0,0,0,0,0,0,SUBFAMILY,Tracheophyta,Magnoliopsida,Brassicales,Brassicaceae,Brassicoideae,,,91.64,57,99.75,100,Primulaceae,Cyclamen,Cyclamen purpurascens,NO,NO,NO,Assigned
ASV369,49,0,0,0,0,0,0,0,0,0,0,0,49,0,0,0,0,GENUS,Tracheophyta,Magnoliopsida,Rosales,Rosaceae,Rosoideae,Rubus,,100.0,54,97.06,100,Rosaceae,Rubus,Rubus aciodonthus;Rubus adulans;Rubus arrheniiformis;Rubus asperidens;Rubus bovinus;Rubus braeuckeriformis;Rubus calotemnus;Rubus campaniensis;Rubus canduliger;Rubus caninitergi;Rubus chloocladus;Rubus cochinchinensis;Rubus condensatus;Rubus confusidens;Rubus dasyphyllus;Rubus dejonghii;Rubus diversus;Rubus eglandulosus;Rubus egregius;Rubus elegantispinosus;Rubus euryanthemus;Rubus flagelliflorus;Rubus flexuosus;Rubus foersteri;Rubus frederici;Rubus gelertii;Rubus gloriosus;Rubus guestphalicus;Rubus hastiferus;Rubus henrici-weberi;Rubus holerythros;Rubus hypomalacus;Rubus insectifolius;Rubus integribasis;Rubus iuvenis;Rubus langei;Rubus lasiandrus;Rubus latiarcuatus;Rubus lindleianus;Rubus loehrii;Rubus muenteri;Rubus muridens;Rubus negatus;Rubus nemoralis;Rubus nitidiformis;Rubus opacus;Rubus picearum;Rubus planus;Rubus platyacanthus;Rubus plicatus;Rubus poliothyrsus;Rubus polyanthemus;Rubus praticolor;Rubus procerus;Rubus psilops;Rubus pugiunculosus;Rubus radula;Rubus raduloides;Rubus rubercadaver;Rubus rufescens;Rubus schlechtendalii;Rubus schleicheri;Rubus sciocharis;Rubus senticosus;Rubus tubanticus;Rubus vulgaris,NO,NO,YES,Assigned
ASV373,48,0,0,0,36,0,0,0,0,0,0,12,0,0,0,0,0,CLASS,Tracheophyta,Magnoliopsida,,,,,,100.0,94,100.00,100,Euphorbiaceae,Mercurialis,Mercurialis ovata;Mercurialis perennis,NO,NO,YES,Assigned
ASV381,46,0,0,0,0,0,0,46,0,0,0,0,0,0,0,0,0,SPECIES,Tracheophyta,Magnoliopsida,Fabales,Fabaceae,,Genista,Genista tinctoria,100.0,12,100.00,100,Fabaceae,Genista,Genista tinctoria,NO,NO,NO,Assigned
ASV382,46,0,0,0,0,0,0,0,0,0,0,0,0,0,28,0,18,SUBFAMILY,Tracheophyta,Magnoliopsida,Apiales,Apiaceae,Saniculoideae,,,100.0,6,96.09,100,Apiaceae,Sanicula,Sanicula epipactis,NO,NO,NO,Assigned
ASV383,45,11,0,0,0,12,0,0,0,0,0,9,0,13,0,0,0,GENUS,Tracheophyta,Magnoliopsida,Rosales,Rosaceae,Rosoideae,Rubus,,100.0,10,96.26,100,Rosaceae,Rubus,Rubus adspersus;Rubus amisiensis;Rubus bovinus;Rubus chloocladus;Rubus cochinchinensis;Rubus deweveri;Rubus divaricatus;Rubus elegantispinosus;Rubus genevieri;Rubus longior;Rubus montanus;Rubus mucronipetalus;Rubus neanias;Rubus nelliae;Rubus nemoripatens;Rubus opacus;Rubus paludosus;Rubus passionis;Rubus poliothyrsus;Rubus pugiunculosus;Rubus rufescens;Rubus sciocharis;Rubus sp. Glandulosi MS-2014b;Rubus sp. MS-2014a;Rubus spina-curva;Rubus splendidus;Rubus stereacanthos;Rubus winteri,NO,NO,YES,Assigned
ASV39,635,86,0,50,0,0,0,0,0,0,207,0,214,78,0,0,0,GENUS,Tracheophyta,Magnoliopsida,Rosales,Rosaceae,Rosoideae,Rubus,,99.6,96,100.00,100,Rosaceae,Rubus,Rubus bertramii,NO,NO,NO,Assigned
ASV394,44,0,0,0,0,32,0,0,0,0,0,0,0,0,12,0,0,CLASS,Tracheophyta,Magnoliopsida,,,,,,100.0,92,100.00,100,Euphorbiaceae,Euphorbia,Euphorbia carniolica,NO,NO,NO,Assigned
ASV395,44,0,0,0,0,30,0,0,0,0,0,0,14,0,0,0,0,GENUS,Tracheophyta,Magnoliopsida,Lamiales,Lamiaceae,Lamioideae,Lamium,,84.44,13,99.10,100,Lamiaceae,Lamium,Lamium galeobdolon subsp. flavidum,NO,NO,NO,Assigned
ASV396,44,0,0,0,0,0,0,0,0,44,0,0,0,0,0,0,0,CLASS,Tracheophyta,Magnoliopsida,,,,,,100.0,89,99.02,100,Boraginaceae,Omphalodes,Omphalodes verna,NO,NO,NO,Assigned
ASV397,44,0,0,0,0,0,0,0,0,0,44,0,0,0,0,0,0,GENUS,Tracheophyta,Magnoliopsida,Rosales,Rosaceae,Rosoideae,Rubus,,99.31,98,99.73,100,Rosaceae,Rubus,Rubus bertramii,NO,NO,NO,Assigned
ASV4,27409,710,277,4103,1345,2662,1216,1777,514,0,2577,1590,1829,2503,908,2901,2497,GENUS,Tracheophyta,Magnoliopsida,Rosales,Rosaceae,Rosoideae,Rubus,,99.58,97,100.00,100,Rosaceae,Rubus,Rubus cordiformis;Rubus surrectus,NO,NO,YES,Assigned
ASV40,618,22,0,0,0,0,126,172,81,61,0,0,67,48,0,41,0,SUBFAMILY,Tracheophyta,Magnoliopsida,Rosales,Rosaceae,Rosoideae,,,100.0,4,100.00,100,Rosaceae,Aremonia,Aremonia agrimonioides,NO,NO,NO,Assigned
ASV400,43,0,0,0,0,43,0,0,0,0,0,0,0,0,0,0,0,GENUS,Tracheophyta,Magnoliopsida,Malpighiales,Salicaceae,,Salix,,99.98,99,100.00,100,Salicaceae,Salix,Salix bebbiana;Salix caprea;Salix repens,NO,NO,YES,Assigned
ASV401,43,0,0,0,0,33,0,0,0,0,0,0,0,0,10,0,0,GENUS,Tracheophyta,Magnoliopsida,Rosales,Rosaceae,Rosoideae,Rubus,,100.0,72,97.34,100,Rosaceae,Rubus,Rubus aciodonthus;Rubus adulans;Rubus arrheniiformis;Rubus asperidens;Rubus bovinus;Rubus braeuckeriformis;Rubus calotemnus;Rubus campaniensis;Rubus caninitergi;Rubus chloocladus;Rubus cochinchinensis;Rubus condensatus;Rubus confusidens;Rubus dasyphyllus;Rubus dejonghii;Rubus diversus;Rubus eglandulosus;Rubus egregius;Rubus elegantispinosus;Rubus euryanthemus;Rubus flagelliflorus;Rubus flexuosus;Rubus foersteri;Rubus frederici;Rubus gelertii;Rubus gloriosus;Rubus guestphalicus;Rubus hastiferus;Rubus henrici-weberi;Rubus holerythros;Rubus hypomalacus;Rubus insectifolius;Rubus integribasis;Rubus iuvenis;Rubus langei;Rubus lasiandrus;Rubus latiarcuatus;Rubus lindleianus;Rubus loehrii;Rubus muenteri;Rubus muridens;Rubus negatus;Rubus nemoralis;Rubus nitidiformis;Rubus opacus;Rubus picearum;Rubus planus;Rubus platyacanthus;Rubus plicatus;Rubus poliothyrsus;Rubus polyanthemus;Rubus praticolor;Rubus procerus;Rubus psilops;Rubus pugiunculosus;Rubus radula;Rubus raduloides;Rubus rubercadaver;Rubus rufescens;Rubus schlechtendalii;Rubus schleicheri;Rubus sciocharis;Rubus senticosus;Rubus tubanticus;Rubus vulgaris,NO,NO,YES,Assigned
ASV406,42,20,0,0,0,0,0,0,0,0,0,0,0,22,0,0,0,GENUS,Tracheophyta,Magnoliopsida,Rosales,Rosaceae,Rosoideae,Rubus,,97.66,50,99.07,100,Rosaceae,Rubus,Rubus allegheniensis;Rubus canadensis;Rubus pensilvanicus,NO,NO,YES,Assigned
ASV41,616,34,34,83,0,46,148,41,49,0,37,0,0,0,39,105,0,GENUS,Tracheophyta,Magnoliopsida,Rosales,Rosaceae,Rosoideae,Rubus,,99.48,35,99.54,100,Rosaceae,Rubus,Rubus flagellaris;Rubus lasiandrus;Rubus pentagonus;Rubus pinnatisepalus;Rubus reflexus,NO,NO,YES,Assigned
ASV410,42,0,0,0,0,0,42,0,0,0,0,0,0,0,0,0,0,GENUS,Tracheophyta,Magnoliopsida,Rosales,Rosaceae,Rosoideae,Rubus,,99.62,85,98.41,100,Rosaceae,Rubus,Rubus cochinchinensis;Rubus longior;Rubus negatus;Rubus oreades,NO,NO,YES,Assigned
ASV412,42,0,0,0,0,0,0,0,0,0,0,0,0,0,42,0,0,GENUS,Tracheophyta,Magnoliopsida,Rosales,Rosaceae,Rosoideae,Rubus,,100.0,100,100.00,100,Rosaceae,Rubus,Rubus aciodonthus;Rubus adulans;Rubus amisiensis;Rubus aphidifer;Rubus arrheniiformis;Rubus bertramii;Rubus bovinus;Rubus braeuckeriformis;Rubus caesius;Rubus calotemnus;Rubus campaniensis;Rubus caninitergi;Rubus chloocladus;Rubus cochinchinensis;Rubus dasyphyllus;Rubus dejonghii;Rubus divaricatus;Rubus edeesii;Rubus eglandulosus;Rubus eifeliensis;Rubus euryanthemus;Rubus flagelliflorus;Rubus flexuosus;Rubus foliosus;Rubus frederici;Rubus gelertii;Rubus gloriosus;Rubus griesiae;Rubus guestphalicus;Rubus hastiferus;Rubus henrici-weberi;Rubus horrefactus;Rubus hypomalacus;Rubus incisior;Rubus insectifolius;Rubus integribasis;Rubus iuvenis;Rubus langei;Rubus lasiandrus;Rubus latiarcuatus;Rubus leucandrus;Rubus lindebergii;Rubus lobatidens;Rubus magnisepalus;Rubus montanus;Rubus muenteri;Rubus mus;Rubus nemoralis;Rubus nemoripatens;Rubus nitidiformis;Rubus opacus;Rubus oreades;Rubus phoenicolasius;Rubus plicatus;Rubus poliothyrsus;Rubus polyanthemus;Rubus praticolor;Rubus psilops;Rubus pugiunculosus;Rubus radula;Rubus raduloides;Rubus rubercadaver;Rubus rufescens;Rubus schlechtendalii;Rubus scidularum;Rubus sciocharis;Rubus senticosus;Rubus spiculus;Rubus tubanticus;Rubus ubericus;Rubus vulgaris,NO,NO,YES,Assigned
ASV416,41,0,0,0,0,0,0,0,0,0,25,16,0,0,0,0,0,GENUS,Tracheophyta,Magnoliopsida,Rosales,Rosaceae,Rosoideae,Rubus,,100.0,20,96.53,100,Rosaceae,Rubus,Rubus aciodonthus;Rubus adulans;Rubus arrheniiformis;Rubus asperidens;Rubus bovinus;Rubus braeuckeriformis;Rubus calotemnus;Rubus campaniensis;Rubus canduliger;Rubus caninitergi;Rubus chloocladus;Rubus cochinchinensis;Rubus condensatus;Rubus confusidens;Rubus dasyphyllus;Rubus dejonghii;Rubus diversus;Rubus eglandulosus;Rubus egregius;Rubus elegantispinosus;Rubus erinulus;Rubus euryanthemus;Rubus flagelliflorus;Rubus flexuosus;Rubus foersteri;Rubus frederici;Rubus gelertii;Rubus gloriosus;Rubus guestphalicus;Rubus hastiferus;Rubus henrici-weberi;Rubus holerythros;Rubus hypomalacus;Rubus insectifolius;Rubus integribasis;Rubus iuvenis;Rubus langei;Rubus lasiandrus;Rubus latiarcuatus;Rubus lindleianus;Rubus loehrii;Rubus muenteri;Rubus muridens;Rubus negatus;Rubus nemoralis;Rubus nitidiformis;Rubus opacus;Rubus picearum;Rubus planus;Rubus platyacanthus;Rubus plicatus;Rubus poliothyrsus;Rubus polyanthemus;Rubus praticolor;Rubus procerus;Rubus psilops;Rubus pugiunculosus;Rubus radula;Rubus raduloides;Rubus rubercadaver;Rubus rufescens;Rubus schlechtendalii;Rubus schleicheri;Rubus sciocharis;Rubus senticosus;Rubus tubanticus;Rubus vulgaris,NO,NO,YES,Assigned
ASV419,41,0,0,0,0,0,0,0,0,0,0,0,41,0,0,0,0,GENUS,Tracheophyta,Magnoliopsida,Rosales,Rosaceae,Rosoideae,Rubus,,99.59,96,99.54,100,Rosaceae,Rubus,Rubus fruticosus agg.,NO,NO,NO,Assigned
ASV426,40,0,0,0,0,40,0,0,0,0,0,0,0,0,0,0,0,GENUS,Tracheophyta,Magnoliopsida,Rosales,Rosaceae,Rosoideae,Fragaria,,99.99,46,100.00,100,Rosaceae,Fragaria,Fragaria vesca,NO,NO,NO,Assigned
ASV428,40,0,0,0,0,0,0,0,0,0,28,12,0,0,0,0,0,SPECIES,Tracheophyta,Magnoliopsida,Crossosomatales,Staphyleaceae,,Staphylea,Staphylea pinnata,93.42,3,100.00,100,Staphyleaceae,Staphylea,Staphylea pinnata,NO,NO,NO,Assigned
ASV444,36,0,0,0,0,36,0,0,0,0,0,0,0,0,0,0,0,SUBFAMILY,Tracheophyta,Magnoliopsida,Rosales,Rosaceae,Rosoideae,,,100.0,2,99.51,100,Rosaceae,Aremonia,Aremonia agrimonioides,NO,NO,NO,Assigned
ASV447,36,0,0,0,0,0,0,36,0,0,0,0,0,0,0,0,0,SUBFAMILY,Tracheophyta,Magnoliopsida,Brassicales,Brassicaceae,Brassicoideae,,,87.28,52,100.00,100,Myrsinaceae;Primulaceae,Anagallis;Lysimachia,Anagallis arvensis;Lysimachia terrestris,YES,YES,YES,Assigned
ASV450,36,0,0,0,0,0,0,0,0,0,0,36,0,0,0,0,0,SUBFAMILY,Tracheophyta,Magnoliopsida,Brassicales,Brassicaceae,Brassicoideae,,,90.23,55,99.75,100,Primulaceae,Cyclamen,Cyclamen purpurascens,NO,NO,NO,Assigned
ASV451,36,0,0,0,0,0,0,0,0,0,0,0,0,0,0,36,0,GENUS,Tracheophyta,Magnoliopsida,Rosales,Rosaceae,Amygdaloideae,Sorbus,,96.35,72,100.00,100,Rosaceae,Sorbus,Sorbus arranensis;Sorbus aucuparia;Sorbus cuneifolia,NO,NO,YES,Assigned
ASV463,34,0,0,0,0,0,0,0,0,0,34,0,0,0,0,0,0,GENUS,Tracheophyta,Magnoliopsida,Lamiales,Lamiaceae,Ajugoideae,Teucrium,,86.07,17,100.00,100,Lamiaceae,Teucrium,Teucrium scordium;Teucrium scorodonia,NO,NO,YES,Assigned
ASV464,34,0,0,0,0,0,0,0,0,0,0,34,0,0,0,0,0,GENUS,Tracheophyta,Magnoliopsida,Asterales,Asteraceae,Asteroideae,Solidago,,96.85,95,99.55,100,Asteraceae,Solidago,Solidago virgaurea,NO,NO,NO,Assigned
ASV467,33,0,0,0,0,33,0,0,0,0,0,0,0,0,0,0,0,GENUS,Tracheophyta,Magnoliopsida,Rosales,Rosaceae,Rosoideae,Rubus,,100.0,36,96.80,100,Rosaceae,Rubus,Rubus aciodonthus;Rubus adulans;Rubus arrheniiformis;Rubus asperidens;Rubus bovinus;Rubus braeuckeriformis;Rubus calotemnus;Rubus campaniensis;Rubus canduliger;Rubus caninitergi;Rubus chloocladus;Rubus cochinchinensis;Rubus condensatus;Rubus confusidens;Rubus dasyphyllus;Rubus dejonghii;Rubus diversus;Rubus eglandulosus;Rubus egregius;Rubus elegantispinosus;Rubus erinulus;Rubus euryanthemus;Rubus flagelliflorus;Rubus flexuosus;Rubus foersteri;Rubus frederici;Rubus gelertii;Rubus gloriosus;Rubus guestphalicus;Rubus hastiferus;Rubus henrici-weberi;Rubus holerythros;Rubus hypomalacus;Rubus insectifolius;Rubus integribasis;Rubus iuvenis;Rubus langei;Rubus lasiandrus;Rubus latiarcuatus;Rubus lindleianus;Rubus loehrii;Rubus muenteri;Rubus muridens;Rubus negatus;Rubus nemoralis;Rubus nitidiformis;Rubus opacus;Rubus picearum;Rubus planus;Rubus platyacanthus;Rubus plicatus;Rubus poliothyrsus;Rubus polyanthemus;Rubus praticolor;Rubus procerus;Rubus psilops;Rubus pugiunculosus;Rubus radula;Rubus raduloides;Rubus rubercadaver;Rubus rufescens;Rubus schlechtendalii;Rubus schleicheri;Rubus sciocharis;Rubus senticosus;Rubus tubanticus;Rubus vulgaris,NO,NO,YES,Assigned
ASV478,32,0,0,0,0,0,0,0,0,0,32,0,0,0,0,0,0,CLASS,Tracheophyta,Magnoliopsida,,,,,,100.0,94,99.78,100,Euphorbiaceae,Mercurialis,Mercurialis perennis,NO,NO,NO,Assigned
ASV479,32,0,0,0,0,0,0,0,0,0,0,0,0,32,0,0,0,GENUS,Tracheophyta,Magnoliopsida,Rosales,Rosaceae,Rosoideae,Fragaria,,100.0,2,97.36,100,Rosaceae,Fragaria,Fragaria vesca,NO,NO,NO,Assigned
ASV482,31,31,0,0,0,0,0,0,0,0,0,0,0,0,0,0,0,GENUS,Tracheophyta,Magnoliopsida,Lamiales,Oleaceae,,Fraxinus,,96.0,47,100.00,100,Oleaceae,Fraxinus,Fraxinus angustifolia;Fraxinus excelsior,NO,NO,YES,Assigned
ASV483,31,31,0,0,0,0,0,0,0,0,0,0,0,0,0,0,0,SPECIES,Tracheophyta,Magnoliopsida,Lamiales,Oleaceae,,Fraxinus,Fraxinus ornus,100.0,3,99.65,100,Oleaceae,Fraxinus,Fraxinus ornus,NO,NO,NO,Assigned
ASV49,557,0,0,0,0,0,92,82,107,47,0,0,0,87,20,53,69,GENUS,Tracheophyta,Magnoliopsida,Rosales,Rosaceae,Rosoideae,Fragaria,,100.0,44,100.00,100,Rosaceae,Fragaria,Fragaria vesca,NO,NO,NO,Assigned
ASV497,30,0,0,0,0,0,0,0,0,0,13,17,0,0,0,0,0,GENUS,Tracheophyta,Magnoliopsida,Rosales,Rosaceae,Rosoideae,Rubus,,100.0,55,97.07,100,Rosaceae,Rubus,Rubus aciodonthus;Rubus adulans;Rubus arrheniiformis;Rubus asperidens;Rubus bovinus;Rubus braeuckeriformis;Rubus calotemnus;Rubus campaniensis;Rubus canduliger;Rubus caninitergi;Rubus chloocladus;Rubus cochinchinensis;Rubus condensatus;Rubus confusidens;Rubus dasyphyllus;Rubus dejonghii;Rubus diversus;Rubus eglandulosus;Rubus egregius;Rubus elegantispinosus;Rubus euryanthemus;Rubus flagelliflorus;Rubus flexuosus;Rubus foersteri;Rubus frederici;Rubus gelertii;Rubus gloriosus;Rubus guestphalicus;Rubus hastiferus;Rubus henrici-weberi;Rubus holerythros;Rubus hypomalacus;Rubus insectifolius;Rubus integribasis;Rubus iuvenis;Rubus langei;Rubus lasiandrus;Rubus latiarcuatus;Rubus lindleianus;Rubus loehrii;Rubus muenteri;Rubus muridens;Rubus negatus;Rubus nemoralis;Rubus nitidiformis;Rubus opacus;Rubus picearum;Rubus planus;Rubus platyacanthus;Rubus plicatus;Rubus poliothyrsus;Rubus polyanthemus;Rubus praticolor;Rubus procerus;Rubus psilops;Rubus pugiunculosus;Rubus radula;Rubus raduloides;Rubus rubercadaver;Rubus rufescens;Rubus schlechtendalii;Rubus schleicheri;Rubus sciocharis;Rubus senticosus;Rubus tubanticus;Rubus vulgaris,NO,NO,YES,Assigned
ASV498,30,0,0,0,0,0,0,0,0,0,0,30,0,0,0,0,0,GENUS,Tracheophyta,Magnoliopsida,Rosales,Rosaceae,Rosoideae,Rubus,,99.64,94,99.77,100,Rosaceae,Rubus,Rubus caesius,NO,NO,NO,Assigned
ASV5,23296,720,0,1713,0,1936,1000,760,138,0,1946,1825,3008,1568,4958,1217,2507,GENUS,Tracheophyta,Magnoliopsida,Rosales,Rosaceae,Rosoideae,Rubus,,99.3,98,99.73,100,Rosaceae,Rubus,Rubus cochinchinensis;Rubus longior;Rubus negatus;Rubus oreades,NO,NO,YES,Assigned
ASV505,29,0,0,0,0,0,29,0,0,0,0,0,0,0,0,0,0,GENUS,Tracheophyta,Magnoliopsida,Rosales,Rosaceae,Amygdaloideae,Sorbus,,98.7,85,100.00,100,Rosaceae,Sorbus,Sorbus eminens;Sorbus eminentoides;Sorbus vexans,NO,NO,YES,Assigned
ASV508,29,0,0,0,0,0,0,0,0,0,0,0,29,0,0,0,0,GENUS,Tracheophyta,Magnoliopsida,Rosales,Rosaceae,Rosoideae,Rubus,,99.6,97,99.73,100,Rosaceae,Rubus,,NO,NO,NO,Assigned
ASV510,29,0,0,0,0,0,0,0,0,0,0,0,0,0,0,29,0,CLASS,Tracheophyta,Magnoliopsida,,,,,,99.23,95,99.72,100,Ranunculaceae,Helleborus,Helleborus orientalis,NO,NO,NO,Assigned
ASV511,29,0,0,0,0,0,0,0,0,0,0,0,0,0,0,29,0,SPECIES,Tracheophyta,Magnoliopsida,Lamiales,Plantaginaceae,Digitalidoideae,Veronica,Veronica montana,92.79,10,100.00,100,Plantaginaceae,Veronica,Veronica montana,NO,NO,NO,Assigned
ASV512,29,0,0,0,0,0,0,0,0,0,0,0,0,0,0,0,29,SUBFAMILY,Tracheophyta,Magnoliopsida,Brassicales,Brassicaceae,Brassicoideae,,,100.0,85,100.00,100,Brassicaceae,Cardamine,Cardamine microphylla,NO,NO,NO,Assigned
ASV513,28,28,0,0,0,0,0,0,0,0,0,0,0,0,0,0,0,GENUS,Tracheophyta,Magnoliopsida,Apiales,Araliaceae,,Hedera,,92.89,17,99.56,100,Araliaceae;Ranunculaceae,Clematis;Hedera,Clematis flammula;Hedera helix;Hedera helix subsp. helix,YES,YES,YES,Assigned
ASV514,28,28,0,0,0,0,0,0,0,0,0,0,0,0,0,0,0,GENUS,Tracheophyta,Magnoliopsida,Rosales,Rosaceae,Rosoideae,Rubus,,99.71,96,100.00,100,Rosaceae,Rubus,Rubus aciodonthus;Rubus adulans;Rubus arrheniiformis;Rubus asperidens;Rubus bovinus;Rubus braeuckeriformis;Rubus calotemnus;Rubus campaniensis;Rubus caninitergi;Rubus chloocladus;Rubus cochinchinensis;Rubus confusidens;Rubus dasyphyllus;Rubus dejonghii;Rubus diversus;Rubus eglandulosus;Rubus egregius;Rubus elegantispinosus;Rubus euryanthemus;Rubus flagelliflorus;Rubus flexuosus;Rubus foersteri;Rubus frederici;Rubus gelertii;Rubus gloriosus;Rubus guestphalicus;Rubus hastiferus;Rubus henrici-weberi;Rubus holerythros;Rubus hypomalacus;Rubus insectifolius;Rubus integribasis;Rubus iuvenis;Rubus langei;Rubus lasiandrus;Rubus latiarcuatus;Rubus lindleianus;Rubus loehrii;Rubus muenteri;Rubus nemoralis;Rubus nitidiformis;Rubus opacus;Rubus planus;Rubus platyacanthus;Rubus plicatus;Rubus poliothyrsus;Rubus polyanthemus;Rubus praticolor;Rubus psilops;Rubus pugiunculosus;Rubus radula;Rubus raduloides;Rubus rubercadaver;Rubus rufescens;Rubus schlechtendalii;Rubus schleicheri;Rubus sciocharis;Rubus senticosus;Rubus tubanticus;Rubus vulgaris,NO,NO,YES,Assigned
ASV52,540,32,0,47,0,0,174,26,60,0,0,0,0,0,0,201,0,GENUS,Tracheophyta,Magnoliopsida,Rosales,Rosaceae,Rosoideae,Rubus,,99.6,96,99.54,100,Rosaceae,Rubus,Rubus fruticosus agg.,NO,NO,NO,Assigned
ASV527,27,0,0,0,0,0,0,0,27,0,0,0,0,0,0,0,0,SUBFAMILY,Tracheophyta,Magnoliopsida,Ranunculales,Ranunculaceae,Ranunculoideae,,,91.28,49,99.74,100,Ranunculaceae,Anemone,Anemone nemorosa,NO,NO,NO,Assigned
ASV530,27,0,0,0,0,0,0,0,0,0,1,0,0,9,17,0,0,GENUS,Tracheophyta,Magnoliopsida,Rosales,Rosaceae,Rosoideae,Rubus,,99.91,89,98.39,100,Rosaceae,Rubus,Rubus fruticosus agg.,NO,NO,NO,Assigned
ASV531,27,0,0,0,0,0,0,0,0,0,0,27,0,0,0,0,0,GENUS,Tracheophyta,Magnoliopsida,Rosales,Rosaceae,Rosoideae,Rubus,,100.0,10,96.28,100,Rosaceae,Rubus,Rubus adspersus;Rubus bovinus;Rubus chloocladus;Rubus cochinchinensis;Rubus deweveri;Rubus divaricatus;Rubus longior;Rubus montanus;Rubus nelliae;Rubus nemoripatens;Rubus poliothyrsus;Rubus spina-curva;Rubus winteri,NO,NO,YES,Assigned
ASV532,27,0,0,0,0,0,0,0,0,0,0,27,0,0,0,0,0,GENUS,Tracheophyta,Magnoliopsida,Rosales,Rosaceae,Rosoideae,Rubus,,100.0,100,99.60,100,Rosaceae,Rubus,Rubus aciodonthus;Rubus adulans;Rubus arrheniiformis;Rubus asperidens;Rubus bovinus;Rubus braeuckeriformis;Rubus calotemnus;Rubus campaniensis;Rubus caninitergi;Rubus chloocladus;Rubus cochinchinensis;Rubus condensatus;Rubus confusidens;Rubus dasyphyllus;Rubus dejonghii;Rubus diversus;Rubus eglandulosus;Rubus egregius;Rubus eifeliensis;Rubus elegantispinosus;Rubus euryanthemus;Rubus flagellaris;Rubus flagelliflorus;Rubus flexuosus;Rubus foersteri;Rubus foliosus;Rubus frederici;Rubus fruticosus agg.;Rubus gelertii;Rubus gloriosus;Rubus guestphalicus;Rubus hastiferus;Rubus henrici-weberi;Rubus holerythros;Rubus hypomalacus;Rubus ignoratus;Rubus incarnatus;Rubus insectifolius;Rubus integribasis;Rubus iuvenis;Rubus langei;Rubus lasiandrus;Rubus latiarcuatus;Rubus lindleianus;Rubus loehrii;Rubus muenteri;Rubus nemoralis;Rubus nitidiformis;Rubus opacus;Rubus planus;Rubus platyacanthus;Rubus plicatus;Rubus poliothyrsus;Rubus polyanthemus;Rubus praticolor;Rubus procerus;Rubus psilops;Rubus pugiunculosus;Rubus radula;Rubus raduloides;Rubus rubercadaver;Rubus rufescens;Rubus schlechtendalii;Rubus schleicheri;Rubus sciocharis;Rubus senticosus;Rubus sprengelii;Rubus teretiusculus;Rubus tubanticus;Rubus ulmifolius;Rubus urticifolius;Rubus vulgaris,NO,NO,YES,Assigned
ASV538,26,0,0,0,0,0,0,26,0,0,0,0,0,0,0,0,0,CLASS,Tracheophyta,Magnoliopsida,,,,,,98.72,94,99.15,100,Boraginaceae;Orobanchaceae,Castilleja;Mertensia,Castilleja yukonis;Mertensia longiflora;Mertensia maritima;Mertensia paniculata,YES,YES,YES,Assigned
ASV539,26,0,0,0,0,0,0,0,0,0,26,0,0,0,0,0,0,CLASS,Tracheophyta,Magnoliopsida,,,,,,100.0,93,99.54,100,Euphorbiaceae,Mercurialis,Mercurialis ovata,NO,NO,NO,Assigned
ASV543,26,0,0,0,0,0,0,0,0,0,0,0,0,0,0,0,26,GENUS,Tracheophyta,Magnoliopsida,Rosales,Rosaceae,Rosoideae,Rubus,,99.89,93,99.20,100,Rosaceae,Rubus,Rubus cochinchinensis;Rubus longior;Rubus negatus;Rubus oreades,NO,NO,YES,Assigned
ASV544,25,25,0,0,0,0,0,0,0,0,0,0,0,0,0,0,0,GENUS,Tracheophyta,Magnoliopsida,Rosales,Rosaceae,Rosoideae,Rubus,,99.94,93,99.47,100,Rosaceae,Rubus,Rubus cochinchinensis;Rubus longior;Rubus negatus;Rubus oreades,NO,NO,YES,Assigned
ASV547,25,0,0,25,0,0,0,0,0,0,0,0,0,0,0,0,0,GENUS,Tracheophyta,Magnoliopsida,Rosales,Rosaceae,Rosoideae,Rosa,,99.47,97,99.49,100,Rosaceae,Rosa,Rosa omeiensis,NO,NO,NO,Assigned
ASV551,25,0,0,0,0,0,0,25,0,0,0,0,0,0,0,0,0,GENUS,Tracheophyta,Magnoliopsida,Rosales,Rosaceae,Rosoideae,Rubus,,99.91,93,99.73,100,Rosaceae,Rubus,Rubus cochinchinensis;Rubus longior;Rubus negatus;Rubus oreades,NO,NO,YES,Assigned
ASV574,23,0,0,0,0,0,0,0,0,0,0,23,0,0,0,0,0,GENUS,Tracheophyta,Magnoliopsida,Rosales,Rosaceae,Rosoideae,Rubus,,99.83,90,100.00,100,Rosaceae,Rubus,Rubus dumetorum;Rubus lobatidens;Rubus plicatus,NO,NO,YES,Assigned
ASV575,23,0,0,0,0,0,0,0,0,0,0,0,8,0,0,15,0,CLASS,Tracheophyta,Magnoliopsida,,,,,,100.0,94,99.70,100,Celastraceae,Euonymus,Euonymus verrucosus,NO,NO,NO,Assigned
ASV583,22,0,0,0,0,0,0,0,0,0,22,0,0,0,0,0,0,GENUS,Tracheophyta,Magnoliopsida,Rosales,Rosaceae,Rosoideae,Fragaria,,100.0,43,99.52,100,Rosaceae,Fragaria,Fragaria vesca,NO,NO,NO,Assigned
ASV595,21,0,0,0,0,21,0,0,0,0,0,0,0,0,0,0,0,SUBFAMILY,Tracheophyta,Magnoliopsida,Ranunculales,Ranunculaceae,Ranunculoideae,,,81.26,23,98.41,100,Ranunculaceae,Aconitum,Aconitum barbatum var. puberulum,NO,NO,NO,Assigned
ASV596,21,0,0,0,0,0,0,0,21,0,0,0,0,0,0,0,0,GENUS,Tracheophyta,Magnoliopsida,Rosales,Rosaceae,Rosoideae,Rubus,,99.57,93,98.93,100,Rosaceae,Rubus,Rubus aciodonthus;Rubus adulans;Rubus arrheniiformis;Rubus bovinus;Rubus braeuckeriformis;Rubus calotemnus;Rubus campaniensis;Rubus caninitergi;Rubus chloocladus;Rubus cochinchinensis;Rubus dasyphyllus;Rubus dejonghii;Rubus diversus;Rubus eglandulosus;Rubus egregius;Rubus elegantispinosus;Rubus euryanthemus;Rubus flagelliflorus;Rubus flexuosus;Rubus frederici;Rubus gelertii;Rubus gloriosus;Rubus guestphalicus;Rubus hastiferus;Rubus henrici-weberi;Rubus hypomalacus;Rubus insectifolius;Rubus integribasis;Rubus iuvenis;Rubus langei;Rubus lasiandrus;Rubus latiarcuatus;Rubus muenteri;Rubus nemoralis;Rubus nitidiformis;Rubus opacus;Rubus planus;Rubus platyacanthus;Rubus plicatus;Rubus poliothyrsus;Rubus polyanthemus;Rubus praticolor;Rubus psilops;Rubus pugiunculosus;Rubus radula;Rubus raduloides;Rubus rubercadaver;Rubus rufescens;Rubus schlechtendalii;Rubus sciocharis;Rubus senticosus;Rubus tubanticus;Rubus vulgaris,NO,NO,YES,Assigned
ASV597,21,0,0,0,0,0,0,0,0,21,0,0,0,0,0,0,0,CLASS,Tracheophyta,Magnoliopsida,,,,,,100.0,89,98.69,100,Boraginaceae,Omphalodes,Omphalodes verna,NO,NO,NO,Assigned
ASV6,22282,4271,1945,0,0,131,985,7482,670,4911,688,0,0,327,0,211,661,CLASS,Tracheophyta,Magnoliopsida,,,,,,100.0,89,99.34,100,Boraginaceae,Omphalodes,Omphalodes verna,NO,NO,NO,Assigned
ASV60,461,0,0,0,0,448,0,13,0,0,0,0,0,0,0,0,0,CLASS,Tracheophyta,Magnoliopsida,,,,,,99.24,95,100.00,100,Ranunculaceae,Helleborus,Helleborus viridis,NO,NO,NO,Assigned
ASV602,21,0,0,0,0,0,0,0,0,0,0,0,0,0,0,21,0,CLASS,Tracheophyta,Magnoliopsida,,,,,,100.0,95,99.72,100,Ranunculaceae,Helleborus,Helleborus orientalis,NO,NO,NO,Assigned
ASV609,20,0,0,0,0,0,0,0,0,0,0,20,0,0,0,0,0,GENUS,Tracheophyta,Magnoliopsida,Rosales,Rosaceae,Rosoideae,Rubus,,99.62,92,99.37,100,Rosaceae,Rubus,Rubus fruticosus agg.,NO,NO,NO,Assigned
ASV624,19,0,0,0,0,0,0,0,0,0,0,0,0,19,0,0,0,SUBFAMILY,Tracheophyta,Magnoliopsida,Brassicales,Brassicaceae,Brassicoideae,,,92.85,55,100.00,100,Myrsinaceae,Anagallis,Anagallis arvensis,NO,NO,NO,Assigned
ASV625,19,0,0,0,0,0,0,0,0,0,0,0,0,19,0,0,0,SPECIES,Tracheophyta,Magnoliopsida,Malpighiales,Euphorbiaceae,,Mercurialis,Mercurialis perennis,95.89,9,99.33,100,Euphorbiaceae,Mercurialis,Mercurialis perennis,NO,NO,NO,Assigned
ASV626,19,0,0,0,0,0,0,0,0,0,0,0,0,19,0,0,0,CLASS,Tracheophyta,Magnoliopsida,,,,,,100.0,93,100.00,100,Euphorbiaceae,Mercurialis,Mercurialis ovata,NO,NO,NO,Assigned
ASV627,18,0,18,0,0,0,0,0,0,0,0,0,0,0,0,0,0,GENUS,Tracheophyta,Magnoliopsida,Rosales,Rosaceae,Rosoideae,Rubus,,99.34,98,100.00,100,Rosaceae,Rubus,Rubus aciodonthus;Rubus adulans;Rubus arrheniiformis;Rubus asperidens;Rubus bovinus;Rubus braeuckeriformis;Rubus calotemnus;Rubus campaniensis;Rubus caninitergi;Rubus chloocladus;Rubus cochinchinensis;Rubus confusidens;Rubus dasyphyllus;Rubus dejonghii;Rubus diversus;Rubus eglandulosus;Rubus egregius;Rubus elegantispinosus;Rubus euryanthemus;Rubus flagelliflorus;Rubus flexuosus;Rubus frederici;Rubus fruticosus agg.;Rubus gelertii;Rubus gloriosus;Rubus guestphalicus;Rubus hastiferus;Rubus henrici-weberi;Rubus holerythros;Rubus hypomalacus;Rubus insectifolius;Rubus integribasis;Rubus iuvenis;Rubus langei;Rubus lasiandrus;Rubus latiarcuatus;Rubus loehrii;Rubus muenteri;Rubus nemoralis;Rubus nitidiformis;Rubus opacus;Rubus planus;Rubus platyacanthus;Rubus plicatus;Rubus poliothyrsus;Rubus polyanthemus;Rubus praticolor;Rubus psilops;Rubus pugiunculosus;Rubus radula;Rubus raduloides;Rubus rubercadaver;Rubus rufescens;Rubus schlechtendalii;Rubus sciocharis;Rubus senticosus;Rubus tubanticus;Rubus vulgaris,NO,NO,YES,Assigned
ASV630,18,0,0,0,0,0,18,0,0,0,0,0,0,0,0,0,0,CLASS,Tracheophyta,Magnoliopsida,,,,,,100.0,89,99.02,100,Boraginaceae,Omphalodes,Omphalodes verna,NO,NO,NO,Assigned
ASV634,18,0,0,0,0,0,0,0,0,0,0,18,0,0,0,0,0,GENUS,Tracheophyta,Magnoliopsida,Rosales,Rosaceae,Rosoideae,Rubus,,100.0,36,96.80,100,Rosaceae,Rubus,Rubus aciodonthus;Rubus adulans;Rubus arrheniiformis;Rubus asperidens;Rubus bovinus;Rubus braeuckeriformis;Rubus calotemnus;Rubus campaniensis;Rubus canduliger;Rubus caninitergi;Rubus chloocladus;Rubus cochinchinensis;Rubus condensatus;Rubus confusidens;Rubus dasyphyllus;Rubus dejonghii;Rubus diversus;Rubus eglandulosus;Rubus egregius;Rubus elegantispinosus;Rubus erinulus;Rubus euryanthemus;Rubus flagelliflorus;Rubus flexuosus;Rubus foersteri;Rubus frederici;Rubus gelertii;Rubus gloriosus;Rubus guestphalicus;Rubus hastiferus;Rubus henrici-weberi;Rubus holerythros;Rubus hypomalacus;Rubus insectifolius;Rubus integribasis;Rubus iuvenis;Rubus langei;Rubus lasiandrus;Rubus latiarcuatus;Rubus lindleianus;Rubus loehrii;Rubus muenteri;Rubus muridens;Rubus negatus;Rubus nemoralis;Rubus nitidiformis;Rubus opacus;Rubus picearum;Rubus planus;Rubus platyacanthus;Rubus plicatus;Rubus poliothyrsus;Rubus polyanthemus;Rubus praticolor;Rubus procerus;Rubus psilops;Rubus pugiunculosus;Rubus radula;Rubus raduloides;Rubus rubercadaver;Rubus rufescens;Rubus schlechtendalii;Rubus schleicheri;Rubus sciocharis;Rubus senticosus;Rubus tubanticus;Rubus vulgaris,NO,NO,YES,Assigned
ASV639,17,0,0,17,0,0,0,0,0,0,0,0,0,0,0,0,0,GENUS,Tracheophyta,Magnoliopsida,Rosales,Rosaceae,Rosoideae,Rubus,,100.0,54,97.06,100,Rosaceae,Rubus,Rubus aciodonthus;Rubus adulans;Rubus arrheniiformis;Rubus asperidens;Rubus bovinus;Rubus braeuckeriformis;Rubus calotemnus;Rubus campaniensis;Rubus canduliger;Rubus caninitergi;Rubus chloocladus;Rubus cochinchinensis;Rubus condensatus;Rubus confusidens;Rubus dasyphyllus;Rubus dejonghii;Rubus diversus;Rubus eglandulosus;Rubus egregius;Rubus elegantispinosus;Rubus euryanthemus;Rubus flagelliflorus;Rubus flexuosus;Rubus foersteri;Rubus frederici;Rubus gelertii;Rubus gloriosus;Rubus guestphalicus;Rubus hastiferus;Rubus henrici-weberi;Rubus holerythros;Rubus hypomalacus;Rubus insectifolius;Rubus integribasis;Rubus iuvenis;Rubus langei;Rubus lasiandrus;Rubus latiarcuatus;Rubus lindleianus;Rubus loehrii;Rubus muenteri;Rubus muridens;Rubus negatus;Rubus nemoralis;Rubus nitidiformis;Rubus opacus;Rubus picearum;Rubus planus;Rubus platyacanthus;Rubus plicatus;Rubus poliothyrsus;Rubus polyanthemus;Rubus praticolor;Rubus procerus;Rubus psilops;Rubus pugiunculosus;Rubus radula;Rubus raduloides;Rubus rubercadaver;Rubus rufescens;Rubus schlechtendalii;Rubus schleicheri;Rubus sciocharis;Rubus senticosus;Rubus tubanticus;Rubus vulgaris,NO,NO,YES,Assigned
ASV643,17,0,0,0,0,17,0,0,0,0,0,0,0,0,0,0,0,GENUS,Tracheophyta,Magnoliopsida,Rosales,Rosaceae,Amygdaloideae,Sorbus,,96.58,52,100.00,100,Rosaceae,Sorbus,Sorbus aucuparia;Sorbus minima,NO,NO,YES,Assigned
ASV644,17,0,0,0,0,17,0,0,0,0,0,0,0,0,0,0,0,SUBFAMILY,Tracheophyta,Magnoliopsida,Asterales,Campanulaceae,Campanuloideae,,,86.15,8,98.69,100,Boraginaceae,Omphalodes,Omphalodes verna,NO,NO,NO,Assigned
ASV647,17,0,0,0,0,0,0,0,10,7,0,0,0,0,0,0,0,GENUS,Tracheophyta,Magnoliopsida,Rosales,Rosaceae,Rosoideae,Rubus,,98.48,69,100.00,100,Rosaceae,Rubus,Rubus cochinchinensis;Rubus coreanus;Rubus idaeus;Rubus phoenicolasius;Rubus saxatilis,NO,NO,YES,Assigned
ASV649,17,0,0,0,0,0,0,0,0,0,17,0,0,0,0,0,0,GENUS,Tracheophyta,Magnoliopsida,Rosales,Rosaceae,Rosoideae,Rubus,,100.0,92,97.94,100,Rosaceae,Rubus,Rubus fruticosus agg.,NO,NO,NO,Assigned
ASV65,435,0,0,0,0,0,0,0,0,0,0,0,147,288,0,0,0,GENUS,Tracheophyta,Magnoliopsida,Rosales,Rosaceae,Rosoideae,Rubus,,99.58,98,99.77,100,Rosaceae,Rubus,Rubus fruticosus agg.,NO,NO,NO,Assigned
ASV658,16,0,0,0,0,0,0,0,16,0,0,0,0,0,0,0,0,CLASS,Tracheophyta,Magnoliopsida,,,,,,100.0,94,99.30,100,Malvaceae,Grewia,Grewia hirsuta,NO,NO,NO,Assigned
ASV662,16,0,0,0,0,0,0,0,0,0,0,0,0,0,16,0,0,GENUS,Tracheophyta,Magnoliopsida,Ranunculales,Ranunculaceae,Ranunculoideae,Clematis,,100.0,61,100.00,100,Ranunculaceae,Clematis,Clematis vitalba,NO,NO,NO,Assigned
ASV664,15,15,0,0,0,0,0,0,0,0,0,0,0,0,0,0,0,SUBFAMILY,Tracheophyta,Magnoliopsida,Rosales,Rosaceae,Amygdaloideae,,,91.75,16,100.00,100,Juglandaceae,Platycarya,,NO,NO,NO,Assigned
ASV670,15,0,0,0,0,0,0,0,15,0,0,0,0,0,0,0,0,GENUS,Tracheophyta,Magnoliopsida,Rosales,Rosaceae,Rosoideae,Rubus,,99.74,94,100.00,100,Rosaceae,Rubus,Rubus aciodonthus;Rubus adulans;Rubus arrheniiformis;Rubus asperidens;Rubus bovinus;Rubus braeuckeriformis;Rubus calotemnus;Rubus campaniensis;Rubus caninitergi;Rubus chloocladus;Rubus cochinchinensis;Rubus confusidens;Rubus dasyphyllus;Rubus dejonghii;Rubus diversus;Rubus eglandulosus;Rubus egregius;Rubus elegantispinosus;Rubus euryanthemus;Rubus flagelliflorus;Rubus flexuosus;Rubus frederici;Rubus gelertii;Rubus gloriosus;Rubus guestphalicus;Rubus hastiferus;Rubus henrici-weberi;Rubus holerythros;Rubus hypomalacus;Rubus insectifolius;Rubus integribasis;Rubus iuvenis;Rubus langei;Rubus lasiandrus;Rubus latiarcuatus;Rubus lindleianus;Rubus loehrii;Rubus muenteri;Rubus nemoralis;Rubus nitidiformis;Rubus opacus;Rubus planus;Rubus platyacanthus;Rubus plicatus;Rubus poliothyrsus;Rubus polyanthemus;Rubus praticolor;Rubus psilops;Rubus pugiunculosus;Rubus radula;Rubus raduloides;Rubus rubercadaver;Rubus rufescens;Rubus schlechtendalii;Rubus schleicheri;Rubus sciocharis;Rubus senticosus;Rubus tubanticus;Rubus vulgaris,NO,NO,YES,Assigned
ASV671,15,0,0,0,0,0,0,0,0,15,0,0,0,0,0,0,0,CLASS,Tracheophyta,Magnoliopsida,,,,,,99.3,95,99.30,100,Orobanchaceae;Rosaceae,Castilleja;Rubus,Castilleja unalaschcensis;Rubus cochinchinensis;Rubus fruticosus agg.;Rubus ichangensis;Rubus idaeus;Rubus parviflorus;Rubus pubescens;Rubus pungens var. indefensus;Rubus saxatilis;Rubus sumatranus,YES,YES,YES,Assigned
ASV674,15,0,0,0,0,0,0,0,0,0,0,0,0,15,0,0,0,CLASS,Tracheophyta,Magnoliopsida,,,,,,100.0,94,98.48,100,Boraginaceae,Pulmonaria,Pulmonaria angustifolia;Pulmonaria obscura;Pulmonaria officinalis,NO,NO,YES,Assigned
ASV677,15,0,0,0,0,0,0,0,0,0,0,0,0,0,0,15,0,SUBFAMILY,Tracheophyta,Magnoliopsida,Lamiales,Plantaginaceae,Digitalidoideae,,,98.89,50,100.00,100,Plantaginaceae,Veronica,Veronica officinalis,NO,NO,NO,Assigned
ASV679,15,0,0,0,0,0,0,0,0,0,0,0,0,0,0,0,15,GENUS,Tracheophyta,Magnoliopsida,Rosales,Rosaceae,Rosoideae,Rubus,,99.59,96,99.73,100,Rosaceae,Rubus,Rubus leucandrus,NO,NO,NO,Assigned
ASV687,14,0,0,14,0,0,0,0,0,0,0,0,0,0,0,0,0,CLASS,Tracheophyta,Magnoliopsida,,,,,,100.0,93,100.00,100,Euphorbiaceae,Mercurialis,Mercurialis perennis,NO,NO,NO,Assigned
ASV689,14,0,0,0,0,14,0,0,0,0,0,0,0,0,0,0,0,CLASS,Tracheophyta,Magnoliopsida,,,,,,100.0,93,99.45,100,Euphorbiaceae,Euphorbia,Euphorbia carniolica,NO,NO,NO,Assigned
ASV690,14,0,0,0,0,14,0,0,0,0,0,0,0,0,0,0,0,SUBFAMILY,Tracheophyta,Magnoliopsida,Ranunculales,Ranunculaceae,Ranunculoideae,,,85.51,25,98.73,100,Ranunculaceae,Aconitum,Aconitum barbatum var. puberulum,NO,NO,NO,Assigned
ASV691,14,0,0,0,0,14,0,0,0,0,0,0,0,0,0,0,0,CLASS,Tracheophyta,Magnoliopsida,,,,,,100.0,95,99.76,100,Ranunculaceae,Helleborus,Helleborus viridis,NO,NO,NO,Assigned
ASV693,14,0,0,0,0,0,0,14,0,0,0,0,0,0,0,0,0,CLASS,Tracheophyta,Magnoliopsida,,,,,,100.0,93,99.32,100,Ranunculaceae,Anemone,Anemone nemorosa,NO,NO,NO,Assigned
ASV697,14,0,0,0,0,0,0,0,0,0,14,0,0,0,0,0,0,GENUS,Tracheophyta,Magnoliopsida,Rosales,Rosaceae,Rosoideae,Fragaria,,100.0,36,99.28,100,Rosaceae,Fragaria,Fragaria vesca,NO,NO,NO,Assigned
ASV7,19262,159,0,176,0,0,0,561,4278,14088,0,0,0,0,0,0,0,GENUS,Tracheophyta,Magnoliopsida,Rosales,Rosaceae,Rosoideae,Rubus,,98.7,86,100.00,100,Rosaceae,Rubus,Rubus cochinchinensis;Rubus idaeus;Rubus saxatilis,NO,NO,YES,Assigned
ASV702,14,0,0,0,0,0,0,0,0,0,0,0,0,0,0,14,0,SPECIES,Tracheophyta,Magnoliopsida,Lamiales,Oleaceae,,Fraxinus,Fraxinus excelsior,91.03,24,99.77,100,Oleaceae,Fraxinus,Fraxinus excelsior,NO,NO,NO,Assigned
ASV705,13,0,0,13,0,0,0,0,0,0,0,0,0,0,0,0,0,CLASS,Tracheophyta,Magnoliopsida,,,,,,100.0,93,100.00,100,Euphorbiaceae,Mercurialis,Mercurialis ovata,NO,NO,NO,Assigned
ASV71,405,0,0,0,0,0,0,0,0,405,0,0,0,0,0,0,0,GENUS,Tracheophyta,Magnoliopsida,Rosales,Rosaceae,Rosoideae,Rubus,,98.54,79,99.77,100,Rosaceae,Rubus,Rubus idaeus;Rubus saxatilis,NO,NO,YES,Assigned
ASV713,13,0,0,0,0,0,0,0,0,0,13,0,0,0,0,0,0,GENUS,Tracheophyta,Magnoliopsida,Rosales,Rosaceae,Rosoideae,Rubus,,99.52,92,99.08,100,Rosaceae,Rubus,Rubus fruticosus agg.,NO,NO,NO,Assigned
ASV714,13,0,0,0,0,0,0,0,0,0,13,0,0,0,0,0,0,GENUS,Tracheophyta,Magnoliopsida,Rosales,Rosaceae,Rosoideae,Rubus,,100.0,40,96.97,100,Rosaceae,Rubus,Rubus oreades,NO,NO,NO,Assigned
ASV716,13,0,0,0,0,0,0,0,0,0,0,0,13,0,0,0,0,SUBFAMILY,Tracheophyta,Magnoliopsida,Rosales,Rosaceae,Rosoideae,,,100.0,3,96.39,100,Rosaceae,Fragaria,Fragaria vesca,NO,NO,NO,Assigned
ASV720,12,12,0,0,0,0,0,0,0,0,0,0,0,0,0,0,0,GENUS,Tracheophyta,Magnoliopsida,Boraginales,Boraginaceae,,Omphalodes,,98.12,6,99.34,100,Boraginaceae,Omphalodes,Omphalodes verna,NO,NO,NO,Assigned
ASV73,380,0,0,0,0,0,0,0,327,53,0,0,0,0,0,0,0,GENUS,Tracheophyta,Magnoliopsida,Rosales,Rosaceae,Rosoideae,Rubus,,98.66,87,100.00,100,Rosaceae,Rubus,Rubus cochinchinensis;Rubus idaeus,NO,NO,YES,Assigned
ASV732,12,0,0,0,0,12,0,0,0,0,0,0,0,0,0,0,0,GENUS,Tracheophyta,Magnoliopsida,Ranunculales,Ranunculaceae,Ranunculoideae,Aconitum,,86.04,26,99.34,100,Ranunculaceae,Aconitum,Aconitum lycoctonum;Aconitum moldavicum,NO,NO,YES,Assigned
ASV734,12,0,0,0,0,2,4,4,0,0,0,0,0,0,0,2,0,GENUS,Tracheophyta,Magnoliopsida,Rosales,Rosaceae,Rosoideae,Rubus,,99.46,35,99.54,100,Rosaceae,Rubus,Rubus flagellaris;Rubus lasiandrus;Rubus pentagonus;Rubus pinnatisepalus;Rubus reflexus,NO,NO,YES,Assigned
ASV735,12,0,0,0,0,0,0,0,12,0,0,0,0,0,0,0,0,CLASS,Tracheophyta,Magnoliopsida,,,,,,100.0,91,99.30,100,Malvaceae,Grewia,Grewia hirsuta,NO,NO,NO,Assigned
ASV736,12,0,0,0,0,0,0,0,12,0,0,0,0,0,0,0,0,GENUS,Tracheophyta,Magnoliopsida,Rosales,Rosaceae,Rosoideae,Rubus,,99.63,44,98.78,100,Rosaceae,Rubus,Rubus coreanus;Rubus inopertus;Rubus inopertus var. echinocalyx;Rubus mesogaeus;Rubus phoenicolasius;Rubus subinopertus,NO,NO,YES,Assigned
ASV739,12,0,0,0,0,0,0,0,0,0,12,0,0,0,0,0,0,GENUS,Tracheophyta,Magnoliopsida,Fagales,Fagaceae,Quercoideae,Quercus,,99.88,72,98.93,100,Fagaceae,Quercus,Quercus aliena,NO,NO,NO,Assigned
ASV742,12,0,0,0,0,0,0,0,0,0,0,0,0,0,0,0,12,GENUS,Tracheophyta,Magnoliopsida,Rosales,Rosaceae,Rosoideae,Fragaria,,100.0,3,97.36,100,Rosaceae,Fragaria,Fragaria vesca,NO,NO,NO,Assigned
ASV743,11,11,0,0,0,0,0,0,0,0,0,0,0,0,0,0,0,GENUS,Tracheophyta,Magnoliopsida,Lamiales,Lamiaceae,Lamioideae,Lamium,,83.29,10,98.49,100,Lamiaceae,Lamium,Lamium galeobdolon subsp. flavidum,NO,NO,NO,Assigned
ASV753,11,0,0,0,0,0,0,11,0,0,0,0,0,0,0,0,0,FAMILY,Tracheophyta,Magnoliopsida,Rosales,Rosaceae,,,,99.61,23,94.87,100,Rosaceae,Acaena,Acaena ovalifolia,NO,NO,NO,Assigned
ASV755,11,0,0,0,0,0,0,0,0,11,0,0,0,0,0,0,0,ORDER,Tracheophyta,Magnoliopsida,Saxifragales,,,,,83.49,58,100.00,100,Saxifragaceae,Micranthes;Saxifraga,Micranthes razshivinii;Saxifraga bronchialis;Saxifraga mertensiana,NO,YES,YES,Assigned
ASV756,11,0,0,0,0,0,0,0,0,11,0,0,0,0,0,0,0,GENUS,Tracheophyta,Magnoliopsida,Rosales,Rosaceae,Rosoideae,Rubus,,99.22,86,100.00,100,Rosaceae,Rubus,Rubus cochinchinensis;Rubus idaeus,NO,NO,YES,Assigned
ASV757,11,0,0,0,0,0,0,0,0,0,11,0,0,0,0,0,0,GENUS,Tracheophyta,Magnoliopsida,Rosales,Rosaceae,Rosoideae,Fragaria,,100.0,36,99.04,100,Rosaceae,Fragaria,Fragaria vesca,NO,NO,NO,Assigned
ASV759,11,0,0,0,0,0,0,0,0,0,0,0,0,11,0,0,0,GENUS,Tracheophyta,Magnoliopsida,Rosales,Rosaceae,Rosoideae,Rubus,,100.0,100,100.00,100,Rosaceae,Rubus,Rubus aciodonthus;Rubus adulans;Rubus amisiensis;Rubus aphidifer;Rubus arrheniiformis;Rubus bertramii;Rubus bovinus;Rubus braeuckeriformis;Rubus caesius;Rubus calotemnus;Rubus campaniensis;Rubus caninitergi;Rubus chloocladus;Rubus cochinchinensis;Rubus dasyphyllus;Rubus dejonghii;Rubus divaricatus;Rubus edeesii;Rubus eglandulosus;Rubus eifeliensis;Rubus euryanthemus;Rubus flagelliflorus;Rubus flexuosus;Rubus foliosus;Rubus frederici;Rubus gelertii;Rubus gloriosus;Rubus griesiae;Rubus guestphalicus;Rubus hastiferus;Rubus henrici-weberi;Rubus horrefactus;Rubus hypomalacus;Rubus incisior;Rubus insectifolius;Rubus integribasis;Rubus iuvenis;Rubus langei;Rubus lasiandrus;Rubus latiarcuatus;Rubus leucandrus;Rubus lindebergii;Rubus lobatidens;Rubus magnisepalus;Rubus montanus;Rubus muenteri;Rubus mus;Rubus nemoralis;Rubus nemoripatens;Rubus nitidiformis;Rubus opacus;Rubus oreades;Rubus phoenicolasius;Rubus plicatus;Rubus poliothyrsus;Rubus polyanthemus;Rubus praticolor;Rubus psilops;Rubus pugiunculosus;Rubus radula;Rubus raduloides;Rubus rubercadaver;Rubus rufescens;Rubus schlechtendalii;Rubus scidularum;Rubus sciocharis;Rubus senticosus;Rubus spiculus;Rubus tubanticus;Rubus ubericus;Rubus vulgaris,NO,NO,YES,Assigned
ASV764,11,0,0,0,0,0,0,0,0,0,0,0,0,0,0,11,0,CLASS,Tracheophyta,Magnoliopsida,,,,,,100.0,81,100.00,100,Euphorbiaceae,Euphorbia,Euphorbia amygdaloides;Euphorbia characias,NO,NO,YES,Assigned
ASV765,11,0,0,0,0,0,0,0,0,0,0,0,0,0,0,0,11,SUBFAMILY,Tracheophyta,Magnoliopsida,Brassicales,Brassicaceae,Brassicoideae,,,94.64,51,98.51,100,Myrsinaceae,Anagallis,Anagallis arvensis,NO,NO,NO,Assigned
ASV766,10,10,0,0,0,0,0,0,0,0,0,0,0,0,0,0,0,GENUS,Tracheophyta,Magnoliopsida,Rosales,Rosaceae,Amygdaloideae,Prunus,,98.28,83,100.00,100,Rosaceae,Prunus,Prunus domestica subsp. insititia;Prunus tenella,NO,NO,YES,Assigned
ASV767,10,10,0,0,0,0,0,0,0,0,0,0,0,0,0,0,0,GENUS,Tracheophyta,Magnoliopsida,Rosales,Rosaceae,Rosoideae,Rubus,,99.67,95,99.47,100,Rosaceae,Rubus,Rubus aciodonthus;Rubus adulans;Rubus arrheniiformis;Rubus asperidens;Rubus bovinus;Rubus braeuckeriformis;Rubus calotemnus;Rubus campaniensis;Rubus caninitergi;Rubus chloocladus;Rubus cochinchinensis;Rubus confusidens;Rubus dasyphyllus;Rubus dejonghii;Rubus diversus;Rubus eglandulosus;Rubus egregius;Rubus elegantispinosus;Rubus euryanthemus;Rubus flagelliflorus;Rubus flexuosus;Rubus frederici;Rubus gelertii;Rubus gloriosus;Rubus guestphalicus;Rubus hastiferus;Rubus henrici-weberi;Rubus holerythros;Rubus hypomalacus;Rubus insectifolius;Rubus integribasis;Rubus iuvenis;Rubus langei;Rubus lasiandrus;Rubus latiarcuatus;Rubus loehrii;Rubus muenteri;Rubus nemoralis;Rubus nitidiformis;Rubus opacus;Rubus planus;Rubus platyacanthus;Rubus plicatus;Rubus poliothyrsus;Rubus polyanthemus;Rubus praticolor;Rubus psilops;Rubus pugiunculosus;Rubus radula;Rubus raduloides;Rubus rubercadaver;Rubus rufescens;Rubus schlechtendalii;Rubus sciocharis;Rubus senticosus;Rubus tubanticus;Rubus vulgaris,NO,NO,YES,Assigned
ASV773,10,0,0,0,0,10,0,0,0,0,0,0,0,0,0,0,0,GENUS,Tracheophyta,Magnoliopsida,Rosales,Rosaceae,Rosoideae,Aremonia,,100.0,1,99.51,100,Rosaceae,Aremonia,Aremonia agrimonioides,NO,NO,NO,Assigned
ASV778,10,0,0,0,0,0,0,0,0,0,10,0,0,0,0,0,0,CLASS,Tracheophyta,Magnoliopsida,,,,,,99.92,84,99.34,100,Boraginaceae,Omphalodes,Omphalodes verna,NO,NO,NO,Assigned
ASV781,10,0,0,0,0,0,0,0,0,0,0,0,0,0,10,0,0,FAMILY,Tracheophyta,Magnoliopsida,Rosales,Rosaceae,,,,82.0,41,94.00,100,Geraniaceae;Rosaceae;Urticaceae,Alchemilla;Aphanes;Drymocallis;Erodium;Filipendula;Geranium;Geum;Parietaria;Potentilla;Rosa;Rubus;Sibbaldia,Alchemilla alpina;Alchemilla conjuncta;Alchemilla filicaulis;Alchemilla glabra;Alchemilla glaucescens;Alchemilla glomerulans;Alchemilla micans;Alchemilla sciura;Alchemilla subcrenata;Alchemilla subglobosa;Alchemilla vulgaris;Alchemilla wichurae;Alchemilla xanthochlora;Aphanes arvensis;Aphanes australis;Drymocallis rupestris;Erodium maritimum;Filipendula ulmaria;Filipendula vulgaris;Geranium rotundifolium;Geum urbanum;Parietaria debilis;Potentilla anserina;Potentilla argentea;Potentilla indica;Potentilla pensylvanica;Rosa arvensis;Rosa canina;Rosa micrantha;Rosa obtusifolia;Rosa sherardii;Rosa spinosissima;Rosa tomentosa;Rubus arcticus;Rubus caesius;Rubus cochinchinensis;Rubus fruticosus agg.;Rubus idaeus;Rubus reflexus var. lanceolobus;Rubus saxatilis;Rubus sumatranus;Rubus urticifolius;Sibbaldia procumbens,YES,YES,YES,Assigned
ASV785,10,0,0,0,0,0,0,0,0,0,0,0,0,0,0,10,0,GENUS,Tracheophyta,Magnoliopsida,Rosales,Rosaceae,Rosoideae,Rubus,,100.0,35,96.80,100,Rosaceae,Rubus,Rubus aciodonthus;Rubus adulans;Rubus arrheniiformis;Rubus asperidens;Rubus bovinus;Rubus braeuckeriformis;Rubus calotemnus;Rubus campaniensis;Rubus canduliger;Rubus caninitergi;Rubus chloocladus;Rubus cochinchinensis;Rubus condensatus;Rubus confusidens;Rubus dasyphyllus;Rubus dejonghii;Rubus diversus;Rubus eglandulosus;Rubus egregius;Rubus elegantispinosus;Rubus euryanthemus;Rubus flagelliflorus;Rubus flexuosus;Rubus foersteri;Rubus frederici;Rubus gelertii;Rubus gloriosus;Rubus guestphalicus;Rubus hastiferus;Rubus henrici-weberi;Rubus holerythros;Rubus hypomalacus;Rubus insectifolius;Rubus integribasis;Rubus iuvenis;Rubus langei;Rubus lasiandrus;Rubus latiarcuatus;Rubus lindleianus;Rubus loehrii;Rubus muenteri;Rubus muridens;Rubus negatus;Rubus nemoralis;Rubus nitidiformis;Rubus opacus;Rubus picearum;Rubus planus;Rubus platyacanthus;Rubus plicatus;Rubus poliothyrsus;Rubus polyanthemus;Rubus praticolor;Rubus procerus;Rubus psilops;Rubus pugiunculosus;Rubus radula;Rubus raduloides;Rubus rubercadaver;Rubus rufescens;Rubus schlechtendalii;Rubus schleicheri;Rubus sciocharis;Rubus senticosus;Rubus tubanticus;Rubus vulgaris,NO,NO,YES,Assigned
ASV786,10,0,0,0,0,0,0,0,0,0,0,0,0,0,0,0,10,GENUS,Tracheophyta,Magnoliopsida,Lamiales,Oleaceae,,Fraxinus,,91.14,50,100.00,100,Oleaceae,Fraxinus,Fraxinus excelsior,NO,NO,NO,Assigned
ASV788,9,9,0,0,0,0,0,0,0,0,0,0,0,0,0,0,0,GENUS,Tracheophyta,Magnoliopsida,Rosales,Rosaceae,Amygdaloideae,Sorbus,,96.65,66,99.77,100,Rosaceae,Sorbus,Sorbus arranensis;Sorbus cuneifolia,NO,NO,YES,Assigned
ASV795,9,0,0,0,9,0,0,0,0,0,0,0,0,0,0,0,0,SUBFAMILY,Tracheophyta,Magnoliopsida,Apiales,Apiaceae,Apioideae,,,87.66,20,99.39,100,Apiaceae,Aegopodium,Aegopodium podagraria,NO,NO,NO,Assigned
ASV796,9,0,0,0,0,9,0,0,0,0,0,0,0,0,0,0,0,CLASS,Tracheophyta,Magnoliopsida,,,,,,100.0,93,97.89,100,Vitaceae,Causonis,Causonis mollis,NO,NO,NO,Assigned
ASV8,4978,624,320,0,0,0,232,2116,106,1172,177,0,0,0,0,78,153,CLASS,Tracheophyta,Magnoliopsida,,,,,,100.0,89,99.34,100,Boraginaceae,Omphalodes,Omphalodes verna,NO,NO,NO,Assigned
ASV801,9,0,0,0,0,0,0,9,0,0,0,0,0,0,0,0,0,CLASS,Tracheophyta,Magnoliopsida,,,,,,100.0,94,98.48,100,Ranunculaceae,Eranthis,Eranthis hyemalis,NO,NO,NO,Assigned
ASV802,9,0,0,0,0,0,0,9,0,0,0,0,0,0,0,0,0,CLASS,Tracheophyta,Magnoliopsida,,,,,,100.0,93,100.00,100,Celastraceae,Euonymus,Euonymus europaeus,NO,NO,NO,Assigned
ASV806,9,0,0,0,0,0,0,0,0,9,0,0,0,0,0,0,0,FAMILY,Tracheophyta,Magnoliopsida,Boraginales,Boraginaceae,,,,72.74,53,100.00,100,Boraginaceae,Lappula,Lappula balchaschensis,NO,NO,NO,Low-confidence
ASV810,9,0,0,0,0,0,0,0,0,0,0,0,9,0,0,0,0,CLASS,Tracheophyta,Magnoliopsida,,,,,,100.0,91,99.10,100,Celastraceae,Euonymus,Euonymus latifolius,NO,NO,NO,Assigned
ASV813,9,0,0,0,0,0,0,0,0,0,0,0,0,9,0,0,0,ORDER,Tracheophyta,Magnoliopsida,Lamiales,,,,,91.78,43,91.11,100,Plantaginaceae,Gratiola,Gratiola aurea;Gratiola japonica,NO,NO,YES,Assigned
ASV820,8,0,0,0,0,8,0,0,0,0,0,0,0,0,0,0,0,GENUS,Tracheophyta,Magnoliopsida,Fagales,Fagaceae,Quercoideae,Quercus,,99.24,76,99.68,100,Fagaceae,Quercus,Quercus falcata,NO,NO,NO,Assigned
ASV83,338,0,0,0,0,0,0,0,0,0,200,0,0,0,138,0,0,GENUS,Tracheophyta,Magnoliopsida,Rosales,Rosaceae,Rosoideae,Rubus,,99.29,97,99.73,100,Rosaceae,Rubus,Rubus cochinchinensis;Rubus longior;Rubus negatus;Rubus oreades,NO,NO,YES,Assigned
ASV836,8,0,0,0,0,0,0,0,0,0,0,8,0,0,0,0,0,GENUS,Tracheophyta,Magnoliopsida,Rosales,Rosaceae,Rosoideae,Rubus,,100.0,100,98.93,100,Rosaceae,Rubus,Rubus aciodonthus;Rubus adulans;Rubus arrheniiformis;Rubus asperidens;Rubus bovinus;Rubus braeuckeriformis;Rubus calotemnus;Rubus campaniensis;Rubus caninitergi;Rubus chloocladus;Rubus cochinchinensis;Rubus condensatus;Rubus confusidens;Rubus dasyphyllus;Rubus dejonghii;Rubus diversus;Rubus eglandulosus;Rubus egregius;Rubus elegantispinosus;Rubus euryanthemus;Rubus flagelliflorus;Rubus flexuosus;Rubus foersteri;Rubus frederici;Rubus gelertii;Rubus gloriosus;Rubus guestphalicus;Rubus hastiferus;Rubus henrici-weberi;Rubus holerythros;Rubus hypomalacus;Rubus insectifolius;Rubus integribasis;Rubus iuvenis;Rubus langei;Rubus lasiandrus;Rubus latiarcuatus;Rubus lindleianus;Rubus loehrii;Rubus muenteri;Rubus muridens;Rubus negatus;Rubus nemoralis;Rubus nitidiformis;Rubus opacus;Rubus picearum;Rubus planus;Rubus platyacanthus;Rubus plicatus;Rubus poliothyrsus;Rubus polyanthemus;Rubus praticolor;Rubus procerus;Rubus psilops;Rubus pugiunculosus;Rubus radula;Rubus raduloides;Rubus rubercadaver;Rubus rufescens;Rubus schlechtendalii;Rubus schleicheri;Rubus sciocharis;Rubus senticosus;Rubus tubanticus;Rubus vulgaris,NO,NO,YES,Assigned
ASV840,8,0,0,0,0,0,0,0,0,0,0,0,0,8,0,0,0,CLASS,Tracheophyta,Magnoliopsida,,,,,,100.0,90,99.54,100,Ulmaceae,Ulmus,Ulmus glabra;Ulmus procera,NO,NO,YES,Assigned
ASV842,8,0,0,0,0,0,0,0,0,0,0,0,0,8,0,0,0,GENUS,Tracheophyta,Magnoliopsida,Rosales,Rosaceae,Rosoideae,Rubus,,100.0,82,98.16,100,Rosaceae,Rubus,Rubus fruticosus agg.,NO,NO,NO,Assigned
ASV845,8,0,0,0,0,0,0,0,0,0,0,0,0,0,0,0,8,GENUS,Tracheophyta,Magnoliopsida,Rosales,Rosaceae,Rosoideae,Rubus,,100.0,97,99.47,100,Rosaceae,Rubus,Rubus cordiformis;Rubus surrectus,NO,NO,YES,Assigned
ASV846,8,0,0,0,0,0,0,0,0,0,0,0,0,0,0,0,8,GENUS,Tracheophyta,Magnoliopsida,Rosales,Rosaceae,Rosoideae,Rubus,,100.0,99,99.20,100,Rosaceae,Rubus,Rubus cochinchinensis;Rubus longior;Rubus negatus;Rubus oreades,NO,NO,YES,Assigned
ASV854,7,0,0,7,0,0,0,0,0,0,0,0,0,0,0,0,0,FAMILY,Tracheophyta,Magnoliopsida,Rosales,Ulmaceae,,,,70.18,61,100.00,100,Ulmaceae,Ulmus,Ulmus bergmanniana;Ulmus castaneifolia;Ulmus davidiana;Ulmus glabra;Ulmus glabra Huds.;Ulmus glaucescens;Ulmus minor;Ulmus procera;Ulmus pumila;Ulmus rubra,NO,NO,YES,Low-confidence
ASV856,7,0,0,7,0,0,0,0,0,0,0,0,0,0,0,0,0,GENUS,Tracheophyta,Magnoliopsida,Rosales,Rosaceae,Amygdaloideae,Crataegus,,98.12,21,99.77,100,Rosaceae,Crataegus,Crataegus laevigata,NO,NO,NO,Assigned
ASV859,7,0,0,0,0,0,7,0,0,0,0,0,0,0,0,0,0,CLASS,Tracheophyta,Magnoliopsida,,,,,,100.0,93,98.69,100,Boraginaceae,Omphalodes,Omphalodes verna,NO,NO,NO,Assigned
ASV862,7,0,0,0,0,0,0,7,0,0,0,0,0,0,0,0,0,FAMILY,Tracheophyta,Magnoliopsida,Boraginales,Boraginaceae,,,,86.97,74,100.00,100,Boraginaceae,Cynoglossum;Lappula,Cynoglossum officinale;Lappula balchaschensis,NO,YES,YES,Assigned
ASV865,7,0,0,0,0,0,0,0,0,7,0,0,0,0,0,0,0,SUBFAMILY,Tracheophyta,Magnoliopsida,Rosales,Rosaceae,Rosoideae,,,89.38,62,100.00,100,Orobanchaceae;Rosaceae,Castilleja;Potentilla;Rosa;Rubus,Castilleja unalaschcensis;Potentilla sterilis;Rosa spinosissima;Rubus coreanus;Rubus ichangensis;Rubus idaeus;Rubus lambertianus;Rubus saxatilis;Rubus shihae,YES,YES,YES,Assigned
ASV867,7,0,0,0,0,0,0,0,0,7,0,0,0,0,0,0,0,GENUS,Tracheophyta,Magnoliopsida,Rosales,Rosaceae,Rosoideae,Rubus,,100.0,100,100.00,100,Rosaceae,Rubus,Rubus aciodonthus;Rubus adulans;Rubus amisiensis;Rubus aphidifer;Rubus arrheniiformis;Rubus bertramii;Rubus bovinus;Rubus braeuckeriformis;Rubus caesius;Rubus calotemnus;Rubus campaniensis;Rubus caninitergi;Rubus chloocladus;Rubus cochinchinensis;Rubus dasyphyllus;Rubus dejonghii;Rubus divaricatus;Rubus eglandulosus;Rubus eifeliensis;Rubus euryanthemus;Rubus flagelliflorus;Rubus flexuosus;Rubus foliosus;Rubus frederici;Rubus gelertii;Rubus gloriosus;Rubus griesiae;Rubus guestphalicus;Rubus hastiferus;Rubus henrici-weberi;Rubus horrefactus;Rubus hypomalacus;Rubus incisior;Rubus insectifolius;Rubus integribasis;Rubus iuvenis;Rubus langei;Rubus lasiandrus;Rubus latiarcuatus;Rubus leucandrus;Rubus lindebergii;Rubus lobatidens;Rubus magnisepalus;Rubus montanus;Rubus muenteri;Rubus mus;Rubus nemoralis;Rubus nemoripatens;Rubus nitidiformis;Rubus opacus;Rubus oreades;Rubus phoenicolasius;Rubus plicatus;Rubus poliothyrsus;Rubus polyanthemus;Rubus praticolor;Rubus psilops;Rubus pugiunculosus;Rubus radula;Rubus raduloides;Rubus rubercadaver;Rubus rufescens;Rubus schlechtendalii;Rubus scidularum;Rubus sciocharis;Rubus senticosus;Rubus spiculus;Rubus tubanticus;Rubus ubericus;Rubus vulgaris,NO,NO,YES,Assigned
ASV871,7,0,0,0,0,0,0,0,0,0,0,7,0,0,0,0,0,GENUS,Tracheophyta,Magnoliopsida,Rosales,Rosaceae,Amygdaloideae,Prunus,,96.81,78,99.77,100,Rosaceae,Prunus,Prunus avium;Prunus emarginata,NO,NO,YES,Assigned
ASV873,7,0,0,0,0,0,0,0,0,0,0,0,0,7,0,0,0,GENUS,Tracheophyta,Magnoliopsida,Apiales,Araliaceae,,Hedera,,86.68,5,96.92,100,Araliaceae;Ranunculaceae,Clematis;Hedera,Clematis flammula;Hedera helix;Hedera helix subsp. helix,YES,YES,YES,Assigned
ASV874,7,0,0,0,0,0,0,0,0,0,0,0,0,0,7,0,0,CLASS,Tracheophyta,Magnoliopsida,,,,,,100.0,95,100.00,100,Ranunculaceae,Helleborus,Helleborus niger,NO,NO,NO,Assigned
ASV876,7,0,0,0,0,0,0,0,0,0,0,0,0,0,7,0,0,GENUS,Tracheophyta,Magnoliopsida,Rosales,Rosaceae,Rosoideae,Rubus,,100.0,56,97.48,100,Rosaceae,Rubus,Rubus fruticosus agg.,NO,NO,NO,Assigned
ASV879,7,0,0,0,0,0,0,0,0,0,0,0,0,0,0,7,0,GENUS,Tracheophyta,Magnoliopsida,Rosales,Rosaceae,Amygdaloideae,Sorbus,,97.46,44,100.00,100,Rosaceae,Sorbus,Sorbus aucuparia,NO,NO,NO,Assigned
ASV88,303,0,0,0,0,0,0,0,0,303,0,0,0,0,0,0,0,GENUS,Tracheophyta,Magnoliopsida,Rosales,Rosaceae,Rosoideae,Rubus,,98.54,78,99.77,100,Rosaceae,Rubus,Rubus idaeus;Rubus saxatilis,NO,NO,YES,Assigned
ASV880,7,0,0,0,0,0,0,0,0,0,0,0,0,0,0,0,7,GENUS,Tracheophyta,Magnoliopsida,Rosales,Rosaceae,Rosoideae,Rubus,,99.4,94,99.20,100,Rosaceae,Rubus,Rubus cochinchinensis;Rubus longior;Rubus negatus;Rubus oreades,NO,NO,YES,Assigned
ASV881,6,6,0,0,0,0,0,0,0,0,0,0,0,0,0,0,0,CLASS,Tracheophyta,Magnoliopsida,,,,,,100.0,94,98.51,100,Boraginaceae,Omphalodes,Omphalodes verna,NO,NO,NO,Assigned
ASV886,6,0,0,6,0,0,0,0,0,0,0,0,0,0,0,0,0,SUBFAMILY,Tracheophyta,Magnoliopsida,Rosales,Rosaceae,Rosoideae,,,100.0,4,99.51,100,Rosaceae,Aremonia,Aremonia agrimonioides,NO,NO,NO,Assigned
ASV89,300,49,0,0,0,69,0,0,0,0,0,0,0,182,0,0,0,CLASS,Tracheophyta,Magnoliopsida,,,,,,100.0,94,100.00,100,Euphorbiaceae,Mercurialis,Mercurialis perennis,NO,NO,NO,Assigned
ASV897,6,0,0,0,0,0,6,0,0,0,0,0,0,0,0,0,0,CLASS,Tracheophyta,Magnoliopsida,,,,,,100.0,87,99.02,100,Boraginaceae,Omphalodes,Omphalodes verna,NO,NO,NO,Assigned
ASV902,6,0,0,0,0,0,0,0,0,6,0,0,0,0,0,0,0,GENUS,Tracheophyta,Magnoliopsida,Rosales,Rosaceae,Amygdaloideae,Sorbus,,96.31,72,99.77,100,Rosaceae,Sorbus,Sorbus leyana,NO,NO,NO,Assigned
ASV903,6,0,0,0,0,0,0,0,0,6,0,0,0,0,0,0,0,SUBFAMILY,Tracheophyta,Magnoliopsida,Rosales,Rosaceae,Rosoideae,,,100.0,3,96.40,100,Rosaceae,Fragaria,Fragaria vesca,NO,NO,NO,Assigned
ASV905,6,0,0,0,0,0,0,0,0,6,0,0,0,0,0,0,0,GENUS,Tracheophyta,Magnoliopsida,Boraginales,Boraginaceae,,Omphalodes,,98.25,6,99.34,100,Boraginaceae,Omphalodes,Omphalodes verna,NO,NO,NO,Assigned
ASV908,6,0,0,0,0,0,0,0,0,6,0,0,0,0,0,0,0,GENUS,Tracheophyta,Magnoliopsida,Rosales,Rosaceae,Rosoideae,Rubus,,100.0,97,100.00,100,Rosaceae,Rubus,Rubus cochinchinensis;Rubus idaeus,NO,NO,YES,Assigned
ASV909,6,0,0,0,0,0,0,0,0,0,6,0,0,0,0,0,0,GENUS,Tracheophyta,Magnoliopsida,Apiales,Araliaceae,,Hedera,,90.71,9,97.36,100,Araliaceae;Ranunculaceae,Clematis;Hedera,Clematis flammula;Hedera helix;Hedera helix subsp. helix,YES,YES,YES,Assigned
ASV914,6,0,0,0,0,0,0,0,0,0,0,6,0,0,0,0,0,CLASS,Tracheophyta,Magnoliopsida,,,,,,100.0,91,99.70,100,Ulmaceae,Ulmus,Ulmus procera,NO,NO,NO,Assigned
ASV915,6,0,0,0,0,0,0,0,0,0,0,0,6,0,0,0,0,FAMILY,Tracheophyta,Magnoliopsida,Apiales,Araliaceae,,,,100.0,35,95.72,100,Araliaceae,Hedera,Hedera helix,NO,NO,NO,Assigned
ASV919,6,0,0,0,0,0,0,0,0,0,0,0,0,6,0,0,0,GENUS,Tracheophyta,Magnoliopsida,Ranunculales,Ranunculaceae,Ranunculoideae,Clematis,,99.41,62,100.00,100,Ranunculaceae,Clematis,Clematis vitalba,NO,NO,NO,Assigned
ASV921,6,0,0,0,0,0,0,0,0,0,0,0,0,0,6,0,0,GENUS,Tracheophyta,Magnoliopsida,Rosales,Rosaceae,Rosoideae,Rubus,,100.0,73,97.71,100,Rosaceae,Rubus,Rubus fruticosus agg.,NO,NO,NO,Assigned
ASV922,6,0,0,0,0,0,0,0,0,0,0,0,0,0,0,6,0,GENUS,Tracheophyta,Magnoliopsida,Fagales,Betulaceae,Coryloideae,Corylus,,98.3,57,99.58,100,Betulaceae,Corylus,Corylus heterophylla var. sutchuenensis,NO,NO,NO,Assigned
ASV923,6,0,0,0,0,0,0,0,0,0,0,0,0,0,0,0,6,CLASS,Tracheophyta,Magnoliopsida,,,,,,99.17,94,99.23,100,Viburnaceae,Adoxa,Adoxa moschatellina,NO,NO,NO,Assigned
ASV93,292,0,0,0,0,0,0,0,0,0,152,0,0,140,0,0,0,GENUS,Tracheophyta,Magnoliopsida,Malpighiales,Violaceae,Violoideae,Viola,,99.11,94,99.77,100,Violaceae,Viola,Viola reichenbachiana;Viola riviniana,NO,NO,YES,Assigned
ASV935,5,0,0,5,0,0,0,0,0,0,0,0,0,0,0,0,0,CLASS,Tracheophyta,Magnoliopsida,,,,,,91.19,74,99.68,100,Rosaceae,Crataegus,Crataegus laevigata;Crataegus monogyna,NO,NO,YES,Assigned
ASV938,5,0,0,0,0,5,0,0,0,0,0,0,0,0,0,0,0,GENUS,Tracheophyta,Magnoliopsida,Rosales,Rosaceae,Rosoideae,Rubus,,100.0,100,100.00,100,Rosaceae,Rubus,Rubus cochinchinensis;Rubus longior;Rubus negatus;Rubus oreades,NO,NO,YES,Assigned
ASV942,5,0,0,0,0,0,5,0,0,0,0,0,0,0,0,0,0,FAMILY,Tracheophyta,Magnoliopsida,Boraginales,Boraginaceae,,,,91.36,47,99.21,100,Boraginaceae,Amsinckia;Cryptantha;Cynoglossum;Myosotis,Amsinckia menziesii;Cryptantha parviflora;Cynoglossum germanicum;Myosotis secunda,NO,YES,YES,Assigned
ASV943,5,0,0,0,0,0,5,0,0,0,0,0,0,0,0,0,0,GENUS,Tracheophyta,Magnoliopsida,Rosales,Rosaceae,Rosoideae,Fragaria,,100.0,16,98.31,100,Rosaceae,Fragaria,Fragaria vesca,NO,NO,NO,Assigned
ASV951,5,0,0,0,0,0,0,0,0,5,0,0,0,0,0,0,0,ORDER,Tracheophyta,Magnoliopsida,Asterales,,,,,87.9,85,97.26,100,Boraginaceae;Cucurbitaceae,Paracaryum;Thladiantha,Paracaryum rugulosum;Thladiantha cordifolia,YES,YES,YES,Assigned
ASV955,5,0,0,0,0,0,0,0,0,5,0,0,0,0,0,0,0,SUBFAMILY,Tracheophyta,Magnoliopsida,Rosales,Rosaceae,Rosoideae,,,100.0,3,96.16,100,Rosaceae,Fragaria,Fragaria vesca,NO,NO,NO,Assigned
ASV961,5,0,0,0,0,0,0,0,0,0,0,5,0,0,0,0,0,CLASS,Tracheophyta,Magnoliopsida,,,,,,99.22,95,99.77,100,Ranunculaceae,Helleborus,Helleborus viridis,NO,NO,NO,Assigned
ASV962,5,0,0,0,0,0,0,0,0,0,0,0,5,0,0,0,0,GENUS,Tracheophyta,Magnoliopsida,Rosales,Rosaceae,Rosoideae,Rubus,,100.0,7,96.76,100,Rosaceae,Rubus,Rubus fruticosus agg.,NO,NO,NO,Assigned
ASV966,5,0,0,0,0,0,0,0,0,0,0,0,0,5,0,0,0,GENUS,Tracheophyta,Magnoliopsida,Boraginales,Boraginaceae,,Pulmonaria,,85.71,31,99.75,100,Boraginaceae,Pulmonaria,Pulmonaria obscura,NO,NO,NO,Assigned
ASV969,5,0,0,0,0,0,0,0,0,0,0,0,0,0,5,0,0,GENUS,Tracheophyta,Magnoliopsida,Rosales,Rosaceae,Rosoideae,Rubus,,100.0,100,99.42,100,Rosaceae,Rubus,Rubus sp. Glandulosi MS-2014b,NO,NO,NO,Assigned
ASV972,5,0,0,0,0,0,0,0,0,0,0,0,0,0,0,5,0,SUBFAMILY,Tracheophyta,Magnoliopsida,Brassicales,Brassicaceae,Brassicoideae,,,84.15,48,100.00,100,Myrsinaceae,Anagallis,Anagallis arvensis,NO,NO,NO,Assigned
ASV973,5,0,0,0,0,0,0,0,0,0,0,0,0,0,0,5,0,FAMILY,Tracheophyta,Magnoliopsida,Rosales,Rosaceae,,,,100.0,22,97.69,100,Rosaceae,Sorbus,Sorbus scopulina,NO,NO,NO,Assigned
ASV975,5,0,0,0,0,0,0,0,0,0,0,0,0,0,0,0,5,CLASS,Tracheophyta,Magnoliopsida,,,,,,99.3,95,99.30,100,Orobanchaceae;Rosaceae,Castilleja;Rubus,Castilleja unalaschcensis;Rubus cochinchinensis;Rubus fruticosus agg.;Rubus ichangensis;Rubus idaeus;Rubus parviflorus;Rubus pubescens;Rubus pungens var. indefensus;Rubus saxatilis;Rubus sumatranus,YES,YES,YES,Assigned
ASV976,5,0,0,0,0,0,0,0,0,0,0,0,0,0,0,0,5,CLASS,Tracheophyta,Magnoliopsida,,,,,,100.0,94,98.36,100,Boraginaceae,Omphalodes,Omphalodes verna,NO,NO,NO,Assigned
ASV977,4,4,0,0,0,0,0,0,0,0,0,0,0,0,0,0,0,GENUS,Tracheophyta,Magnoliopsida,Rosales,Ulmaceae,,Ulmus,,82.13,50,100.00,100,Ulmaceae,Ulmus,Ulmus castaneifolia;Ulmus davidiana;Ulmus glabra;Ulmus glabra Huds.;Ulmus glaucescens;Ulmus minor;Ulmus pumila;Ulmus rubra,NO,NO,YES,Assigned
ASV981,4,4,0,0,0,0,0,0,0,0,0,0,0,0,0,0,0,GENUS,Tracheophyta,Magnoliopsida,Fagales,Fagaceae,Quercoideae,Quercus,,98.25,88,99.66,100,Fagaceae,Quercus,Quercus sadleriana,NO,NO,NO,Assigned
ASV99,275,0,0,0,0,0,153,0,0,0,0,0,0,0,0,122,0,GENUS,Tracheophyta,Magnoliopsida,Rosales,Rosaceae,Rosoideae,Rubus,,99.66,95,99.47,100,Rosaceae,Rubus,Rubus aciodonthus;Rubus adulans;Rubus arrheniiformis;Rubus asperidens;Rubus bovinus;Rubus braeuckeriformis;Rubus calotemnus;Rubus campaniensis;Rubus caninitergi;Rubus chloocladus;Rubus cochinchinensis;Rubus confusidens;Rubus dasyphyllus;Rubus dejonghii;Rubus diversus;Rubus eglandulosus;Rubus egregius;Rubus elegantispinosus;Rubus euryanthemus;Rubus flagelliflorus;Rubus flexuosus;Rubus frederici;Rubus gelertii;Rubus gloriosus;Rubus guestphalicus;Rubus hastiferus;Rubus henrici-weberi;Rubus holerythros;Rubus hypomalacus;Rubus insectifolius;Rubus integribasis;Rubus iuvenis;Rubus langei;Rubus lasiandrus;Rubus latiarcuatus;Rubus loehrii;Rubus muenteri;Rubus nemoralis;Rubus nitidiformis;Rubus opacus;Rubus planus;Rubus platyacanthus;Rubus plicatus;Rubus poliothyrsus;Rubus polyanthemus;Rubus praticolor;Rubus psilops;Rubus pugiunculosus;Rubus radula;Rubus raduloides;Rubus rubercadaver;Rubus rufescens;Rubus schlechtendalii;Rubus sciocharis;Rubus senticosus;Rubus tubanticus;Rubus vulgaris,NO,NO,YES,Assigned
ASV990,4,0,0,4,0,0,0,0,0,0,0,0,0,0,0,0,0,GENUS,Tracheophyta,Magnoliopsida,Rosales,Rosaceae,Rosoideae,Rubus,,100.0,100,100.00,100,Rosaceae,Rubus,Rubus aciodonthus;Rubus adulans;Rubus arrheniiformis;Rubus asperidens;Rubus bovinus;Rubus braeuckeriformis;Rubus calotemnus;Rubus campaniensis;Rubus caninitergi;Rubus chloocladus;Rubus cochinchinensis;Rubus condensatus;Rubus confusidens;Rubus dasyphyllus;Rubus dejonghii;Rubus diversus;Rubus eglandulosus;Rubus egregius;Rubus elegantispinosus;Rubus euryanthemus;Rubus flagelliflorus;Rubus flexuosus;Rubus foersteri;Rubus frederici;Rubus fruticosus agg.;Rubus gelertii;Rubus gloriosus;Rubus guestphalicus;Rubus hastiferus;Rubus henrici-weberi;Rubus holerythros;Rubus hypomalacus;Rubus insectifolius;Rubus integribasis;Rubus iuvenis;Rubus langei;Rubus lasiandrus;Rubus latiarcuatus;Rubus lindleianus;Rubus loehrii;Rubus muenteri;Rubus muridens;Rubus negatus;Rubus nemoralis;Rubus nitidiformis;Rubus opacus;Rubus picearum;Rubus planus;Rubus platyacanthus;Rubus plicatus;Rubus poliothyrsus;Rubus polyanthemus;Rubus praticolor;Rubus procerus;Rubus psilops;Rubus pugiunculosus;Rubus radula;Rubus raduloides;Rubus rubercadaver;Rubus rufescens;Rubus schlechtendalii;Rubus schleicheri;Rubus sciocharis;Rubus senticosus;Rubus tubanticus;Rubus vulgaris,NO,NO,YES,Assigned
ASV993,4,0,0,0,0,0,4,0,0,0,0,0,0,0,0,0,0,GENUS,Tracheophyta,Magnoliopsida,Malpighiales,Violaceae,Violoideae,Viola,,96.53,68,99.19,100,Juncaceae,Juncus,Juncus brevicaudatus,NO,NO,NO,Assigned
ASV995,4,0,0,0,0,0,0,4,0,0,0,0,0,0,0,0,0,CLASS,Tracheophyta,Magnoliopsida,,,,,,96.75,89,99.73,100,Euphorbiaceae,Euphorbia,Euphorbia carniolica,NO,NO,NO,Assigned
ASV999,4,0,0,0,0,0,0,4,0,0,0,0,0,0,0,0,0,FAMILY,Tracheophyta,Magnoliopsida,Asterales,Asteraceae,,,,80.49,81,100.00,100,Asteraceae,Carlina;Cirsium;Saussurea,Carlina vulgaris;Cirsium acaule;Cirsium oleraceum;Saussurea alpina;Saussurea angustifolia,NO,YES,YES,Assigned
